function,dimension,run_id,seed,best_fitness,global_optimum,error_to_optimum,rescues_applied,diagnostics_invoked,diagnostics_invocation_count,positive_diagnosis_count,runtime_sec,diagnostics_invocation_iterations
F12022,10,1,1,441.72541684096325,300.0,141.72541684096325,2,70,70,2,2.4274990558624268,17;18;19;20;21;66;67;68;69;70;71;72;104;105;106;107;119;120;121;122;123;124;125;126;127;159;160;161;162;163;164;165;166;167;168;169;170;171;172;173;174;175;176;177;178;179;180;181;201;202;267;268;269;270;271;272;273;274;301;302;491;492;493;494;495;496;497;498;499;500
F12022,10,2,2,397.36200294100746,300.0,97.36200294100746,3,66,66,3,1.3114280700683594,22;23;24;69;70;71;72;73;74;86;87;88;89;90;91;92;93;94;95;96;177;178;179;222;223;224;225;226;227;228;229;230;263;264;265;283;284;285;286;287;288;289;290;291;292;293;294;295;296;297;298;299;300;301;302;303;304;327;395;488;489;490;491;492;493;494
F12022,10,3,3,1658.71086259134,300.0,1358.71086259134,2,58,58,2,1.1961469650268555,53;54;55;56;57;58;59;60;61;62;108;109;110;111;112;124;125;126;127;128;129;130;131;132;133;134;135;136;137;138;139;140;141;142;247;267;268;269;270;271;272;273;274;275;276;277;278;279;280;281;282;283;284;285;286;287;311;312
F12022,10,4,4,2126.732928684616,300.0,1826.7329286846161,1,37,37,1,0.8910858631134033,88;89;90;91;92;93;94;95;96;97;98;99;100;101;102;103;104;105;106;107;108;149;150;151;168;169;170;182;183;184;225;226;237;238;239;240;321
F12022,10,5,5,424.4446099451717,300.0,124.44460994517169,2,91,91,2,1.6772959232330322,45;46;47;48;49;61;72;73;74;75;76;77;78;79;80;81;82;109;110;111;112;113;114;115;116;117;118;119;120;121;122;123;124;125;126;127;128;129;130;131;132;133;134;135;136;137;138;139;140;141;142;160;161;162;163;164;165;166;167;180;181;182;183;195;196;197;198;199;200;201;202;203;204;205;222;223;224;241;242;243;244;245;246;247;248;249;250;251;347;376;489
F12022,10,6,6,451.16398892683156,300.0,151.16398892683156,2,32,32,2,0.8204357624053955,95;96;97;109;137;138;139;140;141;153;154;155;156;168;169;170;171;183;184;185;186;198;226;227;228;229;230;231;281;374;375;376
F12022,10,7,7,436.23115049077273,300.0,136.23115049077273,7,50,50,9,1.0840799808502197,39;40;41;42;43;44;55;67;68;69;70;71;72;73;74;75;76;77;97;98;99;120;121;133;134;145;146;147;148;149;150;151;152;153;154;166;167;168;169;170;191;192;282;283;284;285;307;356;491;492
F12022,10,8,8,392.26509125792717,300.0,92.26509125792717,1,55,55,1,1.1555757522583008,69;70;71;72;73;74;108;109;110;111;182;183;213;214;215;216;244;245;246;247;248;249;250;251;252;294;295;296;297;298;299;300;301;302;303;304;305;306;307;308;309;310;311;323;324;368;369;370;371;372;373;374;375;493;494
F12022,10,9,9,515.9198111183998,300.0,215.91981111839982,1,84,84,1,1.5789320468902588,103;104;105;106;107;108;109;110;111;112;113;114;115;116;138;139;140;141;142;143;144;145;146;147;162;163;184;185;186;187;188;189;190;191;192;193;194;195;196;197;198;199;200;201;202;203;204;205;206;207;208;209;210;211;212;213;214;215;216;217;218;219;220;221;222;223;224;225;226;227;228;229;230;231;232;233;245;257;269;270;271;494;495;496
F12022,10,10,10,467.91148683636584,300.0,167.91148683636584,0,56,56,0,1.1633868217468262,39;40;41;42;43;114;115;116;135;136;137;138;139;140;141;142;143;144;145;146;147;174;175;176;177;178;179;180;181;182;183;184;198;199;200;201;234;235;236;237;238;239;240;241;242;243;244;245;246;286;482;483;484;485;486;498
F12022,10,11,11,463.9156220934726,300.0,163.91562209347262,1,83,83,1,1.5557022094726562,90;91;92;93;94;95;96;97;98;123;124;136;137;138;139;140;141;142;143;144;145;146;147;148;149;150;151;152;153;154;155;167;168;188;189;190;205;206;207;208;209;251;252;253;254;255;256;257;258;259;260;261;262;263;264;265;266;292;293;294;295;296;297;298;313;314;315;327;328;329;330;331;332;333;492;493;494;495;496;497;498;499;500
F12022,10,12,12,482.0563164282915,300.0,182.0563164282915,0,44,44,0,0.9924459457397461,104;105;106;157;158;159;160;161;162;174;175;176;177;178;179;180;181;182;183;184;185;197;225;226;227;283;284;285;286;287;288;289;290;335;347;348;493;494;495;496;497;498;499;500
F12022,10,13,13,406.50071433063374,300.0,106.50071433063374,1,48,48,1,1.0477302074432373,80;81;82;83;84;85;86;87;88;89;90;91;92;93;183;184;185;186;187;188;189;190;191;192;193;194;195;196;197;224;225;226;227;228;229;230;231;243;244;492;493;494;495;496;497;498;499;500
F12022,10,14,14,501.0258600817783,300.0,201.02586008177832,2,74,74,5,1.4251630306243896,100;101;102;103;104;105;106;107;108;109;131;132;133;134;135;136;137;138;139;140;141;142;143;144;145;146;147;148;149;150;151;152;153;154;155;156;157;158;159;160;161;177;178;179;180;181;182;183;184;185;186;187;188;189;190;191;192;193;194;195;196;197;209;210;211;212;213;214;215;216;217;218;219;220
F12022,10,15,15,378.65281782769216,300.0,78.65281782769216,4,86,86,5,1.6057538986206055,45;46;47;48;49;50;51;52;53;54;55;56;57;58;86;87;88;89;90;91;92;93;94;118;119;120;121;122;139;140;141;142;143;158;182;183;209;222;260;306;307;308;309;323;335;336;337;338;339;340;341;342;343;344;345;346;347;348;349;350;351;352;353;354;355;356;357;358;359;360;361;362;363;488;489;490;491;492;493;494;495;496;497;498;499;500
F12022,10,16,16,485.07020006294204,300.0,185.07020006294204,3,65,65,3,1.2985308170318604,67;68;69;70;71;72;73;74;104;105;106;107;158;169;170;171;172;173;174;175;176;188;189;190;191;192;193;194;195;196;197;198;199;200;201;212;213;214;215;216;217;218;219;220;221;222;223;224;225;226;227;228;229;230;231;331;332;333;334;335;336;337;338;494;495
F12022,10,17,17,460.8246801142402,300.0,160.8246801142402,2,56,56,2,1.1663198471069336,124;125;152;153;154;155;167;168;180;181;198;199;200;201;202;203;228;229;230;231;232;233;234;235;236;237;238;239;240;241;242;243;244;245;246;247;248;249;250;251;252;253;254;255;271;295;296;297;298;299;300;301;302;477;478;479
F12022,10,18,18,420.3816622879657,300.0,120.3816622879657,3,81,81,5,1.5274510383605957,43;44;45;46;65;66;67;68;69;70;71;72;73;74;75;76;97;98;117;118;119;120;121;122;123;124;125;126;127;128;129;130;131;132;133;134;135;136;137;138;139;152;199;211;212;213;214;215;216;217;218;219;220;221;222;223;224;247;248;249;250;272;273;274;291;292;293;294;295;319;320;321;322;323;324;325;326;327;328;347;348
F12022,10,19,19,413.6937930909044,300.0,113.69379309090442,2,39,39,2,0.9216461181640625,47;48;49;50;51;52;53;129;130;131;132;133;134;184;282;283;310;311;312;313;314;315;316;317;318;319;320;321;322;489;490;491;492;493;494;495;496;497;498
F12022,10,20,20,1968.0808548547093,300.0,1668.0808548547093,2,50,50,2,1.0793070793151855,34;35;79;80;92;93;94;95;96;97;98;161;162;163;164;165;166;221;222;223;224;225;226;227;228;229;230;231;232;233;351;352;353;354;355;356;357;358;359;360;361;362;363;485;486;487;488;489;490;491
F12022,10,21,21,472.6634862943171,300.0,172.66348629431712,1,60,60,1,1.2221877574920654,81;82;83;84;85;86;87;88;89;148;149;150;151;152;179;180;181;182;183;184;185;186;187;199;200;201;202;203;204;205;206;207;208;209;210;211;212;213;214;215;216;217;218;219;220;221;271;272;284;490;491;492;493;494;495;496;497;498;499;500
F12022,10,22,22,468.93477679187697,300.0,168.93477679187697,3,63,63,3,1.2682256698608398,72;83;84;85;86;87;88;89;90;91;92;93;94;95;96;97;98;99;100;101;102;103;104;117;158;159;160;161;162;163;164;165;166;167;168;169;170;171;172;173;174;175;176;177;178;179;180;181;182;183;195;196;197;228;229;268;313;314;315;316;317;318;492
F12022,10,23,23,3079.3969559295997,300.0,2779.3969559295997,1,21,21,1,0.658411979675293,49;50;82;83;120;163;164;193;194;223;224;225;226;227;239;240;263;264;351;352;353
F12022,10,24,24,2422.25175045124,300.0,2122.25175045124,3,58,58,5,1.1932530403137207,91;130;131;132;133;134;135;136;137;138;154;155;156;157;158;159;160;161;162;163;164;165;166;167;168;169;170;171;172;173;174;175;176;177;178;179;180;237;238;239;240;267;268;269;270;271;272;273;274;275;276;277;278;279;345;346;347;348
F12022,10,25,25,470.69535911621176,300.0,170.69535911621176,1,62,62,1,1.249952793121338,88;89;90;102;103;104;105;106;107;108;109;110;111;123;124;125;126;127;128;129;130;131;132;133;134;135;136;137;138;139;140;218;219;220;221;222;223;258;259;260;261;262;297;298;299;300;301;302;351;352;353;354;481;482;483;484;485;486;487;488;489;490
F12022,10,26,26,399.9669265771039,300.0,99.96692657710389,1,102,102,1,1.830631971359253,95;96;97;98;99;100;101;131;132;133;134;148;149;150;151;152;164;165;166;167;168;169;170;171;172;173;174;175;176;177;178;179;180;181;182;183;184;185;186;187;188;189;190;191;192;193;208;209;210;211;212;213;214;215;216;217;229;230;254;255;256;257;258;259;260;261;262;263;264;265;266;267;268;269;270;271;272;273;274;275;306;307;308;309;310;311;312;313;336;337;489;490;491;492;493;494;495;496;497;498;499;500
F12022,10,27,27,354.1686019031217,300.0,54.168601903121726,3,56,56,5,1.170886754989624,47;48;75;76;77;78;79;80;81;82;83;84;85;86;87;88;89;90;91;118;119;120;224;225;226;227;244;245;257;258;259;260;261;262;263;264;265;266;286;287;288;289;290;291;292;490;491;492;493;494;495;496;497;498;499;500
F12022,10,28,28,488.50223095110726,300.0,188.50223095110726,1,62,62,2,1.2542409896850586,81;102;103;104;105;106;107;108;109;110;111;112;113;114;115;116;117;142;143;144;222;223;224;225;226;227;228;229;230;231;232;233;234;235;236;237;273;274;324;325;326;327;328;329;330;331;332;344;345;488;489;490;491;492;493;494;495;496;497;498;499;500
F12022,10,29,29,2774.9750724961714,300.0,2474.9750724961714,1,86,86,2,1.6018710136413574,52;135;136;137;138;139;140;141;142;143;144;145;146;147;148;149;150;151;152;153;154;155;156;157;158;159;160;161;162;163;164;165;166;167;179;180;181;182;183;184;185;186;187;188;189;190;191;192;193;194;195;196;197;198;199;200;201;202;203;204;205;206;207;208;209;210;211;212;213;214;215;236;237;238;239;240;241;242;243;244;245;246;497;498;499;500
F12022,10,30,30,428.27486569548415,300.0,128.27486569548415,1,38,38,1,0.9062411785125732,76;77;78;79;80;106;107;119;120;132;133;134;135;150;151;152;153;154;200;201;202;203;204;205;206;207;208;209;210;211;212;213;214;215;216;217;254;499
F22022,10,1,1,492.4314801724829,400.0,92.4314801724829,5,66,66,15,1.5919859409332275,106;117;118;119;120;121;122;123;124;125;126;127;128;129;130;131;132;133;134;135;154;168;201;217;218;219;220;221;222;223;224;225;226;227;228;229;230;231;232;233;245;246;247;286;287;288;289;290;291;292;293;294;295;296;297;298;299;374;493;494;495;496;497;498;499;500
F22022,10,2,2,479.0811625780375,400.0,79.08116257803749,7,76,76,37,1.7677760124206543,59;60;71;72;73;74;75;76;77;78;93;94;95;96;97;108;109;110;111;112;113;114;115;116;117;118;119;120;121;122;123;124;125;126;127;128;129;130;131;132;133;155;156;157;158;159;160;161;162;163;164;165;187;188;205;206;207;208;209;247;248;259;260;261;262;263;264;265;292;470;488;489;490;491;492;493
F22022,10,3,3,403.993023836137,400.0,3.993023836137013,5,51,51,12,1.3215668201446533,30;41;42;43;44;117;167;168;169;170;171;172;184;185;186;187;206;207;208;209;210;211;212;213;214;215;216;228;239;240;241;242;243;244;245;246;247;272;273;284;285;286;287;310;311;312;313;314;496;497;498
F22022,10,4,4,402.932974044318,400.0,2.932974044317973,5,98,98,10,2.1530890464782715,54;55;56;57;58;59;60;61;74;75;76;77;78;79;80;81;82;83;84;85;86;87;88;89;90;113;114;115;116;117;128;129;130;131;132;133;134;135;136;137;138;139;140;141;142;143;144;145;146;147;148;149;150;151;152;153;154;155;156;157;158;159;160;161;179;180;181;182;183;184;185;186;187;220;221;222;233;234;235;236;248;249;250;251;252;253;254;255;256;257;258;259;260;261;262;263;490;491
F22022,10,5,5,405.37291279474044,400.0,5.372912794740444,7,111,111,27,2.3900258541107178,13;47;71;72;73;74;75;76;77;78;79;80;81;82;83;101;102;103;104;116;117;118;119;120;131;132;133;134;135;136;137;138;139;140;141;142;143;144;145;146;147;148;149;150;151;152;153;154;155;156;157;158;186;187;188;189;190;191;192;193;194;195;196;197;198;230;231;232;243;244;245;246;247;248;249;250;251;252;253;254;255;256;257;258;259;260;261;262;263;264;265;266;267;268;309;340;476;487;488;489;490;491;492;493;494;495;496;497;498;499;500
F22022,10,6,6,439.34561036278706,400.0,39.345610362787056,7,75,75,12,1.7479827404022217,80;106;107;108;109;110;111;112;113;114;115;116;127;128;129;141;142;143;144;145;146;147;148;149;150;151;152;163;164;165;166;178;179;180;181;182;183;184;185;186;187;188;199;200;201;202;203;204;205;206;207;208;209;210;211;212;213;225;226;288;311;312;313;314;315;316;317;318;319;320;321;322;323;485;486
F22022,10,7,7,430.0573223988394,400.0,30.057322398839403,5,24,24,13,0.8425090312957764,59;70;71;72;73;74;131;132;133;134;173;185;204;205;206;207;208;209;210;211;212;229;230;287
F22022,10,8,8,461.34381899760626,400.0,61.34381899760626,5,35,35,8,1.0384981632232666,13;69;142;153;154;155;208;209;210;221;222;223;224;225;226;240;241;268;279;280;281;282;283;284;285;297;313;314;315;316;317;318;319;320;365
F22022,10,9,9,483.86945083800845,400.0,83.86945083800845,8,56,56,14,1.4130029678344727,30;31;45;46;78;79;96;97;98;99;100;101;102;137;138;139;140;171;172;173;174;193;194;210;211;223;224;225;226;227;228;229;230;231;232;309;310;311;312;324;325;354;355;356;357;358;359;360;361;362;363;440;482;483;494;495
F22022,10,10,10,469.82930474549516,400.0,69.82930474549516,7,41,41,7,1.1469779014587402,82;107;108;120;151;195;196;197;216;217;218;219;231;232;233;234;235;236;237;238;239;240;241;242;243;244;245;246;247;248;249;269;270;271;317;318;319;320;357;358;453
F22022,10,11,11,487.72249008674567,400.0,87.72249008674567,5,37,37,6,1.0744271278381348,65;66;95;128;129;130;131;132;133;134;135;136;137;158;159;160;161;208;209;210;211;263;409;410;411;412;480;481;482;493;494;495;496;497;498;499;500
F22022,10,12,12,436.76682834798953,400.0,36.76682834798953,8,82,82,19,1.8725178241729736,41;58;72;73;74;75;76;77;104;105;106;107;108;109;110;111;112;113;114;115;126;127;128;129;130;131;132;133;168;169;170;181;182;183;184;185;186;187;188;189;190;213;214;215;216;217;218;219;238;303;304;305;306;307;323;324;325;326;327;328;340;341;342;360;361;362;363;395;396;397;476;477;478;482;483;484;495;496;497;498;499;500
F22022,10,13,13,490.1006790157061,400.0,90.10067901570608,6,56,56,18,1.413865089416504,64;75;76;77;78;79;80;81;82;83;95;96;97;98;99;110;126;127;128;129;130;145;182;183;184;185;186;187;188;189;190;201;202;203;204;205;206;207;208;209;210;222;223;224;225;237;238;256;257;258;259;260;261;292;303;304
F22022,10,14,14,410.7926222948339,400.0,10.792622294833905,5,64,64,11,1.552551031112671,18;19;20;21;22;34;35;36;74;85;86;87;88;89;90;91;92;93;94;109;110;111;112;113;141;142;143;144;145;157;158;159;160;161;162;163;164;165;166;167;168;169;225;226;227;228;229;230;231;232;243;244;245;246;247;248;260;301;302;327;328;495;496;497
F22022,10,15,15,477.3361641878706,400.0,77.33616418787062,8,115,115,30,2.466141939163208,29;44;45;46;57;58;59;60;61;62;63;64;65;66;67;68;69;70;71;72;73;74;75;76;77;78;79;80;81;82;104;115;116;117;118;119;120;121;122;123;124;125;126;127;128;129;130;131;132;133;134;135;136;137;138;139;150;151;152;153;165;166;167;183;194;195;196;197;198;199;200;212;213;214;215;216;217;218;219;220;221;232;233;234;235;236;248;249;250;251;252;253;254;255;267;268;269;296;297;298;299;300;301;302;303;304;305;306;335;336;337;358;359;360;496
F22022,10,16,16,545.8759693501974,400.0,145.87596935019735,7,109,109,22,2.3536219596862793,59;60;61;62;63;75;86;87;88;89;90;91;92;93;94;95;96;97;98;99;100;119;130;131;132;144;145;157;168;169;170;171;172;173;174;175;176;177;178;179;180;181;182;183;184;185;186;187;188;189;190;191;192;193;204;205;206;218;219;220;221;222;223;224;225;226;227;228;249;250;251;252;253;254;255;256;257;258;259;260;297;298;299;300;301;312;313;314;331;332;333;334;362;385;386;387;388;389;390;391;392;393;394;395;396;397;398;399;400
F22022,10,17,17,464.79618014904963,400.0,64.79618014904963,8,118,118,20,2.511181116104126,40;41;42;43;44;45;46;47;69;70;71;72;73;74;75;76;88;89;90;91;104;105;106;107;108;119;120;121;122;123;124;125;126;157;169;182;183;184;185;186;187;188;189;190;191;192;193;194;195;196;197;198;199;200;201;202;203;204;205;206;207;208;209;220;221;222;223;224;225;226;245;246;257;258;259;260;261;262;263;264;265;266;267;268;269;270;282;303;304;305;306;307;308;309;310;311;312;313;314;315;316;317;318;319;330;331;332;333;334;335;336;337;338;339;340;341;353;354
F22022,10,18,18,401.4931971194678,400.0,1.4931971194678226,7,48,48,13,1.2716789245605469,65;76;77;78;79;80;81;82;83;105;106;117;129;130;131;153;164;165;197;221;222;223;224;236;237;238;249;250;251;252;253;254;255;256;271;272;273;274;275;276;335;360;361;475;476;477;499;500
F22022,10,19,19,479.0028665825734,400.0,79.0028665825734,9,103,103,33,2.245657205581665,43;44;45;46;47;58;59;60;76;88;99;100;101;102;103;104;105;106;107;108;109;110;111;134;135;161;162;163;164;165;166;167;168;169;170;171;172;189;190;191;192;193;194;195;196;197;198;199;200;201;202;203;204;205;206;207;208;209;210;211;212;213;214;215;216;217;229;241;242;270;271;272;273;274;275;306;307;308;309;310;311;329;330;373;374;392;393;394;395;396;397;398;399;400;401;402;488;489;490;491;492;493;494
F22022,10,20,20,483.313680555208,400.0,83.31368055520801,5,57,57,14,1.4307639598846436,32;33;59;77;78;79;91;92;93;94;119;120;121;151;162;163;164;165;166;167;168;181;182;183;184;198;199;200;201;215;216;217;218;219;220;232;233;234;235;236;237;238;239;240;252;263;264;265;266;267;470;471;472;473;474;475;476
F22022,10,21,21,452.1646162691354,400.0,52.16461626913542,9,157,157,26,3.206070899963379,55;56;99;100;111;112;113;114;115;116;142;143;154;155;156;157;158;159;160;161;162;163;164;165;166;167;168;169;170;171;172;173;174;175;176;177;178;179;180;181;182;183;184;196;197;240;241;242;243;260;261;262;263;264;265;266;267;268;269;270;271;272;273;274;275;276;277;278;279;280;281;282;283;284;285;286;287;288;289;290;291;292;304;305;306;307;318;319;320;321;322;323;324;325;326;327;328;329;330;331;332;333;334;335;336;337;338;351;352;353;354;355;356;357;358;359;360;361;362;363;364;388;389;390;391;392;393;394;395;396;397;398;399;400;419;420;421;422;423;424;425;426;427;428;429;430;431;432;433;434;435;436;437;478;479;490;491
F22022,10,22,22,403.6104003920521,400.0,3.6104003920520995,6,76,76,15,1.7641668319702148,16;42;43;44;45;63;64;65;66;67;68;82;83;84;85;86;87;99;100;101;102;103;104;105;106;107;108;119;120;121;122;123;147;148;149;150;151;152;153;154;155;156;157;158;159;171;183;184;185;201;223;224;247;248;260;279;280;281;282;283;284;285;286;287;288;289;290;476;487;488;489;490;491;492;493;494
F22022,10,23,23,471.6766743361878,400.0,71.67667433618777,8,108,108,16,2.336148977279663,30;70;81;116;117;118;119;120;121;122;123;124;154;155;156;157;158;159;160;161;162;163;164;165;211;212;213;214;229;248;249;260;261;262;263;264;265;266;267;268;269;270;271;272;273;274;275;276;277;278;279;280;281;282;283;284;285;304;305;306;307;308;326;327;328;329;330;331;332;343;344;345;346;347;361;362;363;364;365;366;367;368;369;370;371;372;373;374;375;376;377;378;379;380;381;382;383;384;385;386;387;388;470;481;482;483;484;485
F22022,10,24,24,497.76412476399145,400.0,97.76412476399145,8,122,122,45,2.584165096282959,21;33;34;46;47;48;49;50;51;52;53;54;82;104;105;106;107;108;109;110;111;112;113;114;115;116;117;118;119;120;131;132;133;145;146;147;148;149;150;151;152;153;154;155;166;167;168;169;170;171;172;173;174;175;176;177;178;179;180;181;182;183;184;185;186;187;188;189;190;191;192;193;194;195;206;207;208;209;210;211;212;213;214;215;216;217;218;219;220;221;222;223;224;225;226;227;228;229;230;241;242;243;244;245;246;258;259;260;261;262;263;264;265;266;277;278;279;325;326;327;328;389
F22022,10,25,25,493.8820623963609,400.0,93.88206239636088,8,86,86,29,1.9439730644226074,36;37;38;39;50;51;52;53;54;74;101;102;103;104;105;106;107;108;109;110;111;122;123;124;125;137;138;139;140;141;142;143;144;145;146;157;158;159;160;161;162;163;175;176;177;178;179;180;181;244;245;246;247;258;259;260;261;298;299;300;301;302;303;304;305;328;329;330;331;332;333;334;335;336;337;338;339;340;341;342;343;344;345;362;363;364
F22022,10,26,26,408.7784761877244,400.0,8.77847618772438,8,87,87,19,1.9632377624511719,49;50;51;52;53;54;55;56;57;58;59;60;61;62;63;74;75;76;77;78;79;80;92;93;94;95;96;97;98;99;100;111;112;113;148;149;150;151;152;153;164;165;166;167;179;180;181;182;183;184;185;186;187;188;189;190;191;192;213;246;247;248;249;250;261;262;263;264;265;266;267;268;269;270;271;272;297;344;345;346;347;348;349;487;488;489;490
F22022,10,27,27,451.83248974902966,400.0,51.83248974902966,5,49,49,12,1.2868897914886475,40;41;94;95;96;97;98;99;100;129;168;169;170;192;193;194;195;196;197;198;211;212;213;244;255;256;257;258;270;271;272;273;274;275;276;277;278;279;290;291;292;293;294;295;496;497;498;499;500
F22022,10,28,28,403.82496025924223,400.0,3.824960259242232,6,43,43,15,1.1819126605987549,35;36;37;62;63;64;65;76;102;125;126;127;128;129;130;131;132;133;134;135;136;137;138;139;140;176;187;188;189;190;191;220;221;222;223;224;253;254;255;256;257;258;484
F22022,10,29,29,437.3445801081812,400.0,37.34458010818122,6,26,26,6,0.8789360523223877,41;76;77;78;141;166;167;168;203;204;238;260;261;262;263;341;342;343;344;345;346;347;348;349;350;485
F22022,10,30,30,496.4421644362723,400.0,96.44216443627232,5,50,50,14,1.3030271530151367,34;45;46;47;69;80;99;100;101;102;103;104;154;155;156;157;158;159;160;161;162;163;180;181;182;183;184;185;186;187;188;199;200;201;202;257;258;327;328;329;330;331;332;333;334;488;489;490;491;492
F32022,10,1,1,600.0004328896426,600.0,0.00043288964263865637,13,185,185,120,5.023151159286499,30;31;64;65;66;99;100;101;113;123;124;125;126;127;128;129;130;144;155;156;157;158;159;160;161;162;163;164;165;166;167;168;169;170;171;172;173;174;175;176;177;178;179;180;211;212;213;214;215;216;229;230;231;248;249;267;268;279;280;281;282;283;284;285;286;303;319;320;321;322;331;332;333;334;335;336;337;338;339;350;351;352;353;354;355;356;357;358;359;360;361;367;368;369;370;371;372;373;374;375;376;387;388;389;390;391;392;393;394;395;396;397;398;399;400;401;402;403;404;405;406;407;408;409;410;411;422;423;424;425;426;427;428;429;430;431;432;433;434;435;436;437;438;439;440;441;442;443;444;445;446;457;458;459;460;461;462;463;464;465;466;467;468;469;470;471;472;473;474;475;476;477;478;479;480;481;482;493;494;495;496;497;498;499;500
F32022,10,2,2,600.0006367658448,600.0,0.0006367658447743452,12,202,202,175,5.426977157592773,37;65;66;67;68;80;92;93;94;95;96;97;98;99;100;101;102;131;151;152;153;154;155;171;182;183;184;185;186;187;188;189;190;191;192;193;194;195;196;197;198;209;220;221;222;223;224;225;226;227;228;240;241;242;257;268;269;270;271;272;273;274;275;276;277;278;279;280;281;282;283;284;285;286;287;288;289;290;291;292;303;304;305;306;307;308;309;310;311;312;313;314;317;318;319;320;321;322;323;324;325;326;327;343;344;345;346;347;348;349;350;365;376;382;383;384;385;386;387;388;389;390;391;392;393;394;395;396;397;398;399;400;411;412;413;414;415;416;417;418;419;420;421;422;423;424;425;426;427;428;429;430;431;432;433;434;435;436;447;448;449;450;451;452;453;454;455;456;457;458;459;460;461;462;463;464;465;466;467;468;469;470;471;482;483;484;485;486;487;488;489;490;491;492;493;494;495;496;497;498;499;500
F32022,10,3,3,600.0000984839523,600.0,9.848395234257623e-05,13,228,228,145,6.0572521686553955,39;56;57;58;59;60;61;62;63;64;65;66;67;68;69;70;71;72;73;74;102;103;104;105;106;107;108;109;142;143;144;155;156;157;158;159;160;161;162;163;164;176;177;178;179;202;203;204;205;206;207;208;209;210;211;212;213;234;235;246;247;248;249;250;251;252;253;254;255;256;257;258;259;260;261;262;263;264;265;266;267;268;269;270;281;282;283;284;285;286;287;288;289;290;291;292;293;294;295;296;297;298;299;300;301;302;303;304;305;316;319;320;321;322;323;324;325;326;327;328;329;330;331;337;338;339;340;341;361;362;363;364;365;366;367;368;369;370;371;372;373;374;375;376;377;378;389;390;391;392;393;394;395;396;397;398;399;400;401;402;403;404;405;406;407;408;409;410;411;412;413;424;425;426;427;428;429;430;431;432;433;434;435;436;437;438;439;440;441;442;443;444;445;446;447;448;459;460;461;462;463;464;465;466;467;468;469;470;471;472;473;474;475;476;477;478;479;480;481;482;483;494;495;496;497;498;499;500
F32022,10,4,4,600.0117162154517,600.0,0.011716215451656353,11,139,139,90,3.913102626800537,26;37;38;39;74;98;99;100;101;102;103;104;105;106;107;108;109;110;111;122;123;124;125;126;127;128;129;130;131;132;133;134;135;136;137;138;139;140;141;142;143;144;145;146;160;161;162;163;164;165;166;167;168;169;170;171;172;173;174;175;176;177;178;179;180;181;216;227;228;229;230;231;232;233;234;235;236;237;238;239;240;241;242;243;255;256;267;268;272;273;274;275;279;280;281;309;395;407;408;409;410;411;412;413;414;415;416;417;418;419;420;421;422;423;424;425;426;427;428;429;430;431;432;443;444;445;446;447;448;449;450;451;478;489;490;491;492;493;494
F32022,10,5,5,600.0007125237491,600.0,0.0007125237491436565,13,229,229,141,6.086087942123413,25;53;54;55;56;57;58;59;60;71;72;73;74;75;76;77;78;79;80;81;82;83;84;85;86;87;88;89;90;91;92;93;94;95;106;107;108;109;110;111;112;113;114;115;116;117;143;160;161;162;163;164;165;166;167;168;169;170;171;172;173;174;175;176;177;178;212;213;230;231;232;233;234;235;236;237;238;239;240;241;242;243;244;245;246;247;248;259;260;261;262;263;264;265;266;278;281;282;283;284;296;307;308;309;310;311;312;313;314;315;316;317;318;319;320;321;322;323;324;325;326;327;328;329;330;331;332;348;349;350;351;363;364;365;366;367;378;379;380;381;382;383;384;385;386;387;388;389;390;391;392;393;394;395;396;397;398;399;400;401;402;413;414;415;416;417;418;419;420;421;422;423;424;425;426;427;428;429;430;431;432;433;434;435;436;437;448;449;450;451;452;453;454;455;456;457;458;459;460;461;462;463;464;465;466;467;468;469;470;471;472;473;484;485;486;487;488;489;490;491;492;493;494;495;496;497;498;499;500
F32022,10,6,6,600.0088553269961,600.0,0.008855326996126678,9,129,129,86,3.6699047088623047,39;40;41;52;53;54;66;67;68;69;70;71;72;73;74;75;76;87;88;89;90;91;103;104;105;106;107;108;109;110;122;133;134;135;215;226;227;228;229;230;231;232;233;234;245;246;247;260;261;272;273;274;275;276;277;278;279;280;281;282;283;284;285;286;287;288;289;290;291;292;293;294;295;296;307;308;309;310;409;410;421;422;423;424;425;426;427;428;429;430;431;432;433;434;435;436;437;438;439;440;441;442;443;444;445;456;457;458;459;460;461;473;474;475;476;477;478;479;480;491;492;493;494;495;496;497;498;499;500
F32022,10,7,7,600.0004546893655,600.0,0.0004546893654833184,13,227,227,165,6.036627769470215,48;96;107;108;109;110;111;112;124;125;126;127;128;129;130;131;132;146;147;148;149;150;151;152;153;154;155;156;157;158;159;160;161;162;163;164;165;166;167;168;169;189;190;191;192;193;194;195;196;197;198;199;200;201;202;203;204;205;225;226;227;228;229;230;231;239;240;251;252;253;254;255;256;257;258;259;260;261;262;263;264;265;266;278;289;290;291;292;293;294;295;296;308;309;310;311;312;313;324;325;326;327;328;329;330;331;332;333;334;335;336;337;338;339;340;341;342;343;344;345;346;347;348;349;360;361;362;363;364;365;366;367;368;369;370;371;372;373;374;375;376;377;378;379;380;381;382;383;384;385;396;397;398;399;400;401;402;403;404;405;406;407;408;409;410;411;412;413;414;415;416;417;418;419;420;421;422;433;434;435;436;437;438;439;440;441;442;443;444;445;446;447;448;449;450;451;452;453;454;455;456;457;468;469;470;471;472;473;474;475;476;477;478;479;480;481;482;483;484;485;486;487;488;489;490;491;492
F32022,10,8,8,600.0012533169278,600.0,0.001253316927773085,12,181,181,110,4.923993825912476,36;57;58;59;60;61;62;63;64;65;66;67;68;69;70;71;83;84;85;86;87;88;89;90;91;105;106;121;122;123;124;125;126;127;128;129;130;131;132;133;134;135;136;137;138;139;140;141;166;167;168;169;170;171;172;173;174;175;176;187;188;189;190;191;192;193;194;195;196;197;198;199;200;201;202;203;204;247;248;259;260;261;262;263;264;265;266;267;268;269;270;271;272;273;281;282;283;303;315;335;358;359;360;361;362;363;364;365;366;367;368;369;370;385;396;397;398;399;400;401;402;403;404;405;406;407;408;409;410;411;412;413;414;415;416;417;418;419;420;431;432;433;434;435;436;437;438;439;440;441;442;443;451;452;463;464;475;476;477;478;479;480;481;482;483;484;485;486;487;488;489;490;491;492;493;494;495;496;497;498;499
F32022,10,9,9,600.0001834428672,600.0,0.00018344286718274816,12,223,223,78,5.93536901473999,25;48;49;50;51;52;105;122;123;124;125;126;127;128;129;130;131;143;174;175;176;177;178;179;190;191;192;204;205;206;218;229;230;231;232;233;234;235;236;237;238;239;240;241;242;243;244;245;246;247;248;249;250;251;252;253;264;265;266;267;268;269;270;271;272;273;274;275;276;277;278;279;280;281;282;283;284;285;286;287;288;289;290;301;312;313;314;315;316;317;318;319;320;321;322;323;324;325;326;337;338;339;340;341;342;343;344;345;346;347;348;349;350;351;352;353;354;355;356;357;358;359;360;361;372;373;374;375;376;377;378;379;380;381;382;383;384;385;386;387;388;389;390;391;392;393;394;395;396;397;408;409;410;411;412;413;414;415;416;417;418;419;420;421;422;423;424;425;426;427;428;429;430;431;432;433;434;435;436;437;438;439;450;451;452;453;454;455;456;457;458;459;460;461;462;463;464;465;466;467;468;469;470;471;472;473;474;475;486;487;488;489;490;491;492;493;494;495;496;497;498;499;500
F32022,10,10,10,600.0083208099259,600.0,0.008320809925862704,11,135,135,66,3.8127479553222656,32;52;53;54;98;109;110;111;112;113;114;115;116;117;118;119;120;121;122;123;124;125;126;137;148;149;150;151;152;153;154;155;156;157;158;159;160;161;162;163;164;165;166;167;168;169;170;171;172;183;184;196;197;198;199;200;201;216;230;231;232;233;234;235;236;237;262;263;275;276;311;324;325;326;327;328;329;330;331;332;333;334;335;336;337;338;348;359;360;361;362;363;364;365;366;367;368;369;370;371;384;385;386;387;392;417;418;419;420;427;428;429;430;431;432;444;445;446;447;448;449;460;461;462;474;475;476;477;478;479;480;481;482;483;484
F32022,10,11,11,600.0001672758502,600.0,0.00016727585023090796,13,143,143,61,4.003777980804443,25;45;57;58;59;60;95;106;126;134;167;168;169;180;181;182;183;184;185;186;187;188;189;190;191;227;266;267;285;286;287;288;289;290;291;292;304;315;316;317;318;319;342;361;362;363;364;365;366;367;368;369;370;371;372;373;374;375;376;377;378;379;380;381;382;383;394;395;396;397;398;399;400;401;402;403;404;405;406;407;408;409;410;411;412;413;414;415;416;417;418;419;430;431;432;433;434;435;436;437;438;439;440;441;442;443;444;445;446;447;448;449;450;451;452;453;454;455;466;467;468;469;470;471;472;473;474;475;476;477;478;479;480;481;482;483;484;485;486;487;488;489;490
F32022,10,12,12,600.0009363252922,600.0,0.0009363252921730236,12,240,240,169,6.345171928405762,30;31;58;59;60;61;62;63;64;65;66;88;89;90;91;92;93;94;95;96;97;98;99;100;112;123;124;125;126;127;128;129;130;131;132;133;147;158;159;160;161;162;163;164;165;166;167;168;169;170;171;172;173;174;175;176;177;178;179;180;181;182;183;184;185;196;197;198;199;200;201;202;203;204;205;206;207;208;209;210;222;233;234;235;236;237;249;250;251;252;253;254;255;256;257;268;269;270;271;272;273;274;275;276;277;278;279;280;281;282;283;284;285;286;287;288;289;290;291;292;306;307;308;309;310;311;312;313;314;315;316;317;318;319;320;321;322;323;324;360;371;372;373;374;375;376;377;378;379;380;381;382;383;384;385;386;387;388;389;390;391;392;393;394;395;406;407;408;409;410;411;412;413;414;415;416;417;418;419;420;421;422;423;424;425;426;427;428;429;430;431;432;443;444;445;446;447;448;449;450;451;452;453;454;455;456;457;458;459;460;461;462;463;464;465;466;467;468;479;480;481;482;483;484;485;486;487;488;489;490;491;492;493;494;495;496;497;498;499;500
F32022,10,13,13,600.0004579789133,600.0,0.00045797891334586893,11,203,203,122,5.449842929840088,44;55;56;57;58;59;60;61;62;63;64;65;66;67;68;69;70;71;72;73;74;75;76;88;99;100;101;102;103;104;105;106;107;108;109;110;111;112;113;114;115;116;117;118;119;120;121;122;123;135;146;147;148;149;150;151;152;153;154;155;156;157;158;159;160;161;162;163;164;165;197;198;199;210;211;212;213;214;234;245;246;247;248;249;250;277;288;289;290;291;292;293;294;295;296;297;298;299;300;301;302;303;304;305;306;307;308;309;310;311;312;313;314;335;336;337;363;364;365;366;378;389;390;391;392;393;394;395;396;397;398;399;400;401;402;403;404;405;406;407;408;409;410;411;412;413;414;415;426;427;428;429;430;431;432;433;434;435;436;437;438;439;440;441;442;443;444;445;446;447;448;449;450;451;462;463;464;465;466;467;468;469;470;471;472;473;474;475;476;477;478;479;480;481;482;483;484;485;486;487;488;499;500
F32022,10,14,14,600.0020635270162,600.0,0.00206352701616197,13,224,224,158,5.957273006439209,24;25;47;58;59;60;83;84;85;86;87;88;89;90;91;92;93;94;95;106;107;108;109;110;111;112;113;114;115;116;117;118;119;120;121;122;123;124;125;126;127;128;129;130;141;142;143;144;145;146;147;148;149;150;173;193;194;195;196;197;198;199;200;201;202;203;204;205;206;207;208;219;220;221;222;240;241;242;243;244;262;263;264;265;266;267;268;269;270;271;272;273;285;286;297;298;312;313;314;326;337;338;339;340;341;342;343;344;345;346;347;348;349;350;351;352;353;354;355;356;357;358;359;360;361;372;373;374;375;376;377;378;379;380;381;382;383;384;385;386;387;388;389;390;391;392;393;394;395;396;407;408;409;410;411;412;413;414;415;416;417;418;419;420;421;422;423;424;425;426;427;428;429;430;431;432;433;434;445;446;447;448;449;450;451;452;453;454;455;456;457;458;459;460;461;462;463;464;465;466;467;468;469;480;481;482;483;484;485;486;487;488;489;490;491;492;493;494;495;496;497;498;499;500
F32022,10,15,15,600.0009478200197,600.0,0.0009478200197463593,11,156,156,116,4.327190160751343,64;65;66;77;78;79;80;81;82;126;151;152;153;154;155;156;157;158;159;160;161;174;175;176;177;208;222;258;259;270;271;272;273;274;275;276;277;278;279;280;304;315;316;317;318;319;320;321;322;323;324;325;326;327;328;329;330;331;344;345;346;357;358;359;360;361;362;363;364;365;375;376;377;378;379;380;381;392;393;394;395;396;397;398;399;400;401;402;403;404;405;406;407;408;409;410;411;412;413;414;415;416;427;428;429;430;431;432;433;434;435;436;437;438;439;440;441;442;443;444;445;446;447;448;449;450;451;452;463;464;465;466;467;468;469;470;471;472;473;474;475;476;477;478;479;480;481;482;483;484;485;486;487;498;499;500
F32022,10,16,16,600.0075748764707,600.0,0.007574876470698655,11,195,195,133,5.273546934127808,66;67;84;85;86;87;88;89;90;91;92;104;116;117;118;119;120;121;122;123;124;136;137;138;139;157;158;159;160;161;162;163;164;165;166;167;168;169;170;171;172;173;174;185;186;187;188;189;190;191;192;193;194;195;196;197;198;199;200;201;202;203;204;205;206;207;217;238;239;240;241;242;287;288;307;324;325;326;327;328;329;330;331;332;339;340;351;352;353;354;365;366;367;368;369;370;371;372;373;374;375;376;377;378;379;380;381;382;383;384;385;386;387;388;389;390;391;392;393;394;405;406;407;408;409;410;411;412;413;414;415;416;417;418;419;420;421;422;423;424;425;426;427;428;429;440;441;442;443;444;445;446;447;448;449;450;451;452;453;454;455;456;457;458;459;460;461;462;463;464;475;476;477;478;479;480;481;482;483;484;485;486;487;488;489;490;491;492;493;494;495;496;497;498;499
F32022,10,17,17,600.0002354516815,600.0,0.00023545168153304985,11,201,201,103,5.401982069015503,34;35;58;59;60;61;87;109;122;123;124;125;126;127;139;140;156;157;158;177;178;179;180;181;182;183;184;185;186;187;188;189;190;191;192;193;207;208;209;210;211;212;213;214;215;216;217;218;219;220;221;222;223;224;225;226;227;228;229;230;243;244;245;246;247;248;249;250;251;252;253;254;255;256;257;258;259;260;261;262;263;264;265;278;279;280;281;282;283;284;285;286;287;288;289;290;291;292;293;294;295;296;297;298;299;300;301;302;303;322;329;330;331;332;333;334;335;336;337;338;349;350;351;352;384;385;396;397;398;399;400;411;412;413;414;415;416;417;418;419;420;421;422;423;424;425;426;427;428;429;430;431;432;433;434;435;446;447;448;449;450;451;452;453;454;455;456;457;458;459;460;461;462;463;464;465;466;467;468;469;470;471;472;483;484;485;486;487;488;489;490;491;492;493;494;495;496;497;498;499;500
F32022,10,18,18,600.0003691024482,600.0,0.00036910244818955107,12,213,213,129,5.711282253265381,29;59;60;61;62;63;64;90;91;92;93;94;95;96;97;98;99;125;126;127;128;129;130;131;132;133;134;145;146;147;148;149;150;151;152;153;154;155;187;198;199;200;201;202;203;204;205;206;207;208;209;210;211;212;213;214;215;216;217;218;219;220;221;222;223;224;235;247;248;249;250;251;252;264;265;280;281;282;292;293;294;295;296;297;322;333;334;335;336;337;338;339;340;341;342;343;344;345;346;347;348;349;350;351;352;353;354;355;356;357;358;359;370;371;372;373;374;375;376;377;378;379;380;381;382;383;384;385;386;387;388;389;390;391;392;393;394;395;396;397;398;409;410;411;412;413;414;415;416;417;418;419;420;421;422;423;424;425;426;427;428;429;430;431;432;433;444;445;446;447;448;449;450;451;452;453;454;455;456;457;458;459;460;461;462;463;464;465;466;467;468;479;480;481;482;483;484;485;486;487;488;489;490;491;492;493;494;495;496;497;498;499;500
F32022,10,19,19,600.0011898009179,600.0,0.0011898009179276414,12,161,161,127,4.461896896362305,51;52;78;79;80;81;82;83;84;85;86;98;138;175;176;187;188;189;190;191;192;193;194;195;196;197;198;199;200;201;202;203;215;216;234;235;251;262;263;264;265;266;267;268;269;270;271;272;273;274;275;276;277;278;279;280;281;282;283;284;285;286;304;305;306;307;308;309;310;311;312;340;356;357;369;370;371;372;378;379;390;391;392;393;394;395;396;397;398;399;400;401;402;403;404;405;406;407;408;409;410;411;412;413;414;425;426;427;428;429;430;431;432;433;434;435;436;437;438;439;440;441;442;443;444;445;446;447;448;449;460;461;462;463;464;465;466;467;468;469;470;471;472;473;474;475;476;477;478;479;480;481;482;483;484;495;496;497;498;499;500
F32022,10,20,20,600.0005514155253,600.0,0.0005514155252512865,12,235,235,115,6.238754749298096,28;29;69;80;92;93;105;106;107;108;109;121;131;132;133;134;135;136;137;138;139;140;141;142;143;144;155;156;157;158;159;180;195;196;197;198;199;200;201;202;203;211;212;213;214;215;226;227;228;229;230;231;232;233;250;261;262;263;264;265;266;267;268;269;270;271;272;273;274;275;276;277;278;279;280;281;282;283;284;285;296;297;298;299;300;301;302;303;304;305;306;307;308;309;310;311;312;313;314;315;316;317;318;319;320;321;332;333;334;335;336;337;338;339;340;341;342;343;344;345;346;347;348;349;350;351;352;353;354;355;356;357;358;359;360;361;362;363;374;375;376;377;378;379;380;381;382;383;384;385;386;387;388;389;390;391;392;393;394;395;396;397;398;399;410;411;412;413;414;415;416;417;418;419;420;421;422;423;424;425;426;427;428;429;430;431;432;433;434;435;436;437;438;439;450;451;452;453;454;455;456;457;458;459;460;461;462;463;464;465;466;467;468;469;470;471;472;473;474;475;486;487;488;489;490;491;492;493;494;495;496;497;498;499;500
F32022,10,21,21,600.0004882268992,600.0,0.00048822689916505624,11,210,210,127,5.6241278648376465,53;64;65;66;104;115;116;117;118;119;120;121;122;123;124;125;126;127;128;129;130;154;165;166;167;168;169;170;171;172;173;174;175;176;177;178;179;180;181;182;183;184;185;186;187;188;189;190;191;192;203;204;205;206;207;208;209;210;211;212;213;214;215;216;217;218;219;220;221;222;223;224;225;233;234;235;246;247;248;249;250;251;252;253;254;255;256;257;258;259;260;261;274;275;293;294;295;296;297;298;299;300;301;302;303;304;305;306;307;308;309;310;321;322;341;342;343;344;345;346;347;348;349;364;365;366;378;379;389;390;401;402;403;404;405;406;407;408;409;410;411;412;413;414;415;416;417;418;419;420;421;422;423;424;425;426;437;438;439;440;441;442;443;444;445;446;447;448;449;450;451;452;453;454;455;456;457;458;459;460;461;472;473;474;475;476;477;478;479;480;481;482;483;484;485;486;487;488;489;490;491;492;493;494;495;496;497;498;499;500
F32022,10,22,22,600.0006175323233,600.0,0.0006175323233037489,14,312,312,208,8.092866897583008,14;34;35;36;48;49;50;51;52;53;71;72;73;74;75;76;77;78;79;80;81;82;83;84;85;86;87;88;99;100;101;102;103;104;105;106;107;108;109;110;111;112;113;114;115;116;117;118;119;120;121;122;123;134;135;136;137;138;139;140;141;142;143;144;145;146;147;148;149;150;151;152;153;154;155;156;166;177;178;179;180;181;182;183;184;185;186;187;188;189;190;191;192;193;194;195;196;197;198;199;200;201;202;217;218;219;220;221;222;223;224;225;226;227;228;229;230;231;232;233;234;235;236;237;248;249;250;251;252;253;254;255;256;257;258;259;260;261;262;263;264;265;266;267;268;269;270;271;272;273;284;285;286;287;288;289;290;291;292;293;294;295;296;297;298;299;300;301;302;303;304;305;306;307;308;309;320;321;322;323;324;325;326;327;328;329;330;331;332;333;334;335;336;337;338;339;340;341;342;343;344;345;356;357;358;359;360;361;362;363;364;365;366;367;368;369;370;371;372;373;374;375;376;377;378;379;380;391;392;393;394;395;396;397;398;399;400;401;402;403;404;405;406;407;408;409;410;411;412;413;414;415;416;417;418;429;430;431;432;433;434;435;436;437;438;439;440;441;442;443;444;445;446;447;448;449;450;451;452;453;454;455;456;457;458;459;460;471;472;473;474;475;476;477;478;479;480;481;482;483;484;485;486;487;488;489;490;491;492;493;494;495
F32022,10,23,23,600.0006818625662,600.0,0.0006818625662390332,13,211,211,120,5.647959232330322,26;37;38;39;40;41;42;43;44;45;46;47;76;112;123;124;125;126;127;139;140;141;153;154;165;166;167;168;169;170;171;172;173;174;175;176;177;178;179;180;192;203;204;205;206;207;208;209;210;211;212;213;214;215;216;217;218;230;231;250;251;252;253;254;255;256;257;258;259;260;261;262;263;264;265;266;277;278;279;280;281;282;296;297;298;299;300;301;302;320;321;322;332;333;334;335;336;337;338;349;350;351;352;353;354;355;356;357;358;359;360;361;362;363;364;365;366;367;368;369;370;371;372;373;374;385;386;387;388;389;390;391;392;393;394;395;396;397;398;399;400;401;402;403;404;405;406;407;408;409;410;421;422;423;424;425;426;427;428;429;430;431;432;433;434;435;436;437;438;439;440;441;442;443;444;445;446;447;448;449;460;461;462;463;464;465;466;467;468;469;470;471;472;473;474;475;476;477;478;479;480;481;482;483;484;495;496;497;498;499;500
F32022,10,24,24,600.0054107434818,600.0,0.005410743481775171,11,158,158,84,4.37253999710083,28;67;78;79;80;81;82;83;84;85;86;98;99;100;101;102;120;121;122;123;124;125;126;127;128;129;130;131;132;133;178;198;199;200;201;202;203;204;205;206;207;208;209;210;229;240;241;242;243;244;245;246;247;248;249;250;251;252;262;263;264;265;318;341;342;343;344;345;346;361;362;374;375;376;377;378;379;380;381;382;383;384;385;386;397;408;409;410;411;412;413;414;415;416;417;418;419;420;421;422;423;424;425;426;427;428;429;430;431;432;433;444;445;446;447;448;449;450;451;452;453;454;455;456;457;458;459;460;461;462;463;464;465;466;467;468;469;470;481;482;483;484;485;486;487;488;489;490;491;492;493;494;495;496;497;498;499;500
F32022,10,25,25,600.0033235062467,600.0,0.003323506246715624,10,190,190,129,5.141228914260864,75;86;87;88;89;90;91;92;93;94;95;96;97;98;99;100;101;102;103;104;105;106;107;108;109;110;129;130;131;132;133;134;135;136;137;138;139;140;141;142;143;144;145;156;157;158;159;160;161;162;163;164;165;166;167;168;169;170;171;172;173;174;175;176;177;178;179;180;191;192;204;205;206;207;208;209;210;211;212;213;214;215;226;227;228;229;230;231;232;233;234;235;236;237;238;239;240;241;242;243;244;245;246;247;248;249;250;251;263;282;283;284;285;286;287;288;289;290;291;292;293;294;295;296;297;298;299;385;386;387;402;403;404;405;406;407;408;409;410;411;412;423;424;425;426;427;428;429;430;431;432;433;434;435;436;437;438;439;440;441;442;443;444;445;446;447;458;459;460;461;462;463;464;465;466;467;468;469;470;471;472;473;474;475;476;477;478;479;480;490
F32022,10,26,26,600.0129216214749,600.0,0.012921621474902167,9,196,196,92,5.2819201946258545,42;59;60;61;62;63;64;65;66;67;68;69;70;71;72;73;74;75;76;94;113;114;115;116;117;118;119;120;121;122;123;124;125;126;127;128;129;146;157;158;159;160;161;162;163;164;165;166;167;168;169;170;171;172;173;174;175;183;184;185;203;204;205;206;207;208;209;210;211;212;213;214;215;216;217;225;237;238;239;240;241;242;243;244;245;246;247;248;249;250;251;252;253;254;255;256;257;258;273;285;286;287;288;289;290;291;292;293;383;384;385;386;387;398;399;400;401;402;403;404;405;406;407;408;409;410;411;412;413;414;415;416;417;418;419;420;421;422;423;424;425;426;427;428;429;430;431;432;433;434;435;436;437;438;439;440;441;442;443;454;455;456;457;458;459;460;461;462;463;464;465;466;467;468;469;470;471;472;473;474;475;476;477;478;479;490;491;492;493;494;495;496;497;498;499;500
F32022,10,27,27,600.0021336149786,600.0,0.002133614978561127,10,158,158,99,4.364233016967773,79;90;91;92;93;110;111;112;113;114;125;140;141;142;143;144;145;146;147;148;149;160;161;162;163;164;165;166;167;168;169;170;171;172;173;174;175;176;177;178;179;180;181;182;183;226;254;255;256;257;258;280;291;292;293;294;295;296;297;298;299;300;301;302;303;304;305;306;307;308;309;310;311;312;313;314;315;328;329;330;331;332;333;383;384;397;398;399;400;401;402;403;404;405;406;407;408;409;410;411;412;413;414;415;416;417;418;419;433;434;435;436;437;438;439;440;441;442;443;444;445;446;447;448;449;450;451;452;453;454;465;466;467;468;469;470;471;472;473;474;475;476;477;478;479;480;481;482;483;484;485;486;487;488;489;490;491;492
F32022,10,28,28,600.000657780908,600.0,0.0006577809079999497,12,220,220,106,5.866470098495483,41;58;59;60;61;62;63;64;65;66;67;68;69;70;71;72;73;74;97;108;109;110;111;112;113;114;115;116;117;118;119;120;121;122;123;124;125;126;127;128;129;130;131;132;163;164;165;177;202;203;204;205;206;207;208;209;210;211;212;234;235;236;237;238;239;240;241;242;243;244;245;246;247;258;259;260;261;262;263;264;265;266;267;268;269;270;271;272;273;274;275;276;277;278;279;280;281;282;299;300;301;302;303;304;305;306;324;343;344;345;346;347;348;349;350;351;352;353;354;355;356;357;358;359;360;371;372;373;374;380;381;382;383;384;385;386;387;388;389;390;391;392;393;394;395;406;407;408;409;410;411;412;413;414;415;416;417;418;419;420;421;422;423;424;425;426;427;428;429;430;431;442;443;444;445;446;447;448;449;450;451;452;453;454;455;456;457;458;459;460;461;462;463;464;465;466;477;478;479;480;481;482;483;484;485;486;487;488;489;490;491;492;493;494;495;496;497;498;499;500
F32022,10,29,29,600.0004911579911,600.0,0.0004911579910640285,12,174,174,145,4.761059761047363,55;68;69;70;85;86;87;88;89;90;101;102;103;115;116;117;118;119;120;121;122;123;124;125;136;137;138;139;140;141;142;143;144;163;184;185;186;187;188;189;190;191;192;193;194;195;196;197;198;209;210;211;212;272;285;286;287;288;289;290;291;292;311;335;336;337;338;339;340;341;342;343;344;345;346;347;364;365;366;367;368;369;370;371;372;373;374;375;376;377;378;379;380;381;382;383;384;395;396;397;398;399;400;401;402;403;404;405;406;407;408;409;410;411;412;413;414;415;416;417;418;419;420;431;432;433;434;435;436;437;438;439;440;441;442;443;444;445;446;447;448;449;450;451;452;453;454;455;466;467;468;469;470;471;472;473;474;475;476;477;478;479;480;481;482;483;484;485;486;487;488;489;490;491
F32022,10,30,30,600.0006916655021,600.0,0.0006916655021314,13,253,253,141,6.676330089569092,62;73;74;75;76;77;78;79;80;81;82;83;84;85;86;87;88;89;90;91;92;93;94;95;96;97;108;109;110;111;112;113;114;115;116;117;118;119;120;121;122;123;124;125;126;127;128;129;130;131;132;143;144;145;146;147;157;158;159;160;161;162;163;164;165;166;167;189;190;191;192;193;194;195;196;197;198;199;200;201;202;203;214;215;216;217;218;219;220;221;222;223;224;225;226;227;228;229;230;231;232;233;234;235;236;237;238;239;240;251;252;253;254;255;256;275;292;293;294;295;296;297;298;299;300;301;302;303;304;305;306;307;308;309;310;311;312;313;314;315;316;317;328;329;330;331;332;333;345;346;347;348;349;350;351;352;367;368;369;370;371;372;373;374;375;376;377;378;379;380;381;382;383;384;385;386;387;388;399;400;401;402;403;404;405;406;407;408;409;410;411;412;413;414;415;416;417;418;419;420;421;422;423;434;435;436;437;438;439;440;441;442;443;444;445;446;447;448;449;450;451;452;453;454;455;456;457;458;469;470;471;472;473;474;475;476;477;478;479;480;481;482;483;484;485;486;487;488;489;490;491;492;493
F42022,10,1,1,858.0000035990395,800.0,58.000003599039474,12,158,158,157,6.111654996871948,25;43;44;45;46;47;48;49;50;51;63;94;95;96;97;98;125;126;127;128;129;130;131;132;133;154;155;156;157;158;159;160;161;162;163;164;165;166;167;168;194;195;196;197;198;199;200;201;202;222;233;234;235;236;237;238;239;240;241;242;243;244;245;246;247;248;249;250;251;252;264;285;286;287;288;289;290;291;292;293;294;295;296;297;298;299;313;314;315;316;317;318;319;332;333;334;398;420;421;422;423;424;425;426;427;428;429;430;431;432;433;444;445;446;447;448;449;450;451;452;453;454;455;456;457;458;459;460;461;462;463;464;465;466;467;468;479;480;481;482;483;484;485;486;487;488;489;490;491;492;493;494;495;496;497;498;499;500
F42022,10,2,2,822.0000000000013,800.0,22.00000000000125,12,212,212,212,7.945180892944336,41;55;56;57;58;59;60;61;62;63;64;100;118;119;120;121;122;123;124;125;126;127;128;129;130;131;132;133;134;146;157;158;159;160;182;203;204;205;206;207;208;209;210;211;212;224;235;236;237;238;239;240;241;242;243;244;245;246;247;248;249;250;251;252;253;254;255;256;257;258;270;281;282;283;284;285;286;287;288;289;290;298;299;300;301;302;303;304;305;323;324;325;326;327;328;329;330;331;332;333;334;335;336;337;338;339;340;351;352;353;354;355;361;362;363;364;365;366;367;368;369;370;371;372;373;374;375;386;387;388;389;390;391;392;393;394;395;396;397;398;399;400;401;402;403;404;405;406;407;408;409;410;421;422;423;424;425;426;427;428;429;430;431;432;433;434;435;436;437;438;439;440;441;442;443;444;445;456;457;458;459;460;461;462;463;464;465;466;467;468;469;470;471;472;473;474;475;476;477;478;479;480;491;492;493;494;495;496;497;498;499;500
F42022,10,3,3,836.0000000760573,800.0,36.00000007605729,13,235,235,231,8.743259906768799,36;54;55;56;57;58;59;60;61;62;63;64;65;66;67;68;69;70;71;82;83;84;85;86;87;88;89;90;91;92;93;94;106;117;118;119;140;141;152;153;154;155;156;157;158;159;160;161;162;163;164;165;166;167;168;169;170;171;172;173;174;175;176;187;188;189;190;191;192;193;194;195;196;197;198;199;200;201;202;203;204;205;206;207;208;209;210;222;233;234;235;236;237;238;239;240;241;242;243;244;245;246;247;248;249;250;251;252;253;254;255;256;257;277;278;279;280;281;282;283;284;285;286;287;288;289;290;291;292;305;306;307;308;309;310;311;312;313;314;315;316;317;318;319;320;321;322;323;324;325;326;327;347;348;349;350;351;352;353;354;355;367;378;379;380;401;402;413;414;415;416;417;418;419;420;421;422;423;424;425;426;427;428;429;430;431;432;433;434;435;436;437;448;449;450;451;452;453;454;455;456;457;458;459;460;461;462;463;464;465;466;467;468;469;470;471;472;483;484;485;486;487;488;489;490;491;492;493;494;495;496;497;498;499;500
F42022,10,4,4,860.0000000090363,800.0,60.000000009036285,11,156,156,155,6.057654857635498,89;100;101;102;103;104;105;106;118;119;120;121;122;123;124;135;136;137;149;150;151;152;153;154;155;156;157;158;159;182;183;184;185;186;187;188;189;190;191;203;231;232;233;234;235;236;237;238;260;261;262;274;347;358;359;360;361;362;363;364;365;366;367;368;369;370;371;372;373;374;375;376;377;378;379;380;381;382;393;394;395;396;397;398;399;400;401;402;403;404;405;406;407;408;409;410;411;412;413;414;415;416;417;428;429;430;431;432;433;434;435;436;437;438;439;440;441;442;443;444;445;446;447;448;449;450;451;452;463;464;465;466;467;468;469;470;471;472;473;474;475;476;477;478;479;480;481;482;483;484;485;486;487;498;499;500
F42022,10,5,5,854.0000000000601,800.0,54.00000000006014,13,264,264,254,9.70146107673645,28;41;42;43;44;45;46;47;48;49;50;51;52;101;115;116;117;118;119;120;121;122;123;124;125;126;127;128;129;130;131;132;133;134;135;136;147;159;160;161;162;163;164;165;166;167;168;169;170;171;182;183;184;185;186;187;188;189;190;191;192;193;194;195;196;197;198;199;200;212;213;224;225;226;227;228;229;230;231;232;233;234;235;236;237;238;239;240;241;247;248;259;260;261;262;263;264;265;266;267;268;269;270;271;272;273;274;275;276;277;278;279;280;281;282;283;294;295;296;297;298;299;300;301;302;303;304;305;306;307;308;309;310;311;312;313;314;315;316;317;318;331;332;333;334;335;336;337;338;339;340;341;342;343;344;345;346;347;348;349;350;351;352;353;364;365;366;367;368;369;370;371;372;373;374;375;376;377;378;379;380;381;382;383;384;385;386;387;388;399;400;401;402;403;404;405;406;407;408;409;410;411;412;413;414;415;416;417;418;419;420;421;422;423;434;435;436;437;438;439;440;441;442;443;444;445;446;447;448;449;450;451;452;453;454;455;456;457;458;469;470;471;472;473;474;475;476;477;478;479;480;481;482;483;484;485;486;487;488;489;490;491;492;493
F42022,10,6,6,830.0,800.0,30.0,11,252,252,251,9.305184125900269,46;47;58;59;60;61;62;63;64;65;66;67;68;69;70;71;72;73;74;75;76;77;78;79;80;81;93;104;105;106;107;108;109;110;111;112;113;114;115;116;117;118;119;120;121;122;123;124;125;126;127;139;150;151;152;153;154;155;156;157;158;159;160;161;162;163;164;165;166;167;168;169;170;171;172;173;185;196;197;198;199;200;201;202;203;204;205;206;207;208;209;210;211;212;213;214;215;216;217;218;219;231;242;243;244;245;246;247;248;249;250;251;252;253;254;255;256;257;258;259;260;261;262;263;264;265;266;277;278;279;280;281;282;283;284;285;286;287;288;289;290;291;292;293;294;295;296;297;298;299;300;312;323;324;325;326;327;328;329;330;331;332;333;334;335;336;337;338;339;340;341;342;343;344;345;346;358;369;370;371;372;373;374;375;376;377;378;379;380;381;382;383;384;385;386;387;388;389;390;391;392;404;415;416;417;418;419;420;421;422;423;424;425;426;427;428;429;430;431;432;433;434;435;436;437;438;450;461;462;463;464;465;466;467;468;469;470;471;472;473;474;475;476;477;478;479;480;481;482;483;484;496
F42022,10,7,7,836.0011379219017,800.0,36.00113792190166,13,165,165,162,6.34998083114624,41;78;89;90;91;92;93;94;95;96;97;98;99;100;115;142;143;144;145;146;147;148;149;150;172;173;174;175;176;177;178;179;180;181;182;183;184;185;196;197;217;218;219;220;231;232;233;234;235;236;237;238;251;252;253;254;255;266;267;268;269;300;316;317;318;319;320;321;322;323;324;325;326;327;328;329;330;331;332;333;334;335;351;352;353;354;355;356;357;358;359;360;361;362;363;364;382;393;394;395;396;397;398;399;400;401;402;413;414;415;416;417;428;429;430;431;432;433;434;435;436;437;438;439;440;441;442;443;444;445;446;447;448;449;450;451;452;463;464;465;466;467;468;469;470;471;472;473;474;475;476;477;478;479;480;481;482;483;484;485;486;487;498;499;500
F42022,10,8,8,834.0000000003054,800.0,34.00000000030536,11,271,271,252,9.946928024291992,30;31;49;50;51;52;53;54;55;56;57;58;59;60;61;62;63;64;65;66;77;78;79;80;81;82;83;84;85;86;87;88;89;90;91;92;93;94;95;96;97;98;99;100;101;102;103;114;115;116;117;118;119;120;121;122;123;124;125;126;127;128;129;130;131;132;133;134;135;136;137;138;149;150;151;152;153;154;155;156;157;158;159;160;161;162;163;164;165;166;167;168;169;170;171;172;184;195;196;197;198;199;200;201;202;203;204;205;206;207;208;209;210;211;212;213;214;215;216;217;218;230;241;242;243;244;245;246;247;248;249;250;251;252;253;254;255;256;257;258;259;260;261;262;263;264;276;287;288;289;290;291;292;293;294;295;296;297;298;299;300;301;302;303;304;305;306;307;308;309;310;322;333;334;335;336;337;338;339;340;341;342;343;344;345;346;347;348;349;350;351;352;353;354;355;356;368;379;380;381;382;383;384;385;386;387;388;389;390;391;392;393;394;395;396;397;398;399;400;401;402;414;425;426;427;428;429;430;431;432;433;434;435;436;437;438;439;440;441;442;443;444;445;446;447;448;460;471;472;473;474;475;476;477;478;479;480;481;482;483;484;485;486;487;488;489;490;491;492;493;494
F42022,10,9,9,864.0000534870733,800.0,64.00005348707327,12,198,198,198,7.472813129425049,30;41;42;43;44;60;61;62;63;64;65;76;77;78;79;80;81;82;83;84;85;86;87;88;89;90;91;92;93;94;95;96;97;98;99;100;117;118;119;120;121;122;123;124;125;126;127;128;129;130;131;143;154;155;156;157;158;159;160;161;162;163;164;165;166;167;168;169;170;171;172;184;195;196;197;198;199;200;201;202;203;204;205;206;207;219;230;231;232;233;234;235;236;237;238;239;240;241;242;243;244;245;246;247;248;249;250;251;252;253;254;265;266;267;268;269;270;271;272;273;274;275;276;277;278;279;280;281;282;283;284;285;286;287;288;289;310;311;312;313;314;315;316;317;318;319;320;321;322;323;324;335;336;337;417;428;439;440;441;442;443;444;445;446;447;448;449;450;451;452;463;464;465;466;467;468;469;470;471;472;473;474;475;476;477;478;479;480;481;482;483;484;485;486;487;498;499;500
F42022,10,10,10,840.0000000004339,800.0,40.00000000043394,13,285,285,227,10.42622184753418,31;50;51;52;53;54;55;56;57;58;59;60;61;62;63;75;86;87;88;89;90;91;92;93;105;106;107;108;109;110;121;122;123;124;125;126;127;128;129;130;131;132;133;134;135;136;137;138;139;140;141;142;143;144;145;156;157;158;159;160;161;162;163;164;165;166;167;168;169;170;171;172;173;174;175;176;177;178;179;191;202;203;204;205;206;207;208;209;210;211;212;213;214;215;216;217;218;219;220;221;222;223;224;225;226;227;238;239;240;241;242;243;244;245;246;247;248;249;250;251;252;253;254;255;256;257;258;259;260;261;262;263;264;265;266;277;278;279;280;281;282;283;284;285;286;287;288;289;290;291;292;293;294;295;296;297;298;299;300;301;312;313;314;315;316;317;318;319;320;321;322;323;324;325;326;327;328;329;330;331;332;333;334;335;347;358;359;360;361;362;363;364;365;366;367;368;369;370;371;372;373;374;375;376;377;378;379;380;381;382;393;394;395;396;397;398;399;400;401;402;403;404;405;406;407;408;409;410;411;412;413;414;415;416;417;428;429;430;431;432;433;434;435;436;437;438;439;440;441;442;443;444;445;446;447;448;449;450;451;452;463;464;465;466;467;468;469;470;471;472;473;474;475;476;477;478;479;480;481;482;483;484;485;486;498
F42022,10,11,11,884.5,800.0,84.5,11,240,240,237,8.893595933914185,49;74;75;76;77;78;79;80;81;82;83;84;95;96;97;98;99;100;101;102;103;104;105;106;107;108;109;110;111;112;113;114;115;116;117;118;130;141;142;143;144;145;146;147;148;149;150;151;152;153;154;155;156;157;158;159;160;161;162;163;164;176;187;188;189;190;191;192;193;194;195;196;197;198;199;200;201;202;203;204;205;206;207;208;209;210;222;233;234;235;236;237;238;239;240;241;242;243;244;245;246;247;248;249;250;251;252;253;254;255;256;268;279;280;281;282;283;284;285;286;287;288;289;290;291;292;293;294;295;296;297;298;299;300;301;302;314;325;326;327;328;329;330;331;332;333;334;335;336;337;338;339;340;341;342;343;344;345;346;347;348;360;371;372;373;374;375;376;377;378;379;380;381;382;383;384;385;386;387;388;389;390;391;392;393;394;406;417;418;419;420;421;422;423;424;425;426;427;428;429;430;431;432;433;434;435;436;437;438;439;440;441;442;453;454;455;456;457;458;459;460;461;462;463;464;465;466;467;468;469;470;471;472;473;474;475;476;488;499;500
F42022,10,12,12,842.0000000000146,800.0,42.00000000001455,13,227,227,226,8.45247483253479,44;58;70;71;72;73;74;75;76;77;78;79;92;93;94;95;96;97;98;99;100;101;102;103;104;105;106;107;108;109;110;111;112;113;114;125;126;127;128;129;130;142;154;173;174;175;176;177;178;179;180;181;182;183;184;185;186;187;188;189;200;201;202;203;215;216;217;218;219;220;221;222;223;224;235;236;248;249;250;251;252;253;254;255;256;257;258;259;276;277;278;279;280;281;282;283;284;285;286;287;288;289;290;291;292;293;294;305;317;318;319;320;321;322;323;324;325;326;327;328;329;349;350;351;352;353;354;361;362;363;364;375;376;377;378;379;380;381;382;383;384;385;386;387;388;389;390;391;392;393;394;395;396;397;398;399;410;411;412;413;414;415;416;417;418;419;420;421;422;423;424;425;426;427;428;429;430;431;432;433;434;445;446;447;448;449;450;451;452;453;454;455;456;457;458;459;460;461;462;463;464;465;466;467;468;469;480;481;482;483;484;485;486;487;488;489;490;491;492;493;494;495;496;497;498;499;500
F42022,10,13,13,834.0000000063392,800.0,34.00000000633918,11,238,238,236,8.844174146652222,19;43;44;45;46;47;92;115;116;117;118;119;120;121;122;123;124;125;146;157;158;159;160;161;162;163;164;165;166;167;168;169;170;171;172;173;174;175;176;177;178;179;199;210;211;212;213;214;215;216;217;218;219;220;221;222;223;224;225;226;227;228;229;230;231;232;242;253;254;255;256;257;258;259;260;261;262;263;264;265;266;267;268;269;270;271;272;273;274;279;291;292;293;294;295;296;297;298;299;300;301;302;303;304;305;306;307;308;309;310;311;312;313;325;336;337;338;339;340;341;342;343;344;345;346;347;348;349;350;351;352;353;354;355;356;357;358;359;360;371;372;373;374;375;376;377;378;379;380;381;382;383;384;385;386;387;388;389;390;391;392;393;394;395;406;407;408;409;410;411;412;413;414;415;416;417;418;419;420;421;422;423;424;425;426;427;428;429;430;441;442;443;444;445;446;447;448;449;450;451;452;453;454;455;456;457;458;459;460;461;462;463;464;465;476;477;478;479;480;481;482;483;484;485;486;487;488;489;490;491;492;493;494;495;496;497;498;499
F42022,10,14,14,836.0,800.0,36.0,11,250,250,246,9.261000871658325,28;29;30;75;89;90;91;92;93;94;95;96;97;98;99;100;101;102;103;104;105;106;107;108;109;110;121;122;123;124;125;126;127;128;129;130;131;132;133;134;135;136;137;138;139;140;141;142;143;144;145;156;157;158;159;160;161;162;163;164;165;166;167;168;169;170;171;172;173;174;175;176;177;178;179;191;202;203;204;205;206;207;208;209;210;211;212;213;214;215;216;217;218;219;220;221;222;223;224;225;226;237;238;239;240;241;242;243;244;245;246;247;248;249;250;251;252;253;254;255;256;257;258;259;260;272;283;284;285;286;287;288;289;290;291;292;293;294;295;296;297;298;299;300;301;302;303;304;305;306;318;329;330;331;332;333;334;335;336;337;338;339;340;341;342;343;344;345;346;347;348;349;350;351;352;364;375;376;377;378;379;380;381;382;383;384;385;386;387;388;389;390;391;392;393;394;395;396;397;398;410;421;422;423;424;425;426;427;428;429;430;431;432;433;434;435;436;437;438;439;440;441;442;443;444;456;467;468;469;470;471;472;473;474;475;476;477;478;479;480;481;482;483;484;485;486;487;488;489;490
F42022,10,15,15,842.0000008941739,800.0,42.00000089417392,13,250,250,246,9.243096113204956,44;55;56;57;58;59;73;74;75;76;77;78;79;96;97;98;110;111;112;113;114;125;126;127;128;129;130;131;132;133;134;135;136;137;138;139;140;141;142;143;144;145;146;147;148;149;160;161;162;163;164;165;166;167;168;169;170;171;172;173;174;175;176;177;178;179;180;181;182;183;184;205;206;207;208;222;233;234;235;236;237;238;239;240;241;242;243;244;245;246;247;248;249;250;251;252;253;254;255;256;257;268;269;270;271;272;273;274;275;276;290;291;292;303;304;305;306;307;308;309;310;311;312;313;314;315;316;317;318;319;320;321;322;323;324;325;326;338;349;350;351;352;353;354;355;356;357;358;359;360;361;362;363;364;365;366;367;368;369;370;371;372;373;384;385;386;387;388;389;390;391;392;393;394;395;396;397;398;399;400;401;402;403;404;405;406;407;408;419;420;421;422;423;424;425;426;427;428;429;430;431;432;433;434;435;436;437;438;439;440;441;442;443;454;455;456;457;458;459;460;461;462;463;464;465;466;467;468;469;470;471;472;473;474;475;476;477;478;489;490;491;492;493;494;495;496;497;498;499;500
F42022,10,16,16,848.0,800.0,48.0,10,203,203,201,7.645788908004761,78;102;103;104;105;106;107;108;109;110;111;112;113;134;135;136;137;138;139;140;141;142;143;164;175;176;177;178;179;180;181;182;183;184;185;186;187;188;189;190;191;192;193;194;195;196;197;198;210;221;222;223;224;225;226;227;228;229;230;231;232;233;234;235;236;237;238;239;240;241;242;243;244;256;267;268;269;270;271;272;273;274;275;276;277;278;279;280;281;282;283;284;285;286;287;288;289;290;302;313;314;315;316;317;318;319;320;321;322;323;324;325;326;327;328;329;330;331;332;333;334;335;336;348;359;360;361;362;363;364;365;366;367;368;369;370;371;372;373;374;375;376;377;378;379;380;381;382;394;405;406;407;408;409;410;411;412;413;414;415;416;417;418;419;420;421;422;423;424;425;426;427;428;440;451;452;453;454;455;456;457;458;459;460;461;462;463;464;465;466;467;468;469;470;471;472;473;474;486;497;498;499;500
F42022,10,17,17,820.0000000026014,800.0,20.000000002601382,12,199,199,199,7.513949871063232,36;69;70;71;102;103;104;105;106;125;126;127;128;129;130;131;132;133;134;135;136;137;149;163;164;165;177;178;179;180;181;182;183;184;209;210;211;212;213;214;215;216;217;218;240;253;254;255;256;257;258;259;260;261;262;263;264;265;266;267;268;269;270;271;272;273;274;275;286;287;288;289;290;291;292;293;294;295;296;297;298;299;300;301;302;303;304;305;306;318;329;330;331;332;333;334;335;336;337;338;339;340;341;342;343;344;345;346;347;348;349;350;351;352;364;375;388;389;390;391;392;393;394;395;396;397;398;399;410;411;412;413;414;415;416;417;418;419;420;421;422;423;424;425;426;427;428;429;430;431;432;433;434;445;446;447;448;449;450;451;452;453;454;455;456;457;458;459;460;461;462;463;464;465;466;467;468;469;480;481;482;483;484;485;486;487;488;489;490;491;492;493;494;495;496;497;498;499;500
F42022,10,18,18,834.0000094478038,800.0,34.00000944780379,12,255,255,254,9.390846014022827,42;68;69;70;95;109;110;111;112;113;114;115;116;117;118;119;120;121;122;123;124;125;126;127;128;129;130;141;142;143;144;145;146;147;148;149;150;151;152;153;154;155;156;157;158;159;160;161;162;163;164;165;176;177;178;179;180;181;182;183;184;185;186;187;188;189;190;191;192;193;194;195;196;197;198;199;200;211;212;213;214;215;216;217;218;219;220;221;222;223;224;225;226;227;228;229;230;231;232;233;234;246;257;258;259;260;261;262;263;264;265;266;267;268;269;270;271;272;273;274;275;276;277;278;279;280;292;303;304;305;306;307;308;309;310;311;312;313;314;315;316;317;318;319;320;321;322;323;324;325;326;327;338;339;340;352;353;354;355;356;357;358;359;360;361;362;373;374;375;376;377;378;379;380;381;382;383;384;385;386;387;388;389;390;391;392;393;394;395;396;397;408;409;410;411;412;413;414;415;416;417;418;419;420;430;431;432;443;444;445;446;447;448;449;450;451;452;453;454;455;456;457;458;459;460;461;462;463;464;465;466;467;478;479;480;481;482;483;484;485;486;487;488;489;490;491;492;493;494;495;496;497;498;499;500
F42022,10,19,19,838.023316006934,800.0,38.02331600693401,11,130,130,130,5.163959980010986,47;99;111;112;113;114;115;116;117;118;119;120;121;122;123;124;125;126;127;162;173;174;175;176;177;178;179;180;181;182;183;184;185;186;187;188;189;190;218;229;230;231;232;233;234;246;247;248;249;250;251;252;253;277;278;279;280;281;282;283;284;285;286;307;318;319;320;321;333;334;335;336;337;338;339;340;341;342;353;354;355;356;357;358;359;360;361;362;377;415;426;427;438;439;440;441;442;443;444;445;446;447;453;464;465;466;467;468;469;470;471;472;473;474;475;476;477;478;479;480;481;482;483;484;485;486;487;488;499;500
F42022,10,20,20,884.0000000001221,800.0,84.0000000001221,13,247,247,242,9.136085033416748,28;29;60;72;83;84;85;86;87;88;89;104;105;106;107;118;119;120;121;122;123;124;125;126;127;128;129;130;131;132;133;134;135;136;137;138;139;151;162;174;175;176;177;178;179;180;181;191;202;203;204;205;206;207;208;209;210;211;212;213;214;215;216;217;218;219;220;221;222;223;224;225;226;237;238;239;240;241;242;243;244;245;246;247;248;249;250;251;252;253;254;255;256;257;258;259;260;272;283;284;285;286;287;288;289;290;291;292;293;303;304;305;306;307;318;319;320;321;322;323;324;325;326;327;328;329;330;331;332;333;334;335;336;337;338;339;340;341;342;353;354;355;356;357;358;359;360;361;362;363;364;365;366;367;368;369;370;371;372;373;374;375;376;377;388;389;390;391;392;393;394;395;396;397;398;399;400;401;402;403;404;405;406;407;408;409;410;411;412;423;424;425;426;427;428;429;430;431;432;433;434;435;436;437;438;439;440;441;442;443;444;445;446;447;458;459;460;461;462;463;464;465;466;467;468;469;470;471;472;473;474;475;476;477;478;479;480;481;482;493;494;495;496;497;498;499;500
F42022,10,21,21,830.0000000397447,800.0,30.00000003974469,13,235,235,234,8.738033294677734,46;78;79;80;81;92;93;94;95;96;97;98;99;100;101;102;103;104;105;106;107;108;109;110;111;112;113;114;115;116;127;128;129;130;131;132;133;134;135;136;137;138;139;140;141;142;143;144;145;146;147;148;149;150;162;173;174;175;176;177;178;179;180;181;182;183;184;185;186;187;188;189;190;191;192;193;194;195;196;197;208;209;210;211;212;213;214;215;216;217;218;219;220;221;222;223;224;225;226;227;228;229;230;231;243;254;255;256;257;258;259;260;261;262;263;264;265;266;267;268;269;270;271;272;273;274;275;276;277;278;289;290;314;330;331;332;333;334;335;336;337;338;339;340;341;342;343;344;345;346;347;348;349;360;361;362;363;364;365;366;367;368;393;404;405;406;407;408;409;410;411;412;413;414;415;416;417;418;419;420;421;422;423;424;425;426;427;428;439;440;441;442;446;447;448;449;450;451;452;453;454;455;456;457;458;459;460;461;462;463;474;475;476;477;478;479;480;481;482;483;484;485;486;487;488;489;490;491;492;493;494;495;496;497;498
F42022,10,22,22,848.0000000002086,800.0,48.000000000208615,13,219,219,217,8.176870107650757,28;54;55;56;57;69;80;92;93;94;95;96;97;98;99;100;101;102;103;104;115;116;117;118;119;120;121;122;123;124;143;154;155;156;157;158;159;160;161;162;163;164;165;166;167;168;169;170;171;172;173;174;175;176;177;178;199;200;201;202;203;204;205;206;207;208;209;210;211;212;213;232;233;234;235;236;237;238;239;240;241;242;243;244;245;246;247;248;259;260;261;262;263;264;265;266;278;279;280;281;282;283;294;295;296;297;298;299;300;301;302;303;304;305;306;307;308;309;310;311;312;313;314;315;316;317;329;340;341;342;343;344;345;346;347;348;349;350;351;352;364;375;376;377;378;386;387;388;389;390;402;413;414;415;416;417;418;419;420;421;422;423;424;425;426;427;428;429;430;431;432;433;434;435;436;437;448;449;450;451;452;453;454;455;456;457;458;459;460;461;462;463;464;465;466;467;468;469;470;471;472;483;484;485;486;487;488;489;490;491;492;493;494;495;496;497;498;499;500
F42022,10,23,23,832.000000000105,800.0,32.00000000010505,12,190,190,162,7.1988139152526855,25;26;56;68;69;70;81;82;83;84;85;86;87;88;89;90;91;92;93;94;95;96;97;98;99;100;101;102;103;104;105;116;117;118;119;120;121;122;123;124;125;126;127;128;129;130;131;132;133;134;135;136;137;138;150;151;152;163;164;165;166;167;168;169;170;171;172;173;174;175;176;177;178;179;180;181;182;183;184;185;186;187;198;199;200;201;202;203;204;205;206;207;208;209;210;211;212;224;235;236;237;238;239;240;241;242;243;244;245;246;247;248;249;250;251;263;285;286;287;288;308;353;364;365;366;367;368;369;370;371;372;373;374;375;376;377;378;379;380;402;414;415;416;417;435;436;437;448;449;450;451;452;453;454;455;456;457;458;459;460;461;462;463;464;465;466;467;468;469;470;471;472;483;484;485;486;487;488;489;490;491;492;493;494;495;496;497;498;499;500
F42022,10,24,24,852.0000000007464,800.0,52.000000000746354,12,276,276,275,10.136146068572998,44;55;69;70;71;72;73;74;75;76;77;78;79;90;91;103;104;105;106;107;108;109;110;111;112;113;114;125;126;127;128;129;130;131;132;133;134;135;136;137;138;139;140;141;142;143;144;145;146;147;148;149;160;161;162;163;164;165;166;167;168;169;170;171;172;173;174;175;176;177;178;179;180;181;182;183;184;195;196;197;198;199;200;201;202;203;204;205;206;207;208;209;210;211;212;213;214;215;216;217;218;219;230;231;232;233;234;235;236;237;238;239;240;241;242;243;244;245;246;247;248;249;250;251;252;253;265;276;277;278;279;280;281;282;283;284;285;286;287;288;289;290;291;292;293;294;295;296;297;298;299;300;311;312;313;314;315;316;317;318;319;320;321;322;323;324;325;326;327;328;329;330;331;332;333;334;346;357;358;359;360;361;362;363;364;365;366;367;368;369;370;371;372;373;374;375;376;377;378;379;380;381;392;393;394;395;396;397;398;399;400;401;402;403;404;405;406;407;408;409;410;411;412;413;414;415;416;427;428;429;430;431;432;433;434;435;436;437;438;439;440;441;442;443;444;445;446;447;448;449;450;462;473;474;475;476;477;478;479;480;481;482;483;484;485;486;487;488;489;490;491;492;493;494;495;496
F42022,10,25,25,858.0,800.0,58.0,13,273,273,270,9.998045921325684,25;36;88;99;100;101;102;103;104;105;106;107;108;109;110;111;112;113;114;115;116;117;118;119;120;121;122;123;134;135;136;137;138;139;140;141;142;143;144;145;146;147;148;149;150;151;152;153;154;155;156;157;158;169;170;171;172;173;174;175;176;177;178;179;180;181;182;183;184;185;186;187;188;189;190;191;192;193;204;205;206;207;208;209;210;211;212;213;214;215;216;217;218;219;220;221;222;223;224;225;226;227;239;255;256;257;258;259;260;261;262;263;264;265;266;267;268;269;270;271;272;273;274;285;286;287;288;289;290;291;292;293;294;295;296;297;298;299;300;301;302;303;304;305;306;307;308;309;320;321;322;323;324;325;326;327;328;329;330;331;332;333;334;335;336;337;338;339;340;341;342;343;355;366;367;368;369;370;371;372;373;374;375;376;377;378;379;380;381;382;383;384;385;386;387;388;389;390;401;402;403;404;405;406;407;408;409;410;411;412;413;414;415;416;417;418;419;420;421;422;423;424;425;436;437;438;439;440;441;442;443;444;445;446;447;448;449;450;451;452;453;454;455;456;457;458;459;460;471;472;473;474;475;476;477;478;479;480;481;482;483;484;485;486;487;488;489;490;491;492;493;494;495
F42022,10,26,26,848.0000000004599,800.0,48.00000000045986,13,244,244,241,9.023216009140015,33;44;45;46;47;48;60;61;62;63;64;65;66;67;68;121;132;133;134;135;149;150;151;152;153;154;155;156;171;172;173;174;175;176;177;178;179;180;181;182;183;184;185;186;187;188;189;190;191;202;203;204;205;206;207;208;209;210;211;212;213;214;215;216;217;218;219;220;221;222;223;224;225;237;248;249;250;251;252;253;254;255;256;257;258;259;260;261;262;263;264;265;266;267;268;269;270;271;283;295;296;297;298;299;300;301;302;303;304;305;306;307;308;309;310;311;312;313;314;315;316;317;318;329;330;331;332;333;334;335;336;337;338;339;340;341;342;343;344;345;346;347;348;349;350;351;352;353;368;369;370;371;372;373;374;375;376;377;378;379;380;381;382;383;384;385;386;387;388;399;400;401;402;403;404;405;406;407;408;409;410;411;412;413;414;415;416;417;418;419;420;421;422;423;434;435;436;437;438;439;440;441;442;443;444;445;446;447;448;449;450;451;452;453;454;455;456;457;458;469;470;471;472;473;474;475;476;477;478;479;480;481;482;483;484;485;486;487;488;489;490;491;492;493
F42022,10,27,27,830.0002126594185,800.0,30.00021265941848,11,178,178,174,6.793649911880493,73;84;85;86;87;88;89;90;91;92;93;94;95;96;97;98;99;100;101;102;103;104;105;106;107;108;119;120;121;122;123;124;135;136;137;138;139;140;141;142;143;177;178;189;190;191;192;193;194;195;196;197;209;210;222;233;234;235;236;237;238;239;240;241;242;243;244;245;246;247;248;249;282;299;300;301;302;303;304;305;306;307;308;309;310;311;312;313;314;326;337;338;339;340;341;342;343;344;345;346;347;348;349;350;351;373;392;393;394;395;396;397;398;399;400;401;402;403;404;405;406;407;408;426;427;428;429;430;431;432;433;434;435;436;437;438;439;440;441;442;443;454;455;456;457;458;459;460;461;462;463;464;465;466;467;468;469;470;471;472;473;474;475;476;477;478;489;490;491;492;493;494;495;496;497;498;499;500
F42022,10,28,28,838.0000000071219,800.0,38.00000000712191,13,203,203,203,7.635415077209473,24;73;84;85;86;87;88;100;101;102;114;131;132;133;134;135;136;137;138;139;140;141;142;143;164;196;197;198;199;210;211;212;213;214;215;216;217;218;219;220;221;222;223;224;225;226;227;228;229;230;231;232;233;234;258;259;260;273;284;285;286;287;288;289;290;291;292;293;294;295;307;308;320;321;322;323;324;325;326;327;328;329;330;331;332;333;334;335;336;337;338;339;340;341;342;343;354;355;356;357;358;359;360;361;362;363;364;365;366;367;368;369;370;371;372;373;374;375;376;377;378;389;390;391;392;393;394;395;396;397;398;399;400;401;402;403;404;405;406;407;408;409;410;411;412;413;424;425;426;427;428;429;430;431;432;433;434;435;436;437;438;439;440;441;442;443;444;445;446;447;448;459;460;461;462;463;464;465;466;467;468;469;470;471;472;473;474;475;476;477;478;479;480;481;482;483;494;495;496;497;498;499;500
F42022,10,29,29,862.5001473718426,800.0,62.50014737184256,12,155,155,155,6.016417026519775,41;54;55;56;57;58;59;60;61;62;63;64;65;66;67;68;69;70;71;72;73;74;86;97;98;99;111;112;113;136;147;148;149;171;188;189;190;191;192;193;205;206;217;218;219;220;221;222;223;224;225;226;227;228;229;230;231;232;233;234;235;236;237;238;239;240;254;265;266;267;268;269;270;271;272;273;274;275;276;277;278;279;280;281;282;283;284;285;286;287;288;300;334;335;385;396;397;398;399;400;401;402;403;404;425;436;437;438;439;440;441;442;443;444;445;446;447;448;449;450;451;452;453;454;455;456;457;458;459;460;471;472;473;474;475;476;477;478;479;480;481;482;483;484;485;486;487;488;489;490;491;492;493;494;495
F42022,10,30,30,852.0000000000609,800.0,52.000000000060936,12,292,292,285,10.650893211364746,40;56;57;58;59;60;61;62;63;64;65;66;67;68;69;70;71;72;73;74;75;86;87;88;89;90;91;92;93;94;95;96;97;98;99;100;101;102;103;104;105;106;107;108;109;121;132;133;134;135;136;137;138;139;140;141;142;143;144;145;146;147;148;149;150;151;152;153;154;155;156;167;168;169;170;171;172;173;174;175;176;177;178;179;180;181;182;183;184;185;186;187;188;189;190;191;202;203;204;205;206;207;208;209;210;211;212;213;214;215;216;217;218;219;220;221;222;223;224;225;237;248;249;250;251;252;253;254;255;256;257;258;259;260;261;262;263;264;265;266;267;268;269;270;271;283;294;295;296;297;298;299;300;301;302;303;304;305;306;307;308;309;310;311;312;313;314;315;316;317;329;340;341;342;343;344;345;346;347;348;349;350;351;352;353;354;355;356;357;358;359;360;361;362;363;364;375;376;377;378;379;380;381;382;383;384;385;386;387;388;389;390;391;392;393;394;395;396;397;398;399;410;411;412;413;414;415;416;417;418;419;420;421;422;423;424;425;426;427;428;429;430;431;432;433;434;445;446;447;448;449;450;451;452;453;454;455;456;457;458;459;460;461;462;463;464;465;466;467;468;469;480;481;482;483;484;485;486;487;488;489;490;491;492;493;494;495;496;497;498;499;500
F52022,10,1,1,901.8281611762865,900.0,1.8281611762864713,10,95,95,39,2.4997920989990234,30;69;70;71;72;73;74;75;76;77;88;89;90;91;92;93;119;120;121;122;141;142;143;144;164;176;254;265;266;267;268;269;270;271;272;273;274;290;291;314;315;327;328;345;346;347;348;349;350;351;352;353;354;355;356;357;358;378;379;380;381;382;383;384;385;429;430;441;442;443;455;456;457;458;459;460;461;462;463;464;465;476;477;478;479;480;481;482;483;495;496;497;498;499;500
F52022,10,2,2,900.294267155574,900.0,0.294267155573948,11,80,80,46,2.183573007583618,37;72;83;84;110;152;153;172;173;174;175;176;177;189;204;205;206;207;208;209;210;211;212;213;214;215;216;217;218;219;220;221;222;223;224;244;245;246;247;248;249;250;251;263;264;284;285;286;308;329;330;331;332;333;334;392;393;394;412;423;424;425;426;427;428;429;445;446;457;469;480;481;482;483;484;485;486;487;488;489
F52022,10,3,3,900.6553092024333,900.0,0.6553092024332727,7,129,129,45,3.21612811088562,44;45;46;60;71;72;73;74;75;76;77;78;79;80;81;82;83;84;85;86;87;88;89;90;91;92;93;94;95;96;107;108;109;110;111;112;113;114;115;116;169;180;199;200;201;202;203;204;205;216;217;218;219;220;221;222;223;224;225;226;227;228;229;230;231;232;233;234;259;260;403;404;405;406;419;420;421;422;423;424;425;426;427;435;436;437;438;449;450;451;452;453;454;455;456;457;458;459;460;461;462;463;464;465;466;467;468;469;470;471;472;473;474;475;476;477;478;479;480;481;482;483;484;495;496;497;498;499;500
F52022,10,4,4,900.7246224312795,900.0,0.7246224312794993,11,199,199,77,4.699032783508301,21;34;35;36;37;38;39;40;41;90;91;120;121;122;123;124;125;126;127;128;129;130;141;142;143;144;145;146;147;148;149;150;151;152;153;154;155;156;157;158;170;171;172;173;174;191;216;217;218;229;230;231;232;233;234;235;236;237;238;239;240;241;242;243;244;245;246;247;248;249;250;251;252;253;264;265;266;267;268;269;270;271;272;273;274;275;287;288;289;290;291;303;323;324;325;326;327;328;340;351;352;353;354;355;356;357;358;359;360;361;362;363;364;365;366;367;368;369;370;371;372;373;374;375;376;387;388;389;390;391;392;393;394;415;416;417;418;419;420;421;422;423;424;425;426;427;428;429;430;431;432;433;434;435;436;437;438;439;440;441;442;443;444;445;446;457;458;459;460;461;462;463;464;465;466;467;468;469;470;471;472;473;474;475;476;477;478;479;480;481;482;493;494;495;496;497;498;499;500
F52022,10,5,5,900.1152249295993,900.0,0.11522492959932151,10,149,149,53,3.641057014465332,37;50;51;90;91;115;138;139;140;141;142;152;153;164;165;166;167;168;169;222;239;240;241;242;243;244;245;246;247;248;250;251;252;253;254;255;256;257;258;269;270;271;272;273;274;275;276;277;278;279;280;281;282;283;284;285;286;287;288;289;290;291;292;293;294;295;310;312;333;344;345;346;347;348;366;367;368;369;370;371;372;373;374;397;398;417;418;419;420;421;422;423;424;425;426;427;428;429;430;431;432;433;434;435;436;437;438;449;450;451;452;453;454;455;456;457;458;459;460;461;462;463;464;465;466;467;468;469;470;471;472;473;474;475;486;487;488;489;490;491;492;493;494;495;496;497;498;499;500
F52022,10,6,6,900.6394123347699,900.0,0.6394123347698724,10,92,92,41,2.4332659244537354,26;27;28;60;61;62;63;86;87;88;100;134;135;136;147;148;149;150;151;152;153;154;155;156;157;158;159;225;261;288;289;290;368;400;416;417;428;429;430;431;432;433;434;435;436;437;438;439;440;441;442;443;444;445;446;447;448;449;450;451;452;453;454;455;456;457;458;469;470;471;472;473;474;475;476;477;478;479;480;481;482;483;484;485;486;487;488;489;490;491;492;493
F52022,10,7,7,900.3203548024152,900.0,0.32035480241518144,8,120,120,50,3.024963855743408,33;43;44;45;46;71;72;73;74;75;76;77;78;116;127;146;147;148;149;150;151;152;153;154;155;156;176;177;178;179;180;181;182;183;184;185;186;198;212;213;214;215;216;217;218;219;220;221;222;223;224;225;226;227;228;229;230;231;232;233;234;235;236;253;254;255;256;257;258;259;260;261;262;263;264;265;266;267;268;269;270;349;350;437;438;449;450;451;452;453;454;455;456;457;458;459;460;461;462;463;464;465;466;467;468;469;470;471;472;473;474;485;486;487;488;489;490;491;492;493
F52022,10,8,8,900.1005941634116,900.0,0.10059416341164251,9,139,139,40,3.4264001846313477,67;87;88;119;120;132;133;134;159;160;161;162;163;164;176;177;178;179;180;181;182;193;194;195;196;197;198;199;200;201;202;203;204;205;206;207;208;209;210;211;212;213;214;215;216;217;218;219;220;221;222;223;224;225;226;227;228;229;230;231;232;246;247;248;249;250;251;252;253;254;255;256;257;258;259;260;261;262;263;264;265;266;267;268;279;280;281;282;283;284;285;307;319;320;321;322;323;365;421;437;438;439;440;441;442;443;444;445;446;447;448;449;450;451;452;453;454;455;456;457;468;469;470;471;472;473;474;483;484;485;486;487;488;489;490;491;492;493;494
F52022,10,9,9,901.1888562952169,900.0,1.1888562952168513,8,116,116,30,2.938265085220337,61;62;63;64;65;66;67;68;69;70;71;72;73;74;96;97;98;99;100;101;102;115;116;141;142;143;144;145;146;147;169;188;189;190;191;192;193;194;195;196;197;198;199;214;215;216;217;218;219;220;247;248;270;271;289;290;312;313;314;332;333;344;345;346;425;426;431;432;433;434;435;436;437;438;439;440;441;442;443;444;445;446;457;458;459;460;461;462;463;464;465;466;467;468;469;470;471;472;473;474;475;476;477;478;479;480;481;482;483;494;495;496;497;498;499;500
F52022,10,10,10,900.8137376183312,900.0,0.8137376183311744,13,257,257,70,5.925263166427612,32;67;68;88;89;90;91;92;113;114;115;126;127;128;129;130;146;147;148;149;150;151;152;153;154;155;156;157;168;169;170;171;172;173;174;175;176;188;189;190;191;192;215;216;217;218;219;220;221;222;223;224;225;226;227;238;239;240;241;242;243;244;245;246;247;248;249;250;251;252;253;254;255;256;257;258;259;260;261;262;273;274;275;276;277;278;279;280;281;282;283;284;285;286;287;288;289;290;291;292;293;294;295;296;297;298;299;300;301;302;303;304;305;306;317;318;319;320;321;322;323;324;325;326;327;328;329;330;331;332;333;334;335;336;337;338;339;340;341;342;343;344;355;356;357;358;359;360;361;362;363;364;365;366;367;368;369;370;371;372;373;374;375;376;377;378;379;390;391;392;393;394;395;396;397;398;399;400;401;402;403;404;405;406;407;408;409;410;411;412;413;414;415;426;427;428;429;430;431;432;433;434;435;436;437;438;439;440;441;442;443;444;445;446;447;448;449;450;451;452;453;454;455;456;467;468;469;470;471;472;473;474;475;476;477;478;479;480;481;482;483;484;485;486;487;488;489;490;491;492;493;494;495;496;497;498;499
F52022,10,11,11,901.5471311535466,900.0,1.5471311535466157,11,160,160,60,3.8702540397644043,48;65;66;67;68;69;70;71;72;94;95;113;114;115;116;117;118;119;120;121;122;123;124;125;126;127;128;129;130;141;142;143;144;145;146;147;148;149;150;151;152;153;154;155;156;167;185;186;187;188;189;190;191;192;193;194;195;196;197;198;199;211;212;241;242;243;244;245;246;247;258;259;260;261;262;263;264;265;266;267;268;269;270;271;272;273;274;275;276;277;278;279;280;281;282;283;284;285;286;287;288;335;384;385;386;387;388;418;429;430;431;432;433;434;435;446;447;448;449;450;451;452;453;454;455;456;457;458;459;460;461;462;463;464;465;466;467;468;469;470;471;472;473;474;475;476;477;478;489;490;491;492;493;494;495;496;497;498;499;500
F52022,10,12,12,900.2798596783822,900.0,0.27985967838219494,10,163,163,85,3.9372808933258057,23;46;47;48;49;50;51;52;53;54;55;56;57;58;89;90;91;92;93;94;110;111;112;113;114;115;116;117;118;119;120;121;133;144;145;146;147;148;149;150;151;152;153;154;155;156;157;158;159;160;161;162;163;164;165;166;167;168;169;180;181;182;183;184;185;186;187;188;189;190;191;192;193;194;195;196;197;198;199;200;201;202;203;204;205;216;217;218;219;220;221;222;223;224;225;226;227;228;229;230;231;232;233;234;235;236;237;238;239;240;251;252;253;254;255;256;257;258;259;260;261;274;275;286;287;288;289;302;303;304;305;306;307;308;340;453;464;465;466;467;468;469;470;471;472;473;474;475;476;477;478;479;480;481;482;483;484;485;486;487;488;499;500
F52022,10,13,13,901.5444013113502,900.0,1.544401311350157,11,215,215,87,5.0427021980285645,59;60;61;62;63;64;65;66;67;68;69;80;81;93;94;95;96;97;98;99;100;101;102;103;104;134;135;136;137;138;139;140;141;142;143;154;155;156;157;158;159;160;161;162;163;164;165;166;167;168;169;170;171;172;173;174;175;176;177;178;179;180;181;194;205;206;207;208;209;210;211;212;213;227;228;229;245;246;247;248;276;277;278;279;280;281;282;283;284;285;296;317;318;319;320;321;322;323;324;338;339;340;341;342;343;344;345;346;347;348;349;350;351;352;353;354;355;356;357;358;359;370;371;372;373;374;382;383;384;385;386;387;388;389;390;391;392;393;394;395;396;397;408;409;410;411;412;413;414;415;416;417;418;419;420;421;422;423;424;425;426;427;428;429;430;431;432;433;434;445;446;447;448;449;450;451;452;453;454;455;456;457;458;459;460;461;462;463;464;465;466;467;468;469;470;481;482;483;484;485;486;487;488;489;490;491;492;493;494;495;496;497;498;499;500
F52022,10,14,14,901.136792962289,900.0,1.1367929622889505,10,130,130,43,3.244367837905884,87;101;102;103;104;105;106;107;108;109;110;111;112;113;114;115;116;117;118;119;120;121;122;133;134;135;136;137;138;139;140;141;142;143;144;145;146;147;148;149;150;151;152;153;154;155;156;157;158;159;170;171;172;173;174;175;176;177;178;179;180;181;182;183;184;185;186;187;188;208;226;227;228;229;230;231;232;233;234;235;236;237;238;239;240;241;242;243;244;245;246;247;259;260;261;262;263;282;302;303;304;305;322;333;334;335;357;358;419;420;442;453;454;455;456;457;458;459;460;461;462;474;475;476;477;488;489;490;491;492
F52022,10,15,15,901.5437403969665,900.0,1.543740396966541,12,221,221,91,5.169908046722412,23;24;25;26;50;51;63;64;86;87;88;89;90;91;92;93;105;106;107;108;109;110;111;112;129;130;131;132;150;161;162;163;164;165;196;207;223;224;225;226;227;228;229;230;231;232;233;234;245;246;247;248;249;250;251;252;253;254;255;256;257;258;259;260;261;262;263;264;265;266;267;268;269;280;281;282;294;295;296;297;298;299;300;301;302;303;304;315;316;317;318;319;320;321;322;323;324;325;326;327;328;329;330;331;332;333;334;335;336;337;338;339;340;341;354;355;356;357;358;359;360;361;362;369;370;371;372;373;374;375;376;377;378;379;390;391;392;393;394;395;396;397;398;399;400;401;402;403;404;405;406;407;408;409;410;411;412;413;414;415;416;417;418;419;420;421;422;423;424;435;436;437;438;439;440;441;442;443;444;445;446;447;448;449;450;451;452;453;454;455;456;457;458;459;470;471;472;473;474;475;476;477;478;479;480;481;482;483;484;485;486;487;488;489;490;491;492;493;494;495;496
F52022,10,16,16,901.6575633892363,900.0,1.6575633892363157,11,212,212,95,4.9666571617126465,40;41;42;43;44;67;68;69;100;101;102;113;114;115;116;117;118;130;131;132;133;134;135;136;137;138;139;150;151;152;153;154;155;156;157;158;159;160;161;162;163;164;165;166;167;168;169;170;171;172;173;174;185;186;187;188;189;190;196;197;198;199;200;201;202;203;204;205;217;228;244;245;246;247;248;249;250;251;252;253;264;265;266;267;268;269;270;271;272;273;274;275;276;277;278;279;280;281;282;283;284;285;294;305;306;307;308;309;310;311;312;313;314;315;316;317;318;319;323;324;325;352;353;354;355;356;369;370;371;372;373;374;375;376;377;378;379;380;391;408;409;410;411;412;413;414;415;416;417;418;419;420;421;422;423;424;425;426;427;438;439;440;441;442;443;444;445;446;447;448;449;450;451;452;453;454;455;456;457;458;459;460;461;462;473;474;475;476;477;478;479;480;481;482;483;484;485;486;487;488;489;490;491;492;493;494;495;496;497;498;499;500
F52022,10,17,17,901.216521293251,900.0,1.2165212932510485,10,138,138,76,3.402259111404419,40;41;52;53;54;55;56;57;58;59;60;61;62;63;64;65;66;67;68;84;110;111;112;113;114;115;116;117;118;119;130;131;143;144;145;146;147;148;149;150;151;152;153;154;166;167;178;179;180;181;182;183;184;185;186;187;188;189;190;191;192;193;194;195;196;197;198;199;200;201;202;203;229;230;231;232;233;234;235;236;237;238;354;409;410;428;429;430;431;432;433;434;435;436;437;438;439;440;441;442;443;444;445;456;457;458;459;460;461;462;463;464;465;466;467;468;469;470;471;472;473;474;475;476;477;478;479;480;481;492;493;494;495;496;497;498;499;500
F52022,10,18,18,900.7733589988133,900.0,0.7733589988132508,8,112,112,46,2.8545312881469727,60;61;72;73;74;75;76;77;78;79;80;81;82;83;84;85;86;87;88;89;122;123;135;136;137;138;139;140;141;142;143;144;145;146;147;184;185;186;187;198;199;200;201;226;227;251;252;253;254;255;256;257;258;259;260;261;262;263;305;306;377;430;441;442;443;444;445;446;447;448;449;450;451;452;453;454;455;456;457;458;459;460;461;462;463;464;465;466;467;468;479;480;481;482;483;484;485;486;487;488;489;490;491;492;493;494;495;496;497;498;499;500
F52022,10,19,19,900.2550806013786,900.0,0.25508060137860866,8,99,99,34,2.5805630683898926,71;82;83;84;85;86;87;107;108;109;110;138;139;140;141;142;143;144;145;156;157;158;159;160;161;162;163;164;165;166;167;168;169;170;171;172;173;174;175;176;177;178;179;180;181;208;209;210;211;212;213;214;215;216;217;218;230;231;232;243;244;245;246;247;248;249;331;397;443;461;472;473;474;475;476;477;478;479;480;481;482;483;484;485;486;487;488;489;490;491;492;493;494;495;496;497;498;499;500
F52022,10,20,20,900.5949742523713,900.0,0.5949742523713439,8,189,189,42,4.483211040496826,27;44;45;46;47;48;49;61;62;73;74;75;76;77;78;79;80;81;82;83;84;85;86;87;88;100;125;126;127;128;129;130;131;132;133;134;135;146;147;148;149;150;151;152;153;154;155;156;157;158;159;160;161;162;163;164;165;166;167;168;169;170;171;172;173;174;175;176;187;188;189;190;191;192;193;194;195;196;197;198;199;200;201;202;203;204;205;206;207;208;209;210;211;212;213;214;232;233;234;235;236;237;238;239;240;241;242;243;255;256;257;258;259;270;271;272;273;274;275;276;277;278;279;280;281;282;283;284;285;286;287;288;289;290;291;324;325;326;327;328;359;360;433;434;435;436;437;438;439;440;441;452;464;465;466;467;468;469;470;471;472;473;474;475;476;477;478;479;480;481;482;483;484;485;486;487;488;489;490;491;492;493;494;495;496;497;498;499;500
F52022,10,21,21,900.2698350936297,900.0,0.2698350936296947,11,178,178,65,4.2773168087005615,16;48;49;50;51;75;92;93;94;95;96;97;98;99;100;101;102;103;104;105;106;118;129;130;142;143;144;145;146;147;148;149;161;162;173;174;175;176;177;178;179;180;181;182;183;195;196;197;198;199;200;201;202;203;204;205;206;207;208;222;223;224;225;226;227;228;229;230;231;232;233;234;235;236;237;238;239;240;241;242;243;254;255;256;257;258;259;260;261;262;263;275;276;277;278;279;280;281;293;294;316;317;318;319;320;321;322;323;324;325;326;327;328;329;414;415;419;420;431;432;433;434;435;436;437;438;439;440;441;442;443;444;445;446;447;448;449;450;451;452;453;454;455;456;457;458;459;460;461;462;463;464;475;476;477;478;479;480;481;482;483;484;485;486;487;488;489;490;491;492;493;494;495;496;497;498;499;500
F52022,10,22,22,901.641966748114,900.0,1.6419667481139868,10,153,153,47,3.7371158599853516,94;108;109;110;111;112;140;141;142;143;144;155;156;157;158;159;160;161;162;163;164;165;178;179;190;191;192;193;194;209;210;211;212;213;214;215;216;227;228;229;230;231;232;233;234;235;236;237;238;239;240;241;242;243;244;245;246;247;248;249;250;251;265;266;267;268;269;270;271;272;273;274;275;276;277;278;279;280;281;282;283;284;285;286;298;299;300;301;302;303;304;305;306;307;308;309;310;311;312;313;314;315;316;317;318;319;320;321;358;359;360;361;365;366;367;387;388;389;390;393;438;439;440;451;452;453;454;455;456;457;458;459;460;461;462;463;464;465;466;467;468;469;480;481;482;483;484;485;486;487;488;489;500
F52022,10,23,23,901.2465816179678,900.0,1.2465816179677631,7,142,142,36,3.4885246753692627,97;117;118;119;120;121;122;123;124;137;138;157;158;159;160;161;162;163;167;168;169;170;171;172;173;174;185;186;187;188;189;190;191;192;193;194;195;196;197;198;199;200;201;202;214;215;216;217;218;219;220;240;241;242;243;244;245;246;247;248;249;250;251;252;253;254;255;265;266;267;268;279;280;281;282;283;284;285;286;287;288;289;290;304;305;306;318;319;320;390;410;430;431;432;433;444;445;446;447;448;449;450;451;452;453;454;455;456;457;458;459;460;461;462;463;464;465;466;467;468;469;470;471;472;473;474;475;476;487;488;489;490;491;492;493;494;495;496;497;498;499;500
F52022,10,24,24,900.179570223638,900.0,0.17957022363805208,12,208,208,79,4.888323783874512,24;25;26;27;53;54;55;56;57;58;59;60;61;86;108;109;110;122;146;147;148;149;150;151;152;153;154;155;156;157;158;159;170;171;172;173;174;200;201;202;213;214;215;216;217;218;219;220;221;222;223;224;225;226;227;228;229;230;231;232;233;234;235;236;237;238;239;240;257;258;259;260;261;262;287;307;308;309;310;311;312;313;314;315;327;328;329;340;341;342;343;344;345;346;347;348;349;350;351;352;353;354;355;356;357;358;359;360;361;362;363;364;365;376;377;378;379;380;381;382;383;384;385;386;387;388;389;390;391;392;393;394;395;396;397;398;399;400;401;402;403;404;405;406;407;408;409;410;411;412;423;424;425;426;427;428;429;430;431;432;433;434;435;436;437;438;439;440;441;442;443;444;445;446;447;458;459;460;461;462;463;464;465;466;467;468;469;470;471;472;473;474;475;476;477;478;479;480;481;482;483;494;495;496;497;498;499;500
F52022,10,25,25,901.2019347165657,900.0,1.2019347165656882,11,202,202,67,4.767867088317871,51;52;53;54;55;66;67;68;69;70;71;72;73;74;75;76;77;78;79;80;81;82;97;120;121;122;123;124;125;126;127;128;140;161;162;173;174;175;176;177;178;179;180;181;182;183;184;185;186;187;188;189;190;191;192;193;194;195;196;197;208;209;225;226;227;228;229;230;231;232;233;244;245;246;247;248;249;250;251;252;253;254;255;256;257;258;259;260;261;262;263;264;265;266;267;268;279;280;281;282;283;284;285;286;287;288;289;335;336;337;338;349;350;351;352;353;354;375;376;377;388;389;390;391;392;393;394;395;396;397;398;399;400;401;402;403;404;405;406;407;408;409;410;411;412;413;414;415;426;427;428;429;430;431;432;433;434;435;436;437;438;439;440;441;442;443;444;445;446;447;448;449;450;461;462;463;464;465;466;467;468;469;470;471;472;473;474;475;476;477;478;479;480;481;482;483;484;485;497;498;499;500
F52022,10,26,26,900.7363237841957,900.0,0.7363237841957471,8,123,123,32,3.089254856109619,46;47;48;91;92;93;118;119;120;121;122;123;124;125;126;127;128;145;146;147;159;160;161;162;163;174;175;176;177;178;179;180;181;197;198;199;211;212;213;214;215;216;217;251;252;253;291;292;293;294;342;353;362;363;364;365;366;367;368;369;405;406;407;408;409;410;411;425;426;427;428;429;430;431;432;433;434;435;436;437;438;439;440;441;442;443;444;445;446;447;448;449;450;451;462;463;464;465;466;467;468;469;470;471;472;473;474;475;476;477;478;479;480;481;482;483;484;485;486;487;488;499;500
F52022,10,27,27,901.8206995691273,900.0,1.8206995691273278,11,122,122,63,3.0713911056518555,59;71;86;87;88;89;90;91;92;93;94;95;96;107;130;131;132;144;145;146;147;148;149;150;151;152;173;174;189;190;191;192;193;194;195;196;197;198;241;252;253;254;255;256;257;258;259;260;261;262;263;264;276;297;298;299;300;301;302;303;304;305;306;307;308;309;310;311;312;313;334;335;336;337;338;339;340;361;362;373;393;394;395;396;406;407;419;420;421;422;423;424;425;441;442;443;464;465;466;467;468;469;470;471;472;473;474;475;476;477;478;490;491;492;493;494;495;496;497;498;499;500
F52022,10,28,28,900.2857921022232,900.0,0.28579210222324036,9,148,148,65,3.6176199913024902,81;105;106;107;108;109;110;111;112;113;114;115;127;142;143;155;156;157;158;159;160;161;162;179;180;181;182;183;184;185;186;187;188;189;190;191;192;193;194;195;196;197;198;199;212;213;214;215;216;217;218;219;220;221;222;223;224;225;226;227;228;244;245;246;247;248;259;260;261;262;263;264;265;266;267;268;269;270;271;272;273;274;275;276;277;278;279;280;289;308;309;310;322;323;421;422;423;424;425;439;440;441;442;443;444;445;446;447;448;449;450;451;452;453;454;455;456;457;458;459;460;471;472;473;474;475;476;477;478;479;480;481;482;483;484;485;486;487;488;489;490;491;492;493;494;495;496;497
F52022,10,29,29,900.559575238712,900.0,0.5595752387120001,10,175,175,60,4.184394121170044,40;41;42;53;54;55;56;57;58;59;60;61;62;63;64;65;66;67;68;69;70;71;72;73;74;75;76;77;78;89;90;91;92;93;120;121;122;123;124;135;136;137;138;139;140;141;142;143;144;145;146;147;148;149;150;151;152;153;154;155;156;157;158;159;160;161;162;163;164;165;188;199;200;201;202;203;204;205;206;207;208;248;272;283;316;353;364;365;366;367;368;369;370;371;372;373;374;375;376;377;378;379;380;381;382;383;384;385;386;387;388;400;411;412;420;421;422;423;424;425;426;427;428;429;430;431;432;433;434;435;436;437;438;449;450;451;452;453;454;455;456;457;458;459;460;461;462;463;464;465;466;467;468;469;470;471;472;473;474;475;476;487;488;489;490;491;492;493;494;495;496;497;498;499;500
F52022,10,30,30,901.6409214400451,900.0,1.6409214400450765,12,275,275,91,6.302845239639282,41;42;43;44;45;46;47;58;59;60;61;62;63;98;116;128;129;130;131;132;133;134;135;136;137;138;149;150;151;152;153;154;155;156;157;158;159;160;161;162;163;164;165;166;167;168;169;170;171;172;173;184;185;186;187;188;189;190;191;192;193;194;195;196;197;198;199;200;201;202;203;204;205;206;207;208;209;210;211;212;213;224;225;226;227;228;229;230;231;232;233;234;235;236;237;238;239;240;241;242;243;244;245;246;247;248;259;260;261;262;263;264;265;266;267;268;269;270;271;272;273;274;275;276;277;278;279;280;281;282;283;294;295;296;297;298;299;300;301;302;303;304;305;306;307;308;309;310;311;312;313;314;315;316;317;318;319;320;330;331;332;333;334;335;336;337;348;349;350;351;352;353;354;355;356;357;358;359;360;361;362;363;364;365;366;367;368;376;377;378;379;380;381;382;383;394;395;396;397;398;399;400;401;402;403;404;405;406;407;408;409;410;411;412;413;414;415;416;417;418;429;430;431;432;433;434;435;436;437;438;439;440;441;442;443;444;445;446;447;448;449;450;451;452;453;454;465;466;467;468;469;470;471;472;473;474;475;476;477;478;479;480;481;482;483;484;485;486;487;488;489;490;491;492;493
F62022,10,1,1,19232.170431954793,1800.0,17432.170431954793,11,207,207,104,5.398772954940796,39;40;41;52;53;54;55;56;57;58;70;71;72;73;74;75;76;77;78;89;90;91;92;93;94;95;96;97;98;99;100;101;102;103;104;105;106;107;108;109;110;111;112;113;124;125;126;127;128;129;130;131;132;133;134;135;136;137;138;139;140;141;142;143;144;145;146;147;148;159;160;161;162;163;164;165;166;167;168;169;170;171;172;173;174;175;176;177;178;179;180;181;182;183;202;203;204;205;206;207;208;209;210;211;212;213;214;215;216;217;218;229;230;231;232;233;234;235;236;237;238;239;240;241;242;243;244;245;246;247;248;249;250;251;252;253;272;273;274;275;276;277;278;279;280;281;282;283;284;285;286;287;288;299;300;301;302;303;317;318;319;320;321;322;323;341;342;343;344;345;346;347;348;349;350;365;366;367;368;369;370;371;382;383;384;385;386;387;388;389;390;391;392;393;394;395;396;397;398;399;400;401;402;403;404;405;423
F62022,10,2,2,36046.19922378782,1800.0,34246.19922378782,10,186,186,128,4.907477140426636,22;33;34;35;36;37;38;39;40;41;42;64;78;79;80;81;82;83;84;85;86;87;88;89;90;91;92;93;94;95;96;97;109;120;121;122;123;124;125;126;127;128;129;130;131;132;133;134;135;136;137;149;160;161;162;163;164;165;166;167;168;169;170;171;172;173;174;175;176;177;178;179;180;181;182;183;184;195;196;197;198;199;200;201;202;203;204;205;206;207;208;209;210;211;212;213;214;215;216;217;218;230;241;242;243;244;245;246;247;248;249;250;251;252;253;254;255;256;257;258;259;260;261;262;263;264;276;287;288;289;290;291;292;293;294;295;296;297;298;299;300;301;302;303;304;305;306;307;308;309;310;322;342;343;344;345;346;347;348;349;350;351;352;353;354;355;370;381;382;383;384;385;386;387;388;389;390;391;392;393;394;395;396;397;398;410
F62022,10,3,3,32400.502839840756,1800.0,30600.502839840756,10,221,221,91,5.723268032073975,23;24;35;36;37;38;39;40;41;42;43;44;45;46;47;48;49;50;51;52;53;54;55;56;57;58;59;60;61;62;63;93;94;95;96;97;98;109;110;111;112;113;114;115;116;117;118;119;120;121;122;123;124;125;126;127;128;129;146;157;158;159;160;161;162;163;164;165;166;167;168;169;170;171;172;173;174;175;176;177;178;179;180;181;182;183;184;185;196;197;198;199;200;201;202;203;204;205;206;207;208;209;210;211;232;233;234;235;236;237;248;249;250;251;252;253;254;255;256;257;258;259;260;261;262;263;264;265;266;267;268;269;270;271;283;294;295;296;297;298;299;300;301;302;303;304;305;306;307;308;309;310;311;312;313;314;315;316;317;329;330;331;342;343;344;345;346;347;348;349;350;351;352;353;354;355;356;357;358;359;360;361;362;363;364;365;377;378;389;390;391;392;393;394;395;396;397;398;399;400;401;402;403;404;405;406;407;408;409;421;422;423;424;435;436;437;438;439;440;441;442
F62022,10,4,4,25582.829767474133,1800.0,23782.829767474133,12,187,187,90,4.922417879104614,23;42;43;44;45;46;47;48;49;50;51;52;53;54;55;56;57;58;88;89;90;91;92;93;94;105;106;107;108;109;110;111;112;113;114;115;116;117;118;119;120;121;122;123;124;125;126;127;128;129;130;131;142;143;144;145;146;147;148;149;150;151;152;153;154;155;156;157;158;159;160;161;162;163;164;165;166;177;178;179;180;181;182;183;184;185;186;187;188;189;190;191;192;193;194;195;196;208;219;220;221;222;223;224;225;226;227;228;229;230;231;232;233;234;235;236;237;238;239;240;241;242;243;244;260;261;262;263;264;265;266;267;268;269;290;291;292;293;318;319;320;321;322;323;324;325;326;327;328;329;330;331;348;349;350;351;352;353;354;355;356;357;358;359;360;361;362;363;364;365;366;377;378;379;380;381;382;383;384;385;386;398;399;400;401;450;461
F62022,10,5,5,25621.56258374454,1800.0,23821.56258374454,12,203,203,105,5.301912069320679,29;30;31;47;48;49;50;51;52;53;54;55;56;57;58;59;60;61;62;63;64;65;66;77;78;79;80;81;82;83;84;85;86;87;88;89;90;91;92;93;94;95;96;97;98;99;100;113;133;134;135;136;137;138;139;140;141;142;143;144;145;146;147;148;149;150;151;152;163;164;165;166;167;168;169;170;171;172;173;174;175;176;177;178;179;180;181;182;183;184;185;186;187;188;199;200;201;202;203;204;205;206;207;208;209;210;211;212;213;214;215;216;217;218;219;220;221;222;234;235;246;247;248;249;250;251;252;253;254;255;256;257;258;259;260;261;262;263;264;265;266;267;268;269;270;271;272;273;274;275;276;297;298;310;311;312;313;314;341;342;343;344;345;346;347;348;349;350;365;366;367;368;369;370;371;372;373;374;375;376;377;378;379;380;381;382;383;384;385;413;414;415;416;417;418;419;420;431;432;433;434;435;481
F62022,10,6,6,20634.012198142595,1800.0,18834.012198142595,12,200,200,110,5.2311601638793945,24;25;26;39;40;41;42;43;58;59;60;61;72;73;74;75;76;77;89;90;91;92;93;94;95;96;113;114;115;116;117;118;119;120;121;122;123;124;125;126;127;128;129;130;131;132;133;155;156;157;158;159;160;161;162;163;164;165;166;167;168;180;181;182;183;184;185;186;187;188;189;190;191;192;193;194;195;196;197;198;199;211;222;223;224;225;226;227;228;229;230;231;232;233;234;235;236;237;238;239;240;241;242;243;244;245;246;247;260;261;262;263;264;265;266;267;268;269;270;271;272;273;274;275;276;277;278;279;280;281;282;293;294;295;296;297;298;299;300;301;302;303;304;305;306;307;308;309;310;311;312;313;314;315;316;328;329;330;331;342;343;344;345;346;347;348;349;350;351;352;353;354;366;377;378;379;380;381;382;383;384;385;386;387;388;389;390;391;392;393;394;395;396;397;398;399;400;401;469;470
F62022,10,7,7,18252.72220033876,1800.0,16452.72220033876,11,249,249,111,6.377467155456543,33;34;35;46;47;48;49;50;51;52;53;54;55;56;57;58;59;60;61;62;63;64;65;66;67;79;80;81;92;93;94;95;96;97;98;99;100;101;102;103;104;105;106;107;108;109;110;111;112;113;114;115;116;127;128;129;130;131;132;133;134;135;136;137;138;139;140;141;142;143;144;145;146;147;148;149;150;151;152;163;164;165;166;167;168;169;170;171;172;173;174;175;176;177;178;179;180;181;182;183;184;185;186;187;198;199;200;201;202;203;204;205;206;207;208;209;210;211;212;213;214;215;216;217;218;219;220;221;222;233;234;235;236;237;238;239;240;241;242;243;244;245;246;247;248;249;250;251;252;253;254;255;256;257;268;269;270;271;272;273;274;275;276;277;278;279;280;281;282;283;284;285;286;287;288;289;290;291;292;305;306;307;308;309;310;311;312;313;314;315;316;317;318;319;320;321;322;323;324;325;326;327;328;339;340;341;342;343;344;345;346;347;348;349;350;351;352;353;354;355;356;357;358;359;360;361;362;363;398;409;410;411;412;413;414;415;416;417;418;419;420;421;422;423;424;425;426;427;428
F62022,10,8,8,20228.05652119819,1800.0,18428.05652119819,11,216,216,109,5.60605788230896,20;31;32;33;34;35;36;37;38;39;40;41;42;54;55;66;67;68;69;70;71;72;73;74;75;76;77;78;79;80;81;82;83;84;96;107;108;109;110;111;112;113;114;115;116;117;118;119;120;121;122;123;124;125;126;127;128;129;130;131;151;152;153;154;155;156;157;158;159;160;161;162;163;164;165;166;177;178;179;180;181;182;183;184;185;186;187;188;189;190;191;192;193;194;195;196;197;198;199;200;201;221;222;223;224;225;226;227;228;229;230;231;232;233;234;235;236;247;248;249;250;251;252;253;254;255;256;257;258;259;260;261;262;263;264;265;266;267;268;269;270;271;272;273;284;285;286;287;288;289;290;291;292;293;294;295;296;297;298;299;300;301;302;303;304;305;306;307;330;352;353;354;355;356;357;358;359;360;361;362;363;364;365;366;384;385;386;387;388;389;390;391;392;393;394;395;396;409;410;411;412;413;414;425;426;427;428;429;430;431;432;433;434;435;436;437
F62022,10,9,9,16287.513005790683,1800.0,14487.513005790683,11,167,167,76,4.462300062179565,19;20;39;40;41;42;43;44;45;46;47;48;49;50;51;52;53;54;55;56;75;76;77;78;79;80;81;82;83;84;85;86;87;88;89;90;91;102;114;115;116;117;118;140;141;142;143;154;155;156;157;158;159;160;161;162;163;164;165;166;178;179;190;191;192;193;194;195;196;197;198;199;200;201;202;203;204;205;206;207;208;209;210;211;212;213;214;215;216;217;218;219;220;221;232;233;234;235;236;237;238;239;240;241;242;243;244;245;246;247;248;249;250;251;252;253;254;255;256;267;268;269;270;271;272;273;274;275;276;277;278;279;280;281;282;283;284;285;286;287;288;289;290;302;313;314;315;316;317;318;319;320;337;338;349;350;351;352;353;382;383;384;395;396;397;426;427
F62022,10,10,10,23625.560520561292,1800.0,21825.560520561292,11,134,134,59,3.685850143432617,22;23;58;59;60;61;62;73;74;75;76;77;78;79;80;81;82;83;84;85;86;87;88;89;90;111;125;126;127;128;129;130;131;132;133;134;135;136;137;138;139;140;141;142;143;144;145;146;157;158;159;160;161;162;163;164;165;166;167;168;169;170;171;172;173;174;175;176;177;178;179;180;181;218;219;220;231;232;233;234;235;236;237;238;239;274;275;276;287;288;289;290;291;292;293;294;295;296;297;298;299;300;301;302;303;304;305;306;307;308;309;310;323;324;340;341;342;343;357;358;359;360;384;385;386;387;388;389;390;402;403;428;429;454
F62022,10,11,11,47066.70050264247,1800.0,45266.70050264247,9,160,160,64,4.290863990783691,28;56;57;58;59;60;61;62;63;79;80;92;93;94;95;96;97;98;109;110;111;112;113;114;115;116;117;118;119;120;121;122;123;124;125;126;127;128;129;130;131;132;133;144;145;146;147;148;149;150;151;152;153;165;166;178;179;180;191;192;193;194;195;196;197;198;199;200;201;202;203;204;205;206;207;208;209;210;211;212;213;214;226;227;228;229;230;241;242;243;244;245;246;247;248;249;250;251;252;253;254;255;256;257;258;259;260;261;262;263;264;276;297;298;299;300;301;302;303;304;305;306;307;308;309;310;311;312;313;314;315;316;317;328;329;330;331;332;344;345;346;347;348;349;350;351;352;353;371;382;383;384;385;386;387;388;389;390;391;392
F62022,10,12,12,28249.97211964176,1800.0,26449.97211964176,10,171,171,81,4.5539398193359375,50;61;62;63;64;65;66;67;68;69;70;71;92;103;104;105;106;107;108;109;110;111;112;113;114;115;116;117;118;119;120;121;122;123;124;136;137;138;149;150;151;152;153;154;155;156;157;158;159;160;161;162;163;164;165;166;167;168;169;170;171;172;173;174;185;186;187;188;189;190;191;192;193;194;195;196;197;198;199;200;201;202;203;204;205;206;207;208;209;220;221;222;223;224;225;226;227;228;229;230;231;232;233;234;235;236;237;238;239;240;241;242;243;244;255;256;257;258;259;260;261;262;263;264;265;266;267;268;269;270;271;272;273;274;275;276;277;278;279;295;296;297;298;299;300;301;302;303;304;305;306;307;308;309;310;311;312;313;314;340;357;387;388;389;390;391;392;403;404;405;406
F62022,10,13,13,25874.26872425691,1800.0,24074.26872425691,9,205,205,101,5.348358869552612,47;58;59;60;61;62;63;64;65;66;67;68;69;70;71;72;73;74;75;76;77;78;79;80;81;82;99;100;101;102;103;104;105;106;107;119;120;131;132;133;134;135;136;137;138;139;140;141;142;143;144;145;146;147;148;149;150;151;152;153;154;155;156;157;168;169;170;171;172;173;174;175;176;177;178;179;180;181;182;183;184;185;186;187;188;189;190;191;192;203;204;205;206;207;208;209;210;211;212;213;214;215;216;217;218;219;220;221;222;223;224;225;226;227;228;239;240;241;242;243;244;245;246;247;248;249;250;251;252;253;254;255;256;257;258;259;260;261;262;274;275;276;287;288;289;290;291;292;293;294;295;296;297;298;299;300;301;302;303;304;305;306;307;308;309;310;322;323;324;325;326;327;338;339;340;341;342;343;344;345;346;347;348;349;350;351;352;353;354;355;356;357;358;359;360;361;373;389;390;391;392;393;394;395;408
F62022,10,14,14,31120.100211158933,1800.0,29320.100211158933,11,146,146,61,3.9666991233825684,15;16;50;62;73;74;75;76;77;90;91;92;93;94;95;107;118;119;120;121;122;123;124;125;126;127;128;129;130;131;132;133;134;135;136;137;138;139;140;141;142;143;154;155;156;179;213;214;215;216;217;228;229;230;231;232;233;234;235;236;237;238;239;240;241;242;243;244;245;246;247;248;260;261;262;263;274;275;276;277;278;279;280;281;282;283;284;285;286;287;288;289;290;291;292;293;294;295;296;297;311;323;324;325;326;337;338;339;340;341;342;343;344;345;346;359;360;361;362;363;374;375;376;377;378;379;380;381;382;383;384;385;386;387;388;389;390;391;392;393;394;395;396;397;410;452
F62022,10,15,15,42619.67051182335,1800.0,40819.67051182335,10,180,180,95,4.7615861892700195,40;60;61;62;63;64;65;66;67;68;69;70;71;72;73;74;88;101;102;103;104;105;106;107;108;109;110;111;123;134;135;136;137;138;139;140;141;142;143;144;145;146;147;148;149;150;151;152;153;154;155;156;168;179;180;181;182;183;184;185;186;198;199;200;201;202;203;204;215;216;217;218;219;220;221;222;223;224;225;226;227;228;229;230;231;232;233;234;235;236;237;238;250;251;262;263;275;276;277;278;279;280;281;282;283;284;285;286;287;298;299;300;301;302;303;304;305;306;307;308;309;310;311;312;313;314;315;316;317;318;319;320;321;333;344;345;346;347;348;349;350;351;352;353;354;355;356;357;358;359;360;361;362;363;364;376;403;404;416;417;418;429;430;431;432;433;434;435;436;437;438;439;440;441;442;443;444;445;446;447
F62022,10,16,16,38688.47604167907,1800.0,36888.47604167907,10,199,199,99,5.22426700592041,59;60;61;62;92;93;94;95;96;97;108;109;110;111;112;113;114;115;116;117;118;119;120;121;122;123;124;125;126;127;128;129;130;131;132;143;144;145;146;147;148;149;150;151;152;153;154;155;156;157;158;159;160;161;162;163;164;165;166;167;178;179;180;181;182;183;184;185;186;187;188;189;190;191;192;193;194;195;196;197;198;199;200;201;202;203;204;215;216;217;218;219;220;221;222;223;224;225;226;227;228;229;230;231;232;233;234;235;236;237;238;250;251;252;253;264;265;266;267;268;269;270;271;272;273;274;275;276;277;278;279;280;281;282;283;284;285;286;287;288;299;300;301;302;303;304;305;306;307;308;309;310;311;312;313;314;315;316;317;318;319;320;321;322;323;334;335;336;337;338;339;340;341;342;343;344;345;346;347;348;349;350;351;352;353;354;355;356;357;377;378;379;380;381;382;383;384;385;444
F62022,10,17,17,32866.37314697574,1800.0,31066.37314697574,10,178,178,80,4.714817047119141,22;33;34;35;36;37;38;39;51;52;53;54;55;56;57;58;59;70;71;72;73;74;75;76;77;78;79;80;81;82;83;95;106;107;108;109;110;111;112;113;114;126;127;128;129;130;141;142;143;144;145;146;147;148;149;150;151;152;153;154;155;156;157;169;170;171;172;173;174;175;186;187;188;189;190;191;192;193;194;195;196;197;198;199;200;201;202;203;204;205;206;207;208;209;210;221;222;223;224;225;226;238;239;240;241;242;243;244;245;256;257;258;259;260;261;262;263;264;265;266;267;268;269;270;271;272;273;274;275;276;277;278;279;291;302;303;304;305;306;307;308;309;310;311;312;313;314;315;316;317;318;319;320;321;322;323;324;325;337;338;349;350;351;352;353;354;355;356;357;358;359;360;361;362;363;364;407;408
F62022,10,18,18,52813.69180515801,1800.0,51013.69180515801,10,160,160,83,4.3049540519714355,18;35;36;37;38;39;40;41;62;73;74;75;76;77;78;79;102;103;121;122;123;124;125;126;127;128;129;130;131;132;133;134;135;136;137;138;139;161;162;163;164;165;166;167;168;169;170;171;172;173;174;192;193;194;195;196;197;198;199;200;201;202;203;204;205;206;207;208;209;220;221;222;223;224;225;226;227;228;229;230;231;232;233;234;235;236;237;238;239;240;241;242;243;244;255;256;257;258;259;260;261;262;263;264;265;266;267;268;269;270;271;272;273;274;275;276;277;278;290;301;302;303;304;305;306;307;308;309;310;311;312;313;314;315;316;317;318;319;320;321;322;323;324;357;358;369;370;371;372;373;374;375;376;377;378;379;380;381;382;412
F62022,10,19,19,42082.98525451065,1800.0,40282.98525451065,10,191,191,115,5.0283520221710205,65;76;77;78;79;80;81;82;83;84;85;86;87;88;89;90;91;92;93;94;95;96;97;98;99;100;111;123;124;125;126;127;128;129;130;131;132;133;134;135;146;147;148;149;150;151;152;153;154;155;156;157;158;159;160;161;162;163;164;165;166;167;168;169;170;171;172;173;184;185;186;187;188;189;190;191;192;193;194;195;196;197;198;199;200;201;202;203;204;205;206;207;208;209;220;221;222;223;224;225;226;227;228;229;230;231;232;233;234;235;236;237;238;239;240;241;242;243;255;256;267;268;269;270;271;272;273;274;275;276;277;278;279;280;281;282;283;295;306;307;308;309;310;322;323;335;349;350;351;352;353;354;355;356;357;358;359;360;361;362;363;364;365;366;367;368;369;370;383;384;385;386;387;388;389;390;391;392;393;394;395;396;397;398;399;400;401;402;403;404;447
F62022,10,20,20,16972.978245745395,1800.0,15172.978245745395,9,206,206,87,5.370867967605591,27;55;56;57;58;59;60;61;62;73;74;75;76;77;78;79;80;81;82;83;84;85;86;101;112;113;114;115;116;117;118;119;120;121;122;123;124;125;126;127;128;129;130;131;132;133;134;135;136;147;148;149;150;151;152;153;154;155;156;157;158;159;160;161;162;163;164;165;166;167;168;169;170;171;172;173;184;185;186;187;188;189;190;191;192;193;194;195;196;197;198;199;200;201;202;203;204;205;206;207;208;209;210;211;212;213;224;225;226;227;228;229;230;231;232;233;234;235;236;237;238;239;240;241;242;243;244;245;246;247;259;260;271;272;273;274;275;276;277;278;279;280;281;293;294;295;296;297;298;299;300;301;302;303;304;305;324;325;326;327;328;329;330;331;332;333;334;335;336;337;338;339;340;341;352;353;354;355;356;357;358;359;360;361;362;363;364;365;366;367;368;369;370;371;372;373;374;375;387;388;389;390;391;392;404;405
F62022,10,21,21,23418.91172411141,1800.0,21618.91172411141,9,166,166,60,4.434849977493286,37;52;65;77;89;90;101;102;103;104;105;106;107;108;109;110;111;112;113;114;115;116;117;118;119;131;132;133;148;149;150;151;152;153;154;155;156;157;158;159;173;174;175;186;187;188;189;190;191;192;193;194;195;196;197;198;199;200;201;202;203;204;205;206;207;208;209;210;211;222;223;224;225;226;227;228;229;230;231;232;233;234;235;236;237;238;239;240;241;242;243;244;245;246;247;258;259;260;261;262;263;264;265;266;267;268;269;270;271;272;273;274;275;276;277;278;279;280;281;293;294;295;296;297;308;309;310;311;312;313;314;315;316;317;318;319;320;321;322;323;324;325;326;327;328;329;341;353;354;355;356;357;358;359;360;361;362;363;364;365;366;387;388;430;431;432
F62022,10,22,22,11625.056978245568,1800.0,9825.056978245568,9,187,187,77,4.927833795547485,30;46;57;58;59;60;61;62;63;64;65;66;67;68;69;70;71;72;73;74;75;76;77;78;79;91;124;125;126;144;145;146;147;148;149;150;151;152;153;154;155;156;157;158;159;160;161;162;163;174;175;176;177;178;179;180;181;182;183;184;185;186;187;188;189;190;191;192;193;194;195;196;197;198;209;210;211;212;213;214;215;216;217;218;219;220;221;222;223;224;225;226;227;228;229;230;231;232;244;255;256;257;258;259;260;261;262;263;264;265;266;267;268;269;270;271;272;273;274;275;276;277;278;279;280;291;292;293;294;295;296;297;298;299;300;301;302;303;304;305;306;307;308;309;310;311;312;313;314;326;327;328;329;330;331;332;333;334;335;336;337;356;357;358;359;360;361;362;363;364;365;366;367;368;369;370;383;384;385;399;400;401;402;403;404;405;406
F62022,10,23,23,34107.623004160145,1800.0,32307.623004160145,10,215,215,107,5.581189870834351,53;64;65;66;67;68;69;70;71;72;73;74;75;76;77;78;79;80;81;82;83;84;85;86;87;88;89;100;101;102;103;104;105;106;107;108;109;110;111;112;113;114;115;116;117;118;119;120;121;122;123;124;135;136;137;138;139;140;141;142;143;144;145;146;147;148;149;150;151;152;153;154;155;156;157;158;159;170;171;172;173;174;175;176;177;178;179;180;181;182;183;184;185;186;187;188;189;190;191;192;193;194;205;206;207;208;209;210;211;212;213;214;215;216;217;218;219;220;221;222;223;224;225;226;227;228;240;241;242;253;254;255;256;257;258;259;260;261;262;263;264;265;266;267;268;269;270;271;272;273;274;275;276;288;299;300;301;302;303;304;305;306;307;308;309;310;311;312;313;314;315;316;328;341;342;343;344;345;346;358;359;360;361;362;363;364;365;366;367;368;369;381;396;397;398;399;400;401;402;403;404;405;406;407;408;409;410;411;412;413;414;415;416;438;439
F62022,10,24,24,37034.15726705637,1800.0,35234.15726705637,11,172,172,80,4.5760838985443115,27;28;29;56;57;58;59;60;61;62;63;64;75;76;77;78;79;80;81;82;83;84;85;86;87;88;89;90;91;92;93;94;95;96;97;98;99;111;112;113;114;115;116;117;118;119;120;121;122;123;124;125;137;154;155;156;157;158;159;160;161;162;163;164;165;166;167;168;169;170;171;172;183;184;185;186;187;188;189;190;191;192;193;194;195;196;197;198;199;200;201;202;203;204;205;206;207;208;209;210;211;222;223;224;225;226;227;228;229;230;231;232;233;234;235;236;237;238;239;240;241;242;243;244;245;246;257;269;270;271;272;273;274;275;276;277;278;279;280;281;299;300;301;302;303;304;305;306;307;330;331;342;343;344;345;346;347;348;349;366;367;368;369;382;383;384;423;424;425;426;427;428
F62022,10,25,25,20771.065382130073,1800.0,18971.065382130073,12,217,217,135,5.637120962142944,32;43;55;56;57;58;59;60;61;62;63;64;65;66;67;78;79;80;81;94;95;96;97;98;99;100;101;102;113;114;115;116;117;118;119;120;121;122;123;124;125;126;127;128;129;130;131;132;133;134;135;136;137;148;149;150;162;163;164;165;166;167;168;169;170;171;172;173;174;185;186;187;188;189;190;191;192;193;194;195;196;197;198;199;200;201;202;203;204;205;206;207;208;220;221;232;233;234;235;236;237;238;239;240;241;242;243;244;245;246;247;248;249;250;251;252;253;254;255;256;257;268;269;270;271;272;273;274;275;276;277;278;279;280;281;282;283;284;285;286;287;288;289;290;291;292;303;304;305;306;307;308;309;310;311;312;313;314;315;316;317;329;345;346;347;348;349;350;351;352;353;354;355;356;357;358;359;360;361;362;363;364;375;376;377;378;379;380;381;382;383;384;385;386;387;388;389;390;391;392;393;394;395;396;397;398;410;425;426;438;439;440;441;442;443;444;445
F62022,10,26,26,65573.5306050599,1800.0,63773.5306050599,9,206,206,88,5.373888969421387,46;47;62;74;75;76;77;78;79;80;81;82;83;84;85;86;87;88;89;90;91;92;93;94;95;96;97;98;99;110;111;112;113;114;115;116;117;118;119;120;121;122;123;124;125;126;127;128;129;130;131;132;133;134;145;146;147;148;149;150;151;152;153;154;155;156;157;158;159;160;161;162;163;164;165;166;167;168;169;189;190;191;192;193;194;195;196;197;198;199;200;201;202;203;204;215;216;217;218;219;220;221;222;223;224;225;226;227;228;229;230;231;232;233;234;235;236;237;238;239;240;241;242;243;254;255;256;257;258;259;260;261;262;263;264;265;266;267;268;269;270;271;272;273;274;275;276;277;289;290;291;292;293;304;305;306;307;308;309;310;311;312;313;314;315;316;328;329;330;331;342;343;344;345;346;347;348;349;350;351;352;353;354;355;356;357;358;359;360;361;362;363;364;365;379;395;396;397;398;399;400;401;402;403;404;405
F62022,10,27,27,44097.12689162162,1800.0,42297.12689162162,11,188,188,100,4.951499700546265,35;46;47;48;49;50;51;52;53;54;55;67;68;69;70;81;82;83;84;85;86;87;88;89;90;91;92;93;94;95;96;97;98;99;100;101;102;103;104;105;116;117;118;119;120;121;122;123;124;125;126;127;128;129;130;131;132;133;134;135;136;137;138;139;140;151;152;153;154;155;156;157;158;159;160;161;162;163;164;165;166;167;168;169;170;171;172;173;174;175;176;177;178;207;208;209;210;211;212;213;214;215;216;217;218;232;233;234;235;236;237;238;239;240;241;242;243;244;245;246;247;248;249;250;251;252;253;254;265;266;279;280;281;282;283;284;285;286;287;288;289;300;301;302;303;304;305;306;307;308;309;310;311;312;313;314;315;316;317;318;319;345;356;357;358;359;360;361;362;363;364;365;366;367;379;380;381;392;393;394;395;396;397;398;399;400;401;417
F62022,10,28,28,26108.43406987353,1800.0,24308.43406987353,10,186,186,95,4.907074928283691,17;29;30;43;44;45;46;47;48;49;50;51;52;53;54;55;56;57;58;59;60;72;83;84;96;97;98;99;100;101;102;103;104;105;106;107;108;119;120;121;122;123;124;125;126;127;128;140;141;142;143;144;155;156;157;158;159;160;161;162;163;164;165;166;167;168;169;170;171;172;173;174;175;176;177;178;190;191;192;203;215;216;217;218;219;220;221;222;223;224;225;226;227;238;239;240;241;242;243;244;245;246;247;248;249;250;251;252;253;254;255;256;257;258;259;260;261;273;274;275;276;277;278;279;280;281;282;293;294;295;296;297;298;299;300;301;302;303;304;305;306;307;308;309;310;311;312;313;314;315;316;328;340;341;352;353;354;355;356;357;358;359;360;361;362;363;364;365;366;367;368;369;370;371;372;373;374;375;387;388;389;430;441;442;443;444
F62022,10,29,29,46469.910619584945,1800.0,44669.910619584945,10,201,201,119,5.260329008102417,37;38;39;50;51;52;53;54;55;56;57;58;59;60;61;62;63;64;65;66;67;68;69;70;71;72;73;74;75;89;90;91;92;93;94;95;96;97;98;99;100;101;102;103;104;105;106;107;108;109;110;121;122;123;124;125;126;127;128;129;130;131;132;133;134;135;136;137;138;139;151;152;153;164;165;166;167;168;169;170;171;172;173;174;175;176;177;178;179;180;181;182;183;184;185;186;187;188;189;190;191;202;203;204;205;206;207;208;209;210;211;212;213;214;215;216;217;218;219;220;221;222;223;224;225;226;241;242;243;244;245;246;247;248;249;250;262;276;277;289;301;302;313;314;315;316;317;318;319;320;321;322;323;324;325;326;327;328;329;330;331;332;333;334;335;336;351;352;353;364;365;366;367;368;369;370;371;372;373;374;375;376;377;378;379;380;381;382;383;384;385;386;387;399;410;411;412;413;414;415;416
F62022,10,30,30,43754.90175936267,1800.0,41954.90175936267,10,203,203,101,5.304013729095459,42;43;63;64;76;77;78;89;90;91;103;104;105;106;107;108;109;110;111;112;113;124;125;126;127;128;129;130;131;132;133;134;135;136;137;138;139;140;141;142;143;144;145;146;147;148;159;160;161;162;163;164;165;166;167;168;169;170;171;172;173;174;175;176;177;178;179;180;181;182;183;184;185;196;197;198;199;200;201;202;203;204;205;206;207;208;209;210;211;212;213;214;215;216;217;218;219;220;221;222;223;234;235;236;237;238;239;240;241;242;243;244;245;246;247;248;249;250;251;252;253;254;255;256;257;269;280;281;282;283;284;285;286;287;288;289;290;291;292;293;294;295;296;297;298;299;300;301;302;303;304;305;306;307;318;319;320;321;322;323;324;325;326;338;339;340;341;342;353;354;355;356;357;358;359;360;361;362;363;364;365;366;367;368;369;370;371;372;373;385;386;397;398;399;400;401;402;403;404;405;406;407;408
F72022,10,1,1,2181.942543786717,2000.0,181.94254378671712,4,187,187,36,30.630456686019897,47;48;49;50;51;52;53;54;55;56;57;58;59;60;61;62;63;64;65;66;67;87;88;115;116;117;118;119;120;121;122;123;124;125;126;127;128;129;130;131;132;133;134;135;136;137;138;139;140;141;142;143;144;145;146;169;170;171;172;173;174;175;176;177;178;179;180;181;182;183;184;185;186;187;188;189;201;202;203;204;205;206;207;208;209;210;211;212;213;214;215;216;217;218;219;220;221;222;223;224;225;226;227;228;229;230;231;232;233;234;235;236;237;238;239;240;241;242;243;244;245;246;247;248;249;250;261;262;263;264;265;266;267;268;269;270;271;272;273;274;275;276;277;278;279;280;281;282;283;284;296;307;308;309;310;311;312;313;314;315;316;317;318;319;320;321;322;323;324;325;326;327;328;329;330;352;353;354;355;466;494;495;496;497;498;499;500
F72022,10,2,2,2065.5897950276753,2000.0,65.58979502767534,8,279,279,78,44.282538175582886,22;23;24;25;26;27;28;29;30;31;32;33;34;35;36;37;38;39;40;52;53;54;66;67;68;69;70;71;72;73;74;75;76;77;78;79;80;81;93;94;95;96;97;98;99;100;101;102;103;104;105;106;107;108;109;110;111;122;123;124;125;137;138;139;140;141;142;143;144;145;146;147;148;149;150;151;152;153;154;155;156;157;158;159;160;161;162;163;164;165;166;167;168;169;170;171;172;173;174;185;186;187;188;189;190;191;192;193;194;195;196;197;198;199;200;201;202;203;204;205;206;207;208;209;210;211;212;213;214;215;216;217;218;219;220;221;222;223;234;235;236;237;238;239;240;241;242;243;244;245;246;247;248;249;250;251;252;253;254;255;256;257;258;259;260;261;262;263;264;265;266;267;268;269;270;271;272;273;274;275;276;277;278;279;280;281;282;283;284;285;286;287;288;289;305;306;307;308;309;310;311;312;313;314;315;316;317;318;319;320;321;322;323;324;341;342;343;344;345;346;347;348;349;350;351;352;353;354;355;356;357;358;359;370;371;372;373;374;375;376;377;378;379;380;381;382;383;384;396;407;408;409;410;411;412;413;414;415;416;417;418;419;420;421;422;423;424;425;426;427;428;478;494;495;496;497;498;499;500
F72022,10,3,3,2131.4465493883035,2000.0,131.44654938830354,9,194,194,62,31.64420509338379,44;55;56;57;58;59;71;72;73;74;75;76;77;78;79;80;81;82;93;94;95;96;97;98;99;100;101;102;103;104;105;106;107;108;109;110;111;112;113;114;115;116;128;139;140;141;142;143;144;145;146;147;148;149;150;151;152;153;154;155;156;157;158;159;160;161;162;174;185;186;187;188;189;190;191;192;193;194;195;196;197;198;199;200;201;202;203;204;205;206;207;208;220;221;232;233;234;235;236;237;238;239;240;241;242;243;244;245;246;247;248;249;250;251;252;253;254;255;267;278;279;280;281;282;283;295;296;297;298;299;312;313;329;330;341;342;343;344;345;346;347;348;349;350;351;352;353;354;355;356;357;358;359;360;361;362;363;364;365;366;367;368;369;399;400;401;402;403;404;422;423;424;425;426;427;428;429;430;431;443;444;445;456;457;458;459;460;461;462;463;464;498;499;500
F72022,10,4,4,2092.2456090405703,2000.0,92.24560904057034,7,159,159,30,26.60810875892639,21;22;23;24;25;26;27;28;29;30;66;67;68;92;93;94;95;96;97;98;99;100;101;102;103;104;105;106;107;108;109;120;121;122;123;124;125;126;127;128;129;130;131;132;133;134;135;136;137;138;139;140;141;142;143;155;156;157;158;159;160;161;172;173;174;175;176;177;178;179;180;181;182;183;184;185;186;187;188;189;190;191;192;193;194;195;207;208;209;210;211;212;213;214;215;216;217;218;238;239;240;241;242;243;244;245;246;247;248;260;261;262;263;264;265;266;267;268;269;270;271;272;273;274;275;276;277;298;299;300;301;302;303;304;305;306;307;308;330;341;342;343;344;345;346;347;359;360;361;362;363;364;365;405;455;473;474;475;476
F72022,10,5,5,2045.4094055335943,2000.0,45.40940553359428,10,219,219,69,35.49217510223389,37;57;58;59;60;61;62;63;64;65;66;67;68;69;70;71;72;73;74;85;86;87;88;89;90;91;92;93;94;95;96;97;98;99;100;101;102;103;104;105;106;107;108;109;110;111;112;127;128;129;130;131;132;133;134;135;136;137;138;139;140;141;142;143;144;145;146;147;148;149;150;151;152;153;154;155;156;157;168;169;170;171;172;173;174;175;176;177;178;179;180;181;182;183;184;185;186;187;188;189;190;191;210;221;222;223;224;225;226;227;228;229;230;231;232;233;234;235;236;237;238;239;240;241;242;243;244;257;268;280;281;282;283;284;285;286;287;288;289;290;291;292;303;304;305;306;307;308;309;310;311;312;313;314;315;316;317;318;319;320;321;322;323;324;325;326;350;370;371;372;373;374;375;376;377;392;403;404;405;406;407;408;409;410;411;412;413;414;415;416;417;418;419;420;421;422;423;424;425;426;438;439;440;441;453;454;477;478;479;480;481;482;483;484;485;486;487;499;500
F72022,10,6,6,2043.1121137977134,2000.0,43.11211379771339,9,171,171,77,28.419286966323853,47;48;49;50;61;62;63;64;65;66;67;82;83;84;104;105;116;117;118;119;120;121;122;123;124;125;126;127;128;129;130;131;132;133;134;135;136;137;138;139;151;162;163;164;165;166;167;168;169;170;171;172;173;174;175;176;177;178;179;180;181;182;183;184;185;201;202;203;204;205;206;207;208;209;210;221;222;223;224;225;226;227;228;229;230;231;232;233;234;235;236;237;238;250;261;262;263;264;265;266;267;268;269;270;271;272;273;274;275;276;277;278;279;280;281;282;283;284;285;286;287;288;289;290;301;302;303;304;305;306;307;308;309;310;311;312;313;314;315;316;317;318;319;320;321;322;323;324;338;339;354;355;356;357;358;359;360;361;362;363;364;365;379;406;407;408;423;424;493;494;495
F72022,10,7,7,2043.1919192723349,2000.0,43.19191927233487,12,152,152,101,25.486558198928833,35;36;56;57;58;59;60;61;62;63;64;65;66;67;68;69;70;71;82;83;84;85;86;87;88;89;90;91;92;93;94;95;96;97;98;110;111;124;125;126;127;128;129;130;131;149;160;161;162;163;164;165;166;167;168;169;170;171;172;173;174;175;176;177;178;179;180;181;182;183;195;206;207;208;209;210;211;212;213;214;215;216;217;218;219;220;221;222;223;224;225;226;227;228;229;241;242;259;260;261;262;263;264;265;266;267;268;294;312;313;314;315;316;317;318;319;320;321;322;323;324;325;326;327;328;329;340;341;342;343;344;345;374;385;386;387;388;389;390;391;392;393;394;395;396;397;398;399;413;424;449;496
F72022,10,8,8,2139.7528120644047,2000.0,139.75281206440468,9,158,158,39,26.386744022369385,29;70;88;89;90;91;92;93;94;95;96;97;98;99;100;101;102;103;104;105;106;107;108;109;120;121;122;123;124;125;126;127;128;129;130;131;132;133;134;135;136;137;138;139;140;141;142;143;155;156;157;158;169;170;171;172;173;174;175;176;177;189;190;191;192;204;224;249;262;263;279;280;281;282;283;284;285;286;287;288;289;290;291;292;293;294;295;296;297;298;299;300;301;302;303;304;315;316;317;318;319;320;321;322;323;324;325;326;327;328;329;330;331;332;333;345;356;357;369;370;382;383;384;385;386;387;388;389;390;391;392;393;394;395;396;397;398;399;416;417;418;419;420;421;422;423;424;425;426;427;428;429;430;431;432;433;434;435
F72022,10,9,9,2076.1737482885983,2000.0,76.17374828859829,6,153,153,61,25.6964111328125,49;50;51;52;53;54;55;56;57;58;59;60;61;62;63;64;65;66;67;68;69;70;71;72;73;74;89;90;91;92;93;94;95;107;108;109;110;111;123;124;125;126;127;128;129;130;131;160;161;173;185;186;187;188;189;190;191;192;193;194;195;196;212;213;214;215;216;217;218;219;220;221;222;223;224;225;226;227;228;229;230;231;242;243;244;245;246;247;248;249;250;251;252;253;254;255;256;257;258;259;260;261;262;263;264;265;286;287;288;289;300;301;302;303;304;305;306;307;308;309;310;311;312;313;314;315;316;317;318;319;320;321;322;323;377;388;389;390;391;392;393;394;480;481;482;483;494;495;496;497;498;499;500
F72022,10,10,10,2125.942569882953,2000.0,125.9425698829532,6,263,263,91,42.051149129867554,22;23;24;25;26;27;28;29;30;31;43;44;45;46;47;48;49;50;51;52;53;54;55;56;57;58;59;60;94;106;107;108;109;110;111;112;113;114;115;116;117;118;119;120;121;122;123;124;125;126;127;128;129;130;131;132;133;134;135;136;137;138;139;140;141;142;143;144;145;146;147;148;149;150;151;152;153;154;155;156;157;158;159;160;161;162;163;164;165;166;167;168;169;170;171;172;173;174;175;176;177;178;179;180;181;182;183;184;185;186;187;188;189;190;191;192;193;194;195;196;197;198;199;200;201;202;203;204;205;217;228;229;230;231;232;233;234;235;236;237;238;239;240;241;242;243;244;245;246;247;248;249;250;251;263;274;275;276;277;278;279;280;281;282;283;284;285;286;287;288;289;290;291;292;293;294;295;296;297;309;320;321;322;323;324;325;326;327;328;329;330;331;332;333;334;335;336;337;338;339;340;341;353;364;365;366;367;368;369;370;371;372;373;374;375;376;377;378;379;380;381;382;383;384;385;386;387;399;400;430;458;459;460;461;462;463;464;465;476;477;478;479;480;481;482;483;484;485;486;487;488;489;490;491;492;493;494;495;496;497;498;499;500
F72022,10,11,11,2130.9087995669693,2000.0,130.90879956696926,10,238,238,44,38.354398012161255,15;16;52;63;64;65;66;67;68;69;70;71;72;73;74;75;76;77;78;79;80;81;82;83;84;85;86;87;88;89;90;91;92;93;94;95;96;97;98;99;100;101;102;113;114;115;116;117;118;119;120;132;133;134;135;136;137;138;139;140;141;142;143;144;145;146;157;158;159;160;161;162;163;164;165;166;167;168;169;170;171;172;173;174;175;176;177;178;179;180;181;182;183;184;185;186;187;188;189;190;191;192;193;224;225;226;227;228;239;240;241;242;243;244;245;246;247;248;249;250;251;252;253;254;255;256;257;258;259;260;261;262;274;275;288;289;290;315;316;317;318;319;320;321;322;323;324;325;326;338;339;340;341;342;343;344;345;346;347;348;349;350;351;352;353;354;355;356;357;358;359;374;375;376;377;378;379;380;381;382;383;384;385;386;387;388;389;390;391;406;420;421;422;423;424;425;426;427;428;429;430;431;432;433;434;435;436;437;438;439;440;441;442;443;444;445;446;447;458;471;472;473;474;475;476;477;478;479;480;481;482;483;484;485;497;498;499;500
F72022,10,12,12,2181.019776413151,2000.0,181.0197764131508,5,285,285,48,45.45058608055115,15;16;17;18;19;20;21;22;23;24;50;51;52;53;54;55;56;57;58;59;60;61;62;63;64;65;66;67;68;69;70;71;72;73;74;75;87;88;89;90;91;92;93;94;95;96;97;98;99;100;101;102;103;104;105;106;107;108;109;110;111;112;113;114;115;116;117;118;119;120;121;122;123;124;125;126;127;128;129;130;131;132;133;134;135;136;137;138;139;140;141;142;143;144;145;146;147;148;149;150;151;152;153;154;155;156;157;158;159;160;161;162;163;164;165;166;167;168;169;170;171;172;173;174;175;176;177;178;179;180;181;182;183;184;185;186;187;188;189;190;191;192;193;194;195;196;197;198;199;200;201;202;203;204;205;206;207;208;209;210;211;212;213;214;215;216;217;218;219;220;221;222;234;235;236;237;238;239;240;241;242;243;244;245;246;247;248;249;250;251;252;253;254;255;256;257;258;259;260;261;262;263;264;265;266;267;268;269;270;271;272;273;274;275;276;277;278;279;280;281;282;283;294;295;296;297;298;299;300;301;302;303;304;305;306;307;308;309;310;311;312;313;314;315;316;317;329;355;356;357;358;359;360;361;362;363;364;379;380;381;382;383;384;385;386;387;388;389;390;391;392;393;394;395;396;397;398;399;466;477;478;479;480;499;500
F72022,10,13,13,2144.799994205957,2000.0,144.79999420595686,10,148,148,101,24.9201021194458,62;90;91;92;93;94;95;96;97;115;116;117;118;119;131;132;133;134;150;151;152;153;154;155;156;157;158;159;160;161;162;163;164;165;166;167;168;169;180;181;182;183;184;185;186;187;188;189;190;191;192;193;194;195;196;197;198;199;200;201;202;203;215;226;227;228;229;230;231;243;244;245;246;247;259;260;261;272;273;274;275;276;277;278;279;280;281;282;283;284;285;286;287;288;289;290;291;292;293;294;295;319;320;331;332;333;334;335;336;337;338;339;340;341;342;343;344;345;346;347;348;349;350;351;352;374;433;470;481;482;483;484;485;486;487;488;489;490;491;492;493;494;495;496;497;498;499;500
F72022,10,14,14,2144.026062046487,2000.0,144.0260620464869,10,182,182,81,30.03294277191162,43;44;55;56;57;58;59;60;61;62;63;64;65;66;67;68;69;70;71;72;73;74;75;76;77;78;90;91;102;103;104;105;106;107;108;109;110;111;112;113;114;115;116;117;118;119;120;121;122;123;124;125;137;138;149;150;151;152;153;154;155;156;157;158;159;160;161;162;163;164;165;166;167;168;169;170;171;172;184;185;196;197;198;199;200;201;202;203;204;205;206;207;208;209;210;211;212;213;214;215;216;217;218;219;233;234;235;236;237;238;257;258;259;260;261;262;263;264;265;266;267;268;269;270;271;272;273;284;285;286;287;288;289;301;302;303;304;305;306;307;308;319;320;321;322;323;324;325;326;327;328;329;330;331;332;333;334;335;336;337;338;339;340;341;342;356;357;369;397;398;399;422;423;434;435;436;437;479;480;491;492;493
F72022,10,15,15,2124.1022776169298,2000.0,124.10227761692977,10,150,150,78,25.268311023712158,29;49;50;51;52;53;54;55;56;57;58;70;71;72;73;74;75;76;97;98;99;100;101;102;103;104;105;106;130;131;132;133;134;135;146;147;148;149;150;151;152;153;174;175;176;177;189;200;201;202;203;204;205;206;207;208;209;210;211;212;213;214;215;216;217;218;219;220;221;222;223;235;236;237;256;257;258;259;260;261;262;263;264;265;266;267;268;269;270;271;272;283;284;285;286;287;288;289;290;291;292;293;294;295;296;297;298;299;300;312;313;338;339;381;392;404;405;406;407;408;409;410;411;412;413;414;415;416;417;439;440;441;442;443;444;445;446;447;448;449;450;451;483;494;495;496;497;498;499;500
F72022,10,16,16,2036.179977009914,2000.0,36.179977009913955,10,178,178,53,29.436252117156982,28;29;40;41;42;43;44;45;46;47;48;49;50;51;52;53;54;55;56;57;58;59;60;75;86;87;88;89;90;91;92;93;94;95;96;97;98;99;100;101;102;103;104;105;106;107;108;109;121;142;143;144;145;146;158;177;178;179;180;181;182;183;184;185;186;187;188;189;190;191;192;193;194;195;206;207;208;209;210;211;212;213;214;215;216;217;218;219;220;221;222;234;235;246;247;248;249;250;251;252;253;254;255;256;257;258;259;260;261;262;263;264;265;266;267;268;269;284;285;286;287;299;300;301;302;303;304;315;316;317;318;319;320;321;322;323;324;325;326;327;328;329;330;331;332;333;334;335;336;337;338;350;377;378;379;391;392;393;394;395;396;397;398;418;419;420;421;422;423;424;425;426;461;486;497;498;499;500
F72022,10,17,17,2095.002546533266,2000.0,95.00254653326601,10,200,200,44,32.641520977020264,31;32;33;34;35;60;61;62;63;64;65;66;67;68;69;70;71;88;89;90;91;92;93;94;95;96;97;98;99;100;101;102;103;104;116;117;118;119;120;121;122;140;141;142;143;144;145;146;147;148;149;150;151;152;153;154;155;156;157;158;159;160;161;162;163;164;165;166;167;168;169;170;171;172;173;174;175;176;177;178;179;180;181;182;183;184;185;186;187;188;189;200;201;202;203;204;205;206;207;208;209;210;211;212;213;214;215;216;217;218;219;220;221;222;223;235;236;237;238;239;250;251;252;253;254;255;256;257;258;259;260;261;262;263;264;265;266;267;268;269;270;271;272;273;285;286;297;298;299;300;301;302;303;304;305;306;307;308;309;310;311;312;313;314;315;316;317;318;319;320;332;333;334;345;346;347;348;349;350;351;352;353;354;377;442;466;467;468;469;470;471;472;473;474;475;476;477;498;499;500
F72022,10,18,18,2106.3147932244424,2000.0,106.31479322444238,10,164,164,98,27.390081882476807,40;56;57;58;59;60;61;62;63;64;65;66;67;68;69;70;71;72;73;74;75;76;87;88;104;105;106;107;108;109;110;111;122;123;124;125;126;127;128;129;130;131;132;133;134;135;136;137;138;139;140;141;142;143;144;145;146;157;158;159;160;161;162;163;164;165;166;167;168;198;199;200;211;212;213;233;234;235;256;257;258;259;260;261;262;263;264;276;277;278;279;280;281;282;283;284;296;307;308;309;310;311;312;313;314;315;316;317;318;319;320;321;322;323;324;325;326;327;328;329;330;342;353;354;355;356;357;358;359;360;361;362;363;364;365;366;367;368;369;370;371;372;402;428;442;443;444;445;446;447;448;449;469;470;471;472;493;494;495;496;497;498;499;500
F72022,10,19,19,2024.877644727884,2000.0,24.87764472788399,8,220,220,60,35.63275074958801,27;28;29;30;31;32;33;34;35;36;37;38;39;40;41;64;65;66;67;68;69;70;71;72;73;74;75;76;77;78;79;80;81;82;83;84;85;86;87;88;89;90;91;92;93;94;95;96;115;116;117;118;119;130;131;132;133;134;135;136;137;138;139;140;141;142;143;144;145;146;147;148;149;150;151;152;164;165;166;167;168;169;170;181;182;183;184;185;186;187;188;189;190;191;192;193;194;195;196;197;198;199;200;201;202;203;204;216;217;218;219;220;221;222;223;224;225;236;237;238;239;240;241;242;243;244;245;246;247;248;249;250;251;252;253;254;255;256;257;258;259;271;272;288;289;290;291;292;293;294;295;296;297;298;299;300;301;302;303;304;305;306;307;318;319;320;321;322;323;324;325;326;327;328;329;330;331;332;333;334;335;336;337;338;339;340;341;353;364;365;366;367;368;369;370;371;372;373;374;375;376;377;378;379;380;381;419;420;431;432;433;434;435;436;437;449;450;497;498;499
F72022,10,20,20,2180.279141040589,2000.0,180.2791410405889,8,206,206,63,33.56549692153931,19;50;51;52;63;64;65;66;67;68;69;70;71;72;73;74;75;76;77;78;79;80;81;82;83;84;85;86;111;122;123;124;136;137;138;150;151;162;163;164;165;166;167;168;169;170;171;172;173;174;175;176;177;178;179;180;181;182;183;184;185;205;206;207;208;209;210;211;212;213;214;215;216;217;218;219;220;221;222;223;224;225;226;227;228;229;230;231;232;233;234;235;236;237;238;239;240;251;252;253;254;255;256;257;258;259;260;261;262;263;264;265;266;267;268;269;270;271;272;273;274;286;287;298;299;300;301;302;303;304;305;306;307;308;309;310;311;312;313;314;315;316;317;318;319;320;321;333;334;345;346;347;348;349;350;351;352;353;354;355;356;357;358;359;360;361;362;363;364;365;366;367;368;380;381;382;383;384;385;386;387;388;389;400;401;402;403;404;405;442;485;486;487;488;489;490;491;492;493;494;495;496;497;498;499;500
F72022,10,21,21,2217.0876991753835,2000.0,217.08769917538348,4,230,230,46,37.15014600753784,37;38;39;40;41;42;54;55;56;57;58;59;60;61;62;63;64;65;66;67;79;80;81;82;83;84;85;86;87;99;100;101;102;103;104;105;106;107;108;109;110;111;112;113;114;115;116;117;118;119;120;121;122;123;124;125;126;127;128;129;130;131;132;133;134;135;136;137;138;139;151;152;153;154;155;156;157;158;159;160;161;162;163;164;165;166;189;190;191;192;193;194;195;196;197;198;199;200;201;202;203;204;205;206;207;208;209;210;211;212;213;214;215;216;217;218;219;220;221;222;223;224;225;226;227;228;229;230;231;232;233;234;235;236;237;238;239;240;241;242;243;244;245;246;247;248;249;250;251;252;253;254;255;256;257;258;259;260;261;262;263;264;265;280;281;282;283;295;296;297;298;299;300;301;302;303;304;305;306;307;308;309;310;311;312;313;314;315;316;317;318;329;330;331;332;333;334;335;336;337;338;339;340;341;342;343;344;345;346;347;348;349;350;351;352;372;373;400;401;402;403;404;405;406;407;408;497;498;499;500
F72022,10,22,22,2089.3382382713494,2000.0,89.33823827134938,10,213,213,47,34.621914863586426,28;29;30;41;42;43;44;45;68;69;70;71;82;83;84;85;86;87;88;89;90;91;92;93;94;95;96;97;98;99;100;101;102;103;104;105;106;107;108;125;126;127;128;129;130;131;132;144;145;146;147;158;159;160;161;162;163;164;165;166;167;168;169;170;171;172;173;174;175;176;177;178;179;180;181;193;194;195;207;208;209;210;211;212;213;214;215;216;217;218;219;220;221;222;223;224;225;226;227;228;229;230;231;232;233;234;235;236;237;238;249;250;251;252;253;254;255;256;257;258;259;260;261;262;263;264;265;266;267;268;269;270;271;272;284;285;296;297;298;299;300;301;302;303;304;305;306;307;308;309;310;311;312;313;314;315;316;317;318;319;331;332;357;358;359;360;361;362;363;364;365;366;367;368;369;370;382;383;384;385;386;387;388;389;390;413;414;415;427;428;429;430;441;442;443;464;465;485;486;487;488;489;490;491;492;493;494;495;496;497;498;499;500
F72022,10,23,23,2251.2448818998423,2000.0,251.2448818998423,5,258,258,51,41.26108503341675,39;40;41;42;43;44;45;46;47;48;49;50;51;52;53;54;55;56;57;58;59;60;61;62;63;64;65;66;67;68;69;70;71;72;88;89;90;91;92;93;94;95;96;97;98;99;100;101;102;114;115;116;117;118;119;120;121;122;123;124;125;126;127;128;129;130;131;132;133;134;135;136;137;138;139;140;141;142;143;144;145;146;147;148;149;150;151;152;153;154;155;156;157;158;159;160;161;162;163;164;165;166;167;168;169;170;171;172;173;174;175;176;177;178;179;180;181;182;183;184;185;186;187;188;189;190;191;192;193;194;195;196;197;198;199;200;201;202;213;214;215;216;217;218;219;220;221;222;223;224;225;226;227;228;229;230;231;232;233;234;235;236;237;238;239;251;252;253;254;255;256;257;258;259;260;261;262;263;264;265;266;267;268;269;270;271;272;273;274;275;276;277;289;300;301;302;303;304;305;306;307;308;309;310;311;312;313;314;315;316;317;318;319;320;321;322;323;335;350;351;352;353;354;355;356;357;358;359;360;361;362;363;364;365;366;367;368;369;370;371;382;383;384;385;386;387;475;476;491;492;493;494;495;496;497;498;499;500
F72022,10,24,24,2092.4511441975,2000.0,92.45114419750007,7,262,262,63,41.89255905151367,16;17;18;19;20;21;22;23;24;25;26;27;28;29;44;60;61;62;63;64;65;66;67;68;69;70;71;72;73;74;85;86;87;88;89;90;91;92;93;94;95;96;97;98;99;100;101;102;103;104;105;106;118;119;120;121;122;123;124;125;126;127;128;129;130;131;132;133;134;135;136;137;138;139;140;141;142;143;144;145;146;147;148;149;150;151;152;153;154;155;156;157;158;159;160;161;162;163;164;165;166;167;168;169;170;171;172;173;174;175;187;188;189;190;191;192;212;213;214;215;216;228;229;230;231;232;233;234;235;236;237;238;239;240;241;242;243;244;245;246;247;248;249;250;251;252;253;254;255;256;257;258;259;260;261;262;263;264;265;266;267;268;269;270;271;272;273;274;275;276;277;278;279;280;281;282;283;284;285;286;287;288;289;300;301;302;303;304;305;306;307;308;309;310;311;312;313;314;315;316;317;318;319;320;321;322;323;324;335;336;337;338;339;340;341;342;343;344;345;357;358;359;376;377;378;379;380;381;382;383;384;385;386;387;388;389;390;391;392;393;394;405;406;407;408;409;410;411;412;413;414;415;416;417;418;419;420;421;422;480;499;500
F72022,10,25,25,2132.335200691199,2000.0,132.33520069119913,6,166,166,19,27.499046087265015,29;30;68;69;70;88;89;90;91;92;93;94;95;96;97;98;99;100;112;113;114;115;116;117;118;119;120;121;137;138;139;140;152;153;154;155;156;157;158;159;160;161;162;163;164;165;166;167;168;169;170;171;172;173;185;186;187;188;189;190;191;192;193;194;195;196;197;198;199;200;201;202;203;204;205;206;207;208;209;210;211;212;213;214;215;216;217;218;219;220;221;222;223;224;225;226;227;228;229;230;231;232;233;234;235;236;237;238;239;240;241;242;243;244;245;246;247;248;249;250;251;252;253;254;255;256;257;258;259;260;279;280;281;282;283;284;285;286;287;288;289;290;291;292;293;294;295;329;330;347;359;360;361;362;363;364;365;366;367;378;379;380;381;414;415;496
F72022,10,26,26,2055.6058045958644,2000.0,55.605804595864356,9,195,195,36,31.94138503074646,34;35;36;47;48;49;50;69;70;71;72;73;84;85;86;87;88;89;90;91;92;93;94;95;96;97;98;99;100;101;102;103;104;105;106;107;119;120;131;132;133;134;135;136;137;138;139;140;141;142;143;144;145;146;147;148;149;150;151;152;153;154;166;167;168;169;170;171;172;173;174;175;176;177;178;179;190;191;192;193;194;195;196;197;198;199;200;201;202;203;204;205;206;207;208;209;210;211;212;213;225;226;227;238;239;240;241;242;243;244;245;246;247;248;249;250;251;252;253;254;255;256;257;258;259;260;261;273;274;275;276;277;278;279;280;281;282;294;295;296;297;298;299;300;301;302;303;318;319;320;321;322;323;324;325;326;327;328;329;330;331;332;333;334;335;336;337;338;339;350;351;352;353;354;366;367;368;369;370;371;372;373;374;375;376;377;388;389;390;391;392;393;488;499;500
F72022,10,27,27,2205.722463239722,2000.0,205.72246323972195,8,178,178,53,29.31788420677185,25;40;56;57;58;59;60;61;62;84;85;86;87;88;89;90;91;92;93;94;95;96;97;98;99;100;101;102;103;104;105;125;126;127;128;129;130;131;132;133;134;135;136;137;138;139;152;153;154;155;156;157;158;159;160;161;162;163;164;165;166;167;168;169;170;171;172;173;174;175;176;177;178;179;180;181;182;193;194;195;196;197;198;199;200;201;202;203;204;205;206;207;208;209;210;211;212;213;214;215;216;228;229;230;231;242;243;244;245;246;247;248;249;250;251;252;253;254;255;256;257;258;259;260;261;262;263;264;265;277;288;289;290;291;292;293;294;295;296;297;298;299;300;301;302;303;304;305;306;307;308;309;310;311;334;345;346;347;364;365;366;367;368;369;389;390;391;392;393;394;395;396;435;436;463;464;465;466
F72022,10,28,28,2140.5327736379727,2000.0,140.5327736379727,10,170,170,145,28.20220398902893,26;51;52;53;54;55;73;84;85;86;87;88;89;90;91;92;93;94;95;113;124;125;126;127;128;129;130;131;132;133;134;135;136;137;138;139;140;141;142;143;144;145;146;147;148;149;150;161;162;163;164;165;166;167;168;169;170;171;172;173;174;175;176;177;178;179;180;181;182;183;184;196;207;208;209;210;211;212;213;214;215;216;217;218;219;220;221;222;223;224;225;226;227;228;229;230;242;255;256;257;258;259;260;261;262;263;264;265;266;267;268;269;270;271;272;273;274;275;276;277;288;289;290;291;292;293;294;295;296;297;309;310;311;312;313;324;325;326;327;328;329;330;354;365;366;367;368;369;370;371;372;373;374;375;376;377;378;379;380;381;382;383;384;385;386;387;388;400;401;493
F72022,10,29,29,2159.017116495707,2000.0,159.0171164957069,10,159,159,44,26.536996126174927,29;30;31;32;54;55;56;57;58;59;60;61;62;63;64;65;66;67;68;69;80;81;82;83;84;85;86;87;88;89;90;91;92;93;94;95;96;97;98;99;100;101;102;103;115;116;127;128;129;130;131;132;133;134;135;136;137;138;139;140;141;142;143;144;145;146;147;148;149;150;162;163;164;165;166;167;168;169;180;181;182;183;184;185;186;187;188;189;190;191;192;204;205;206;207;208;209;210;211;237;238;256;257;258;259;260;261;262;263;264;265;266;267;268;281;302;303;304;305;306;307;308;322;323;335;336;337;338;339;340;341;342;343;344;345;346;347;365;382;383;384;385;386;387;388;389;390;391;392;393;394;395;396;397;398;399;400;401;471
F72022,10,30,30,2044.0519294970306,2000.0,44.05192949703064,11,193,193,57,31.565850019454956,20;21;22;23;34;35;36;37;38;39;40;41;42;43;55;56;57;58;59;75;76;77;78;79;80;81;82;83;84;85;86;87;88;89;90;91;92;93;94;105;106;107;108;109;110;111;112;113;114;115;116;117;118;119;120;121;122;123;124;125;126;127;128;140;151;152;153;154;155;156;157;158;159;160;161;162;163;164;165;166;167;168;169;170;171;172;173;174;186;197;198;199;200;201;202;203;204;205;206;207;208;209;210;211;212;213;214;215;216;217;218;219;220;232;233;234;235;236;237;238;239;250;251;252;253;254;255;256;257;258;259;260;261;262;263;264;276;290;291;292;293;318;330;341;342;343;344;345;346;347;348;349;350;351;352;353;354;355;356;357;358;359;360;361;362;363;364;376;388;389;400;401;402;403;404;405;406;407;408;409;410;411;412;436;437;438;475;476;477;492;493;494;495
F82022,10,1,1,2292.4642888545377,2200.0,92.4642888545377,2,222,222,2,47.85418200492859,30;31;32;33;34;35;36;37;38;39;40;41;42;43;44;45;46;47;48;67;68;69;70;82;83;84;85;86;87;88;89;90;91;92;93;94;95;96;97;98;99;100;101;102;103;104;105;106;107;108;109;110;111;112;113;114;115;116;117;118;119;120;121;122;123;124;125;126;127;128;129;130;131;132;133;134;135;136;137;138;139;140;141;142;143;144;145;146;147;148;149;150;151;152;153;154;173;174;175;176;177;178;179;180;181;182;183;184;185;186;187;188;230;231;232;233;234;235;236;237;238;239;240;241;242;243;244;245;246;247;248;249;250;251;252;253;254;255;256;257;258;259;260;261;262;281;282;283;284;285;286;287;288;289;290;291;292;293;294;295;296;297;298;299;300;301;302;303;304;305;306;307;308;309;310;311;312;313;314;315;316;317;318;319;320;321;322;323;341;342;392;393;394;395;396;397;398;410;411;412;413;414;415;416;417;418;419;439;440;441;442;443;444;461;462;463;464;496;497;498;499;500
F82022,10,2,2,2628.8839445413996,2200.0,428.8839445413996,7,97,97,9,23.0626220703125,25;26;27;56;67;68;69;81;82;83;84;85;86;87;88;89;90;91;92;93;94;95;96;97;98;99;100;101;102;103;114;143;144;145;146;147;148;149;150;151;152;153;154;155;156;157;158;159;185;186;187;188;189;201;202;213;214;215;253;254;255;273;274;275;276;294;295;296;297;298;299;366;367;368;369;370;414;415;416;417;418;419;420;421;422;423;424;438;439;450;451;452;453;454;455;456;469
F82022,10,3,3,2359.2343191019386,2200.0,159.23431910193858,3,168,168,4,37.16615605354309,34;35;36;37;38;39;40;41;42;43;44;45;46;47;48;49;50;51;52;53;54;55;56;57;58;59;71;72;73;74;75;87;88;89;90;91;92;93;94;95;96;97;98;99;100;101;102;103;104;105;106;107;108;109;110;111;112;113;114;115;116;117;131;132;133;134;170;171;172;184;185;186;187;188;189;190;191;192;193;194;195;196;197;198;199;200;201;202;203;204;205;206;207;208;209;210;211;212;213;214;215;216;217;218;219;220;221;222;223;224;225;226;237;238;239;240;241;242;243;244;245;246;247;248;249;250;251;252;253;254;255;256;257;258;279;280;281;292;293;360;361;373;374;375;376;377;378;379;380;381;382;383;384;385;386;387;388;427;428;429;430;451;452;453;454;455;456;500
F82022,10,4,4,4013.3039730777177,2200.0,1813.3039730777177,6,165,165,8,36.64854598045349,18;19;20;21;22;23;24;25;26;27;28;29;30;31;32;33;34;35;36;37;38;39;40;41;42;43;44;45;62;63;64;86;87;88;99;100;101;102;103;104;105;106;107;108;109;110;111;112;113;114;115;116;117;129;130;131;132;133;134;135;136;137;138;139;140;152;153;154;155;156;157;158;181;182;183;184;185;186;187;188;189;190;191;192;193;194;195;196;197;198;199;200;201;202;203;204;205;206;232;233;234;235;236;256;257;258;259;260;261;262;263;264;265;277;278;289;290;291;292;293;307;308;309;310;311;312;313;314;336;337;338;339;340;341;342;343;344;345;346;347;359;360;361;362;363;375;376;377;378;379;380;381;396;397;414;415;416;417;418;419;430;431;432;433;500
F82022,10,5,5,2359.916172963649,2200.0,159.91617296364893,3,155,155,4,34.51908302307129,20;21;22;23;24;43;44;45;46;47;67;68;69;86;87;88;89;90;91;92;93;94;95;96;97;98;99;100;101;102;116;138;139;140;141;142;143;144;145;146;147;148;149;150;151;152;164;165;166;167;168;169;170;171;172;173;174;175;176;177;178;190;191;192;193;194;195;196;197;198;199;200;201;202;203;204;205;206;207;208;209;210;211;212;213;214;215;216;217;218;219;220;221;222;234;235;252;253;254;266;267;268;269;281;294;295;296;297;298;299;327;328;329;330;331;332;333;334;335;420;421;422;423;424;425;447;448;449;450;451;452;453;454;455;456;457;458;459;460;461;477;478;479;480;481;482;483;484;485;486;487;488;489;490;491
F82022,10,6,6,2805.22198856094,2200.0,605.2219885609402,5,97,97,7,23.178750038146973,13;14;15;28;29;30;31;32;47;59;60;61;62;63;64;65;77;78;90;106;107;108;109;110;111;112;113;114;115;116;131;132;133;134;135;136;137;148;149;150;151;152;153;165;166;167;168;169;170;171;172;184;185;186;187;188;189;190;191;208;209;210;211;212;213;214;215;216;217;218;219;220;221;222;246;344;345;346;357;407;425;426;427;428;429;430;431;432;433;493;494;495;496;497;498;499;500
F82022,10,7,7,2404.494151701548,2200.0,204.49415170154816,3,122,122,5,27.973784923553467,14;15;16;17;18;19;20;21;22;23;24;25;26;27;28;77;78;79;80;81;82;106;107;108;109;110;111;112;113;114;115;116;117;118;119;120;121;122;123;124;125;126;127;128;129;130;131;132;133;134;135;136;137;138;139;140;141;142;143;144;145;146;147;148;162;163;164;165;166;167;168;169;170;171;172;173;174;175;176;177;178;179;180;181;182;183;184;185;220;221;222;223;224;225;226;227;228;229;230;231;232;233;234;235;259;260;314;332;333;334;335;336;337;338;339;352;495;496;497;498;499;500
F82022,10,8,8,3238.470276824109,2200.0,1038.470276824109,7,151,151,10,33.83143496513367,14;15;16;17;18;19;20;21;22;23;24;25;26;27;28;29;30;31;32;33;34;35;36;50;51;52;53;54;55;56;57;58;59;60;61;62;63;64;65;66;67;79;80;81;82;83;84;95;96;97;98;99;100;101;102;103;104;118;119;120;121;122;123;124;125;126;127;128;129;130;131;132;133;134;135;136;147;148;149;150;151;152;164;165;166;167;168;169;170;171;172;173;174;175;176;177;178;179;180;181;182;183;184;185;186;187;188;189;190;203;222;223;224;225;226;227;228;229;230;251;252;253;254;255;256;257;258;259;260;261;262;263;264;265;266;267;268;269;270;271;272;317;318;319;320;321;322;402;403;404;405
F82022,10,9,9,2808.4598338320575,2200.0,608.4598338320575,2,144,144,8,32.380104064941406,37;38;39;40;41;42;43;54;55;56;57;58;59;60;61;62;63;64;65;66;95;96;97;109;110;111;112;113;114;115;116;117;118;119;120;121;122;123;134;135;136;137;138;139;151;152;153;154;155;156;157;158;159;160;161;173;174;175;176;177;178;179;180;181;182;183;184;185;186;187;188;189;190;202;203;204;205;206;207;208;209;210;211;212;213;214;215;216;217;218;219;220;221;222;234;235;236;237;238;239;240;241;242;243;244;245;246;247;248;249;250;251;252;287;288;300;301;341;342;343;433;434;435;436;437;438;439;440;441;442;443;444;445;446;447;448;449;450;451;452;453;454;455;456
F82022,10,10,10,3087.6499795762825,2200.0,887.6499795762825,3,262,262,4,56.04648208618164,17;18;19;20;21;22;41;42;43;44;45;46;47;48;49;50;51;52;53;54;73;74;75;76;77;78;79;80;81;82;83;84;85;86;87;88;89;90;91;92;93;94;95;96;97;98;99;100;101;102;103;104;105;106;107;108;109;110;111;112;113;114;115;116;117;129;130;131;132;133;134;135;136;137;138;139;140;141;142;143;144;145;146;147;148;149;150;151;152;153;154;155;156;157;158;159;160;161;162;163;164;165;166;167;168;169;170;171;172;173;174;175;176;177;178;179;180;181;182;183;184;185;186;187;188;189;190;191;192;193;194;195;196;197;198;199;200;201;202;203;204;205;206;207;208;209;210;211;212;213;214;215;216;229;230;231;232;233;234;235;236;237;238;239;240;241;242;243;244;245;246;247;248;260;261;262;263;264;265;266;267;268;269;270;271;272;273;274;275;276;277;278;279;280;281;282;283;284;285;299;300;301;302;303;304;305;306;307;308;309;310;311;312;313;314;315;316;317;318;319;320;321;322;323;324;325;326;327;328;329;330;331;332;333;354;355;369;370;382;383;384;385;386;387;388;389;390;391;392;393;394;395;396;397;441;442;443;444;445;457;499;500
F82022,10,11,11,2268.1779824725136,2200.0,68.17798247251358,1,193,193,1,42.35424780845642,13;14;15;40;41;42;43;44;45;46;47;48;49;50;51;52;53;54;55;56;57;58;59;60;61;62;63;64;65;66;67;68;69;70;71;72;73;74;75;76;77;78;79;80;81;82;83;84;85;86;87;88;89;90;91;92;93;94;95;96;97;98;99;100;101;102;103;104;105;106;107;108;121;122;123;124;125;126;127;139;140;141;142;143;144;145;146;147;159;160;161;162;163;164;165;166;181;182;183;184;185;186;187;188;189;190;191;192;193;194;195;196;197;198;199;200;201;202;203;204;205;206;207;208;209;210;211;212;213;214;215;216;217;218;219;220;221;222;223;224;225;226;227;228;229;230;231;232;233;234;235;236;237;238;239;240;241;242;243;244;245;246;247;248;249;250;251;252;253;254;255;266;267;268;312;313;314;315;316;317;439;440;441;442;443;493;494;495;496;497;498;499;500
F82022,10,12,12,3028.99534428787,2200.0,828.99534428787,5,83,83,5,20.370811939239502,12;43;44;45;46;47;48;49;50;51;63;64;65;66;67;68;69;70;71;72;73;74;75;76;77;78;79;80;81;82;93;94;95;96;116;117;118;131;132;133;134;153;165;166;178;179;180;203;204;205;206;207;208;209;210;211;212;213;214;215;216;217;239;240;241;242;243;244;245;261;262;263;264;265;266;300;301;318;319;320;321;322;442
F82022,10,13,13,2239.2612022638373,2200.0,39.261202263837276,3,301,301,6,63.83900690078735,24;25;26;45;46;47;48;64;65;66;67;68;69;70;71;72;73;74;75;76;77;78;79;80;81;82;83;84;85;86;87;88;89;90;91;92;93;94;95;96;97;98;99;100;101;102;103;104;105;106;107;108;109;110;111;112;123;124;125;126;127;128;129;130;131;132;133;134;135;136;137;138;139;140;141;142;143;144;145;146;147;148;149;150;151;152;153;154;155;156;157;158;159;160;161;162;163;164;175;176;177;178;190;191;192;193;194;195;196;197;198;199;200;201;202;203;204;205;206;207;208;209;210;211;212;213;214;215;216;217;218;219;220;221;222;223;224;225;226;227;239;240;241;242;243;244;245;246;247;248;249;250;251;252;253;254;255;256;257;258;259;260;261;262;263;264;265;266;267;268;269;270;271;272;273;274;275;276;277;278;279;280;281;282;283;284;285;286;287;288;289;290;291;292;293;294;295;296;297;298;299;300;301;302;303;304;305;306;307;308;309;310;311;312;313;314;315;316;317;318;319;320;321;322;323;324;325;326;327;328;329;330;331;332;333;334;335;336;337;338;339;340;341;342;343;344;345;346;347;348;349;350;351;352;353;354;355;356;357;358;369;370;371;372;373;374;375;376;377;378;379;380;381;382;383;384;385;386;387;388;389;390;402;403;404;405;406;407;408;409;410;411;412;413;434;435;436;451;452;499;500
F82022,10,14,14,2262.4745016720253,2200.0,62.474501672025326,4,163,163,8,36.317407846450806,18;19;20;21;22;23;24;25;26;27;28;58;59;60;61;62;63;84;85;86;87;98;99;100;101;102;103;104;105;106;107;108;109;110;111;112;113;114;115;116;117;118;119;120;121;122;123;124;125;126;127;128;129;130;131;132;133;134;135;136;137;138;153;154;155;156;157;158;177;178;179;180;181;182;183;215;216;217;218;219;220;221;222;223;224;225;226;227;228;240;241;242;243;244;245;246;247;248;249;250;251;252;253;254;255;256;257;258;259;260;289;290;291;292;293;294;305;318;319;320;321;322;323;324;325;326;327;351;352;353;354;355;356;357;358;359;360;361;362;363;364;365;366;367;368;369;370;371;372;373;414;415;416;417;418;419;420;421;422;449;450;451;500
F82022,10,15,15,2477.8460798130654,2200.0,277.84607981306544,5,214,214,6,46.498053789138794,31;32;33;34;51;52;53;54;55;56;57;58;59;60;61;62;90;91;92;93;94;95;96;97;113;114;115;116;117;128;129;130;131;132;133;134;135;136;137;138;139;140;141;142;143;144;145;146;147;148;149;150;151;152;153;154;165;166;167;168;169;170;171;172;173;174;175;176;177;178;179;180;181;182;183;184;185;186;187;188;215;216;217;218;219;220;221;222;223;224;225;226;238;239;240;241;242;243;244;245;246;247;248;249;250;251;252;253;254;255;268;269;270;281;282;283;284;285;286;287;288;289;290;291;292;293;294;295;296;297;298;299;300;301;302;303;304;305;306;307;308;309;310;311;312;313;314;315;316;317;318;319;320;321;322;323;324;325;326;327;328;329;330;331;332;333;334;335;336;337;338;339;340;341;342;343;344;345;346;347;348;349;350;351;352;353;385;397;398;399;400;401;402;403;404;405;406;407;408;409;410;411;412;413;414;492;493;494;495;496;497;498;499;500
F82022,10,16,16,2438.5647101965055,2200.0,238.56471019650553,2,147,147,2,33.124672651290894,32;33;34;35;36;37;38;39;40;41;42;43;44;45;46;47;48;49;50;68;69;70;71;72;73;74;86;87;88;89;90;91;92;93;94;95;96;97;109;110;111;112;113;114;115;116;117;118;119;120;121;122;123;124;125;126;127;128;129;130;131;132;143;144;145;157;158;159;160;161;162;163;164;165;166;167;168;169;184;185;186;187;188;189;190;191;192;193;194;206;207;208;209;210;211;212;213;214;230;252;253;254;255;287;288;305;337;338;339;340;341;342;343;344;345;346;400;401;402;403;404;405;406;407;408;409;410;411;412;413;414;415;416;417;418;419;431;432;433;434;435;495;496;497;498;499;500
F82022,10,17,17,2259.7095641296764,2200.0,59.70956412967644,5,226,226,5,48.82938075065613,20;21;22;23;24;25;26;27;28;29;30;31;75;76;77;78;79;80;81;82;83;84;85;86;87;88;89;90;91;92;93;94;95;96;97;98;99;100;101;102;103;104;105;106;107;108;109;110;111;112;113;114;115;116;117;118;119;120;121;122;123;124;125;137;138;139;140;141;142;143;144;145;156;157;158;159;160;161;162;163;164;165;166;167;168;169;170;171;172;173;174;175;176;177;178;179;191;202;203;204;205;206;207;208;209;210;222;223;224;225;226;227;228;229;230;231;232;233;234;235;236;237;238;239;240;241;242;243;244;245;246;247;248;249;250;251;252;253;264;265;266;267;268;269;270;271;272;273;274;275;276;277;278;279;280;281;282;283;284;285;286;287;299;300;301;302;303;304;305;306;307;308;309;310;311;312;313;314;315;316;317;318;332;333;334;335;336;337;348;349;350;351;352;353;354;355;356;357;358;359;360;361;362;363;364;365;366;367;368;369;370;371;383;384;385;386;387;388;389;390;414;415;416;417;493;494
F82022,10,18,18,2722.024121161522,2200.0,522.0241211615221,5,143,143,7,32.311848878860474,20;21;22;23;24;25;26;27;28;29;40;41;42;43;44;45;46;47;48;49;50;62;63;64;85;86;87;88;89;107;108;109;110;111;112;113;114;115;116;117;118;119;120;121;122;123;124;135;136;137;138;139;140;141;142;143;144;145;146;147;148;149;150;151;152;153;154;155;156;157;158;159;190;213;214;215;216;217;218;219;220;221;222;223;224;225;237;238;250;251;252;253;254;255;256;257;258;259;260;261;262;263;264;265;266;267;268;269;270;271;272;273;274;275;276;277;278;279;280;302;303;304;305;306;307;308;309;310;311;312;368;414;415;416;417;418;451;452;453;454;455;456;457
F82022,10,19,19,2232.206536458226,2200.0,32.206536458225855,7,232,232,16,50.07603096961975,25;26;27;28;29;30;31;32;33;34;45;46;47;48;49;50;51;52;53;54;55;56;57;58;59;60;61;62;63;64;65;66;67;68;69;70;71;72;73;74;75;76;77;78;79;80;81;82;83;84;85;86;87;88;89;90;91;92;93;104;105;106;107;108;109;110;111;112;113;114;115;116;117;118;119;120;121;122;123;124;125;126;127;128;129;130;131;132;133;134;135;136;137;138;149;150;151;152;153;154;155;156;157;158;159;160;161;162;163;164;165;166;167;168;169;170;171;172;184;185;186;187;188;189;190;191;192;193;194;195;196;197;198;199;200;201;202;203;204;205;206;207;208;209;210;211;212;213;214;226;227;228;229;230;231;232;233;234;235;236;237;238;239;240;241;242;243;244;245;246;247;248;249;250;251;252;253;254;255;256;267;268;269;270;271;272;273;274;275;276;277;278;279;280;281;282;283;284;285;286;307;308;309;310;311;312;313;314;329;330;331;332;333;345;346;347;348;364;365;366;367;368;369;370;371;372;373;374;497;498;499;500
F82022,10,20,20,2306.4599102766047,2200.0,106.45991027660466,3,259,259,3,55.37505006790161,30;45;46;47;48;59;60;61;62;63;64;65;66;67;68;69;70;71;72;73;74;75;76;77;78;79;80;81;82;83;84;85;86;87;88;89;90;91;92;93;94;95;96;97;98;99;100;101;102;103;104;105;106;107;108;109;110;111;112;113;114;115;116;117;118;119;120;121;122;123;124;135;136;137;138;139;140;141;142;143;144;145;146;147;148;149;150;151;152;153;154;155;156;157;158;159;160;161;162;163;164;165;166;167;168;169;170;171;172;173;174;175;176;177;178;179;180;181;182;183;184;185;186;187;188;189;190;191;192;193;194;195;196;197;198;199;200;201;202;203;204;205;206;207;208;209;210;211;212;213;214;248;249;250;251;252;253;254;255;256;257;258;259;260;261;262;263;264;265;266;267;268;269;270;271;272;273;274;275;276;277;278;279;280;281;309;310;311;312;313;325;326;327;328;329;330;331;343;344;345;346;347;348;349;350;361;362;363;364;365;366;384;385;386;387;388;389;390;391;392;393;394;395;396;397;398;399;411;412;413;414;415;416;417;418;419;420;421;422;423;424;425;426;427;428;429;430;431;432;433;434;435;436;448;449;450;451;452;453
F82022,10,21,21,2388.8069142030436,2200.0,188.80691420304356,3,156,156,3,34.880757093429565,14;15;16;17;18;19;20;21;22;23;75;76;77;78;79;80;81;82;83;84;85;86;87;104;105;106;107;108;109;110;111;112;113;114;115;116;129;130;131;132;143;144;145;146;147;148;170;171;172;173;174;175;176;177;178;179;180;181;182;183;184;185;186;187;188;189;190;191;192;193;205;206;207;208;209;235;259;270;271;272;273;274;275;276;277;278;279;280;281;282;283;284;285;297;324;325;326;327;328;342;343;344;345;346;347;348;349;350;351;352;353;354;355;356;357;358;359;360;361;362;363;364;365;366;367;368;369;370;371;372;373;374;375;376;377;390;391;392;393;394;409;410;411;412;413;414;425;426;427;428;429;430;431;432;433;434
F82022,10,22,22,2769.5699077399167,2200.0,569.5699077399167,3,189,189,4,41.49101781845093,22;23;24;25;26;27;28;29;30;31;32;33;34;35;36;37;38;39;40;41;54;55;56;57;58;59;60;61;62;63;64;65;66;67;68;69;70;71;72;73;74;75;76;77;78;79;80;81;82;83;84;85;86;116;117;118;119;120;121;132;133;134;135;136;137;138;139;140;141;142;143;144;145;146;147;148;149;150;151;152;153;154;155;156;168;169;170;171;172;173;174;175;176;177;178;179;180;181;182;183;184;185;186;187;188;199;200;201;202;203;204;205;206;207;208;209;210;211;212;213;214;215;216;217;218;219;220;221;222;234;235;236;237;238;239;240;241;242;243;244;245;246;247;248;293;294;295;296;297;298;299;300;301;302;303;304;305;316;317;318;319;320;321;322;323;324;325;326;327;328;355;399;423;424;425;426;427;428;429;430;431;432;433;434;435;436;437;438;439
F82022,10,23,23,2373.1857721138185,2200.0,173.18577211381853,4,125,125,8,28.648513793945312,21;22;23;24;25;26;27;28;29;30;31;32;33;34;35;36;37;38;39;40;41;42;43;67;86;87;88;89;90;91;92;93;94;95;96;97;98;99;100;101;102;103;114;115;116;117;118;119;120;121;122;123;124;125;126;127;139;140;141;142;143;144;159;160;161;162;163;164;165;166;167;168;169;170;171;172;173;174;186;187;188;189;212;224;225;226;227;228;229;230;231;232;233;234;235;236;237;238;239;240;241;242;243;244;245;246;247;248;249;250;271;272;273;274;275;276;298;333;396;397;398;399;400;401;402
F82022,10,24,24,2497.9670553942974,2200.0,297.9670553942974,5,169,169,10,37.560372829437256,27;28;29;30;41;42;43;44;45;46;47;48;49;50;51;52;53;54;55;56;57;58;59;60;61;62;63;64;65;66;67;68;69;70;71;82;83;84;85;86;87;88;89;90;91;92;93;94;95;96;97;98;99;100;101;102;103;104;105;106;107;108;109;110;111;112;113;114;115;116;117;128;129;130;131;132;133;167;168;169;180;214;215;216;217;218;219;220;221;222;223;224;225;226;227;228;229;230;231;232;233;234;235;236;237;238;239;240;241;242;243;244;245;246;247;248;249;261;272;273;274;275;276;277;278;279;280;281;282;283;284;285;330;331;332;333;358;359;360;361;362;363;364;365;366;367;368;369;370;371;372;373;374;375;376;414;415;416;417;418;419;420;421;422;423;424;425;426;438
F82022,10,25,25,2705.043119243408,2200.0,505.043119243408,5,124,124,9,28.51362705230713,31;32;33;34;35;36;37;38;39;57;58;59;60;61;62;63;64;65;66;67;68;69;70;71;72;73;74;75;76;97;98;99;100;101;102;103;104;105;106;107;108;109;110;111;112;113;114;115;116;117;118;119;120;121;122;123;124;125;126;127;128;129;130;131;132;133;134;135;136;137;138;139;140;141;142;143;144;145;146;147;148;149;150;151;152;153;154;155;156;157;158;159;160;161;162;163;164;165;176;177;178;179;180;181;182;183;184;196;197;198;199;200;201;202;203;204;222;223;224;225;267;286;287;288
F82022,10,26,26,3997.5686167429894,2200.0,1797.5686167429894,4,157,157,5,35.08526015281677,59;60;61;62;63;64;65;66;95;96;97;98;99;100;101;102;103;104;105;106;119;131;132;133;134;135;136;153;154;155;156;157;158;159;160;161;162;163;164;165;166;167;168;169;170;171;172;173;174;175;176;177;178;179;180;181;182;183;184;185;186;187;188;189;222;223;224;241;242;243;255;256;257;258;259;260;261;262;263;264;265;266;267;268;269;270;271;272;284;285;286;287;288;289;290;291;292;293;294;295;296;297;298;299;300;301;302;303;348;349;350;367;368;369;370;395;396;397;398;399;400;401;402;403;404;405;406;437;438;439;440;441;442;443;444;445;446;447;448;449;450;451;452;453;454;455;456;457;458;459;460;461;462;463;464;465;466
F82022,10,27,27,2373.0782114910025,2200.0,173.07821149100255,4,91,91,4,21.923160076141357,28;29;30;31;32;33;34;45;46;47;48;49;50;51;52;53;54;55;56;57;58;59;60;61;62;63;64;65;66;67;68;69;70;71;72;73;74;75;76;91;92;93;94;95;96;125;126;127;128;129;130;131;132;133;134;135;136;151;181;182;183;184;185;186;187;188;189;190;191;192;193;194;195;196;223;224;225;226;262;263;275;276;277;289;290;291;292;293;373;374;456
F82022,10,28,28,2328.546102281469,2200.0,128.54610228146885,3,153,153,5,34.216304063797,20;21;22;23;34;35;36;37;38;39;40;41;42;43;44;45;46;47;48;49;50;51;52;53;54;55;56;57;58;59;60;61;62;63;64;65;66;67;68;69;70;71;72;73;74;75;76;77;78;79;80;81;82;83;84;85;86;127;145;146;147;148;149;150;151;152;153;154;155;156;157;158;159;160;161;162;163;176;177;178;179;180;181;182;183;184;185;186;204;205;206;207;208;238;239;240;241;242;243;244;271;272;311;312;313;314;315;316;352;353;354;355;356;357;358;359;360;361;372;373;374;375;376;377;378;379;380;381;382;383;384;385;386;387;388;389;390;391;392;393;394;395;436;437;438;439;440;441;442;443;444;499;500
F82022,10,29,29,3246.5603150097795,2200.0,1046.5603150097795,5,160,160,10,35.77457094192505,39;40;41;42;43;44;45;46;47;48;59;60;61;62;63;64;65;66;67;80;81;82;83;84;96;97;98;99;100;101;102;103;104;105;106;107;108;109;110;111;112;113;114;115;116;117;118;119;120;121;122;123;124;125;126;127;128;129;130;131;132;133;134;135;136;137;138;139;140;141;152;153;154;155;156;157;158;159;160;161;162;163;164;165;166;167;168;169;170;171;172;185;186;187;199;200;201;202;203;204;205;206;207;208;219;220;221;222;223;224;225;242;243;244;245;246;247;248;249;250;251;252;253;254;266;267;268;269;270;271;272;273;274;275;276;277;278;303;304;305;306;307;308;309;310;311;312;313;314;315;331;332;333;351;352;390;391;392;393;414
F82022,10,30,30,3747.571644252318,2200.0,1547.571644252318,4,143,143,5,32.23476600646973,30;31;32;44;45;46;47;59;60;61;62;63;64;65;66;67;68;69;70;71;72;73;74;75;76;77;78;98;122;123;124;125;126;127;128;129;130;131;132;133;134;146;178;179;180;181;182;183;184;185;197;198;210;211;212;213;214;215;238;239;240;241;242;254;255;256;257;258;259;260;261;262;263;280;281;282;295;296;297;298;313;314;315;316;317;318;319;320;321;333;334;335;336;337;338;339;340;341;342;343;344;345;346;347;348;349;350;351;352;353;354;355;356;357;358;370;371;372;373;374;375;376;377;378;379;397;398;399;400;401;402;403;404;491;492;493;494;495;496;497;498;499;500
F92022,10,1,1,2335.721272280462,2300.0,35.72127228046202,7,51,51,24,3.871976852416992,71;92;93;94;95;96;97;98;99;100;101;102;103;104;116;133;134;135;136;137;138;139;140;141;163;243;244;245;246;265;266;267;268;269;270;307;308;330;331;332;333;334;335;336;351;485;486;487;488;489;490
F92022,10,2,2,2311.476576848798,2300.0,11.476576848797777,8,65,65,53,4.6285669803619385,37;65;93;117;118;119;120;121;122;123;124;125;126;127;160;185;186;187;188;189;190;191;192;193;194;206;217;218;219;220;221;222;223;224;225;226;227;239;240;241;253;254;255;256;257;271;272;284;285;303;304;305;306;307;308;322;352;481;494;495;496;497;498;499;500
F92022,10,3,3,2796.2791626755143,2300.0,496.27916267551427,6,75,75,41,5.165329933166504,63;64;102;113;114;115;116;117;118;119;120;121;133;134;135;136;137;148;149;162;163;164;165;166;167;168;169;170;171;172;173;174;175;189;190;191;192;193;194;195;196;209;228;229;230;231;242;243;244;245;246;247;248;249;250;251;252;253;254;255;256;257;258;259;260;261;262;263;264;265;266;284;285;306;307
F92022,10,4,4,2321.754528494099,2300.0,21.75452849409885,7,88,88,48,5.8827409744262695,89;106;107;108;109;110;133;134;147;148;149;150;151;152;153;154;155;156;157;158;159;160;161;162;163;164;165;166;167;168;169;180;181;182;183;184;185;186;187;188;189;190;191;192;193;194;195;196;197;198;199;200;201;202;203;204;217;218;219;220;221;222;223;224;225;286;287;298;299;300;301;302;303;304;316;317;318;319;320;321;322;323;324;325;326;327;328;486
F92022,10,5,5,2804.8434577687262,2300.0,504.84345776872624,6,32,32,20,2.8552181720733643,29;40;41;42;58;81;82;83;112;113;114;115;116;117;118;249;264;265;266;267;268;269;270;271;272;273;274;275;298;299;490;491
F92022,10,6,6,2786.2726455509446,2300.0,486.2726455509446,8,59,59,34,4.301268100738525,56;57;84;85;86;87;88;89;90;91;105;106;107;108;165;186;187;188;189;190;191;192;193;194;195;196;197;198;199;200;201;221;222;223;224;225;226;227;228;229;230;231;232;233;234;235;236;345;346;347;366;367;368;405;416;417;488;489;500
F92022,10,7,7,2328.3224355443226,2300.0,28.322435544322616,10,85,85,56,5.719677925109863,45;46;62;63;64;76;77;78;79;80;81;92;93;94;95;96;97;98;110;111;112;113;114;115;116;117;118;119;130;131;132;133;134;135;136;137;138;139;140;141;142;143;144;145;146;147;148;149;150;151;152;153;154;155;156;157;188;189;190;191;192;210;211;212;213;214;215;216;217;218;219;220;221;222;223;238;257;258;270;271;272;273;329;372;481
F92022,10,8,8,2333.7804681844245,2300.0,33.780468184424535,6,43,43,28,3.4326839447021484,69;70;81;82;83;84;85;86;87;88;89;90;91;92;93;94;95;96;97;98;99;100;101;119;150;174;175;186;187;188;189;190;191;192;193;194;195;208;209;210;250;251;486
F92022,10,9,9,2742.199476551577,2300.0,442.19947655157694,7,49,49,16,3.757840156555176,30;31;51;52;95;96;97;98;99;100;111;112;127;128;129;130;147;148;170;171;172;173;174;175;176;177;178;179;201;202;203;221;222;223;224;254;255;256;257;268;269;291;292;322;323;324;345;346;500
F92022,10,10,10,2775.2202323716183,2300.0,475.2202323716183,9,99,99,34,6.477340221405029,60;61;90;91;92;93;94;95;96;97;98;99;100;111;112;124;125;126;127;128;129;130;131;132;133;134;135;136;137;138;139;140;141;142;163;164;165;166;167;168;169;170;171;172;173;174;175;187;188;189;190;191;192;193;204;205;206;207;208;209;210;211;212;247;248;249;250;267;279;280;281;282;283;284;285;329;354;365;366;367;368;369;370;371;372;373;374;375;376;377;378;379;380;406;407;436;437;482;483
F92022,10,11,11,2336.8721578098152,2300.0,36.872157809815235,5,35,35,13,3.0137381553649902,17;18;19;20;21;22;23;141;142;143;160;161;162;163;164;176;177;191;460;461;482;483;484;485;486;487;488;489;490;491;492;493;494;495;496
F92022,10,12,12,2338.3533405056874,2300.0,38.353340505687356,5,56,56,35,4.145549058914185,30;31;42;43;44;45;46;47;48;49;50;51;52;53;54;55;56;57;58;59;100;155;174;175;176;177;178;179;180;197;208;209;210;211;212;213;214;215;216;217;218;219;220;221;222;223;224;225;226;227;228;229;230;231;232;243
F92022,10,13,13,2699.7024711016793,2300.0,399.7024711016793,8,109,109,62,7.004981756210327,44;62;63;74;75;76;77;89;90;91;92;93;94;95;110;121;122;123;124;125;126;127;128;129;130;131;132;133;134;135;136;137;138;139;140;141;142;143;144;145;146;147;161;162;163;164;165;166;167;168;169;170;171;172;173;174;175;176;177;178;179;180;181;182;193;194;195;196;197;198;199;200;201;202;203;204;205;206;207;208;220;231;232;233;234;235;236;237;238;239;240;241;266;294;295;296;336;337;364;365;366;367;368;369;370;487;498;499;500
F92022,10,14,14,2794.822798924599,2300.0,494.8227989245988,10,131,131,55,8.194262981414795,21;22;38;39;40;41;42;43;75;86;127;138;139;140;141;142;143;144;145;146;147;148;149;150;151;152;153;154;155;156;157;158;159;160;161;162;180;181;182;183;184;185;186;187;188;189;190;191;192;193;194;195;196;197;209;210;211;212;213;214;215;216;217;218;219;220;221;222;223;224;240;241;252;253;254;255;256;257;258;259;260;261;262;263;264;265;266;267;268;280;281;292;293;294;295;296;297;298;299;320;321;341;342;343;344;345;346;347;348;349;350;351;352;353;354;355;356;382;406;407;436;473;488;489;490;491;492;493;494;495;496
F92022,10,15,15,2802.159753740726,2300.0,502.15975374072605,10,191,191,108,11.427949905395508,47;48;59;60;61;62;63;64;65;66;67;68;69;70;71;72;73;74;75;76;77;78;79;80;81;82;83;84;99;100;101;102;103;104;105;106;107;108;109;110;111;112;113;114;131;132;143;144;145;146;147;148;149;150;151;152;153;154;155;156;157;158;159;160;161;162;163;164;165;166;167;168;179;180;181;182;183;184;185;186;187;188;189;190;191;192;193;194;195;196;197;198;199;200;201;202;203;214;215;216;217;218;219;220;221;222;223;224;225;226;227;228;229;230;231;232;233;234;235;236;237;238;249;250;251;252;253;254;255;256;257;258;259;260;261;262;263;264;265;266;267;268;269;270;271;272;273;274;275;276;287;288;289;290;291;292;293;294;295;296;297;298;299;300;301;302;303;304;305;306;307;308;309;310;311;312;323;324;325;326;327;328;329;344;345;346;347;370;371;372;384
F92022,10,16,16,3013.131410940502,2300.0,713.1314109405021,11,132,132,80,8.272109031677246,34;58;59;60;61;62;63;64;65;66;67;68;69;88;89;90;91;92;93;94;95;96;97;98;99;100;101;102;103;104;105;116;117;118;119;120;121;122;123;124;125;126;127;128;129;130;131;132;133;134;135;136;171;218;229;230;231;232;233;234;235;236;237;238;239;240;241;242;243;244;245;246;247;248;249;250;251;252;253;274;275;313;324;325;326;327;328;329;330;331;332;333;334;335;336;337;338;339;340;341;353;354;370;371;372;373;385;386;387;388;389;390;416;417;418;419;420;421;422;423;424;425;426;492;493;494;495;496;497;498;499;500
F92022,10,17,17,2313.592854271342,2300.0,13.592854271341821,7,43,43,24,3.4472429752349854,71;72;84;85;86;87;88;100;137;182;183;203;204;205;206;207;208;209;210;211;223;236;237;238;239;240;252;253;254;255;256;257;258;259;260;282;283;284;285;286;287;305;492
F92022,10,18,18,2315.9140850472713,2300.0,15.914085047271328,7,68,68,52,4.7941412925720215,60;71;72;73;74;75;76;77;78;79;80;81;101;137;138;155;156;157;158;159;171;172;173;195;196;197;198;199;200;201;202;203;204;205;206;207;208;221;222;223;224;242;243;244;245;246;247;248;249;250;251;252;253;254;255;256;257;258;259;270;271;272;273;274;275;325;351;352
F92022,10,19,19,2758.0481181257683,2300.0,458.04811812576827,7,45,45,23,3.5467658042907715,23;46;101;137;138;139;150;151;152;153;154;155;156;157;158;159;160;161;162;163;164;194;218;219;220;221;222;223;224;225;226;227;228;229;230;231;245;246;247;325;490;491;492;493;494
F92022,10,20,20,2308.4527462471815,2300.0,8.452746247181494,5,70,70,28,4.890779256820679,121;134;135;136;137;138;139;140;141;142;143;144;145;146;147;178;201;202;203;204;205;206;207;208;209;210;211;212;213;224;225;226;227;228;229;230;231;232;244;245;246;247;259;270;271;272;273;274;275;276;277;278;279;280;281;282;283;284;285;286;287;288;289;290;291;292;293;306;307;331
F92022,10,21,21,2754.808053170683,2300.0,454.8080531706828,8,82,82,31,5.5648109912872314,59;70;71;72;73;74;75;76;77;78;79;80;81;105;106;133;144;145;146;147;148;149;150;151;163;164;184;185;186;187;198;199;200;201;202;203;204;205;206;229;257;258;259;260;261;274;285;286;287;288;289;290;291;303;304;305;306;307;308;309;320;321;322;334;335;336;337;338;339;340;341;342;343;344;345;346;347;348;380;381;382;383
F92022,10,22,22,2789.831363476411,2300.0,489.83136347641084,8,101,101,31,6.585840702056885,40;41;42;43;55;111;168;169;170;181;182;183;184;185;186;187;188;189;190;191;192;193;194;195;196;197;198;199;200;201;202;203;204;205;206;207;208;209;210;211;233;234;235;236;237;238;239;251;252;253;264;265;266;267;268;269;270;271;272;273;274;275;276;277;278;279;280;281;282;283;284;285;286;302;313;314;315;316;317;318;319;320;321;322;334;335;336;337;338;350;351;352;364;365;416;417;418;419;420;421;495
F92022,10,23,23,2318.038343174231,2300.0,18.03834317423116,7,52,52,32,3.941756010055542,54;74;75;76;96;117;118;119;120;121;122;123;124;125;137;148;149;150;162;163;164;165;166;167;179;196;197;198;199;200;201;202;203;204;205;206;207;208;209;210;211;212;213;227;247;258;259;260;261;346;493;494
F92022,10,24,24,2771.629260517404,2300.0,471.62926051740396,8,72,72,34,5.004167795181274,42;43;54;55;56;57;58;59;60;61;62;63;81;82;111;112;113;114;115;161;162;163;187;188;189;190;191;192;193;194;195;196;197;198;199;200;201;202;224;225;226;227;248;259;260;261;262;263;264;288;305;306;307;308;309;310;311;312;377;378;379;392;468;469;483;484;485;486;487;488;489;490
F92022,10,25,25,2308.8176022689754,2300.0,8.817602268975406,8,65,65,28,4.634920835494995,102;103;124;125;126;127;128;129;130;131;132;133;134;135;147;158;159;160;161;173;174;186;235;261;262;263;264;265;266;267;268;269;270;298;299;300;301;302;303;304;305;306;307;308;309;310;326;327;328;329;330;331;332;350;361;362;363;364;365;483;484;497;498;499;500
F92022,10,26,26,2331.50228331643,2300.0,31.50228331642984,9,97,97,55,6.384483098983765,50;71;109;120;121;157;158;169;170;171;172;173;174;175;176;203;214;215;216;217;218;219;220;221;222;223;224;225;226;227;228;229;230;231;232;233;234;235;236;237;238;239;240;241;259;260;261;262;263;264;265;266;267;268;269;270;271;272;273;274;275;276;277;292;293;294;295;296;297;298;299;300;301;302;303;341;377;378;379;473;484;485;486;487;488;489;490;491;492;493;494;495;496;497;498;499;500
F92022,10,27,27,2733.9923955766317,2300.0,433.9923955766317,6,63,63,36,4.5357301235198975,59;60;61;102;103;104;105;106;107;118;119;120;121;122;123;124;125;126;127;128;129;130;145;157;158;170;171;172;173;174;175;176;177;178;179;180;191;192;193;194;195;196;197;198;199;200;201;202;203;204;205;206;207;208;209;210;211;235;236;262;263;264;292
F92022,10,28,28,2313.1223788847165,2300.0,13.122378884716454,8,91,91,56,6.035562038421631,84;95;96;97;98;99;100;101;102;103;115;116;140;151;152;153;154;155;156;157;158;159;160;161;162;163;164;165;166;184;208;209;210;211;212;213;214;215;216;217;218;219;220;234;235;236;237;238;239;240;241;242;243;244;245;246;247;248;249;250;251;252;253;254;255;256;257;258;259;260;261;262;263;264;278;279;280;281;282;294;345;346;390;391;420;485;496;497;498;499;500
F92022,10,29,29,2748.7139685353104,2300.0,448.7139685353104,6,54,54,29,4.039391040802002,39;40;41;62;63;74;75;76;77;78;79;80;81;82;83;84;129;140;141;185;186;197;198;199;200;201;202;203;204;205;206;207;208;209;210;211;212;213;214;229;243;244;270;271;272;273;293;294;480;481;482;483;484;500
F92022,10,30,30,2305.154549298514,2300.0,5.154549298514212,10,60,60,20,4.387369871139526,33;34;46;61;62;63;64;96;142;170;171;172;173;174;175;176;177;178;226;244;245;259;260;261;294;295;296;297;298;299;300;311;312;313;314;315;334;335;360;361;362;363;364;365;366;367;368;369;370;371;372;479;480;481;482;483;484;485;486;487
F102022,10,1,1,305.1590705150393,2400.0,-2094.8409294849607,9,196,196,99,12.796725034713745,13;14;15;16;27;28;29;30;31;32;33;34;35;63;64;65;66;84;85;86;87;88;89;90;91;92;93;94;95;96;97;98;99;100;101;102;103;104;105;106;107;108;109;110;111;112;113;114;115;116;117;118;119;120;121;122;123;124;125;126;127;128;129;130;131;132;133;134;135;136;137;138;139;140;141;153;154;155;156;157;158;159;160;161;162;174;186;187;188;189;190;202;203;204;205;206;207;218;219;220;221;222;223;224;225;226;227;256;269;270;271;272;273;274;275;276;277;278;279;280;281;282;283;284;285;286;287;288;289;290;291;302;303;304;305;306;307;308;309;310;311;312;313;314;315;316;317;318;319;320;321;322;323;324;325;326;337;338;339;340;341;342;343;344;345;346;347;348;349;350;351;352;353;354;355;356;357;358;359;360;372;383;395;396;397;398;399;400;401;402;403;404;405;406;407;499
F102022,10,2,2,1701.6075253789777,2400.0,-698.3924746210223,11,174,174,172,11.48043704032898,21;32;33;34;35;72;83;84;85;86;87;88;89;90;91;92;93;94;95;96;97;98;99;100;101;102;103;104;105;106;107;129;130;131;132;133;134;135;136;137;138;139;140;141;142;153;154;155;156;157;158;159;160;161;162;163;164;165;166;167;179;190;191;192;193;194;195;196;197;198;199;200;201;202;203;204;205;206;207;208;209;210;211;212;213;214;225;226;227;228;229;230;231;232;233;234;235;236;237;238;239;240;241;242;243;244;259;272;273;274;275;276;277;278;279;280;281;282;283;284;285;286;287;288;289;290;291;292;293;294;317;318;319;320;321;322;323;343;354;355;356;357;358;359;360;361;362;363;364;365;366;367;368;382;398;399;400;466;485;486;487;488;489;490;491;492;493;494;495;496;497;498;499;500
F102022,10,3,3,2734.7339408975145,2400.0,334.73394089751446,9,142,142,99,9.571266889572144,23;24;25;36;37;38;39;40;61;83;84;85;86;103;114;115;116;117;118;119;120;121;122;123;124;125;126;127;128;129;130;131;132;133;134;135;136;137;138;149;150;151;152;153;154;155;156;157;158;159;160;161;162;163;164;165;166;167;168;169;170;171;172;173;185;186;187;188;189;190;191;192;193;194;195;196;197;198;199;200;201;202;203;204;205;217;228;229;230;231;232;233;234;235;236;237;238;239;240;241;242;243;244;245;246;247;248;249;250;251;252;263;264;265;266;267;268;269;270;271;272;273;274;275;276;277;278;279;280;316;351;352;353;354;355;356;491;492;493;494;495;496
F102022,10,4,4,963.206063183872,2400.0,-1436.793936816128,8,75,75,59,5.605730056762695,37;48;49;50;65;66;67;68;69;70;71;72;90;91;92;93;94;95;96;97;109;110;122;123;124;146;147;148;149;150;151;152;153;154;155;156;157;158;159;170;186;187;188;189;190;191;203;222;223;224;225;226;227;228;229;230;231;232;233;262;274;275;276;277;278;315;326;327;328;329;330;331;332;333;493
F102022,10,5,5,2590.617146839032,2400.0,190.6171468390321,11,138,138,117,9.38361406326294,15;27;28;29;30;54;65;89;90;91;92;110;111;112;113;114;115;116;117;118;119;120;121;122;123;124;125;126;127;148;149;150;151;152;153;154;155;156;157;158;159;160;161;162;177;178;179;180;181;182;183;184;185;186;187;188;189;190;191;192;193;194;195;196;197;198;209;210;211;212;213;214;215;216;217;218;219;220;221;233;259;260;261;262;263;264;265;266;267;268;279;280;281;282;283;295;296;297;298;299;300;301;302;303;314;315;316;317;318;319;320;321;322;323;324;325;326;327;328;329;330;331;332;333;334;335;336;337;338;471;493;494;495;496;497;498;499;500
F102022,10,6,6,1403.652216805769,2400.0,-996.3477831942309,8,147,147,123,9.663287162780762,82;93;94;95;96;97;98;99;100;101;102;103;104;105;106;107;108;109;110;111;112;113;114;115;116;117;128;129;130;131;132;133;134;135;136;137;138;139;140;141;142;143;144;145;146;147;148;149;150;151;152;153;154;176;177;178;179;180;181;182;183;184;185;186;187;188;189;200;201;202;203;204;205;206;207;208;209;210;211;212;213;214;215;216;217;218;219;220;221;222;223;224;235;236;237;238;239;240;241;242;243;244;245;246;247;248;249;250;251;252;253;254;255;256;257;258;259;270;271;272;273;285;286;287;288;289;290;291;292;304;317;318;319;320;321;322;323;324;325;326;327;328;329;330;331;332;344
F102022,10,7,7,1500.5883393179638,2400.0,-899.4116606820362,10,113,113,110,7.89570689201355,46;64;65;66;67;68;69;70;71;72;73;74;75;76;77;78;79;80;81;92;93;94;95;96;111;112;113;114;115;116;127;128;129;130;131;132;133;134;135;136;137;138;139;140;141;142;143;144;145;146;147;148;149;150;151;162;163;164;165;166;167;168;169;170;182;183;184;185;186;197;209;210;211;212;213;214;215;216;217;218;219;220;221;232;233;234;235;236;237;238;239;240;241;242;243;244;245;246;247;248;249;250;251;252;264;275;276;277;278;279;300;396;493
F102022,10,8,8,2732.9079540414996,2400.0,332.9079540414996,10,100,100,61,7.111830949783325,19;20;31;49;50;51;52;53;65;76;77;78;79;80;81;82;83;84;85;86;87;88;89;90;91;92;93;94;95;96;97;98;99;100;121;122;123;124;125;126;127;128;140;141;152;153;154;155;156;157;158;180;181;182;183;194;195;196;197;198;199;200;201;202;203;204;205;206;207;208;209;210;211;212;213;214;215;216;217;218;264;329;348;349;350;351;352;353;354;355;356;357;358;359;360;361;362;363;364;483
F102022,10,9,9,1349.8544591145549,2400.0,-1050.1455408854451,11,144,144,125,9.428829908370972,24;25;26;52;53;54;55;56;57;58;59;60;61;62;63;79;80;81;82;83;84;85;86;87;99;100;111;112;113;114;115;116;117;118;119;120;121;122;123;124;125;126;127;128;129;130;131;132;133;134;135;146;147;148;149;150;151;152;153;154;155;156;157;158;159;160;161;162;163;164;165;166;167;168;169;181;197;198;199;200;201;202;203;204;205;220;231;232;233;234;235;236;237;238;239;240;241;242;243;244;245;246;247;248;249;250;251;252;253;254;255;270;271;272;273;274;275;276;277;278;279;280;281;282;299;310;311;312;344;355;356;357;358;359;360;361;362;363;364;365;366;367;396;497
F102022,10,10,10,2612.1478498258675,2400.0,212.14784982586752,10,111,111,86,7.755309820175171,24;35;36;37;38;39;40;41;42;43;44;45;46;47;48;49;50;51;52;53;54;55;56;57;58;59;74;75;76;77;78;79;80;81;99;112;113;114;115;116;117;118;119;120;121;122;123;124;125;137;148;149;150;151;152;153;154;155;176;198;199;219;230;231;232;233;234;235;236;237;238;239;240;241;253;254;265;266;267;268;269;270;271;272;273;274;275;276;277;278;279;280;281;282;283;284;285;286;287;288;300;311;312;313;314;315;341;359;360;487;488
F102022,10,11,11,1778.7537209730758,2400.0,-621.2462790269242,9,91,91,91,6.5637688636779785,17;62;78;79;80;81;93;94;95;96;97;128;129;130;131;132;147;148;149;150;151;152;153;154;155;156;157;158;159;160;161;162;163;164;194;214;215;216;217;218;219;220;221;222;223;224;225;248;259;260;261;262;263;264;265;266;267;268;269;270;271;272;273;274;275;276;277;278;279;280;281;282;294;313;314;315;316;317;318;319;320;321;333;344;345;346;347;348;349;361;496
F102022,10,12,12,2718.4922015268467,2400.0,318.49220152684666,11,147,147,118,9.828747034072876,47;58;59;60;61;62;63;64;65;66;67;68;69;70;71;72;73;74;75;76;77;78;79;80;81;82;83;95;96;97;98;99;100;101;102;103;104;105;106;107;108;109;110;111;112;113;114;115;116;117;118;119;131;150;151;152;153;154;155;156;157;158;170;171;193;194;195;196;197;198;199;200;201;202;203;204;205;206;217;218;219;220;221;222;235;236;237;249;264;265;266;267;268;269;270;271;272;273;274;275;276;277;278;279;280;281;282;283;284;285;301;302;303;304;305;306;307;308;320;331;332;333;334;335;336;355;369;370;371;372;393;409;410;411;412;413;414;415;416;417;418;419;420;421;422;423;491
F102022,10,13,13,2629.3879296443056,2400.0,229.3879296443056,10,156,156,105,10.398008823394775,19;30;31;32;33;34;35;36;37;38;39;40;41;42;43;44;45;46;47;48;49;50;51;52;53;54;55;56;57;79;80;81;82;83;84;85;86;87;88;89;90;91;92;121;122;123;124;137;148;149;150;151;152;153;154;155;156;157;158;159;160;161;162;163;164;165;166;167;168;169;170;171;172;173;194;195;196;197;198;199;200;201;202;203;204;205;206;207;208;222;223;224;225;226;227;228;229;230;231;232;233;234;235;236;237;238;239;240;241;242;243;244;255;256;257;258;259;260;272;273;274;275;287;288;309;310;311;312;313;314;315;316;317;318;319;320;321;322;323;340;352;353;477;488;489;490;491;492;493;494;495;496;497;498;499;500
F102022,10,14,14,2754.581267430638,2400.0,354.58126743063804,9,150,150,82,9.996340036392212,21;22;23;24;25;26;27;28;49;50;51;52;53;54;55;56;57;58;59;60;61;62;63;64;65;76;77;78;79;80;81;82;94;95;96;108;119;120;121;122;134;135;136;137;138;139;140;141;142;143;154;155;156;157;158;159;160;161;162;163;164;165;166;167;168;169;170;171;172;173;174;175;176;177;178;179;190;191;192;193;194;195;196;197;198;199;200;201;213;214;228;229;230;231;232;233;234;235;236;237;238;239;240;241;242;243;244;245;246;247;248;249;250;251;252;263;264;265;266;267;268;269;270;271;272;273;274;275;276;277;278;279;280;281;282;283;284;285;286;287;288;357;370;482;495;496;497;498;499;500
F102022,10,15,15,2729.6916929910453,2400.0,329.69169299104533,10,79,79,54,5.866593599319458,22;23;57;58;59;79;80;81;82;83;95;106;107;108;109;110;111;112;113;114;115;116;117;118;119;120;121;133;144;145;146;147;148;149;150;151;152;153;154;155;156;157;158;159;160;161;162;163;164;165;182;183;194;195;196;197;198;199;200;201;202;203;204;205;206;207;208;220;221;222;242;254;255;256;257;310;311;359;481
F102022,10,16,16,2242.733751762688,2400.0,-157.26624823731208,10,120,120,97,8.23307204246521,41;42;43;44;45;46;47;48;49;61;72;73;74;75;76;77;78;79;80;81;82;83;84;85;86;87;88;89;90;91;92;93;108;109;110;121;122;123;124;125;126;127;128;129;130;131;147;159;160;172;173;174;175;176;177;178;195;217;218;219;220;221;222;248;268;269;270;271;272;273;274;275;276;277;278;279;280;281;282;283;294;295;296;297;298;299;300;301;302;303;304;305;306;307;308;309;310;311;312;313;314;315;316;317;318;334;335;347;348;349;350;351;352;353;389;400;401;402;403;492
F102022,10,17,17,2376.900887249825,2400.0,-23.09911275017521,10,132,132,91,8.9652738571167,24;25;44;45;56;57;58;59;60;61;62;63;64;65;77;78;79;80;81;82;83;84;85;104;105;106;107;108;109;110;111;112;113;114;115;116;117;118;119;120;131;132;133;153;154;155;156;167;168;169;170;171;172;173;174;175;176;177;178;179;180;181;182;183;184;185;186;187;188;206;217;218;219;220;221;222;223;224;236;256;281;282;283;284;285;286;287;288;289;290;291;302;303;304;305;306;307;308;309;310;311;312;313;314;315;316;317;318;319;320;321;322;323;324;325;326;337;338;339;340;341;342;343;344;345;346;347;348;349;377;394;496
F102022,10,18,18,2632.713432101307,2400.0,232.7134321013068,10,134,134,128,9.144191980361938,43;84;95;96;97;98;99;100;101;102;103;104;105;106;107;119;140;141;142;143;144;145;146;147;148;149;150;151;152;153;154;169;170;171;172;173;174;175;176;177;178;179;180;181;182;183;184;185;186;187;188;189;200;201;202;203;204;205;206;207;208;209;210;211;212;213;214;215;216;217;218;219;220;221;233;244;245;246;247;248;249;250;251;252;253;254;255;256;257;258;259;260;261;262;263;264;265;283;310;311;312;313;314;315;316;328;345;346;358;359;360;361;362;363;364;375;376;377;378;379;380;381;382;383;384;385;477;478;495;496;497;498;499;500
F102022,10,19,19,1212.1841093131252,2400.0,-1187.8158906868748,8,147,147,87,9.597020387649536,52;53;54;55;56;67;68;69;70;71;72;73;74;75;76;77;78;79;80;81;82;83;84;85;86;87;88;89;90;91;92;93;94;95;96;97;98;99;110;111;112;113;114;115;116;117;118;119;120;121;122;123;124;125;126;127;128;129;130;131;132;133;134;145;157;158;159;160;161;162;163;164;165;166;167;168;169;170;171;172;191;192;193;194;195;196;197;198;199;200;201;202;203;204;205;206;207;218;219;220;221;222;223;224;225;226;227;228;229;230;231;232;233;234;235;236;237;238;239;240;241;242;253;254;255;256;257;258;259;260;261;262;263;264;265;266;267;268;280;300;301;302;341;352;364;365;366
F102022,10,20,20,2519.2666710612966,2400.0,119.26667106129662,9,77,77,49,5.731006860733032,30;31;32;33;34;35;36;50;51;52;53;54;55;56;57;58;59;60;61;62;63;64;65;66;67;68;69;70;71;82;83;84;85;86;87;88;89;90;102;103;116;117;129;140;141;142;143;144;145;146;147;148;149;150;162;163;164;197;198;199;200;219;220;221;222;223;224;225;226;227;256;291;347;359;360;361;495
F102022,10,21,21,1247.079708146375,2400.0,-1152.920291853625,11,158,158,112,10.531624794006348,19;20;21;22;23;24;35;47;48;49;61;72;73;74;75;76;77;89;90;91;92;93;94;95;96;107;108;109;110;111;112;113;114;115;116;117;118;119;120;121;122;123;124;125;126;127;128;129;130;131;132;133;134;145;146;147;148;166;167;168;169;170;184;185;186;187;188;189;190;191;192;193;205;221;222;223;224;225;226;227;228;229;230;231;232;233;234;235;250;263;264;265;266;267;268;269;270;271;272;273;274;275;276;277;278;279;280;293;304;305;306;307;308;309;310;311;312;313;314;315;316;317;318;319;320;321;322;323;324;325;326;327;339;355;356;357;358;359;360;361;362;363;364;365;366;367;368;369;370;371;390;419;420;421;422;423;489;500
F102022,10,22,22,2759.669557290246,2400.0,359.66955729024585,9,98,98,48,6.9399800300598145,28;79;80;81;92;93;94;95;96;97;98;99;100;101;102;103;104;105;106;107;108;109;110;111;112;113;114;115;116;117;128;129;130;131;132;133;134;135;136;137;138;139;140;141;142;143;144;145;146;170;181;182;183;184;196;197;198;199;200;201;202;203;221;222;223;224;225;226;265;266;267;268;279;280;281;282;283;284;285;286;287;288;289;290;291;292;313;314;335;336;337;352;473;496;497;498;499;500
F102022,10,23,23,2754.029073079942,2400.0,354.029073079942,6,128,128,41,8.659980058670044,14;15;16;17;18;19;20;21;22;23;24;25;26;27;28;29;30;42;43;44;45;46;47;48;49;50;51;52;53;54;55;56;57;58;59;60;61;62;63;64;65;66;67;68;69;70;71;72;73;74;75;76;77;78;79;80;81;82;83;84;85;86;87;88;99;100;101;102;103;104;105;106;107;108;109;110;111;156;167;168;169;170;171;172;173;174;175;176;177;178;179;180;181;182;183;184;185;186;187;188;189;190;191;214;215;216;217;218;219;220;221;222;245;256;257;258;259;260;261;262;263;264;265;266;267;268;325;482
F102022,10,24,24,2158.2927316537516,2400.0,-241.70726834624838,11,92,92,89,6.635154962539673,51;84;85;86;98;99;100;101;129;140;141;142;143;144;145;146;147;148;149;150;151;152;153;154;155;156;157;158;159;160;161;162;163;164;175;176;177;178;179;180;181;182;197;198;199;210;211;212;213;214;215;216;217;218;219;220;221;222;223;235;250;251;265;277;288;289;290;291;292;293;294;295;296;297;309;310;311;312;323;324;325;326;327;328;329;330;331;332;369;450;480;497
F102022,10,25,25,2610.7166191205774,2400.0,210.71661912057743,12,143,143,117,9.660467863082886,29;30;41;42;43;44;45;46;47;48;49;50;51;52;53;54;55;56;57;58;59;60;61;62;63;64;65;86;87;99;100;120;121;122;123;124;125;126;127;128;129;130;131;132;133;134;135;146;147;148;149;150;151;152;153;154;155;156;157;158;159;160;161;162;163;164;165;166;167;168;169;170;181;182;183;184;185;186;187;188;189;201;202;203;204;205;216;217;218;219;220;221;222;223;224;225;226;227;228;229;230;231;232;233;234;235;236;237;238;239;240;262;263;264;265;266;278;289;290;291;292;293;294;295;296;297;298;299;300;301;302;314;344;345;346;347;348;349;408;487;498;499;500
F102022,10,26,26,2552.083258933218,2400.0,152.08325893321808,10,126,126,111,8.627587795257568,51;62;63;64;65;66;67;68;69;70;71;72;73;74;75;76;77;78;90;101;102;103;104;105;106;107;108;109;110;111;112;113;114;115;116;117;118;119;120;121;122;123;124;125;136;137;138;139;140;141;142;143;144;145;146;147;148;149;150;151;197;212;213;214;226;227;228;229;230;231;232;243;244;245;246;247;248;249;250;251;252;253;265;266;267;283;284;285;286;287;288;289;290;291;292;293;294;295;296;297;298;299;300;301;302;331;332;377;389;390;391;392;393;394;395;396;397;398;399;400;401;402;403;418;489;500
F102022,10,27,27,1977.9786515236797,2400.0,-422.0213484763203,9,157,157,110,10.201172828674316,18;19;20;21;22;23;24;25;26;27;28;29;30;54;55;56;67;68;69;70;71;72;73;74;75;76;77;89;90;91;102;103;104;105;106;107;108;109;110;111;112;113;114;115;116;117;129;146;147;148;149;150;151;152;153;154;155;156;157;158;159;160;161;173;184;185;186;187;188;189;190;191;192;193;194;195;196;197;198;220;231;232;233;234;235;236;237;238;239;240;241;242;243;244;245;246;247;248;249;250;251;252;253;254;255;266;267;268;269;270;271;272;273;274;275;276;277;278;279;280;281;282;283;284;285;286;287;288;289;290;301;302;303;304;305;306;307;308;309;310;311;312;335;357;358;359;360;361;362;363;364;365;366;367;368;369;370
F102022,10,28,28,2049.9779824094894,2400.0,-350.0220175905106,8,108,108,59,7.569010972976685,25;26;27;28;29;30;31;60;61;62;63;64;65;66;67;68;69;70;71;72;73;74;124;125;126;127;128;129;130;131;132;133;134;135;136;137;138;139;140;141;142;143;144;145;174;175;176;177;178;179;191;210;211;212;213;214;215;216;217;218;219;220;221;222;223;224;225;226;237;238;239;240;241;253;254;255;256;257;258;259;260;261;272;273;274;275;276;277;278;279;280;281;282;283;284;285;286;287;299;310;311;312;313;314;315;337;386;500
F102022,10,29,29,2735.3063607328795,2400.0,335.3063607328795,10,116,116,71,8.022621870040894,24;25;41;42;43;44;45;46;47;48;49;50;51;52;53;54;55;56;57;58;59;60;88;89;90;91;92;93;94;95;116;117;118;119;120;121;122;123;124;125;126;127;128;129;130;147;148;149;150;151;152;153;154;155;156;157;158;159;160;180;181;182;193;194;195;196;197;209;210;211;212;213;214;215;216;217;237;249;250;251;252;276;277;278;279;280;281;282;283;284;285;286;287;288;299;300;301;302;303;304;305;306;307;308;309;310;311;312;313;325;340;478;489;490;491;492
F102022,10,30,30,281.6336640087352,2400.0,-2118.366335991265,11,200,200,140,13.012116193771362,12;13;14;26;27;28;29;40;41;42;43;44;45;46;47;48;49;50;51;52;53;54;55;56;57;58;59;60;61;62;63;64;65;76;77;78;79;80;81;82;83;84;85;86;87;88;89;90;91;92;93;94;95;96;97;98;99;100;101;113;124;125;126;127;128;129;130;131;132;133;134;135;136;137;138;139;140;141;142;143;144;145;146;147;148;159;160;161;162;163;164;165;166;167;168;169;170;171;172;173;174;175;176;177;178;179;180;181;182;183;194;195;196;197;198;199;200;201;202;203;204;205;206;207;208;209;210;211;212;213;214;215;216;217;218;229;230;231;232;233;234;235;236;237;238;239;240;241;242;243;244;245;246;247;248;249;250;251;252;253;264;265;266;267;268;280;281;282;283;284;285;286;287;288;299;300;301;302;303;304;305;306;307;308;309;310;311;312;313;314;315;316;317;318;319;320;321;352;392;498
F112022,10,1,1,2610.907212385425,2600.0,10.907212385424828,6,165,165,21,16.6361882686615,31;32;33;34;35;36;37;38;39;40;41;42;43;44;45;46;47;48;49;50;51;52;53;54;55;66;67;68;69;70;71;72;73;74;75;76;77;78;79;80;81;82;83;84;85;86;87;88;89;90;91;92;93;94;95;96;97;108;109;110;111;112;113;114;115;116;117;118;119;120;121;122;123;124;125;126;127;128;129;130;131;132;133;134;135;136;147;148;149;150;151;152;153;154;155;156;157;158;159;160;161;162;163;164;165;166;167;168;169;170;171;172;173;174;175;176;177;178;179;180;192;193;194;195;196;197;198;199;211;212;213;214;215;216;217;218;219;220;221;222;239;240;241;242;243;244;245;274;275;378;454;455;456;457;482;483;484;485;486;487;488;489;490;491;492
F112022,10,2,2,2606.4664374562526,2600.0,6.466437456252606,8,90,90,14,9.693017721176147,24;25;26;27;50;51;52;53;54;66;67;68;79;80;81;82;83;84;85;86;87;88;89;90;91;92;104;105;106;107;108;109;120;121;122;123;124;125;126;127;128;129;130;131;132;133;145;146;157;158;159;160;161;162;163;164;165;166;178;179;180;181;182;183;184;185;241;286;287;288;289;473;474;475;476;477;478;479;480;481;482;483;484;485;486;487;488;489;490;491
F112022,10,3,3,2831.95609626447,2600.0,231.95609626447003,5,105,105,6,11.061904907226562,53;54;55;56;57;58;59;60;61;62;81;82;83;84;85;86;87;88;89;90;91;92;93;112;113;114;115;128;129;144;145;146;147;148;149;164;246;247;248;249;250;251;275;276;277;278;314;315;316;327;328;329;330;331;332;333;334;335;336;337;338;339;340;341;342;343;344;345;346;347;348;349;350;351;352;353;354;355;356;357;358;359;360;361;362;363;364;365;366;367;368;369;370;371;372;373;374;375;376;377;378;391;392;393;394
F112022,10,4,4,2621.2883160870692,2600.0,21.288316087069234,9,128,128,23,13.101807117462158,23;24;25;54;55;56;57;58;59;60;74;75;76;77;78;79;80;81;82;83;84;85;86;87;88;89;90;91;92;93;94;95;106;107;108;109;110;111;112;113;114;115;116;117;118;119;175;176;197;198;199;200;201;226;227;238;239;240;241;257;258;259;260;261;262;263;264;265;276;277;278;279;280;281;282;283;284;285;286;287;288;289;290;291;292;293;294;295;296;297;298;299;300;301;302;303;304;305;306;307;308;309;310;311;312;313;314;325;326;327;328;329;330;331;332;333;334;335;336;337;338;339;340;341;353;390;391;483
F112022,10,5,5,2624.747058440716,2600.0,24.747058440716046,4,23,23,6,3.80676007270813,88;119;139;140;141;142;143;144;145;157;168;169;265;285;286;287;288;302;347;348;349;350;372
F112022,10,6,6,2627.518578545,2600.0,27.518578544999855,8,138,138,16,13.994738101959229,49;50;51;52;53;54;55;56;57;58;59;60;61;62;63;64;65;66;67;68;86;87;117;118;119;120;121;122;123;124;125;126;127;128;129;140;141;142;143;144;145;146;147;148;149;150;151;152;153;154;155;156;157;158;159;160;161;162;163;164;165;177;178;189;190;191;192;193;194;195;196;197;198;199;200;201;213;214;215;227;228;229;230;259;260;261;262;273;274;275;276;277;278;279;280;281;282;283;284;285;286;287;288;289;290;291;292;293;294;295;296;297;298;299;300;301;334;335;336;337;338;361;362;363;477;478;479;490;491;492;493;494;495;496;497;498;499;500
F112022,10,7,7,2606.0538629560715,2600.0,6.053862956071498,4,102,102,10,10.768197059631348,61;62;63;64;78;79;80;81;82;83;115;116;117;118;119;120;121;122;123;140;141;142;143;155;156;167;168;169;170;171;172;173;174;175;176;177;178;179;180;181;182;183;184;185;186;187;188;189;190;191;192;193;194;210;211;212;213;214;215;216;217;218;219;220;221;222;223;224;225;226;227;228;229;230;231;253;254;255;256;257;270;271;406;455;456;479;480;481;482;483;484;485;486;487;488;489;490;491;492;493;494;495
F112022,10,8,8,2603.385680696318,2600.0,3.3856806963181043,3,78,78,4,8.684125185012817,22;23;24;25;121;122;134;135;136;137;138;139;140;176;177;178;179;180;181;182;183;184;185;186;187;188;200;201;202;203;204;205;249;250;265;266;267;268;269;270;271;272;273;274;275;276;277;278;279;291;310;311;312;313;314;315;316;317;318;319;320;321;322;323;324;325;326;327;328;456;475;476;495;496;497;498;499;500
F112022,10,9,9,2602.0576808241367,2600.0,2.057680824136696,7,65,65,11,7.4767746925354,38;87;88;89;90;91;92;93;94;95;96;97;133;134;135;136;137;138;139;140;141;142;208;209;210;211;212;213;226;246;247;248;249;250;251;252;283;284;285;286;287;288;289;300;301;302;303;304;305;306;355;356;478;479;490;491;492;493;494;495;496;497;498;499;500
F112022,10,10,10,2640.271103209355,2600.0,40.271103209354806,4,63,63,4,7.334744930267334,24;25;60;61;62;63;64;65;66;67;101;102;103;104;105;106;118;119;120;121;122;123;124;125;126;127;128;129;130;154;155;156;157;158;159;160;161;162;163;164;165;166;167;168;169;170;171;172;173;215;231;232;233;234;235;236;237;238;239;240;241;253;479
F112022,10,11,11,2618.1982692740885,2600.0,18.19826927408849,4,86,86,6,9.362886905670166,17;18;72;73;74;75;76;87;88;89;90;91;92;93;94;95;96;97;98;99;100;101;102;103;116;117;118;129;130;131;132;133;134;135;136;137;138;150;151;152;153;154;155;156;157;158;159;160;161;162;178;209;210;211;212;213;214;215;216;217;319;320;359;360;361;362;363;364;365;393;394;395;470;471;472;473;474;475;476;477;478;493;494;495;496;497
F112022,10,12,12,2638.760068395139,2600.0,38.760068395139115,5,65,65,8,7.506709098815918,64;65;66;67;68;69;70;71;72;73;99;100;101;102;103;115;126;127;128;129;130;142;143;144;145;146;147;148;149;150;171;172;173;174;175;176;177;178;179;239;240;241;242;243;267;328;329;330;331;332;333;433;434;435;436;437;438;439;440;441;457;469;483;484;485
F112022,10,13,13,2633.4830528755174,2600.0,33.48305287551739,3,81,81,8,8.896519899368286,80;81;82;115;116;117;118;119;120;121;122;123;124;125;126;127;128;129;130;131;132;133;134;160;161;162;163;164;223;234;235;236;237;238;239;240;241;242;243;244;245;246;247;248;249;250;251;252;253;254;255;256;257;258;271;272;273;274;275;276;277;278;279;280;281;282;283;284;285;286;287;288;300;301;302;303;304;354;493;494;495
F112022,10,14,14,2607.1280816211115,2600.0,7.128081621111505,4,112,112,8,11.6836097240448,37;38;39;40;41;42;43;44;45;46;47;48;49;50;51;52;81;82;83;84;85;86;87;88;89;90;91;92;93;94;95;96;97;98;99;100;101;102;103;104;105;106;107;108;109;110;111;112;113;114;115;147;148;149;150;151;152;164;165;177;178;179;180;181;182;183;184;185;186;187;188;189;200;201;202;203;204;205;206;207;208;209;210;211;234;235;236;237;238;239;240;241;242;257;258;259;260;261;262;263;264;265;266;267;268;269;270;271;284;285;305;306
F112022,10,15,15,2692.731975989864,2600.0,92.73197598986417,6,85,85,18,9.294697999954224,28;39;40;58;59;60;109;120;121;122;123;124;125;126;127;128;129;130;131;132;133;134;135;136;137;138;139;140;141;142;143;144;156;168;169;170;171;172;173;174;175;176;177;192;193;194;205;206;207;208;209;210;211;212;213;214;215;216;217;218;219;220;221;222;223;224;225;226;227;248;261;262;263;264;276;277;278;279;280;480;481;482;483;484;495
F112022,10,16,16,2617.5979415321917,2600.0,17.597941532191726,5,72,72,8,8.156260251998901,67;68;69;70;71;72;73;74;75;76;77;78;79;80;81;82;132;133;134;135;157;195;196;208;240;241;242;243;244;245;246;247;248;249;250;251;252;253;254;279;280;281;300;301;302;313;314;315;327;328;329;330;470;471;472;473;474;475;476;477;478;479;480;481;482;483;484;485;486;487;488;489
F112022,10,17,17,2601.533702288339,2600.0,1.5337022883391,6,137,137,12,13.843139886856079,47;48;49;50;51;52;53;54;55;56;57;69;70;82;83;84;85;86;87;88;89;90;91;92;115;116;117;118;119;130;131;132;133;134;135;136;137;138;139;160;161;162;163;164;165;166;167;168;169;170;171;172;173;174;175;176;177;178;179;180;181;182;183;184;185;186;187;188;189;190;191;192;193;194;195;196;197;198;199;200;201;202;203;204;205;206;207;208;209;210;224;225;226;227;228;229;230;231;232;233;234;235;236;237;238;239;240;241;242;243;244;245;246;247;270;281;282;283;284;285;286;287;288;300;301;302;303;304;316;468;469;470;481;482;483;495;496
F112022,10,18,18,2611.580336566715,2600.0,11.580336566714777,4,52,52,7,6.377945184707642,79;91;92;93;94;95;96;97;111;112;113;114;115;116;117;118;119;120;142;157;158;159;160;172;173;174;175;176;177;178;179;269;270;327;328;329;330;344;345;482;483;484;485;486;487;488;489;490;491;492;493;494
F112022,10,19,19,2601.834517429972,2600.0,1.8345174299720384,7,81,81,17,8.892467260360718,61;89;90;101;102;103;104;105;106;107;108;109;110;111;130;131;132;133;134;135;136;137;138;139;140;141;142;143;167;168;169;170;171;172;173;174;175;176;177;178;179;180;181;182;194;195;196;197;198;199;200;201;291;292;293;294;295;296;297;317;358;456;476;477;478;479;480;481;482;483;484;485;486;487;488;489;490;491;492;493;494
F112022,10,20,20,2601.0133366744294,2600.0,1.0133366744294108,2,136,136,4,13.722967147827148,30;62;63;83;84;85;86;87;88;99;100;101;102;103;104;105;106;107;108;109;110;111;112;113;114;115;116;117;118;119;120;121;122;123;124;125;126;127;128;129;130;131;132;133;134;135;136;137;138;139;140;141;142;143;144;145;146;147;148;149;150;151;152;153;154;155;156;157;158;159;160;161;162;163;164;165;166;167;168;169;170;171;172;184;185;198;199;200;201;213;214;215;216;217;218;230;231;232;295;296;297;298;299;300;301;302;303;304;305;306;307;308;309;310;311;323;324;325;349;350;351;352;353;354;355;356;357;358;359;482;483;484;485;486;487;488
F112022,10,21,21,2614.8354523064236,2600.0,14.835452306423576,5,121,121,12,12.481203079223633,46;47;48;49;50;51;52;53;54;55;56;57;58;59;60;61;62;63;64;65;66;67;68;69;70;71;72;73;84;85;86;87;88;89;90;91;92;93;94;95;96;97;98;99;100;101;102;103;104;105;106;107;108;119;120;121;122;123;124;125;137;138;139;140;141;142;143;144;165;166;167;168;169;170;171;172;173;232;233;234;235;236;237;238;239;240;241;242;243;244;270;271;272;273;274;275;276;277;278;279;280;329;330;331;332;333;465;466;478;489;490;491;492;493;494;495;496;497;498;499;500
F112022,10,22,22,2617.28064105959,2600.0,17.280641059589925,3,121,121,4,12.457618236541748,25;26;27;28;29;30;54;55;56;57;74;75;76;91;92;93;94;95;96;97;133;134;135;136;137;138;139;140;141;142;143;144;145;146;147;148;149;150;151;152;153;154;155;156;157;158;159;160;161;162;163;175;176;177;178;179;180;181;182;183;184;185;186;187;188;189;190;191;219;220;221;222;223;224;225;226;244;265;266;267;268;269;270;271;272;273;274;275;276;277;278;279;280;281;282;283;284;285;286;287;288;289;290;291;292;317;318;332;333;478;479;480;481;482;483;484;485;486;487;488;489
F112022,10,23,23,2602.850881198646,2600.0,2.8508811986462206,2,85,85,2,9.228169918060303,36;37;38;39;40;41;42;43;44;45;46;47;48;49;50;106;107;108;109;110;111;123;124;125;126;127;128;129;130;131;132;133;134;135;181;182;210;211;212;213;214;215;227;228;229;230;231;232;233;244;259;260;261;262;263;264;265;266;267;268;269;270;300;331;332;333;334;335;336;337;338;339;340;476;477;478;479;480;481;482;483;495;496;497;498
F112022,10,24,24,2607.380989594078,2600.0,7.380989594078073,5,69,69,10,7.899801969528198,54;55;152;153;154;155;156;157;158;169;170;171;172;173;174;175;176;177;178;179;180;181;182;183;184;185;186;187;188;189;190;191;192;193;194;249;250;251;252;253;338;339;353;354;367;379;380;381;470;471;472;473;474;475;476;477;478;479;490;491;492;493;494;495;496;497;498;499;500
F112022,10,25,25,2601.7862341594187,2600.0,1.7862341594186546,2,47,47,6,5.892746925354004,28;29;30;31;175;200;211;212;213;214;215;216;217;218;219;220;221;222;223;235;236;237;238;239;240;241;242;243;244;299;300;301;302;303;304;305;306;307;474;475;476;477;478;489;490;491;492
F112022,10,26,26,2605.56042701983,2600.0,5.560427019830058,2,74,74,4,8.223837852478027,20;21;22;54;100;156;157;158;159;160;161;162;163;164;165;166;167;201;202;203;204;205;206;237;238;239;262;263;264;265;266;267;268;269;270;271;272;273;274;275;276;277;278;279;291;292;293;294;328;329;330;331;332;333;334;335;336;337;338;339;340;450;466;467;491;492;493;494;495;496;497;498;499;500
F112022,10,27,27,2616.874031937876,2600.0,16.874031937876225,3,64,64,8,7.432927131652832,62;63;64;65;66;67;68;92;130;131;132;145;146;147;148;149;150;151;152;153;154;155;167;168;169;170;171;172;173;174;175;176;177;210;221;222;223;224;225;226;227;228;229;230;231;232;233;234;235;236;237;238;239;240;241;242;243;244;245;285;286;297;338;485
F112022,10,28,28,2605.8657833388606,2600.0,5.865783338860638,5,62,62,6,7.277706146240234,42;43;44;85;97;98;109;110;111;112;113;114;115;116;117;118;119;120;121;122;123;124;136;137;138;139;140;152;153;164;165;166;167;168;169;181;182;183;184;185;186;187;188;189;190;191;236;237;238;239;250;251;252;273;286;287;490;491;492;493;494;495
F112022,10,29,29,3552.3676605327064,2600.0,952.3676605327064,7,213,213,14,20.99789333343506,50;51;52;63;64;65;66;67;68;69;70;71;72;73;74;75;76;77;78;79;80;81;82;83;84;85;86;87;88;89;90;91;92;93;94;95;96;97;98;99;100;101;102;103;104;105;106;107;108;109;110;111;112;113;114;115;116;117;118;130;131;132;133;134;147;148;149;150;151;152;153;154;155;156;157;158;159;160;161;162;163;164;165;166;167;179;180;181;182;183;184;185;186;197;198;199;200;201;202;203;204;205;206;207;208;220;221;222;233;234;235;236;237;238;239;240;241;242;243;244;245;246;247;248;249;250;251;252;253;254;255;256;257;258;259;260;261;262;263;264;265;266;267;268;269;270;271;272;273;274;275;276;277;289;290;291;292;293;294;295;296;297;298;299;300;301;302;303;304;305;306;307;308;309;310;311;312;313;314;325;326;327;328;329;330;331;332;333;334;335;336;365;366;377;378;379;380;381;382;383;384;401;402;403;404;405;406;407;408;409;410;411;412
F112022,10,30,30,2620.491373407124,2600.0,20.491373407123774,5,134,134,14,13.603442907333374,24;25;26;27;28;29;30;72;73;74;75;76;77;91;92;93;94;95;110;111;112;113;114;115;116;127;128;129;130;131;132;133;134;135;136;137;138;139;151;152;153;154;155;166;167;168;169;170;171;172;173;174;175;176;177;178;179;180;181;182;183;184;185;186;187;199;200;201;202;203;204;205;227;228;229;230;231;249;250;251;252;253;254;255;256;257;258;259;260;261;262;263;264;265;266;267;268;269;270;271;272;273;274;275;276;277;278;279;280;281;292;324;325;338;339;340;369;370;478;479;480;481;482;483;484;485;486;487;488;489;490;491;492;493
F122022,10,1,1,2880.789991645484,2700.0,180.78999164548395,12,160,160,72,16.935914039611816,14;15;26;27;28;29;30;31;32;33;34;35;47;48;49;50;61;62;63;64;65;66;67;68;69;70;71;72;73;74;75;76;77;78;79;80;81;82;83;84;85;86;87;98;99;100;101;102;114;115;116;117;118;119;120;121;122;123;124;145;146;147;148;149;150;151;152;153;154;155;156;157;158;159;160;181;182;183;184;185;186;187;188;189;190;191;192;193;205;206;207;208;209;210;211;222;223;224;225;226;227;228;229;230;231;232;233;234;235;247;258;259;260;261;262;274;275;276;277;278;279;280;281;282;293;294;295;296;297;298;299;300;301;302;303;304;305;306;307;308;309;310;311;312;313;314;315;316;317;328;329;330;362;363;364;385;386;446;493;494
F122022,10,2,2,2889.374735798846,2700.0,189.3747357988459,12,191,191,126,19.576268196105957,37;53;54;66;67;68;69;70;71;72;83;84;85;86;87;88;89;90;91;92;93;94;95;96;97;98;99;100;101;102;103;104;105;106;107;118;119;120;121;122;123;124;125;126;139;140;141;142;153;154;155;156;157;158;159;160;161;162;163;164;165;166;167;168;169;170;171;172;173;174;175;176;177;188;189;190;191;192;193;194;195;196;208;209;210;211;212;213;224;225;226;227;228;229;230;231;232;233;234;235;236;237;238;239;240;241;242;243;244;245;246;247;248;259;260;261;262;263;264;265;266;267;268;269;270;271;272;273;274;275;276;277;278;279;280;281;282;294;295;306;307;308;309;310;311;312;313;314;315;316;317;318;319;320;321;322;323;324;325;326;327;328;329;330;331;332;343;344;345;346;347;348;349;350;351;352;353;354;355;356;357;382;383;406;407;408;409;410;422;423;495
F122022,10,3,3,2900.1410926064823,2700.0,200.1410926064823,11,166,166,72,17.525496006011963,32;33;34;35;47;48;49;50;51;68;69;70;71;72;73;74;75;76;77;78;79;80;81;82;83;84;85;86;87;100;101;102;103;104;105;106;107;132;143;144;145;146;147;148;149;150;151;152;153;154;172;183;184;185;186;187;188;189;190;191;192;193;194;195;196;197;198;199;200;201;202;203;204;205;206;207;208;209;210;221;222;223;224;225;226;227;228;229;230;231;232;233;234;235;236;237;238;239;240;241;242;243;244;245;246;247;248;263;264;265;266;267;268;269;270;271;272;273;274;275;276;277;278;279;280;281;282;283;284;295;296;297;298;299;300;301;302;303;304;305;306;307;308;309;310;311;312;313;314;315;316;317;318;319;320;321;333;352;353;366;441;483;484;498;499;500
F122022,10,4,4,2896.9273340115114,2700.0,196.92733401151145,12,151,151,92,16.10854721069336,14;25;26;27;28;29;30;31;32;33;34;35;36;37;38;50;51;62;63;64;65;66;67;68;69;70;71;72;73;74;75;76;77;78;79;80;81;82;83;84;85;86;97;98;99;100;101;102;103;104;105;106;107;108;109;110;111;112;113;114;115;116;117;118;119;120;121;132;133;134;135;136;137;138;139;140;141;142;143;144;145;146;147;148;149;150;151;152;153;154;155;167;178;179;180;181;193;194;195;207;222;223;224;225;226;227;228;229;230;231;232;233;234;235;236;237;238;239;255;256;257;290;302;303;304;317;318;319;320;341;352;353;354;355;376;377;409;410;411;412;480;481;492;493;494;495;496;497;498;499;500
F122022,10,5,5,2877.8451713683453,2700.0,177.8451713683453,9,114,114,60,12.683917999267578,29;44;45;46;47;48;49;50;51;52;53;54;55;56;57;58;59;60;61;62;63;64;75;76;77;78;79;80;81;82;83;84;85;86;87;88;89;90;91;92;93;94;95;96;97;98;99;122;123;124;125;126;127;128;129;130;131;132;133;134;135;148;149;150;151;152;153;154;155;156;157;158;159;160;202;203;237;238;239;252;253;265;266;267;268;269;270;271;272;273;297;298;309;338;339;340;341;342;438;439;440;441;442;443;481;492;493;494;495;496;497;498;499;500
F122022,10,6,6,2857.584414340432,2700.0,157.58441434043198,9,109,109,31,12.127547979354858,26;65;77;78;79;80;81;104;105;106;107;108;109;110;111;112;113;114;126;127;147;148;149;150;151;152;153;154;155;156;157;158;159;160;161;162;163;164;165;166;167;168;169;170;187;188;189;190;191;192;193;194;195;196;197;198;199;200;201;202;203;204;205;216;217;218;230;231;232;233;234;235;236;237;238;239;240;241;242;243;244;245;246;258;259;290;306;307;308;319;320;355;356;452;453;454;474;475;476;477;478;479;484;485;486;497;498;499;500
F122022,10,7,7,2900.775399981353,2700.0,200.77539998135308,10,146,146,81,15.687222719192505,13;25;26;27;28;29;50;51;62;63;64;76;77;78;79;80;81;82;83;84;107;108;109;110;111;112;125;126;127;128;129;130;131;132;133;134;135;136;137;138;139;140;141;142;143;144;145;146;147;148;159;160;161;162;163;164;165;166;167;168;169;170;171;172;173;174;175;176;177;178;179;180;181;182;183;195;196;197;198;199;200;201;202;203;204;205;217;218;219;239;240;241;242;243;244;245;246;247;248;249;250;251;252;253;254;267;268;269;270;282;283;284;285;286;287;288;289;300;301;302;320;321;322;323;324;383;401;402;403;404;405;406;407;408;409;410;411;412;413;414;415;428;440;488;489;490
F122022,10,8,8,2905.278216971338,2700.0,205.27821697133822,9,112,112,46,12.384690999984741,24;25;36;37;38;39;40;41;42;56;57;58;59;60;61;80;81;82;83;84;85;86;87;88;89;90;91;92;93;94;95;96;107;108;109;110;111;112;113;114;115;116;117;118;119;120;121;161;191;192;193;194;195;196;197;208;209;210;211;212;213;214;215;228;259;279;280;281;282;283;284;285;286;287;288;289;323;324;336;337;348;349;350;351;352;353;354;355;356;357;358;359;360;361;362;363;375;376;393;394;395;396;397;398;399;400;401;402;479;491;492;493
F122022,10,9,9,2927.7622040815877,2700.0,227.7622040815877,11,186,186,136,19.417465925216675,27;45;46;47;48;49;50;51;52;53;54;55;56;57;58;59;60;61;62;77;78;79;80;81;82;83;84;85;86;87;88;89;90;91;92;124;135;136;137;138;139;140;141;142;143;144;145;157;158;159;170;171;172;173;174;175;176;177;178;179;180;181;182;183;184;185;186;187;188;189;190;191;192;193;194;205;206;207;208;209;210;211;212;213;214;215;216;217;218;219;220;221;222;223;224;225;226;227;228;229;230;231;253;254;255;267;268;279;280;281;282;283;284;285;286;287;288;289;290;291;292;304;305;316;317;318;319;320;321;322;323;324;325;326;327;328;329;330;331;332;333;334;335;336;337;338;339;340;351;352;353;354;355;356;357;358;359;360;361;362;363;364;365;366;367;368;369;370;371;372;373;374;375;387;388;389;390;391;392;393;394;395;396;491;492;493
F122022,10,10,10,2861.9178327228624,2700.0,161.91783272286239,9,143,143,35,15.12319302558899,48;59;60;61;62;63;64;65;66;67;68;69;70;71;72;94;105;106;107;108;109;110;111;112;113;114;115;116;117;118;119;120;121;122;123;124;125;126;127;128;129;130;131;132;143;144;145;146;147;148;149;150;151;163;164;165;166;167;168;185;186;187;188;189;190;191;192;193;194;195;196;197;198;199;211;212;213;214;215;216;217;240;241;242;243;244;245;246;247;248;249;250;251;252;263;264;265;266;267;268;269;270;271;283;284;285;286;287;306;307;308;309;310;311;312;313;314;315;316;317;318;319;320;321;322;323;324;325;326;327;339;487;488;489;490;491;492;493;494;495;496;497;498
F122022,10,11,11,2857.923114864552,2700.0,157.9231148645522,10,138,138,57,14.942583084106445,15;16;34;35;71;72;73;87;88;89;90;91;92;93;94;95;107;108;119;120;121;122;123;124;125;126;127;128;129;130;131;132;133;134;135;136;137;138;139;140;141;142;143;154;155;156;157;158;159;160;161;162;163;164;165;166;167;168;169;170;171;172;173;174;175;176;177;178;179;180;181;192;193;194;195;196;197;209;210;211;212;213;214;215;216;217;244;245;246;247;248;249;250;251;252;253;275;276;288;289;290;291;311;312;313;314;325;326;327;339;340;341;342;343;344;345;346;347;348;349;375;376;377;378;379;380;381;382;383;384;385;386;387;388;389;390;391;491
F122022,10,12,12,2876.357339802197,2700.0,176.3573398021972,6,113,113,51,12.543476819992065,17;28;29;30;31;32;33;34;35;36;48;49;50;51;52;53;54;65;66;67;68;69;70;71;72;73;74;75;76;77;78;79;80;81;82;83;109;120;121;122;123;124;125;126;127;128;129;130;131;132;133;134;135;136;148;163;164;165;166;167;168;169;170;171;172;173;174;175;176;177;178;179;180;181;182;183;204;205;206;207;208;209;210;211;212;213;225;236;237;238;239;240;241;242;243;244;245;318;319;333;488;489;490;491;492;493;494;495;496;497;498;499;500
F122022,10,13,13,2847.582342617092,2700.0,147.58234261709185,9,138,138,60,14.794719934463501,25;26;56;57;58;59;60;61;79;80;81;82;83;84;85;86;87;88;89;90;91;92;93;94;95;96;97;98;109;110;111;112;113;114;115;116;117;118;119;120;121;122;123;124;125;126;127;128;129;130;131;132;133;134;135;198;199;210;211;212;213;214;215;216;217;218;219;220;221;222;223;224;225;226;227;228;229;230;231;232;233;234;245;246;247;248;249;250;251;252;253;254;255;256;257;258;259;260;261;262;263;264;265;266;267;268;269;270;271;285;286;287;288;289;290;291;292;293;294;295;296;297;309;322;323;324;325;326;327;328;329;341;342;343;344;345;346;358
F122022,10,14,14,2865.2653219431386,2700.0,165.2653219431386,10,163,163,77,17.28614902496338,15;37;68;69;70;71;72;73;84;85;86;87;88;89;90;91;92;93;94;95;96;97;98;99;100;101;102;103;104;105;106;107;108;119;120;121;122;123;124;125;126;127;128;129;130;131;132;133;134;135;136;137;138;139;140;141;142;143;154;155;156;157;158;159;160;161;162;163;164;165;166;167;168;169;170;171;172;173;174;175;176;177;178;189;190;191;192;193;194;195;196;197;198;199;200;201;202;203;204;205;206;207;208;209;210;211;212;213;224;225;226;227;228;229;230;231;232;233;234;235;236;237;238;239;240;241;242;243;244;245;257;268;269;270;271;272;273;274;275;276;277;278;279;280;281;282;283;284;285;286;287;288;289;290;291;292;328;351;352;353;426;490;491
F122022,10,15,15,3035.5406969742367,2700.0,335.54069697423665,9,122,122,69,13.396554946899414,65;76;77;78;79;91;92;93;94;95;96;97;98;110;111;112;113;124;125;126;127;128;129;130;131;132;133;134;135;136;137;138;139;140;141;142;143;144;145;146;147;148;149;150;161;162;163;164;165;166;167;168;169;170;171;172;173;174;175;176;177;178;179;180;181;182;183;184;185;196;208;209;210;211;212;213;214;215;216;217;218;219;220;231;232;248;249;250;251;252;264;275;276;277;278;279;280;309;310;321;322;323;324;325;326;327;328;329;330;331;332;333;334;335;366;395;407;408;423;424;489;500
F122022,10,16,16,2859.6767512893584,2700.0,159.67675128935844,8,118,118,40,12.927492141723633,13;37;38;69;81;82;83;84;85;86;104;115;116;117;118;119;120;121;122;123;124;125;126;127;128;129;130;131;132;133;134;135;136;137;138;139;140;141;142;153;154;155;156;157;158;159;160;161;162;163;164;165;166;167;168;169;170;171;172;173;174;175;176;177;178;247;248;263;264;265;266;267;297;298;299;300;311;312;403;404;405;416;417;418;419;420;421;422;423;424;425;426;427;428;429;430;431;432;433;434;435;436;470;471;472;473;474;490;491;492;493;494;495;496;497;498;499;500
F122022,10,17,17,2866.5938136424415,2700.0,166.59381364244155,11,179,179,62,18.72861099243164,33;34;35;70;71;72;73;74;75;86;87;88;89;90;91;92;93;94;95;96;97;98;99;100;101;102;103;104;105;106;107;108;109;110;111;112;113;124;136;137;138;139;140;141;142;143;144;145;146;147;148;159;160;161;162;163;164;165;166;167;168;169;170;171;172;173;174;175;176;177;178;179;180;181;182;183;196;197;198;199;211;212;213;214;215;216;217;218;219;220;231;232;233;234;235;236;237;238;239;240;241;242;243;244;245;246;247;248;249;250;251;252;253;254;255;256;257;268;269;270;271;272;284;285;286;287;288;289;290;291;292;293;294;305;306;307;308;309;404;405;419;420;421;422;423;437;438;439;440;441;462;463;464;465;466;467;468;469;470;471;472;473;474;475;476;477;478;479;480;481;482;483;494;495;496;497;498;499;500
F122022,10,18,18,2936.0778370769767,2700.0,236.07783707697672,12,180,180,99,18.91374683380127,41;42;59;60;61;62;63;64;65;85;86;87;98;99;100;101;102;103;104;105;117;118;133;149;150;151;152;153;154;155;156;157;158;159;160;161;162;163;164;165;166;167;168;190;191;192;193;194;195;196;197;198;199;200;201;202;203;204;217;218;219;220;221;233;234;235;236;237;238;239;257;258;259;260;261;262;263;264;265;266;267;268;269;270;271;272;273;274;292;293;294;295;296;297;298;299;300;301;302;303;304;305;306;307;308;309;310;321;322;323;324;325;326;327;328;329;330;331;332;333;334;335;336;337;338;339;340;341;342;343;344;345;346;347;362;363;364;365;366;367;368;369;370;371;372;373;385;386;401;402;403;404;405;406;407;408;409;410;411;412;413;414;415;416;417;418;419;420;421;472;473;474;488;489;490;491;492;493;494;495
F122022,10,19,19,2895.7240130804817,2700.0,195.72401308048165,10,126,126,78,13.760380029678345,46;57;58;59;60;61;62;63;64;65;66;67;68;69;70;71;72;73;74;75;76;77;78;79;80;81;82;100;101;102;103;104;105;106;107;108;109;110;111;112;124;158;159;170;171;172;173;174;175;176;177;178;179;191;192;193;194;205;206;207;208;209;210;211;212;213;214;215;216;217;218;219;220;221;222;223;224;225;226;227;228;229;230;241;253;254;255;256;257;258;259;260;261;262;263;264;265;290;291;292;293;294;306;317;318;319;320;332;333;334;346;347;375;376;377;378;379;482;483;494;495;496;497;498;499;500
F122022,10,20,20,2885.50545244687,2700.0,185.5054524468701,10,166,166,65,17.503294944763184,23;46;47;48;49;50;51;63;75;76;77;78;79;80;81;82;83;84;85;86;87;88;89;90;91;92;93;94;95;96;97;98;99;100;111;112;113;114;115;116;117;118;119;120;121;122;123;124;125;126;127;128;129;130;131;132;133;134;135;136;147;148;149;150;151;152;153;154;155;156;157;158;159;160;161;173;186;187;188;189;190;191;192;193;194;195;196;197;198;199;200;201;213;214;215;226;227;228;247;248;249;250;251;252;253;254;255;272;273;274;275;276;277;278;279;280;281;282;283;284;285;286;287;288;289;290;291;312;313;314;315;316;317;318;319;320;321;322;323;324;325;326;327;328;329;330;331;342;343;344;345;346;347;348;349;350;351;352;353;479;480;481;482;483;484;485
F122022,10,21,21,2897.121018435052,2700.0,197.12101843505206,10,111,111,51,12.372179985046387,52;53;54;72;73;74;75;76;77;78;79;80;81;82;83;84;99;100;111;112;134;135;136;137;148;149;150;151;152;153;154;155;156;157;177;178;189;190;191;192;193;194;220;221;222;243;244;245;246;247;248;249;250;251;252;253;254;255;256;257;258;281;282;294;305;306;307;308;309;310;311;312;313;314;315;316;317;318;319;320;321;322;323;324;325;326;327;328;329;330;331;346;387;404;405;406;407;408;409;410;411;412;413;414;478;479;480;481;482;499;500
F122022,10,22,22,2834.154272515594,2700.0,134.15427251559413,10,141,141,118,15.25444769859314,20;45;46;47;48;49;50;51;52;53;54;55;66;67;68;69;70;71;72;73;74;75;76;77;78;79;80;119;140;141;142;143;144;145;146;147;148;149;150;151;152;153;154;169;170;171;172;173;174;175;176;177;178;179;180;181;182;183;184;196;210;211;212;213;214;215;216;217;218;230;231;251;252;253;254;255;256;257;258;259;260;261;262;263;264;265;266;277;278;279;280;281;282;283;284;285;286;287;288;289;290;291;292;293;294;295;296;297;298;299;300;312;323;324;325;326;327;328;329;330;331;332;333;334;335;336;337;338;339;340;341;342;343;344;345;346;358;378;379;380;492
F122022,10,23,23,2908.084222245621,2700.0,208.08422224562082,10,148,148,57,15.63087511062622,48;49;60;61;62;76;77;78;79;80;81;82;83;84;113;114;115;116;117;118;119;130;131;132;133;134;135;136;137;149;150;151;152;164;175;176;177;178;179;180;181;182;183;184;185;186;187;188;189;190;191;192;204;205;216;217;218;219;220;221;222;223;224;225;226;227;228;229;230;231;232;233;234;235;236;237;238;250;261;262;263;264;265;266;267;268;269;270;271;272;273;274;275;276;277;278;279;280;281;282;283;284;285;298;299;300;301;302;303;304;305;306;307;308;309;310;311;312;313;314;315;316;317;318;319;331;332;377;378;379;380;381;454;455;479;480;481;482;483;484;485;486;487;488;489;490;491;492
F122022,10,24,24,2817.517236191433,2700.0,117.51723619143286,9,105,105,57,11.751453161239624,20;31;32;33;34;35;36;37;38;39;40;41;42;43;44;45;46;47;48;49;50;51;52;53;54;55;71;72;73;74;75;76;77;78;79;80;81;82;83;84;85;86;87;88;89;90;112;113;114;115;116;117;155;175;176;177;178;179;180;181;182;183;184;185;186;187;188;189;190;191;192;193;204;205;206;207;208;209;210;211;212;213;214;215;216;217;218;219;220;232;243;244;245;246;247;248;249;268;269;282;283;284;321;322;489
F122022,10,25,25,2888.991576972372,2700.0,188.99157697237206,11,156,156,75,16.64091205596924,31;48;49;50;51;52;53;54;55;56;57;58;59;60;61;62;63;64;65;66;67;82;83;84;85;86;87;88;89;90;91;92;104;115;116;117;118;119;120;121;122;123;124;125;126;127;128;129;130;131;132;133;134;135;136;137;138;139;140;141;142;143;144;156;157;168;169;170;171;172;173;174;175;176;177;178;179;180;181;182;183;184;185;186;187;188;189;190;191;192;193;194;212;213;224;225;226;227;228;229;230;231;232;233;245;246;247;248;266;267;268;269;270;271;272;273;285;296;297;298;299;300;301;302;303;304;305;306;318;319;320;321;343;344;345;361;362;431;432;433;434;435;436;437;479;480;481;492;493;494;495;496;497;498;499;500
F122022,10,26,26,2859.14634981206,2700.0,159.14634981206018,9,101,101,28,11.394245862960815,21;32;33;34;35;36;37;38;39;51;52;53;54;55;56;57;104;105;106;107;108;109;110;111;112;113;114;125;126;127;128;129;130;131;132;144;145;146;147;148;149;150;162;163;164;165;176;177;178;179;180;181;182;183;184;185;186;187;188;189;201;202;213;214;215;216;228;229;230;231;250;272;273;274;275;276;277;278;279;280;281;293;294;295;296;297;298;299;300;301;302;303;314;315;344;345;346;347;348;478;479
F122022,10,27,27,2910.6524521837973,2700.0,210.65245218379732,12,150,150,80,16.099284887313843,23;24;25;26;27;38;39;40;41;42;43;44;45;46;47;48;60;61;62;79;80;81;82;83;84;85;86;87;88;89;90;91;92;93;94;95;96;97;98;99;110;111;112;113;114;115;116;117;118;119;120;121;122;123;124;125;126;127;128;129;130;131;132;133;134;135;165;166;167;168;203;204;221;222;223;224;225;237;238;239;250;251;252;253;254;255;256;257;258;259;260;261;262;263;264;265;266;267;268;269;270;271;272;273;274;285;286;287;331;332;333;358;359;360;361;362;363;364;365;366;367;368;369;387;399;400;401;402;403;404;439;450;473;474;485;486;487;488;489;490;491;492;493;494;495;496;497;498;499;500
F122022,10,28,28,2891.373422800486,2700.0,191.37342280048597,9,157,157,59,16.763718843460083,73;74;75;76;106;107;108;109;110;111;112;113;125;126;127;128;129;130;131;132;133;134;135;136;137;138;139;140;141;142;143;144;145;146;147;148;159;160;161;162;163;164;165;166;167;168;169;170;171;172;173;174;175;176;177;178;179;180;181;182;183;194;195;196;197;198;199;200;201;213;214;215;216;217;218;229;230;231;232;233;234;235;236;237;238;239;240;241;242;243;244;245;246;247;248;249;250;251;265;266;267;268;269;270;271;272;273;274;275;286;287;288;289;290;291;292;293;294;295;296;297;298;299;300;301;302;303;304;305;306;307;308;309;310;311;312;313;325;412;443;444;475;476;477;478;479;480;481;482;483;494;495;496;497;498;499;500
F122022,10,29,29,2899.3312614428824,2700.0,199.33126144288235,10,133,133,59,14.267008066177368,40;51;52;53;54;55;56;57;58;59;60;61;62;63;64;65;66;78;116;127;128;129;130;131;132;133;134;135;136;137;138;139;140;141;142;158;159;160;171;172;173;174;175;176;177;178;179;180;181;182;183;184;185;186;187;188;189;190;191;192;193;194;195;221;222;223;224;225;226;227;228;229;230;241;242;243;244;245;246;247;248;249;250;251;252;253;254;255;256;257;258;259;260;261;262;263;264;279;280;291;292;293;294;295;296;297;298;299;300;301;302;303;304;305;306;307;308;309;310;311;312;313;314;326;349;350;351;352;353;354;366;489;500
F122022,10,30,30,2843.0032065579035,2700.0,143.00320655790347,9,143,143,76,15.190768241882324,14;15;40;41;42;43;44;45;46;57;58;59;60;61;62;63;64;65;66;67;68;69;70;71;72;73;74;75;96;116;117;118;119;120;121;122;123;124;125;126;127;128;129;130;131;132;143;144;145;146;147;148;149;150;151;152;153;154;155;156;157;158;159;160;161;162;163;164;165;166;167;178;179;180;181;182;183;184;185;186;187;188;189;190;191;192;193;194;195;196;197;198;199;200;201;202;203;204;215;216;217;229;230;231;232;233;234;235;236;237;238;239;240;241;242;253;254;255;256;257;258;279;297;298;299;300;301;302;303;304;305;306;307;308;309;310;311;312;313;314;400;401;402
