function,dimension,run_id,seed,best_fitness,global_optimum,error_to_optimum,rescues_applied,diagnostics_invoked,diagnostics_invocation_count,positive_diagnosis_count,runtime_sec,diagnostics_invocation_iterations
F12022,10,1,1,411.4890955881782,300.0,111.4890955881782,4,139,139,7,3.485353946685791,15;16;17;18;36;62;63;64;85;86;87;88;89;90;91;126;146;156;157;158;171;172;173;174;175;185;186;187;188;200;201;202;203;204;205;206;207;208;209;210;211;212;213;214;215;216;217;218;219;220;221;222;223;224;225;226;227;228;229;230;231;232;233;234;235;236;237;238;239;240;241;242;243;257;258;259;268;269;270;271;272;273;274;275;276;277;278;279;280;281;282;283;284;285;286;306;307;308;309;310;311;312;313;314;315;316;317;318;319;320;321;322;332;350;351;352;353;354;355;356;357;480;481;482;483;484;485;486;487;488;489;490;491;492;493;494;495;496;497
F12022,10,2,2,380.7730095518232,300.0,80.77300955182318,7,58,58,11,1.2090041637420654,20;21;22;23;24;25;35;36;37;56;94;113;151;174;175;176;177;178;179;180;181;190;191;233;234;235;236;237;238;239;240;241;242;243;244;245;254;255;256;257;258;259;260;261;271;288;289;290;291;292;293;294;295;296;297;298;299;361
F12022,10,3,3,384.5051457807905,300.0,84.50514578079049,2,26,26,2,0.7410449981689453,51;52;65;66;99;131;132;133;134;197;198;199;200;201;202;203;224;225;226;264;323;324;398;399;496;497
F12022,10,4,4,467.93363571052635,300.0,167.93363571052635,4,36,36,6,0.8827669620513916,86;139;140;149;150;176;177;178;179;180;181;198;199;209;210;211;212;213;214;215;216;217;218;238;256;257;258;259;260;261;262;263;264;284;285;286
F12022,10,5,5,359.91555650967655,300.0,59.91555650967655,2,100,100,3,1.8177547454833984,43;44;45;46;60;61;62;63;64;65;66;67;68;69;79;80;89;90;91;92;93;94;95;96;97;98;99;109;110;111;112;113;114;115;116;117;118;119;120;121;122;123;124;125;126;127;128;129;130;131;132;133;134;135;136;148;149;150;151;152;153;154;155;156;166;167;168;179;207;208;209;219;220;221;222;223;224;234;310;335;336;353;422;423;485;486;487;488;489;490;491;492;493;494;495;496;497;498;499;500
F12022,10,6,6,454.0961219908795,300.0,154.0961219908795,2,85,85,2,1.6008198261260986,93;94;95;113;114;115;116;117;118;119;120;121;122;123;124;125;126;145;158;159;160;161;162;163;164;165;166;167;168;169;170;171;172;173;174;175;201;202;203;204;205;206;207;229;230;246;247;248;249;250;251;299;310;311;312;313;314;315;316;317;318;319;320;321;322;323;324;325;326;335;336;364;487;488;489;490;491;492;493;494;495;496;497;498;499
F12022,10,7,7,389.2601628957045,300.0,89.26016289570452,7,84,84,10,1.5895719528198242,37;38;39;40;41;58;59;60;61;62;63;64;76;86;87;118;119;120;121;122;141;142;143;144;156;157;192;193;194;195;196;197;198;199;200;201;210;211;222;223;224;225;226;227;228;229;230;241;242;243;244;245;246;247;248;249;250;251;252;253;254;255;256;257;258;259;260;261;273;274;275;276;277;278;308;309;333;334;335;336;345;486;487;488
F12022,10,8,8,333.85938049346197,300.0,33.85938049346197,5,85,85,9,1.6026322841644287,27;28;29;30;53;103;104;105;106;107;125;126;127;128;157;158;159;160;181;182;198;207;208;209;210;211;212;213;214;215;216;217;218;219;220;221;222;223;224;225;226;227;228;229;230;231;232;233;234;235;236;248;249;250;251;252;262;280;281;282;283;284;285;286;287;288;298;299;300;310;311;312;313;314;382;383;420;421;485;486;487;488;497;498;499
F12022,10,9,9,712.7682512952811,300.0,412.76825129528106,2,49,49,4,1.0723702907562256,38;50;51;85;86;87;88;89;90;91;92;93;103;104;105;106;107;108;109;110;111;112;113;114;171;172;173;195;196;197;198;199;226;227;228;229;230;231;232;233;234;266;267;312;328;329;330;341;496
F12022,10,10,10,353.1183643509004,300.0,53.11836435090038,3,48,48,4,1.056145191192627,37;38;39;101;102;103;104;140;163;164;165;166;167;168;169;234;235;248;258;274;275;276;288;289;290;291;292;293;294;295;305;316;317;359;360;361;362;484;485;486;487;488;489;490;491;492;493;494
F12022,10,11,11,385.84035266281614,300.0,85.84035266281614,3,101,101,8,1.8292980194091797,88;89;90;91;92;93;94;95;96;97;98;99;100;116;125;126;127;128;129;130;131;132;133;134;135;136;137;138;139;140;141;142;143;144;145;146;147;148;149;150;151;152;153;154;155;156;157;158;159;160;197;198;199;200;201;215;216;233;234;235;236;237;238;239;240;241;242;243;244;245;246;247;248;249;250;251;252;253;254;255;256;257;258;259;260;375;376;377;472;473;474;475;476;477;488;489;490;491;492;493;494
F12022,10,12,12,341.4883234868595,300.0,41.488323486859485,6,89,89,15,1.6555559635162354,102;103;104;105;106;107;108;109;120;121;122;132;147;148;149;150;151;168;169;170;181;182;183;184;185;186;187;188;189;190;191;192;202;203;204;222;223;224;239;248;249;250;251;252;262;272;273;274;275;276;277;278;279;280;281;282;283;284;285;286;287;288;289;290;299;300;301;302;303;304;305;315;316;317;318;319;320;321;344;345;346;347;494;495;496;497;498;499;500
F12022,10,13,13,343.69350730883787,300.0,43.693507308837866,3,64,64,3,1.2925670146942139,42;43;44;45;46;47;58;59;60;61;74;83;84;85;95;96;97;98;99;100;101;114;115;116;117;151;161;162;163;173;174;188;189;190;191;192;221;222;223;224;225;235;236;237;238;239;255;256;257;258;259;260;261;262;263;264;276;294;295;496;497;498;499;500
F12022,10,14,14,356.4625148732108,300.0,56.46251487321081,3,22,22,5,0.6824188232421875,83;84;98;99;120;121;154;155;156;157;158;159;195;295;296;339;340;352;353;354;355;494
F12022,10,15,15,326.8990688512693,300.0,26.899068851269305,7,111,111,16,1.9827907085418701,43;55;56;57;58;59;69;90;91;92;93;94;107;108;109;110;119;120;121;122;132;133;134;135;145;155;156;157;158;159;160;161;162;171;181;182;183;184;185;186;187;188;189;190;200;218;219;220;221;222;223;224;225;226;227;228;229;230;231;232;233;243;244;245;246;247;248;249;250;251;252;253;254;255;256;268;269;270;271;272;290;299;300;301;302;303;304;305;306;307;308;309;310;311;312;313;314;315;316;317;318;319;320;321;322;323;324;325;339;340;500
F12022,10,16,16,475.3441712791108,300.0,175.3441712791108,5,79,79,7,1.512289047241211,54;55;56;65;66;67;68;69;70;71;72;73;74;75;76;77;78;79;80;81;82;83;113;123;124;125;126;135;136;137;138;139;140;159;160;161;189;238;294;295;296;297;298;299;300;301;302;303;304;305;306;380;381;382;383;384;385;386;387;388;389;454;455;456;457;458;459;460;461;462;463;476;477;478;479;480;492;493;494
F12022,10,17,17,378.2451664790258,300.0,78.24516647902578,4,87,87,7,1.6259360313415527,122;123;124;125;126;138;139;140;141;142;143;144;145;194;195;196;197;198;199;200;214;215;216;217;218;219;220;221;222;223;224;234;235;236;237;247;248;264;265;266;267;268;269;270;280;281;282;283;292;293;294;295;296;297;298;299;300;301;311;360;361;475;476;477;478;479;480;481;482;483;484;485;486;487;488;489;490;491;492;493;494;495;496;497;498;499;500
F12022,10,18,18,332.8884032666836,300.0,32.88840326668361,6,61,61,8,1.2521638870239258,41;50;51;103;104;105;106;107;108;109;119;146;147;172;173;174;175;176;197;198;199;200;201;225;226;227;228;229;239;240;241;273;274;275;276;277;278;279;280;281;295;296;297;298;316;336;337;338;339;340;341;342;343;344;345;346;398;488;498;499;500
F12022,10,19,19,312.47354429194706,300.0,12.473544291947064,6,57,57,8,1.189903974533081,45;46;47;48;49;66;67;68;69;116;117;118;119;137;138;139;205;231;232;243;244;245;246;247;248;258;259;286;287;288;289;290;291;292;293;294;295;296;306;307;308;309;484;485;486;487;488;489;490;491;492;493;494;495;496;497;498
F12022,10,20,20,485.9754729325375,300.0,185.9754729325375,1,94,94,1,1.7241010665893555,17;55;56;57;58;59;60;61;62;63;64;65;80;81;82;120;121;122;123;133;134;135;136;137;138;148;149;150;151;175;176;177;178;179;180;200;201;202;203;204;205;206;207;208;209;210;211;212;213;214;215;216;217;218;219;220;221;222;223;224;225;226;227;228;229;230;231;232;233;234;246;247;258;259;260;261;381;382;383;384;487;488;489;490;491;492;493;494;495;496;497;498;499;500
F12022,10,21,21,459.79922415173314,300.0,159.79922415173314,2,91,91,2,1.6841940879821777,50;51;52;116;141;142;143;144;145;146;147;148;163;164;165;197;198;199;200;201;202;203;204;205;206;207;221;222;223;224;225;226;227;228;229;230;231;232;233;234;235;236;237;238;239;240;241;242;243;244;245;246;247;248;249;250;251;252;253;254;255;256;257;258;259;260;261;262;263;264;265;283;284;285;286;287;288;289;290;291;292;293;294;295;296;297;298;299;300;301;302
F12022,10,22,22,437.9354404550685,300.0,137.9354404550685,5,42,42,6,0.9713749885559082,55;56;78;79;80;81;82;83;93;94;95;104;105;123;175;176;177;178;179;180;181;182;183;205;206;207;233;234;235;236;237;238;239;240;241;242;328;338;368;369;406;407
F12022,10,23,23,2004.2796195504534,300.0,1704.2796195504534,1,87,87,1,1.6237587928771973,47;48;49;74;75;76;77;78;79;80;90;100;117;118;131;132;133;134;135;157;158;159;160;161;162;163;164;165;166;167;168;169;210;246;247;248;249;250;251;252;253;254;255;256;269;270;271;272;273;274;275;276;277;278;289;290;291;292;293;294;295;296;297;298;299;300;301;302;303;304;305;306;307;327;328;342;343;344;491;492;493;494;495;496;497;498;499
F12022,10,24,24,450.24644490289234,300.0,150.24644490289234,4,41,41,5,0.9592828750610352,42;43;44;54;55;56;57;58;59;60;61;62;63;64;65;66;67;68;69;121;122;205;206;215;216;217;218;219;220;221;222;223;331;332;472;473;487;488;489;490;491
F12022,10,25,25,340.9372266005993,300.0,40.937226600599274,8,100,100,13,1.8191249370574951,86;87;88;89;90;91;92;93;94;95;117;118;119;120;121;122;123;124;125;126;141;159;160;169;170;171;172;173;192;206;207;208;209;210;211;212;213;214;215;216;217;218;219;228;229;230;231;232;233;234;235;236;237;238;239;240;258;267;268;269;270;271;272;273;274;275;291;292;293;294;295;296;297;326;327;328;329;330;331;332;333;334;344;362;363;364;465;466;467;481;482;483;484;485;486;487;497;498;499;500
F12022,10,26,26,438.2237693396076,300.0,138.2237693396076,4,69,69,4,1.366441011428833,43;44;61;62;63;64;65;66;67;68;69;70;71;98;99;100;144;145;146;147;157;158;159;160;161;162;163;164;165;166;167;168;223;224;234;235;236;237;238;239;240;278;279;289;302;303;304;305;306;347;348;483;484;485;486;487;488;489;490;491;492;493;494;495;496;497;498;499;500
F12022,10,27,27,327.4106946792806,300.0,27.410694679280596,5,65,65,9,1.3083081245422363,45;46;47;48;81;82;83;84;85;86;87;88;98;99;100;140;154;155;156;157;158;159;160;161;162;163;164;165;166;167;168;169;170;171;172;173;174;210;211;212;213;225;226;227;228;229;230;231;232;291;292;293;294;295;296;308;309;310;311;323;332;333;334;335;479
F12022,10,28,28,448.14011666118813,300.0,148.14011666118813,0,71,71,0,1.3923656940460205,32;33;34;35;45;46;56;57;58;71;72;73;74;75;76;77;78;79;80;95;96;97;98;99;100;101;102;103;104;105;106;107;108;109;110;111;112;113;114;115;132;133;134;135;149;150;151;194;195;196;197;198;199;200;201;202;203;229;230;231;302;303;304;305;306;307;324;325;326;327;492
F12022,10,29,29,415.020598913938,300.0,115.02059891393799,6,49,49,8,1.0718352794647217,50;51;89;90;91;100;101;102;119;135;136;137;138;139;149;165;166;176;177;178;195;196;197;198;199;216;217;218;268;269;270;279;280;281;282;283;284;314;315;316;317;493;494;495;496;497;498;499;500
F12022,10,30,30,481.4174594637075,300.0,181.41745946370747,3,75,75,3,1.4526891708374023,74;75;85;86;87;88;89;90;91;92;93;94;95;96;97;98;99;100;101;102;117;118;119;128;129;130;131;152;153;154;155;156;165;166;167;168;169;170;171;172;173;174;175;176;177;187;188;189;190;191;192;193;209;210;211;212;235;236;237;238;239;290;291;292;293;294;295;317;484;485;486;487;488;489;490
F22022,10,1,1,472.264455964007,400.0,72.26445596400703,11,132,132,47,2.7785518169403076,32;55;64;65;66;100;122;123;124;134;135;136;137;147;156;157;158;159;160;161;162;163;164;165;166;167;168;169;170;171;172;173;182;183;184;185;186;187;188;189;190;191;192;193;194;195;196;197;198;199;200;201;202;203;204;205;214;215;216;217;218;219;220;221;222;223;224;225;226;227;228;229;230;239;240;241;242;243;244;245;246;247;248;249;250;251;252;253;254;255;264;265;266;267;268;269;270;271;281;282;302;303;304;305;306;307;308;325;326;327;328;329;351;352;353;354;364;365;366;367;368;389;390;391;467;476;477;478;479;480;497;498
F22022,10,2,2,461.6685407979423,400.0,61.668540797942285,11,106,106,66,2.3148038387298584,57;66;67;68;69;70;71;72;73;74;75;76;77;96;110;111;112;113;114;115;116;117;118;119;120;121;122;131;132;133;134;135;136;137;138;139;140;141;142;143;144;155;164;165;166;167;168;169;170;171;172;173;174;175;176;177;178;179;180;181;190;191;192;193;194;195;196;197;198;199;200;201;202;203;204;205;215;224;225;226;227;228;229;250;251;252;261;262;263;264;265;266;267;268;269;385;436;457;458;459;460;461;462;478;479;491
F22022,10,3,3,456.3205391934492,400.0,56.32053919344918,9,65,65,42,1.581610918045044,28;37;38;39;40;68;77;78;91;92;93;102;103;104;105;106;107;108;109;110;111;112;113;114;115;116;126;145;146;147;148;163;164;175;176;177;178;179;180;181;191;202;203;204;205;206;207;208;209;210;234;235;244;245;246;247;282;283;284;285;286;287;288;495;496
F22022,10,4,4,400.6135799192776,400.0,0.6135799192775835,9,104,104,31,2.2766339778900146,52;61;62;63;64;65;66;67;68;69;70;71;72;73;74;75;76;77;78;79;88;89;90;91;92;93;94;95;96;97;98;99;100;101;102;103;104;149;166;186;187;188;189;190;191;192;193;194;195;196;197;198;199;200;221;222;223;224;225;273;274;275;276;277;278;279;280;281;282;283;305;306;307;308;309;310;311;334;335;336;337;347;465;466;467;468;469;470;471;473;474;475;476;490;491;492;493;494;495;496;497;498;499;500
F22022,10,5,5,406.7083470221622,400.0,6.708347022162172,14,122,122,57,2.603226900100708,11;31;32;33;50;69;70;71;72;73;74;75;84;85;86;87;88;89;90;91;92;93;94;95;96;97;98;99;100;101;102;111;112;113;114;115;116;117;118;119;120;121;122;123;124;125;126;127;128;137;138;139;140;141;142;143;144;145;146;147;148;158;170;171;172;173;174;175;176;177;187;188;201;202;217;234;235;236;237;238;239;240;241;242;251;271;272;281;282;283;284;285;286;287;288;289;290;291;292;293;294;295;296;297;298;299;300;301;302;303;349;350;373;374;417;418;471;481;482;483;484;485
F22022,10,6,6,439.8326239994061,400.0,39.83262399940611,10,95,95,38,2.115665912628174,22;56;65;66;76;77;78;79;80;81;82;83;84;93;94;95;96;110;111;120;121;122;123;124;125;126;127;128;129;130;131;132;133;134;135;136;137;138;139;151;152;153;154;155;156;157;158;159;160;161;162;163;164;165;166;175;176;177;178;179;180;181;194;203;204;205;206;207;208;209;210;211;212;213;214;215;216;217;218;219;220;231;232;299;308;309;310;311;312;313;360;361;362;495;496
F22022,10,7,7,410.5364677198389,400.0,10.536467719838924,8,69,69,30,1.6531248092651367,46;47;48;49;50;51;52;53;74;84;100;101;102;103;104;105;115;167;176;186;187;188;189;190;191;192;193;202;203;204;205;206;207;208;209;210;211;212;213;214;215;216;230;247;248;249;250;251;252;253;254;255;265;286;287;288;297;298;329;482;483;493;494;495;496;497;498;499;500
F22022,10,8,8,400.5930800983066,400.0,0.5930800983065865,13,96,96,49,2.1377830505371094,11;12;13;70;71;72;82;83;84;94;95;96;97;106;107;122;138;139;140;141;142;143;144;145;146;147;156;157;158;159;160;175;185;194;195;196;197;198;199;200;201;202;203;204;205;206;236;245;246;247;248;249;250;251;252;253;254;255;256;257;258;259;260;261;262;287;288;297;298;308;309;310;311;312;313;354;393;471;472;481;482;483;484;485;486;487;488;489;490;491;492;493;494;495;496;497
F22022,10,9,9,474.2459503850886,400.0,74.24595038508858,10,114,114,49,2.455049991607666,28;29;45;46;47;48;49;50;51;93;94;95;96;105;106;107;108;109;110;111;112;113;114;115;116;117;118;119;120;130;139;140;141;142;143;144;145;146;147;148;149;150;151;152;153;154;155;166;167;168;169;170;171;172;173;174;175;176;177;178;188;197;198;199;200;201;202;203;204;205;206;207;208;209;210;220;229;230;231;232;233;234;235;236;237;247;248;249;250;251;252;266;267;268;269;270;271;272;273;274;275;276;277;278;287;288;289;290;322;485;486;487;499;500
F22022,10,10,10,422.74432657952497,400.0,22.744326579524966,9,53,53,26,1.3676860332489014,80;117;118;119;120;130;131;132;142;143;155;156;157;166;167;168;169;170;171;172;173;174;175;176;177;178;179;180;181;182;191;211;220;234;235;236;254;255;256;257;258;259;260;261;288;297;298;299;300;468;469;498;499
F22022,10,11,11,401.5261611773195,400.0,1.5261611773195227,6,38,38,11,1.1005470752716064,63;90;91;101;102;112;113;114;124;125;166;167;168;169;170;171;185;186;187;188;197;198;199;200;201;202;203;204;205;206;207;338;339;447;479;498;499;500
F22022,10,12,12,412.9185758396717,400.0,12.91857583967169,12,136,136,82,2.8487277030944824,29;30;31;41;55;56;57;58;59;60;61;62;63;64;65;66;75;76;77;78;79;80;81;82;83;84;85;86;87;88;89;90;91;100;101;102;103;104;105;115;116;117;128;129;130;131;132;133;134;135;136;137;138;139;140;141;142;143;144;145;154;155;156;157;158;159;160;161;162;163;164;165;166;167;168;169;170;179;180;181;182;183;184;185;186;187;188;189;190;191;192;193;194;195;204;205;206;207;208;209;210;211;212;213;214;215;216;217;218;219;220;221;222;233;234;235;246;247;256;257;258;259;260;261;262;263;264;265;280;281;282;283;284;320;321;490
F22022,10,13,13,498.01982082003974,400.0,98.01982082003974,9,72,72,36,1.7088291645050049,62;72;73;74;83;84;85;86;87;88;89;90;91;92;93;94;95;96;97;98;99;100;111;112;113;114;115;116;142;143;152;162;163;164;165;166;187;212;222;246;247;248;260;261;262;263;264;265;266;267;268;269;270;271;272;273;274;287;367;469;470;471;472;473;491;492;493;494;495;496;497;498
F22022,10,14,14,400.9819629086456,400.0,0.9819629086455848,11,131,131,41,2.757361888885498,16;17;18;19;20;29;30;31;32;33;34;35;36;37;38;39;40;41;42;43;44;45;66;84;85;86;87;88;89;90;91;92;101;102;103;104;105;106;107;108;109;119;133;134;135;136;137;138;139;140;141;142;143;144;145;154;155;156;157;158;159;160;161;162;177;186;187;188;189;190;191;192;193;194;195;196;197;198;199;200;201;202;203;204;205;206;222;223;224;234;235;236;245;246;247;248;249;259;260;261;262;271;272;273;274;275;276;277;278;279;280;281;282;283;284;285;304;313;314;315;316;317;476;485;486;487;488;489;490;491;492
F22022,10,15,15,432.5295915824129,400.0,32.52959158241288,9,72,72,26,1.7055821418762207,27;28;29;30;31;40;41;42;43;44;45;46;47;48;49;59;60;61;62;63;64;84;85;86;87;88;89;99;100;122;137;138;199;208;209;210;211;221;222;223;224;233;234;235;236;237;238;260;274;275;276;277;278;279;280;281;282;292;301;302;303;304;305;306;307;308;321;330;331;332;495;496
F22022,10,16,16,495.27348666828675,400.0,95.27348666828675,10,106,106,45,2.3130712509155273,40;69;70;79;80;81;82;83;84;85;86;87;88;89;90;91;92;93;94;95;96;105;106;107;108;109;110;111;112;113;114;115;116;117;118;119;120;121;131;132;141;142;143;144;154;155;156;157;158;167;177;194;210;211;212;213;214;215;216;217;218;219;220;229;230;231;232;233;234;235;236;237;238;239;240;241;258;259;260;261;270;280;281;282;283;284;285;286;287;288;289;290;313;314;315;324;325;326;327;328;329;348;349;350;380;381
F22022,10,17,17,415.2326945344426,400.0,15.2326945344426,7,61,61,23,1.5125329494476318,38;47;48;49;50;107;108;109;110;111;125;135;136;157;158;159;160;161;162;174;175;176;177;178;191;192;193;228;229;239;248;249;250;251;252;253;254;255;256;257;258;259;260;261;262;263;264;280;281;282;292;308;309;310;311;312;481;482;483;494;495
F22022,10,18,18,400.2648706178646,400.0,0.2648706178645739,14,129,129,65,2.7270920276641846,21;22;31;41;42;52;74;75;76;77;78;79;88;98;99;100;101;115;124;125;126;127;128;129;130;131;132;133;134;135;136;137;138;139;140;154;155;156;157;158;159;160;161;162;163;164;165;166;203;204;205;206;216;217;218;228;229;230;231;232;242;243;244;245;246;247;248;249;250;251;252;253;254;255;256;257;258;267;268;269;270;271;272;273;274;326;346;347;348;349;350;351;352;353;362;363;364;365;366;367;377;378;379;380;381;461;462;463;472;473;474;475;476;477;478;479;480;481;482;483;484;485;486;487;488;497;498;499;500
F22022,10,19,19,465.2192038130839,400.0,65.21920381308388,13,113,113,56,2.441254138946533,41;50;51;52;53;54;55;56;57;58;59;60;61;62;63;64;65;66;67;97;98;112;113;114;115;133;142;143;144;145;146;147;148;149;150;151;152;153;154;155;156;157;158;159;160;161;170;171;172;173;174;175;176;177;178;179;180;181;182;183;184;185;186;187;188;189;198;199;200;201;202;203;204;205;206;207;217;227;237;238;239;240;241;242;243;244;245;265;266;267;268;269;270;290;291;292;293;294;295;296;297;345;346;357;358;359;379;478;479;480;490;491;500
F22022,10,20,20,472.5698282837134,400.0,72.56982828371338,11,90,90,31,2.0287768840789795,30;31;76;85;86;87;88;89;90;91;92;93;103;104;105;106;107;122;132;133;142;143;144;145;155;156;157;158;159;178;179;199;200;201;202;203;204;205;270;271;272;282;283;284;285;286;287;288;289;290;291;292;293;294;295;296;297;313;314;315;316;317;318;319;320;321;322;323;324;345;346;347;348;358;456;457;458;471;472;473;474;475;476;477;478;487;488;498;499;500
F22022,10,21,21,454.8975469395516,400.0,54.8975469395516,12,181,181,61,3.6510860919952393,53;62;63;64;65;66;67;68;69;70;71;88;97;98;99;100;101;102;103;104;105;115;116;125;126;127;128;129;130;131;132;133;134;135;136;137;138;139;140;141;150;151;152;153;154;155;156;157;158;159;160;161;162;163;164;165;166;167;168;169;178;179;180;181;182;183;184;185;186;187;188;189;190;191;192;193;194;195;196;197;198;199;200;201;202;203;204;205;206;207;208;209;210;211;212;213;214;215;216;217;218;219;220;221;222;223;224;225;244;260;261;262;263;264;265;275;276;277;286;287;288;289;290;291;292;302;303;304;329;330;331;332;387;388;399;400;410;411;428;429;430;445;446;447;448;449;450;451;452;453;454;455;464;465;466;467;468;469;470;471;472;473;474;475;476;477;478;479;480;489;490;491;492;493;494;495;496;497;498;499;500
F22022,10,22,22,400.6590845195577,400.0,0.6590845195577231,13,128,128,39,2.708336114883423,14;54;74;75;76;77;87;102;103;115;116;117;118;119;120;121;122;123;124;125;126;127;128;143;153;154;164;165;166;167;168;169;170;171;172;173;195;196;197;198;199;200;209;210;211;212;213;214;215;216;217;218;219;229;230;231;232;233;234;235;252;253;263;264;265;266;267;276;277;287;288;289;290;291;292;293;302;303;304;305;306;307;308;309;310;311;312;313;314;315;316;317;318;335;336;337;338;339;340;341;342;343;344;345;354;355;356;357;358;359;360;361;362;363;364;365;366;367;463;481;482;483;484;485;486;496;497;498
F22022,10,23,23,400.5229938916351,400.0,0.5229938916351102,11,115,115,34,2.474138021469116,28;29;38;39;40;41;42;64;65;80;81;82;83;84;85;86;87;88;89;90;91;92;101;102;103;104;105;106;107;108;109;110;111;112;113;114;115;116;117;118;119;128;129;130;131;132;133;134;135;136;137;138;139;140;141;142;143;144;145;154;155;156;157;158;159;160;161;162;163;164;165;166;167;196;197;198;199;200;222;223;242;243;244;270;301;310;311;312;347;357;358;359;397;455;456;473;474;475;476;477;478;479;480;481;482;483;484;485;486;487;496;497;498;499;500
F22022,10,24,24,462.4818355445503,400.0,62.48183554455028,14,155,155,63,3.185318946838379,19;20;21;35;36;37;38;39;40;41;42;43;44;45;46;55;56;57;58;59;69;70;90;105;106;118;119;120;121;122;123;124;125;126;127;128;129;130;131;132;133;142;143;144;145;146;147;148;149;150;151;152;153;154;155;165;179;180;181;191;192;193;194;203;204;205;206;207;208;209;210;211;212;213;214;215;216;217;218;219;228;229;230;231;232;233;234;244;245;246;255;256;266;267;268;269;270;271;280;281;282;292;293;294;295;296;297;298;315;316;317;318;319;320;321;322;323;324;345;346;357;358;359;360;361;362;363;364;365;366;367;368;369;370;371;440;463;464;465;477;478;479;488;489;490;491;492;493;494;495;496;497;498;499;500
F22022,10,25,25,478.96219565181474,400.0,78.96219565181474,10,102,102,63,2.239362955093384,34;43;44;45;46;47;48;49;50;51;52;53;54;55;56;57;58;59;73;74;75;76;77;78;79;80;81;82;83;84;85;86;87;97;106;107;108;109;110;111;112;113;114;115;116;117;118;119;120;121;122;131;132;133;134;135;136;146;147;156;157;158;159;160;161;162;163;164;165;166;167;168;169;170;171;172;173;182;192;193;194;195;196;197;198;199;208;209;210;211;212;213;214;215;216;217;218;228;229;262;272;493
F22022,10,26,26,402.9291190666024,400.0,2.929119066602425,9,107,107,24,2.3329288959503174,47;85;86;87;88;89;90;91;92;93;94;95;96;105;106;107;108;109;110;111;112;113;114;115;125;126;127;128;129;130;139;140;141;142;143;144;145;146;147;148;149;150;151;152;153;154;155;169;170;180;191;192;202;203;204;205;206;207;208;209;224;225;226;227;228;238;239;240;241;250;251;252;253;254;255;256;277;286;318;319;343;344;376;469;470;471;472;473;474;475;476;477;478;479;480;481;482;483;484;485;486;495;496;497;498;499;500
F22022,10,27,27,459.9722387619326,400.0,59.9722387619326,8,77,77,35,1.7965240478515625,38;56;66;67;68;69;70;92;93;94;95;96;97;98;125;137;138;139;149;150;151;152;161;162;163;164;165;166;167;168;169;170;171;172;173;174;175;176;177;224;233;234;235;236;237;238;248;249;260;261;262;263;264;265;266;267;268;269;270;271;383;467;468;477;478;479;480;481;482;483;484;485;486;487;488;489;490
F22022,10,28,28,400.37179775555495,400.0,0.371797755554951,11,83,83,39,1.9086170196533203,33;34;35;36;37;38;39;53;54;55;56;57;67;76;77;78;79;80;81;82;83;84;85;86;87;88;89;90;91;92;117;118;145;159;160;170;189;190;191;192;216;217;226;227;228;229;230;240;241;242;243;259;260;261;262;263;264;265;266;267;268;269;270;283;284;305;468;483;484;485;486;487;488;489;490;491;492;493;494;495;496;497;498
F22022,10,29,29,403.34696022729537,400.0,3.3469602272953694,11,117,117,61,2.510895013809204,39;40;41;42;51;52;53;54;55;56;57;58;59;60;61;62;63;64;65;95;108;109;110;111;112;113;114;115;116;117;118;119;120;121;122;140;141;142;143;144;145;146;147;148;149;158;159;160;161;162;163;164;165;166;167;168;169;170;171;172;173;183;192;193;194;195;196;197;198;199;200;201;202;203;204;205;206;207;217;226;227;228;229;230;240;241;242;243;260;261;262;263;264;265;266;267;268;277;278;303;324;334;335;336;337;370;371;477;492;493;494;495;496;497;498;499;500
F22022,10,30,30,404.3439596241239,400.0,4.343959624123897,8,83,83,25,1.9048268795013428,32;48;49;50;59;60;61;62;63;64;65;66;67;68;69;70;71;72;73;74;84;97;107;142;143;144;145;163;164;165;166;167;168;169;170;179;180;201;215;216;230;247;248;249;250;251;252;253;254;255;256;266;292;293;294;295;296;313;314;315;316;471;472;473;474;475;476;477;478;479;480;481;482;483;492;493;494;495;496;497;498;499;500
F32022,10,1,1,600.0000441755611,600.0,4.41755611291228e-05,19,265,265,227,7.016680955886841,14;15;49;66;67;68;69;70;71;72;73;74;75;76;103;112;113;114;115;116;117;118;119;120;121;122;123;124;125;126;127;128;145;146;147;148;149;150;151;152;153;162;163;164;165;166;167;168;169;170;171;172;173;174;175;176;177;178;189;190;191;192;193;194;195;196;197;198;199;200;201;202;203;214;215;216;217;218;219;220;221;222;223;224;225;226;227;228;237;238;239;240;241;242;243;244;245;246;247;248;249;250;251;252;253;262;263;264;265;266;274;275;276;277;278;287;288;289;290;291;292;293;294;295;296;297;298;299;300;301;302;303;312;313;314;315;316;317;318;319;320;321;322;323;324;325;326;327;328;329;338;339;340;341;342;343;344;345;346;347;348;349;350;351;352;353;354;363;364;365;366;367;368;369;370;371;372;373;374;375;376;377;378;379;388;389;390;391;392;393;394;395;396;397;398;399;400;401;402;403;404;413;414;415;416;417;418;419;420;421;422;423;424;425;426;427;428;429;438;439;440;441;442;443;444;445;446;447;448;449;450;451;452;453;454;463;464;465;466;467;468;469;470;471;472;473;474;475;476;477;478;479;488;489;490;491;492;493;494;495;496;497;498;499;500
F32022,10,2,2,600.00080917689,600.0,0.0008091768900158058,19,253,253,231,6.7341392040252686,35;58;59;60;69;70;71;72;73;74;75;76;77;78;79;80;81;82;83;84;85;94;95;96;106;107;108;109;110;119;120;130;131;132;133;134;140;149;150;151;152;153;154;155;156;157;158;159;160;161;162;163;164;165;174;175;176;177;178;179;180;181;182;183;184;185;186;187;188;189;190;199;200;201;202;203;204;205;206;207;208;209;210;211;212;213;214;215;224;225;226;227;228;229;230;231;232;233;234;235;236;237;238;239;240;257;258;259;260;261;262;263;264;265;274;275;276;277;278;279;280;281;282;283;284;285;286;287;288;289;290;299;300;301;302;303;304;305;311;312;313;314;315;328;329;330;331;332;333;342;351;352;353;354;355;356;357;358;359;360;361;362;363;364;365;366;367;376;377;378;379;380;381;382;383;384;385;386;387;388;389;390;391;392;401;402;403;404;405;406;407;408;409;410;411;412;413;414;415;416;417;418;427;428;429;430;431;432;433;434;435;436;437;438;439;440;441;442;443;452;453;454;455;456;457;458;459;460;461;462;463;464;465;466;467;468;477;478;479;480;481;482;483;484;485;486;487;488;489;490;491;492;493
F32022,10,3,3,600.0002275225328,600.0,0.00022752253278213175,17,239,239,185,6.388774871826172,18;39;40;47;56;57;58;59;60;61;62;63;64;65;66;67;68;69;98;107;108;109;110;111;112;113;114;115;116;117;118;119;120;121;122;145;154;155;156;157;158;159;160;161;162;163;164;165;166;167;168;169;170;187;188;189;190;191;192;193;194;202;211;212;213;214;224;225;226;227;241;242;243;244;245;246;247;248;249;250;251;252;261;262;263;264;265;266;267;268;269;270;271;272;273;274;275;276;277;286;287;288;289;290;291;292;293;294;295;296;297;298;299;300;301;302;311;312;313;314;315;316;317;318;319;320;321;322;323;324;325;326;327;328;337;338;339;340;341;342;343;344;345;346;347;348;349;350;351;352;353;354;355;364;365;366;367;368;380;381;382;383;392;393;394;395;396;397;398;399;400;401;402;403;404;405;406;407;408;417;418;419;420;421;422;423;424;425;426;427;428;429;430;431;432;433;442;443;444;445;446;447;448;449;450;451;452;453;454;455;456;457;458;467;468;469;470;471;472;473;474;475;476;477;478;479;480;481;482;483;492;493;494;495;496;497;498;499;500
F32022,10,4,4,600.0002276006406,600.0,0.00022760064064186736,19,250,250,216,6.655579090118408,22;39;40;41;42;43;44;45;46;47;62;63;64;65;66;67;68;69;70;71;72;81;82;83;84;85;86;87;97;98;115;116;117;118;119;120;121;122;123;132;133;134;135;136;160;169;177;178;179;180;181;182;183;184;185;194;195;196;197;198;199;200;201;202;209;210;219;220;221;222;223;224;225;226;227;228;229;230;231;232;233;234;235;244;245;246;247;248;249;250;251;252;253;254;255;256;257;258;259;260;269;270;271;278;279;280;281;282;283;284;285;294;295;296;297;298;299;300;301;302;303;304;305;306;307;308;309;310;319;320;321;322;323;324;325;330;331;332;333;334;335;344;345;346;347;348;349;350;351;352;353;354;355;356;357;358;359;360;369;370;371;372;373;374;375;376;377;378;379;380;381;382;383;384;385;394;395;396;397;398;399;400;401;402;403;404;405;406;407;408;409;410;411;420;421;422;423;424;425;426;427;428;429;430;431;432;433;434;435;436;437;446;447;448;449;450;451;452;453;454;455;456;457;458;459;460;461;462;471;472;473;474;475;476;477;478;479;480;481;482;483;484;485;486;487;496;497;498;499;500
F32022,10,5,5,600.0000574549358,600.0,5.745493581343908e-05,19,294,294,230,7.740885972976685,23;36;48;57;58;59;60;61;62;63;64;65;75;84;85;88;89;90;91;92;93;94;95;96;97;98;99;100;115;116;117;118;119;120;121;122;123;124;125;134;135;136;137;138;139;140;141;142;143;144;145;146;147;148;149;150;151;160;161;162;163;164;165;166;167;168;169;170;171;172;173;174;175;176;185;186;187;188;189;190;191;192;193;194;195;196;197;198;199;200;201;210;211;212;213;214;215;216;217;218;219;220;221;222;223;224;225;226;235;236;237;238;239;240;241;242;243;244;245;246;247;248;249;250;251;260;261;262;263;264;265;266;267;268;269;270;271;272;273;274;275;276;285;286;287;288;289;290;291;292;293;294;295;296;297;298;299;300;301;310;311;312;313;314;315;316;317;318;319;320;321;322;323;324;325;326;335;336;337;338;339;340;341;342;343;344;345;346;347;348;349;350;351;360;361;362;363;364;365;366;367;368;369;370;371;372;373;374;375;376;377;386;387;388;389;390;391;392;393;394;395;396;397;398;399;400;401;402;411;412;413;414;415;416;417;418;419;420;421;422;423;424;425;426;427;428;437;438;439;440;441;442;443;444;445;446;447;448;449;450;451;452;453;462;463;464;465;466;467;468;469;470;471;472;473;474;475;476;477;478;487;488;489;490;491;492;493;494;495;496;497;498;499;500
F32022,10,6,6,600.0016561576933,600.0,0.001656157693332716,16,194,194,156,5.302043199539185,27;28;29;30;39;40;41;42;43;44;45;46;47;48;49;68;116;117;126;127;128;129;130;131;132;133;134;135;152;161;162;163;164;165;166;167;168;169;170;171;172;173;174;175;176;177;186;187;188;189;190;191;192;193;194;195;196;197;198;199;200;201;202;211;212;213;214;215;216;217;229;244;245;246;247;248;249;250;251;252;253;263;264;276;277;278;279;280;281;282;283;284;285;286;287;288;289;298;308;346;355;356;357;365;366;367;368;369;370;371;380;386;387;388;389;390;391;392;393;394;395;396;397;398;407;408;409;410;411;412;413;414;415;416;417;418;419;420;421;422;423;432;433;434;435;436;437;438;439;440;441;442;443;444;445;446;447;448;449;458;459;460;461;462;463;464;465;466;467;468;469;470;471;472;473;474;475;484;485;486;487;488;489;490;491;492;493;494;495;496;497;498;499;500
F32022,10,7,7,600.0000338994406,600.0,3.389944060927519e-05,18,249,249,210,6.632320165634155,46;70;71;82;83;84;85;86;87;88;89;90;91;92;93;94;95;103;118;119;120;121;122;123;124;125;126;127;128;129;138;139;140;141;142;143;144;145;146;147;148;149;150;151;152;153;154;163;164;165;166;167;168;169;170;193;202;203;204;205;206;216;217;218;227;228;229;230;231;232;233;234;235;236;237;238;239;240;241;242;243;259;260;261;262;263;264;265;266;267;268;269;278;279;280;281;282;283;284;285;286;287;288;289;290;291;292;293;294;303;304;305;306;307;308;309;310;311;312;313;314;315;316;317;318;319;320;329;330;331;332;333;334;335;336;337;338;339;340;341;342;343;344;345;354;355;356;357;358;359;360;361;362;363;364;365;366;367;368;369;370;379;380;381;382;383;384;385;386;387;388;389;390;391;392;393;394;395;404;405;406;407;408;409;410;411;412;413;414;415;416;417;418;419;420;421;422;431;432;433;434;435;436;437;438;439;440;441;442;443;444;445;446;447;448;457;458;459;460;461;462;463;464;465;466;467;468;469;470;471;472;473;482;483;484;485;486;487;488;489;490;491;492;493;494;495;496;497;498
F32022,10,8,8,600.0003641959726,600.0,0.0003641959725655397,18,246,246,214,6.552883863449097,34;43;44;45;46;47;48;49;50;51;52;53;54;55;56;57;58;59;69;70;71;72;73;74;75;76;77;78;79;80;81;82;83;93;106;107;108;109;110;111;112;113;114;115;116;117;118;127;128;129;130;131;141;142;143;183;184;201;202;203;204;205;206;207;208;209;228;229;230;231;232;233;234;243;244;245;246;247;248;249;250;251;252;253;254;255;256;257;258;259;260;269;270;271;272;273;274;275;276;277;278;279;280;281;282;283;284;285;294;295;296;297;298;299;300;301;302;303;304;305;306;307;308;309;310;319;320;321;322;323;324;325;326;327;328;329;330;331;332;333;334;335;344;345;346;347;353;354;355;356;357;358;359;360;369;370;371;372;373;374;375;376;377;378;379;380;381;382;383;384;385;386;395;396;397;398;399;400;401;402;403;404;405;406;407;408;409;410;411;420;421;422;423;424;425;426;427;428;429;430;431;432;433;434;435;436;437;446;447;448;449;450;451;452;453;454;455;456;457;458;459;460;461;462;471;472;473;474;475;476;477;478;479;480;481;482;483;484;485;486;487;496;497;498;499;500
F32022,10,9,9,600.0001194152763,600.0,0.00011941527634462545,19,288,288,191,7.574410915374756,23;36;37;38;39;40;41;47;48;49;58;73;74;83;84;85;86;87;88;89;90;91;92;93;94;95;96;97;98;99;108;109;110;111;112;113;114;115;116;117;118;119;120;121;122;123;124;133;134;135;136;137;138;139;140;141;142;143;144;145;146;147;148;149;158;159;160;161;162;163;164;165;166;177;186;187;188;189;190;191;192;193;194;195;196;197;198;199;200;201;202;211;212;213;214;215;216;217;218;219;220;221;222;223;224;225;226;227;236;237;238;239;240;241;242;243;244;245;246;247;248;249;250;251;252;261;262;263;264;265;266;267;268;269;270;271;272;273;274;275;276;277;278;279;280;289;290;291;292;293;294;295;296;297;298;299;300;301;311;312;313;322;323;324;325;326;327;328;329;330;331;332;333;334;335;336;337;338;347;348;349;350;351;352;353;354;355;356;357;358;359;360;361;362;363;364;373;374;375;376;377;378;379;380;381;382;383;384;385;386;387;388;389;390;391;400;401;402;403;404;405;406;407;408;409;410;411;412;413;414;415;416;417;418;427;428;429;430;431;432;433;434;435;436;437;438;439;440;441;442;443;452;453;454;455;456;457;458;459;460;461;462;463;464;465;466;467;468;469;478;479;480;481;482;483;484;485;486;487;488;489;490;491;492;493;494;495;496
F32022,10,10,10,600.0000329496233,600.0,3.294962334621232e-05,19,254,254,181,6.744737148284912,29;54;55;71;72;73;74;75;88;97;98;99;100;101;102;103;104;105;106;107;108;109;110;111;112;113;122;123;124;125;126;127;128;129;130;131;132;133;134;135;136;137;138;147;148;149;150;160;161;162;163;172;173;183;184;185;186;187;188;197;198;199;200;201;202;203;204;205;206;207;208;209;210;211;212;213;222;223;224;225;226;227;228;229;230;231;232;233;234;235;236;237;238;247;248;249;250;260;261;262;263;272;273;274;275;276;277;278;279;280;281;282;283;284;285;286;287;288;303;304;305;306;307;308;309;310;311;312;313;314;323;324;325;326;327;328;329;330;331;332;333;334;335;336;337;338;339;340;344;353;354;355;356;357;358;359;360;361;362;363;364;365;366;367;368;369;370;379;380;381;382;383;384;385;386;387;388;389;390;391;392;393;394;395;396;405;406;407;408;409;410;411;412;413;414;415;416;417;418;419;420;421;430;431;432;433;434;435;436;437;438;439;440;441;442;443;444;445;446;455;456;457;458;459;460;461;462;463;464;465;466;467;468;469;470;471;472;481;482;483;484;485;486;487;488;489;490;491;492;493;494;495;496;497
F32022,10,11,11,600.0004179320683,600.0,0.0004179320683306287,18,235,235,159,6.289513826370239,23;35;36;37;57;72;73;74;75;76;90;99;100;101;102;103;104;105;106;107;108;109;110;111;112;113;114;115;126;127;128;129;130;131;132;133;134;135;136;137;138;139;140;149;150;151;152;153;154;155;156;157;158;159;160;161;162;163;164;165;174;184;192;201;202;203;204;205;206;207;208;209;210;211;230;239;240;241;242;243;244;245;246;247;248;249;250;251;252;253;254;261;262;271;272;284;285;297;306;307;308;309;310;311;312;313;314;315;316;317;318;319;320;321;322;332;333;334;335;336;337;338;339;340;341;342;343;344;345;346;347;356;357;358;359;360;361;362;363;364;365;366;367;368;369;370;371;372;373;382;383;384;385;386;387;388;389;390;391;392;393;394;395;396;397;398;399;408;409;410;411;412;413;414;415;416;417;418;419;420;421;422;423;424;433;434;435;436;437;438;439;440;441;442;443;444;445;446;447;448;449;458;459;460;461;462;463;464;465;466;467;468;469;470;471;472;473;474;483;484;485;486;487;488;489;490;491;492;493;494;495;496;497;498;499
F32022,10,12,12,600.0002505976589,600.0,0.000250597658919105,19,264,264,230,6.9897589683532715,28;44;45;46;47;48;49;50;51;52;53;62;63;64;65;80;89;90;91;92;93;94;95;96;97;98;99;100;101;102;103;113;128;129;130;131;132;133;134;135;136;137;138;147;148;149;150;151;152;153;154;155;156;157;158;159;160;161;162;163;172;173;174;175;176;177;187;188;204;205;206;207;208;209;210;211;212;213;222;223;224;225;226;227;228;229;230;231;232;233;234;235;236;237;238;247;248;249;250;251;252;253;254;255;256;257;258;259;260;261;262;263;272;273;274;275;276;277;278;279;280;281;282;283;284;285;286;287;288;297;298;299;300;301;307;308;309;310;311;312;313;322;323;324;325;326;327;328;329;330;331;332;333;334;335;336;337;338;339;348;349;350;351;352;353;354;355;356;357;358;359;360;361;362;363;364;373;374;375;376;377;378;379;380;381;382;383;384;385;386;387;388;389;398;399;400;401;402;403;404;405;406;407;408;409;410;411;412;413;414;423;424;425;426;427;428;429;430;431;432;433;434;435;436;437;438;439;448;449;450;451;452;453;454;455;456;457;458;459;460;461;462;463;464;473;474;475;476;477;478;479;480;481;482;483;484;485;486;487;488;489;490;499;500
F32022,10,13,13,600.000099370551,600.0,9.937055096997938e-05,17,216,216,173,5.816345930099487,42;51;52;53;54;64;65;87;101;102;103;120;129;130;140;141;142;143;144;145;154;155;156;157;158;159;160;170;179;180;181;182;183;184;185;186;187;188;189;190;191;192;193;194;195;211;212;213;214;215;216;217;218;219;220;229;230;240;241;242;243;244;245;246;257;258;259;260;261;262;263;264;265;266;267;268;269;270;271;280;281;282;283;284;285;286;287;288;289;290;291;292;293;294;295;302;311;312;313;314;315;316;317;332;333;334;343;344;345;346;347;348;349;350;351;352;353;354;355;356;357;358;359;368;369;370;371;372;373;374;375;376;377;378;379;380;381;382;383;384;393;394;395;396;397;398;399;400;401;402;403;404;405;406;407;408;409;418;419;420;421;422;423;424;425;426;427;428;429;430;431;432;433;434;435;444;445;446;447;448;449;450;451;452;453;454;455;456;457;458;459;460;469;470;471;472;473;474;475;476;477;478;479;480;481;482;483;484;485;494;495;496;497;498;499;500
F32022,10,14,14,600.0001155563592,600.0,0.00011555635921922658,19,258,258,233,6.841909885406494,22;23;46;47;48;57;58;59;60;61;62;63;64;65;66;67;68;69;70;71;72;73;103;112;113;114;115;116;117;118;119;120;121;122;123;133;142;143;144;145;146;147;148;149;150;151;152;153;154;155;156;157;158;169;170;171;172;173;174;175;176;184;198;199;200;201;202;203;204;205;206;207;208;209;218;219;220;221;222;223;224;225;226;227;228;229;230;231;232;233;234;243;244;253;254;255;256;257;258;259;268;269;270;271;272;273;274;275;276;277;278;279;280;281;282;283;284;293;294;295;296;297;298;299;300;301;302;303;304;305;306;307;308;309;321;322;323;324;325;326;327;328;329;330;331;332;333;334;343;344;345;346;347;348;349;350;351;352;353;354;355;356;357;358;359;368;369;370;371;372;373;374;375;376;377;378;379;380;381;382;383;384;393;394;395;396;397;398;399;400;401;402;403;404;405;406;407;408;409;418;419;420;421;422;423;424;425;426;427;428;429;430;431;432;433;434;443;444;445;446;447;448;449;450;451;452;453;454;455;456;457;458;459;468;469;470;471;472;473;474;475;476;477;478;479;480;481;482;483;484;493;494;495;496;497;498;499;500
F32022,10,15,15,600.0008865339204,600.0,0.0008865339203794065,18,207,207,197,5.606961727142334,45;54;55;79;110;119;120;121;122;123;124;125;126;127;128;129;130;131;132;133;134;135;144;145;146;147;148;149;150;151;152;153;154;155;156;157;158;159;160;169;170;171;172;173;174;175;176;186;195;196;197;198;199;200;201;202;203;204;205;206;207;208;209;210;211;220;230;231;232;233;234;235;236;245;246;250;251;252;253;254;255;256;257;258;259;260;261;270;271;272;273;274;275;276;277;278;279;280;281;282;283;284;285;286;295;296;297;298;299;300;301;302;303;304;305;306;307;308;309;310;311;320;330;346;373;382;383;384;385;386;387;388;389;390;391;392;393;394;395;396;397;398;407;408;409;410;411;412;413;414;415;416;417;418;419;420;421;422;423;432;433;434;435;436;437;438;439;440;441;442;443;444;445;446;447;448;457;461;462;463;464;465;466;467;468;469;470;471;472;473;482;483;484;485;486;487;488;489;490;491;492;493;494;495;496;497;498
F32022,10,16,16,600.0000938779004,600.0,9.387790044002031e-05,17,207,207,184,5.606121063232422,32;44;54;55;56;76;87;88;89;90;91;92;93;94;95;96;97;98;99;100;101;110;111;112;113;114;115;116;117;118;119;120;121;122;137;146;147;148;149;150;151;152;153;154;155;156;157;158;159;160;161;171;189;190;191;192;193;194;195;196;205;206;225;250;253;273;274;275;276;277;278;292;293;294;295;296;297;298;299;300;310;319;320;321;322;323;324;325;326;327;328;329;330;331;332;333;334;335;344;345;346;347;348;349;350;351;352;353;354;355;356;357;358;359;360;369;370;371;372;373;374;375;376;377;378;379;380;381;382;383;384;385;394;395;396;397;398;399;400;401;402;403;404;405;406;407;408;409;410;411;420;421;422;423;424;425;426;427;428;429;430;431;432;433;434;435;436;445;446;447;448;449;450;451;452;453;454;455;456;457;458;459;460;461;470;471;472;473;474;475;476;477;478;479;480;481;482;483;484;485;486;495;496;497;498;499;500
F32022,10,17,17,600.0000829840318,600.0,8.298403179196612e-05,18,235,235,174,6.3000781536102295,16;25;26;27;42;51;52;53;54;55;56;57;58;59;60;61;62;63;64;65;66;76;85;86;87;88;89;90;91;92;93;94;95;96;97;98;99;100;101;125;126;167;185;186;187;188;189;190;191;192;201;202;203;204;205;206;207;208;209;210;211;212;213;214;215;216;217;226;227;228;229;230;231;232;233;234;235;236;237;238;239;240;241;242;259;260;261;262;263;264;270;279;280;281;282;283;284;285;286;287;288;289;290;291;292;293;294;295;304;305;306;307;308;309;310;311;312;313;314;315;316;317;318;319;320;329;330;331;332;333;334;335;336;337;338;339;340;341;342;343;358;367;368;369;370;371;372;373;374;375;376;377;378;379;380;381;382;383;392;393;394;395;396;397;398;399;400;401;402;403;404;405;406;407;408;417;418;419;420;421;422;423;424;425;426;427;428;429;430;431;432;433;442;443;444;445;446;447;448;449;450;451;452;453;454;455;456;457;458;467;468;469;470;471;472;473;474;475;476;477;478;479;480;481;482;483;492;493;494;495;496;497;498;499;500
F32022,10,18,18,600.0000056690789,600.0,5.669078859682486e-06,19,290,290,228,7.622312784194946,27;41;42;43;44;45;46;47;48;49;50;51;52;66;67;68;69;70;71;72;73;74;75;76;77;86;87;88;89;90;91;92;93;94;95;96;97;98;99;100;101;102;112;113;114;115;116;117;118;119;120;121;122;123;124;125;126;127;136;137;138;139;140;141;142;143;144;145;146;147;148;149;150;151;152;161;162;163;164;165;166;176;177;186;187;188;189;190;191;192;193;194;195;196;197;198;199;200;201;202;211;212;213;214;215;225;226;227;228;237;238;239;240;241;242;243;244;245;246;247;248;249;250;251;252;253;265;266;267;268;269;270;271;272;273;274;275;276;277;278;287;288;289;290;291;292;293;294;295;296;297;298;299;300;301;302;303;304;313;314;315;316;317;318;319;320;321;322;323;324;325;326;327;328;329;330;339;340;341;342;343;344;345;346;347;348;349;350;351;352;353;354;355;364;365;366;367;368;369;370;371;372;373;374;375;376;377;378;379;380;389;390;391;392;393;394;395;396;397;398;399;400;401;402;403;404;405;414;415;416;417;418;419;420;421;422;423;424;425;426;427;428;429;430;431;432;433;434;443;444;445;446;447;448;449;450;451;452;453;454;455;456;457;458;459;460;461;470;471;472;473;474;475;476;477;478;479;480;481;482;483;484;485;486;495;496;497;498;499;500
F32022,10,19,19,600.0001764124977,600.0,0.00017641249769440037,19,235,235,228,6.2920379638671875,17;47;66;67;68;69;70;71;72;81;82;83;84;85;95;96;97;98;115;116;117;118;119;120;121;122;123;124;133;134;135;136;137;138;139;140;141;142;143;144;145;146;147;148;149;158;159;160;161;162;163;164;165;166;167;168;177;186;187;188;189;190;191;192;193;194;195;196;197;198;199;200;201;202;203;212;213;214;215;216;217;218;219;220;221;222;223;224;225;226;227;228;246;247;248;249;250;251;265;280;281;282;283;284;285;286;287;288;289;290;306;307;308;309;310;324;333;334;335;336;337;338;339;340;341;342;343;344;345;346;347;348;349;358;359;360;361;362;363;364;365;366;367;368;369;370;371;372;373;374;383;384;385;386;387;388;389;390;391;392;393;394;395;396;397;398;399;408;409;410;411;412;413;414;415;416;417;418;419;420;421;422;423;424;433;434;435;436;437;438;439;440;441;442;443;444;445;446;447;448;449;458;459;460;461;462;463;464;465;466;467;468;469;470;471;472;473;474;483;484;485;486;487;488;489;490;491;492;493;494;495;496;497;498;499
F32022,10,20,20,600.0002340527094,600.0,0.00023405270940202172,19,266,266,207,7.065018892288208,26;27;54;55;64;65;66;67;68;69;70;71;72;73;74;75;85;100;101;102;103;104;105;106;116;125;126;127;128;129;130;131;132;133;134;135;136;137;138;139;140;141;153;154;155;156;157;158;159;160;161;162;163;164;165;166;175;176;177;178;179;180;181;182;183;184;185;186;187;188;189;190;191;200;201;202;203;204;205;206;207;208;209;210;211;212;213;214;215;216;231;232;233;234;235;236;237;238;239;240;241;242;243;252;253;254;255;256;257;258;259;260;261;262;263;264;265;266;267;268;277;278;279;280;281;282;283;284;285;286;287;288;289;290;291;292;293;311;312;313;314;315;316;317;318;327;328;329;330;331;332;333;334;335;336;337;338;339;340;341;342;343;352;353;354;355;356;357;358;359;360;361;362;363;364;365;366;367;368;377;378;379;380;381;382;383;384;385;386;387;388;389;390;391;392;393;402;403;404;405;406;407;408;409;410;411;412;413;414;415;416;417;418;427;428;429;430;431;432;433;434;435;436;437;438;439;440;441;442;443;444;453;454;455;456;457;458;459;460;461;462;463;464;465;466;467;468;469;470;479;480;481;482;483;484;485;486;487;488;489;490;491;492;493;494;495
F32022,10,21,21,600.000059461056,600.0,5.946105602561147e-05,17,241,241,173,6.433803081512451,50;59;60;61;62;72;73;74;75;76;89;90;91;92;93;94;95;96;97;115;116;117;126;127;128;129;130;131;132;133;134;135;136;137;138;139;140;141;142;151;152;153;154;158;159;160;161;162;163;164;165;166;167;176;177;178;179;189;190;191;192;193;202;203;204;205;206;207;208;209;210;211;212;213;214;215;216;217;218;227;234;235;236;237;247;256;257;258;259;260;261;262;263;264;265;266;267;268;269;270;271;272;281;282;283;284;285;286;287;288;289;290;291;292;293;294;295;296;297;298;299;311;312;327;328;329;338;339;340;341;342;343;344;345;346;347;348;349;350;351;352;353;354;363;364;365;366;367;368;369;370;371;372;373;374;375;376;377;378;379;388;389;390;391;392;393;394;395;396;397;398;399;400;401;402;403;404;413;414;415;416;417;418;419;420;421;422;423;424;425;426;427;428;429;438;439;440;441;442;443;444;445;446;447;448;449;450;451;452;453;454;463;464;465;466;467;468;469;470;471;472;473;474;475;476;477;478;479;480;481;490;491;492;493;494;495;496;497;498;499;500
F32022,10,22,22,600.0000717392547,600.0,7.173925473580312e-05,19,281,281,228,7.406913995742798,12;39;48;49;50;51;52;58;77;78;87;88;89;90;91;92;93;110;119;120;121;122;123;124;125;126;127;128;129;130;131;132;133;134;135;144;145;146;147;148;149;150;151;152;153;154;155;156;157;158;159;160;169;170;171;172;173;174;175;176;177;178;179;180;181;182;183;184;185;186;195;196;197;198;199;200;201;202;203;204;205;206;207;208;209;210;211;220;221;222;223;224;225;226;227;228;229;230;231;232;233;234;235;236;245;246;247;248;249;250;251;252;253;254;255;256;257;258;259;260;261;270;271;272;273;274;275;276;277;278;279;280;281;282;283;284;285;286;295;296;297;298;299;300;301;302;303;304;305;306;307;308;309;310;311;320;321;322;323;324;325;326;327;328;329;330;331;332;333;334;335;336;337;346;347;348;349;350;351;352;353;354;355;356;357;358;359;360;361;362;371;372;373;374;375;376;377;378;379;380;381;382;383;384;385;386;387;396;397;398;399;400;401;402;403;404;405;406;407;408;409;410;411;412;421;422;423;424;425;426;427;428;429;430;431;432;433;434;435;436;437;438;439;440;441;450;451;452;453;454;455;456;457;458;459;460;461;462;463;464;465;466;467;476;477;478;479;480;481;482;483;484;485;486;487;488;489;490;491;492;493
F32022,10,23,23,600.0002637031712,600.0,0.00026370317118562525,18,230,230,189,6.163081884384155,24;41;42;43;44;45;75;95;96;97;98;99;100;117;118;119;129;151;152;153;154;166;167;168;169;170;171;190;203;204;205;206;207;208;209;210;211;212;213;214;215;224;225;226;227;228;229;230;231;232;233;234;235;236;237;238;239;240;241;251;252;253;254;255;256;257;258;259;260;261;262;263;264;265;266;275;276;277;278;279;280;281;282;283;284;285;286;287;288;289;290;291;300;301;302;303;304;305;306;307;308;309;310;311;312;313;314;315;316;325;326;327;328;329;330;331;332;333;334;335;336;337;338;339;340;341;350;351;352;353;354;355;356;357;358;359;360;361;362;363;364;365;366;375;376;377;378;379;380;381;382;383;384;385;386;387;388;389;390;391;400;401;402;403;404;405;406;407;408;409;410;411;412;413;414;415;416;425;426;427;428;429;430;431;432;433;434;435;436;437;438;439;440;441;450;451;452;453;454;455;456;457;458;459;460;461;462;463;464;465;466;475;476;477;478;479;480;481;482;483;484;485;486;487;488;489;490;491;492;493
F32022,10,24,24,600.0000907556215,600.0,9.075562149973848e-05,18,219,219,153,5.892194032669067,26;36;37;38;39;40;41;42;43;44;45;46;47;62;91;109;110;111;121;130;131;132;133;134;135;136;137;138;139;140;141;142;143;144;145;146;169;170;171;180;181;182;183;184;185;186;187;188;189;190;191;192;193;194;195;196;205;206;207;208;209;210;211;212;213;214;215;216;217;218;219;220;221;235;245;254;263;273;281;282;292;293;294;295;296;297;298;299;300;301;302;303;304;310;319;320;321;322;323;324;325;326;327;328;329;330;331;332;333;334;335;344;345;346;349;350;351;352;353;354;355;356;357;358;359;360;361;362;371;372;373;374;375;376;377;378;379;380;381;382;383;384;385;386;387;396;397;398;399;400;401;402;403;404;405;406;407;408;409;410;411;412;421;422;423;424;425;426;427;428;429;430;431;432;433;434;435;436;437;438;439;448;449;450;451;452;453;454;455;456;457;458;459;460;461;462;463;464;465;466;467;476;477;478;479;480;481;482;483;484;485;486;487;488;489;490;491;492;493
F32022,10,25,25,600.003905689791,600.0,0.003905689791054101,17,257,257,227,6.8130292892456055,73;84;85;86;87;88;89;90;91;92;102;111;112;113;114;115;116;117;118;119;120;121;122;123;124;125;126;127;136;137;138;139;140;141;142;143;144;145;146;147;148;149;150;151;152;161;162;163;164;165;166;167;168;169;170;171;172;173;174;175;176;177;186;187;188;189;190;191;192;193;194;195;196;197;198;199;200;201;202;211;212;213;214;215;216;217;218;219;220;221;222;223;224;225;226;227;236;237;238;239;240;241;242;243;244;245;246;247;248;249;250;251;252;263;264;265;266;267;268;269;270;271;272;273;274;275;276;277;278;287;288;289;290;291;301;302;303;312;313;314;315;316;317;323;324;325;326;327;328;344;345;346;347;348;349;350;351;352;353;363;364;365;366;367;368;369;370;371;372;373;374;375;376;377;378;387;388;389;390;391;392;393;394;395;396;397;398;399;400;401;402;403;412;413;414;415;416;417;418;419;420;421;422;423;424;425;426;427;428;429;430;431;440;441;442;443;444;445;446;447;448;449;450;451;452;453;454;455;456;465;466;467;468;469;470;471;472;473;474;475;476;477;478;479;480;481;490;491;492;493;494;495;496;497;498;499;500
F32022,10,26,26,600.0002891433226,600.0,0.0002891433225613582,16,219,219,120,5.898703098297119,40;49;50;51;52;53;71;111;120;121;122;123;124;125;126;127;128;129;130;131;132;133;134;135;136;148;149;150;151;152;153;154;155;156;157;158;163;172;173;174;175;176;177;178;179;180;181;182;183;184;185;186;187;188;197;198;199;200;201;204;205;206;207;217;243;252;253;254;255;256;257;258;259;260;261;262;263;264;265;266;267;268;281;296;303;315;316;317;318;319;320;321;322;323;324;329;338;339;340;341;342;343;344;345;346;347;348;349;350;351;352;353;354;355;364;365;366;367;368;369;370;371;372;373;374;375;376;377;378;379;380;381;382;383;384;393;394;395;396;397;398;399;400;401;402;403;404;405;406;407;408;409;410;411;412;413;414;415;416;417;418;419;420;429;430;431;432;433;434;435;436;437;438;439;440;441;442;443;444;445;446;455;456;457;458;459;460;461;462;463;464;465;466;467;468;469;470;471;472;481;482;483;484;485;486;487;488;489;490;491;492;493;494;495;496;497;498;499;500
F32022,10,27,27,600.0000831606693,600.0,8.316066930547095e-05,17,236,236,212,6.306467056274414,54;63;64;65;66;67;78;79;80;89;90;91;92;93;94;95;96;97;98;99;100;101;102;103;104;105;114;115;116;117;118;119;120;121;122;123;124;125;126;127;128;129;130;141;142;143;144;145;146;171;180;181;182;193;194;195;196;205;206;207;208;209;210;211;212;213;214;215;216;217;218;219;220;221;230;231;232;233;234;235;236;237;238;239;240;241;242;243;244;245;246;255;256;257;258;259;260;261;262;263;264;265;266;267;268;269;270;271;280;281;282;283;284;285;286;287;288;289;290;291;292;307;316;317;318;328;335;344;345;346;347;348;349;350;351;352;353;354;355;356;357;358;359;360;361;370;371;372;373;374;375;376;377;378;379;380;381;382;383;384;385;386;395;396;397;398;399;400;401;402;403;404;405;406;407;408;409;410;411;420;421;422;423;424;425;426;427;428;429;430;431;432;433;434;435;436;437;446;447;448;449;450;451;452;453;454;455;456;457;458;459;460;461;462;471;472;473;474;475;476;477;478;479;480;481;482;483;484;485;486;487;496;497;498;499;500
F32022,10,28,28,600.0003157644614,600.0,0.000315764461447543,18,289,289,192,7.596742868423462,29;46;47;48;49;50;51;52;53;54;63;64;65;66;67;68;69;70;71;72;73;74;75;76;77;78;79;88;89;90;91;111;123;124;125;126;127;128;129;130;131;132;133;134;135;136;145;146;147;148;149;150;151;152;153;154;155;156;157;158;159;160;161;170;171;172;173;174;175;176;177;178;179;180;181;182;183;184;185;186;195;196;197;198;199;200;201;202;203;204;205;206;207;208;209;210;211;220;221;222;223;224;225;226;227;228;229;230;231;232;233;234;235;236;245;246;247;248;249;250;251;252;253;254;255;256;257;258;259;260;261;262;271;272;273;274;275;276;277;278;279;280;281;282;283;284;285;286;287;288;289;298;299;300;301;302;303;304;305;306;307;308;318;319;320;321;322;323;324;325;326;327;328;337;338;339;340;341;342;343;344;345;346;347;348;349;350;351;352;353;354;355;356;357;358;367;368;369;370;371;372;373;374;375;376;377;378;379;380;381;382;383;392;393;394;395;396;397;398;399;400;401;402;403;404;405;406;407;408;417;418;419;420;421;422;423;424;425;426;427;428;429;430;431;432;433;442;443;444;445;446;447;448;449;450;451;452;453;454;455;456;457;458;459;468;469;470;471;472;473;474;475;476;477;478;479;480;481;482;483;484;493;494;495;496;497;498;499;500
F32022,10,29,29,600.0002501186567,600.0,0.0002501186567087643,18,226,226,207,6.081823825836182,32;33;34;43;44;62;77;87;96;97;98;99;100;101;102;103;104;105;123;132;133;134;135;145;146;147;148;157;158;159;160;161;162;163;164;165;166;167;168;169;170;171;172;173;182;183;184;185;186;187;188;189;190;191;192;193;194;195;196;197;198;207;208;209;210;211;212;213;214;215;216;217;218;219;220;221;222;223;232;233;234;235;236;237;238;239;240;241;242;243;244;261;270;271;272;273;274;275;276;277;278;279;280;281;290;301;311;312;313;314;315;316;325;326;327;328;329;330;331;332;333;334;335;336;337;338;339;340;341;356;357;358;359;360;361;362;363;364;365;366;375;376;377;378;379;380;381;382;383;384;385;386;387;388;389;390;391;400;401;402;403;404;405;406;407;408;409;410;411;412;413;414;415;416;425;426;427;428;429;430;431;432;433;434;435;436;437;438;439;440;441;450;451;452;453;454;455;456;457;458;459;460;461;462;463;464;465;466;475;476;477;478;479;480;481;482;483;484;485;486;487;488;489;490;491;492
F32022,10,30,30,600.0003840563411,600.0,0.00038405634109039966,18,267,267,198,7.091307163238525,50;51;60;61;62;63;64;65;66;67;68;69;70;71;72;73;74;75;76;85;86;87;88;89;90;91;92;93;94;95;112;121;122;123;124;125;126;127;128;129;130;131;132;133;134;135;136;137;146;147;148;149;150;151;152;153;154;155;156;157;158;159;160;161;162;171;172;173;174;175;176;177;178;179;180;181;182;183;184;185;186;187;196;197;198;199;200;201;202;203;204;205;206;207;208;209;210;211;212;225;226;227;228;229;230;231;232;233;234;235;236;237;246;256;261;262;271;272;273;274;275;276;277;278;279;280;281;282;283;284;285;286;287;288;297;298;299;300;301;302;303;304;305;306;307;308;309;310;311;312;313;314;323;324;325;326;327;328;329;330;331;332;333;334;335;336;337;338;339;354;355;356;357;358;359;360;361;362;363;364;374;375;376;377;378;379;380;381;382;383;384;385;386;387;388;389;398;399;400;401;402;403;404;405;406;407;408;409;410;411;412;413;414;423;424;425;426;427;428;429;430;431;432;433;434;435;436;437;438;439;448;449;450;451;452;453;454;455;456;457;458;459;460;461;462;463;464;473;474;475;476;477;478;479;480;481;482;483;484;485;486;487;488;489;498;499;500
F42022,10,1,1,858.0000246345601,800.0,58.00002463456008,17,195,195,195,7.409269094467163,23;42;43;44;45;64;73;74;75;76;77;78;79;80;81;82;83;84;85;86;87;88;89;105;106;107;108;109;110;111;112;113;114;124;125;126;127;128;129;130;131;132;133;134;135;136;137;138;139;148;149;150;151;152;153;154;155;183;196;197;198;199;200;201;202;203;204;205;206;207;208;221;222;223;224;225;226;247;261;262;263;264;265;275;292;293;294;295;296;297;298;299;300;317;329;338;354;363;364;365;366;367;368;369;370;371;372;373;374;375;376;377;378;379;388;389;390;391;392;393;394;395;396;397;398;399;400;401;402;403;404;413;414;415;416;417;418;419;420;421;422;423;424;425;426;427;428;429;438;439;440;441;442;443;444;445;446;447;448;449;450;451;452;453;454;463;464;465;466;467;468;469;470;471;472;473;474;475;476;477;478;479;488;489;490;491;492;493;494;495;496;497;498;499;500
F42022,10,2,2,832.000000000492,800.0,32.00000000049204,17,233,233,231,8.738473892211914,39;78;95;96;97;98;99;100;101;102;103;112;113;114;124;125;152;162;163;164;165;166;167;168;179;188;189;190;191;192;193;194;195;196;197;198;199;200;201;202;203;204;213;214;215;216;217;218;219;220;221;231;240;241;242;243;244;245;246;247;248;249;250;251;252;253;254;255;256;265;266;267;268;269;270;271;272;273;274;275;276;277;278;279;280;281;290;291;292;293;294;295;296;297;298;299;300;301;302;303;304;305;306;315;316;317;318;319;320;321;322;323;324;325;326;327;328;329;330;331;340;341;342;343;344;345;346;347;348;349;350;351;352;353;354;355;356;365;366;367;368;369;370;371;372;373;374;375;376;377;378;379;380;381;390;391;392;393;394;395;396;397;398;399;400;401;402;403;404;405;406;415;416;417;418;419;420;421;422;423;424;425;426;427;428;429;430;431;440;441;442;443;444;445;446;447;448;449;450;451;452;453;454;455;456;465;466;467;468;469;470;471;472;473;474;475;476;477;478;479;480;481;490;491;492;493;494;495;496;497;498;499;500
F42022,10,3,3,836.0000660277119,800.0,36.00006602771191,18,200,200,200,7.599372148513794,34;62;85;86;106;127;128;129;130;131;140;141;142;152;153;154;155;156;165;166;167;168;169;170;171;172;173;174;175;185;194;195;196;197;198;199;200;201;202;203;204;205;206;207;208;209;210;219;220;221;222;223;224;225;226;227;228;229;230;231;232;233;234;235;265;274;275;276;277;278;279;280;281;282;283;284;285;286;287;288;289;290;299;300;301;302;303;304;305;306;307;308;309;310;311;312;313;314;315;346;355;356;357;358;359;360;361;362;363;364;365;366;367;368;369;370;371;380;381;382;383;384;385;386;387;388;389;390;391;392;393;394;395;396;405;406;407;408;409;410;411;412;413;414;415;416;419;420;421;430;431;432;433;434;435;436;437;438;439;440;441;442;443;444;445;446;455;456;457;458;459;460;461;462;463;464;465;466;467;468;469;470;471;480;481;482;483;484;485;486;487;488;489;490;491;492;493;494;495;496
F42022,10,4,4,860.0,800.0,60.0,18,258,258,258,9.577061653137207,54;71;72;73;74;75;76;91;107;108;109;110;111;112;113;114;115;116;141;150;151;152;153;154;155;156;157;158;159;160;161;162;163;164;165;166;175;176;177;178;179;180;181;182;183;184;185;186;187;188;189;190;191;200;201;202;203;204;205;206;207;208;209;210;211;212;213;214;215;216;225;226;227;228;229;230;231;232;233;234;235;236;237;238;239;240;241;250;251;252;253;254;255;256;257;258;259;260;261;262;263;264;265;266;275;276;277;278;279;280;281;282;283;284;285;286;287;288;289;290;291;300;301;302;303;304;305;306;307;308;309;310;311;312;313;314;315;316;325;326;327;328;329;330;331;332;333;334;335;336;337;338;339;340;341;350;351;352;353;354;355;356;357;358;359;360;361;362;363;364;365;366;375;376;377;378;379;380;381;382;383;384;385;386;387;388;389;390;391;400;401;402;403;404;405;406;407;408;409;410;411;412;413;414;415;416;425;426;427;428;429;430;431;432;433;434;435;436;437;438;439;440;441;450;451;452;453;454;455;456;457;458;459;460;461;462;463;464;465;466;475;476;477;478;479;480;481;482;483;484;485;486;487;488;489;490;491;500
F42022,10,5,5,826.00000000003,800.0,26.000000000030013,17,214,214,211,8.075997352600098,26;27;36;37;38;39;40;41;42;43;66;75;76;86;87;88;89;90;91;100;101;102;112;113;114;115;116;125;126;127;128;129;130;131;132;133;134;135;136;137;138;139;140;167;183;184;185;186;187;188;189;190;191;192;201;202;203;204;205;206;207;208;209;210;211;212;213;227;236;237;238;239;240;257;268;269;270;271;272;273;274;275;276;277;278;279;280;281;282;302;303;304;305;306;307;316;317;318;319;320;321;322;323;324;325;326;327;328;329;330;331;332;342;343;344;354;355;356;357;366;367;368;369;370;371;372;373;374;375;376;377;378;379;380;381;382;391;392;393;394;395;396;397;398;399;400;401;402;403;404;405;406;407;416;417;418;419;420;421;422;423;424;425;426;427;428;429;430;431;432;441;442;443;444;445;446;447;448;449;450;451;452;453;454;455;456;457;466;467;468;469;470;471;472;473;474;475;476;477;478;479;480;481;482;491;492;493;494;495;496;497;498;499;500
F42022,10,6,6,830.0,800.0,30.0,19,322,322,322,11.759759902954102,27;36;37;38;39;40;41;42;43;44;45;46;47;48;49;50;51;52;61;62;63;64;65;66;67;68;69;70;71;72;73;74;75;76;77;86;87;88;89;90;91;92;93;94;95;96;97;98;99;100;101;102;111;112;113;114;115;116;117;118;119;120;121;122;123;124;125;126;127;136;137;138;139;140;141;142;143;144;145;146;147;148;149;150;151;152;161;162;163;164;165;166;167;168;169;170;171;172;173;174;175;176;177;186;187;188;189;190;191;192;193;194;195;196;197;198;199;200;201;202;211;212;213;214;215;216;217;218;219;220;221;222;223;224;225;226;227;236;237;238;239;240;241;242;243;244;245;246;247;248;249;250;251;252;261;262;263;264;265;266;267;268;269;270;271;272;273;274;275;276;277;286;287;288;289;290;291;292;293;294;295;296;297;298;299;300;301;302;311;312;313;314;315;316;317;318;319;320;321;322;323;324;325;326;327;336;337;338;339;340;341;342;343;344;345;346;347;348;349;350;351;352;361;362;363;364;365;366;367;368;369;370;371;372;373;374;375;376;377;386;387;388;389;390;391;392;393;394;395;396;397;398;399;400;401;402;411;412;413;414;415;416;417;418;419;420;421;422;423;424;425;426;427;436;437;438;439;440;441;442;443;444;445;446;447;448;449;450;451;452;461;462;463;464;465;466;467;468;469;470;471;472;473;474;475;476;477;486;487;488;489;490;491;492;493;494;495;496;497;498;499;500
F42022,10,7,7,836.0000000000882,800.0,36.00000000008822,17,210,210,210,7.931154727935791,39;60;61;62;63;64;81;82;83;84;85;86;87;97;115;116;117;118;119;120;146;155;156;157;158;159;160;161;162;163;164;165;166;167;168;178;207;225;226;227;228;236;245;246;247;248;249;250;251;252;253;254;255;256;257;258;259;260;261;270;271;272;273;274;275;276;277;278;279;280;281;282;283;284;285;286;295;296;297;298;299;300;301;302;303;304;305;306;307;308;318;327;328;329;330;331;332;333;334;335;336;337;338;339;340;341;342;343;352;353;354;355;356;357;358;359;360;361;362;363;364;365;366;367;368;377;378;379;380;381;382;383;384;385;386;387;388;389;390;391;392;393;402;403;404;405;406;407;408;409;410;411;412;413;414;415;416;417;418;427;428;429;430;431;432;433;434;435;436;437;438;439;440;441;442;443;452;453;454;455;456;457;458;459;460;461;462;463;464;465;466;467;468;477;478;479;480;481;482;483;484;485;486;487;488;489;490;491;492;493
F42022,10,8,8,834.0,800.0,34.0,19,321,321,309,11.732300043106079,28;37;38;39;40;41;42;43;44;45;46;47;48;49;50;51;52;53;62;63;64;65;66;67;68;69;70;71;72;73;74;75;76;77;78;87;88;89;90;91;92;93;94;95;96;97;98;99;100;101;102;103;112;113;114;115;116;117;118;119;120;121;122;123;124;125;126;127;128;137;138;139;140;141;142;143;144;145;146;147;148;149;150;151;152;153;162;163;164;165;166;167;168;169;170;171;172;173;174;175;176;177;178;187;188;189;190;191;192;193;194;195;196;197;198;199;200;201;202;203;212;213;214;215;216;217;218;219;220;221;222;223;224;225;226;227;228;237;238;239;240;241;242;243;244;245;246;247;248;249;250;251;252;253;262;263;264;265;266;267;268;269;270;271;272;273;274;275;276;277;278;287;288;289;290;291;292;293;294;295;296;297;298;299;300;301;302;303;312;313;314;315;316;317;318;319;320;321;322;323;324;325;326;327;328;337;338;339;340;341;342;343;344;345;346;347;348;349;350;351;352;353;362;363;364;365;366;367;368;369;370;371;372;373;374;375;376;377;378;387;388;389;390;391;392;393;394;395;396;397;398;399;400;401;402;403;412;413;414;415;416;417;418;419;420;421;422;423;424;425;426;427;428;437;438;439;440;441;442;443;444;445;446;447;448;449;450;451;452;453;462;463;464;465;466;467;468;469;470;471;472;473;474;475;476;477;478;487;488;489;490;491;492;493;494;495;496;497;498;499;500
F42022,10,9,9,864.0000055872902,800.0,64.00000558729016,18,273,273,273,10.116050004959106,28;37;38;39;40;41;42;43;44;45;46;47;65;82;83;84;85;86;87;88;89;90;99;100;101;102;103;104;105;106;107;108;109;110;111;112;113;114;115;128;129;130;131;132;133;134;135;136;137;138;139;140;149;150;151;152;153;154;155;156;157;158;168;177;178;179;180;181;182;183;184;185;186;187;188;189;190;191;192;193;202;203;204;205;206;207;208;209;210;211;212;213;214;215;216;217;218;227;228;229;230;231;232;233;234;235;236;237;238;239;240;241;242;243;252;253;254;255;256;257;258;259;260;261;262;263;264;265;266;267;268;277;278;279;280;281;282;283;284;285;286;287;288;289;290;291;292;293;302;303;304;305;306;307;308;309;310;311;312;313;314;315;316;317;318;327;328;329;330;331;332;333;334;335;336;337;338;339;340;341;342;343;352;353;354;355;356;357;358;359;360;361;362;363;364;365;366;367;377;386;387;388;389;390;391;392;393;394;395;396;397;398;399;400;401;402;411;412;422;423;424;425;426;427;436;437;438;439;440;441;442;443;444;445;446;447;448;449;450;451;452;461;462;463;464;465;466;467;468;469;470;471;472;473;474;475;476;477;486;487;488;489;490;491;492;493;494;495;496;497;498;499;500
F42022,10,10,10,840.0,800.0,40.0,19,301,301,299,11.05255913734436,29;38;57;67;68;69;70;71;72;73;74;75;76;77;78;79;80;81;82;91;92;93;94;95;96;97;98;99;100;101;102;103;104;105;106;107;116;117;118;119;120;121;122;123;124;125;126;127;128;129;130;131;132;141;142;143;144;145;146;147;148;149;150;151;152;153;154;155;156;157;166;167;168;169;170;171;172;173;174;175;176;177;178;179;180;181;182;191;192;193;194;195;196;197;198;199;200;201;202;203;204;205;206;207;216;217;218;219;220;221;222;223;224;225;226;227;228;229;230;231;232;241;242;243;244;245;246;247;248;249;250;251;252;253;254;255;256;257;266;267;268;269;270;271;272;273;274;275;276;277;278;279;280;281;282;291;292;293;294;295;296;297;298;299;300;301;302;303;304;305;306;307;316;317;318;319;320;321;322;323;324;325;326;327;328;329;330;331;332;341;342;343;344;345;346;347;348;349;350;351;352;353;354;355;356;357;366;367;368;369;370;371;372;373;374;375;376;377;378;379;380;381;382;391;392;393;394;395;396;397;398;399;400;401;402;403;404;405;406;407;416;417;418;419;420;421;422;423;424;425;426;427;428;429;430;431;432;441;442;443;444;445;446;447;448;449;450;451;452;453;454;455;456;457;466;467;468;469;470;471;472;473;474;475;476;477;478;479;480;481;482;491;492;493;494;495;496;497;498;499;500
F42022,10,11,11,844.0,800.0,44.0,20,257,257,256,9.544229745864868,14;26;27;39;49;50;51;52;53;54;55;56;57;58;59;60;61;62;63;64;91;115;116;125;126;127;128;129;130;131;141;150;151;152;153;154;155;156;157;167;176;177;178;179;180;181;182;183;184;185;186;187;188;189;190;191;192;201;202;203;204;205;206;207;208;209;210;211;212;213;214;215;216;217;226;227;228;229;230;231;232;233;234;235;236;237;238;239;240;241;242;255;256;257;258;259;260;261;262;263;264;265;266;267;276;277;278;279;280;281;282;283;284;285;286;287;288;289;290;291;292;301;302;303;304;305;306;307;308;309;310;311;312;313;314;315;316;317;326;327;328;329;330;331;332;333;334;335;336;337;338;339;340;341;342;351;352;353;354;355;356;357;358;359;360;361;362;363;364;365;366;367;376;377;378;379;380;381;382;383;384;385;386;387;388;389;390;391;392;401;402;403;404;405;406;407;408;409;410;411;412;413;414;415;416;417;426;427;428;429;430;431;432;433;434;435;436;437;438;439;440;441;442;451;452;453;454;455;456;457;458;459;460;461;462;463;464;465;466;467;476;477;478;479;480;481;482;483;484;485;486;487;488;489;490;491;492
F42022,10,12,12,838.0000000000003,800.0,38.00000000000034,18,281,281,278,10.343540906906128,42;54;55;80;89;90;91;92;93;94;95;96;97;98;99;100;101;102;103;104;105;114;115;116;117;118;119;120;121;122;123;124;125;126;127;128;129;130;139;140;141;142;143;144;145;146;147;148;149;150;151;152;153;154;155;164;165;166;167;168;169;170;171;172;173;174;175;176;177;178;179;180;196;197;198;199;200;201;202;203;204;205;214;215;216;217;218;219;220;221;222;223;224;225;226;227;228;229;230;239;240;241;242;243;244;245;246;247;248;249;250;251;252;253;254;255;264;265;266;267;268;269;270;271;272;273;274;275;276;277;278;279;280;289;290;291;292;293;294;295;296;297;298;299;300;301;302;303;304;305;314;315;316;317;318;319;320;321;322;323;324;325;326;327;328;329;330;339;340;341;342;343;344;345;346;347;348;349;350;351;352;353;354;355;364;365;366;367;368;369;370;371;372;373;374;375;376;377;378;379;380;389;390;391;392;393;394;395;396;397;398;399;400;401;402;403;404;405;414;415;416;417;418;419;420;421;422;423;424;425;426;427;428;429;430;439;440;441;442;443;444;445;446;447;448;449;450;451;452;453;454;455;464;465;466;467;468;469;470;471;472;473;474;475;476;477;478;479;480;489;490;491;492;493;494;495;496;497;498;499;500
F42022,10,13,13,834.0,800.0,34.0,19,306,306,301,11.191472291946411,17;37;38;54;63;64;65;66;67;68;69;70;71;72;73;74;75;76;77;78;79;88;89;90;91;92;93;94;95;96;97;98;99;100;101;102;103;104;113;114;115;116;117;118;119;120;121;122;123;124;125;126;127;128;129;138;139;140;141;142;143;144;145;146;147;148;149;150;151;152;153;154;163;164;165;166;167;168;169;170;171;172;173;174;175;176;177;178;179;188;189;190;191;192;193;194;195;196;197;198;199;200;201;202;203;204;213;214;215;216;217;218;219;220;221;222;223;224;225;226;227;228;229;238;239;240;241;242;243;244;245;246;247;248;249;250;251;252;253;254;263;264;265;266;267;268;269;270;271;272;273;274;275;276;277;278;279;288;289;290;291;292;293;294;295;296;297;298;299;300;301;302;303;304;313;314;315;316;317;318;319;320;321;322;323;324;325;326;327;328;329;338;339;340;341;342;343;344;345;346;347;348;349;350;351;352;353;354;363;364;365;366;367;368;369;370;371;372;373;374;375;376;377;378;379;388;389;390;391;392;393;394;395;396;397;398;399;400;401;402;403;404;413;414;415;416;417;418;419;420;421;422;423;424;425;426;427;428;429;438;439;440;441;442;443;444;445;446;447;448;449;450;451;452;453;454;463;464;465;466;467;468;469;470;471;472;473;474;475;476;477;478;479;488;489;490;491;492;493;494;495;496;497;498;499;500
F42022,10,14,14,828.0,800.0,28.0,19,232,232,232,8.690465211868286,26;54;81;92;93;94;95;96;97;98;99;100;101;102;103;104;105;106;125;126;127;128;129;130;131;155;156;178;179;180;181;190;191;192;193;194;195;196;197;198;199;200;201;202;203;204;205;206;222;223;224;225;226;227;228;229;230;231;240;241;242;243;244;245;246;247;248;249;250;251;253;254;255;256;271;272;273;274;275;276;277;278;279;280;281;290;291;292;293;294;295;296;297;298;299;300;301;302;303;304;305;306;315;316;317;318;319;320;321;322;323;324;325;326;327;328;329;330;331;340;341;342;343;344;345;346;347;348;349;350;351;352;353;354;355;356;365;366;367;368;369;370;371;372;373;374;375;376;377;378;379;380;381;390;391;392;393;394;395;396;397;398;399;400;401;402;403;404;405;406;415;416;417;418;419;420;421;422;423;424;425;426;427;428;429;430;431;440;441;442;443;444;445;446;447;448;449;450;451;452;453;454;455;456;465;466;467;468;469;470;471;472;473;474;475;476;477;478;479;480;481;490;491;492;493;494;495;496;497;498;499;500
F42022,10,15,15,842.0000000228339,800.0,42.00000002283389,18,264,264,262,9.820893049240112,32;50;51;52;53;54;55;56;57;66;67;68;69;70;71;72;73;74;75;85;94;95;96;97;98;99;100;101;102;103;104;105;106;107;108;109;110;123;124;125;126;127;128;129;130;131;132;133;134;135;144;145;146;147;148;149;150;151;152;153;154;155;156;157;158;159;160;169;170;171;172;173;174;175;176;177;178;179;180;181;182;183;184;185;194;195;196;197;198;199;209;210;219;220;221;222;223;224;225;226;236;245;246;247;248;249;250;251;252;253;254;255;256;257;258;259;260;261;270;271;272;273;274;275;276;277;278;279;280;281;282;283;284;285;286;295;296;297;298;299;300;301;302;303;304;305;306;307;308;309;322;331;332;333;334;335;336;337;338;339;340;341;342;343;344;345;346;347;356;357;358;359;360;361;362;363;364;365;366;367;368;369;379;388;389;390;391;392;393;394;395;396;397;398;399;400;401;402;403;404;413;414;415;416;417;418;419;420;421;422;423;424;425;426;427;428;429;438;439;440;441;442;443;444;445;446;447;448;449;450;451;452;453;454;463;464;465;466;467;468;469;470;471;472;473;474;475;476;477;478;479;488;489;490;491;492;493;494;495;496;497;498;499;500
F42022,10,16,16,850.0,800.0,50.0,16,197,197,197,7.496394872665405,76;143;152;153;154;155;156;157;158;159;160;161;162;163;164;165;166;167;168;188;189;190;191;192;193;205;206;207;208;209;210;211;212;213;214;215;216;217;218;244;263;264;265;266;267;268;269;281;282;283;284;285;286;287;288;289;290;291;292;293;294;303;304;305;306;307;308;309;310;311;312;313;314;315;316;317;318;319;328;329;330;331;332;333;334;335;336;337;338;339;340;341;342;343;344;353;354;355;356;357;358;359;360;361;362;363;364;365;366;367;368;369;378;379;380;381;382;383;384;385;386;387;388;389;390;391;392;393;394;403;404;405;406;407;408;409;410;411;412;413;414;415;416;417;418;419;428;429;430;431;432;433;434;435;436;437;438;439;440;441;442;443;444;453;454;455;456;457;458;459;460;461;462;463;464;465;466;467;468;469;478;479;480;481;482;483;484;485;486;487;488;489;490;491;492;493;494
F42022,10,17,17,820.0000000114787,800.0,20.000000011478733,19,233,233,233,8.719787836074829,34;59;68;69;70;71;72;73;74;75;76;77;78;79;80;81;82;83;84;117;127;146;157;158;159;160;161;162;163;164;165;166;167;168;169;170;171;180;181;182;183;184;185;186;196;205;206;207;208;209;210;211;212;213;214;215;216;217;218;219;220;221;230;231;232;233;234;235;236;237;238;239;240;241;242;243;244;245;246;255;256;257;258;259;260;261;262;263;264;265;266;267;268;269;270;271;280;281;282;283;284;285;286;287;288;289;290;291;292;293;294;295;296;305;306;316;317;318;319;320;321;330;338;339;340;341;342;343;344;345;346;355;356;357;358;359;360;361;362;363;364;365;366;367;368;369;370;371;380;381;382;383;384;385;386;387;388;389;390;391;392;393;394;395;396;405;406;407;408;409;410;411;412;413;414;415;416;417;418;419;420;421;430;431;432;433;434;435;436;437;438;439;440;441;442;443;444;445;446;455;456;457;458;459;460;461;462;463;464;465;466;467;468;469;470;471;480;481;482;483;484;485;486;487;488;489;490;491;492;493;494;495;496
F42022,10,18,18,836.000000000339,800.0,36.000000000339014,18,276,276,264,10.172173976898193,40;49;59;69;78;79;80;81;82;83;84;85;86;87;102;115;116;117;118;119;120;121;122;123;124;125;126;127;136;137;138;139;140;141;142;143;144;145;146;147;148;149;150;151;152;164;165;166;167;168;169;170;171;172;173;174;175;176;177;186;187;188;189;190;191;192;193;194;195;196;197;198;199;200;201;202;211;212;213;214;215;216;217;218;219;220;221;222;223;224;225;226;227;238;239;240;241;242;243;244;245;246;247;248;249;250;251;252;261;262;263;264;265;266;267;268;269;270;271;272;273;274;275;276;277;286;287;288;289;290;291;292;293;294;295;296;297;298;299;300;301;302;311;312;313;314;315;316;317;318;319;320;321;322;323;324;325;326;327;336;337;338;339;340;341;342;343;344;345;346;347;348;349;350;351;352;361;362;363;364;365;366;367;368;369;370;371;372;373;374;375;376;377;386;387;388;389;390;391;392;393;394;395;396;397;398;399;400;401;402;411;412;413;414;415;416;417;418;419;420;421;422;423;424;425;426;427;436;437;438;439;440;441;442;443;444;445;446;447;448;449;450;451;452;461;462;463;464;465;466;467;468;469;470;471;472;473;474;475;476;477;486;487;488;489;490;491;492;493;494;495;496;497;498;499;500
F42022,10,19,19,838.0000000020244,800.0,38.00000000202442,18,254,254,254,9.428836822509766,45;56;66;67;68;69;70;86;87;88;89;90;91;92;93;101;110;111;112;113;114;115;116;117;118;119;120;121;122;123;124;125;126;138;139;140;141;142;143;144;145;146;147;160;169;170;171;172;173;174;175;176;177;178;179;180;181;182;183;184;185;194;195;196;197;198;199;200;201;202;203;204;214;223;224;225;226;227;228;229;230;231;232;233;234;235;236;237;238;239;248;249;250;251;261;262;263;264;273;274;275;276;277;278;279;280;281;282;283;284;285;286;287;288;289;298;299;300;301;302;303;304;305;306;307;308;309;310;311;312;313;314;323;324;325;326;327;328;329;330;331;332;333;334;335;336;337;338;339;348;349;350;351;352;353;354;355;356;357;358;359;360;361;362;363;364;373;374;375;376;377;378;379;380;381;382;383;384;385;386;387;388;389;398;399;400;401;402;403;404;405;406;407;408;409;410;411;412;413;414;423;424;425;426;427;428;429;430;431;432;433;434;435;436;437;438;439;448;449;450;451;452;453;454;455;456;457;458;459;460;461;462;463;464;473;474;475;476;477;478;479;480;481;482;483;484;485;486;487;488;489;498;499;500
F42022,10,20,20,834.0000000000009,800.0,34.00000000000091,18,274,274,273,10.1284499168396,26;70;79;80;81;82;83;84;107;116;117;118;119;120;121;122;123;124;125;126;127;128;129;130;131;132;141;142;143;144;145;146;147;148;149;150;151;152;153;154;155;156;157;166;167;168;169;170;171;172;173;174;175;176;177;178;179;180;181;182;191;192;193;194;195;196;197;198;199;200;201;202;203;204;205;206;207;216;217;218;219;220;221;222;223;224;225;226;227;228;229;230;231;232;241;242;243;244;245;246;247;248;249;250;251;252;253;254;255;256;257;266;267;268;269;270;271;272;273;274;275;276;277;278;279;280;281;282;291;292;293;294;295;296;297;298;299;300;301;302;303;304;305;306;307;316;317;318;319;320;321;322;323;324;325;326;327;328;329;330;331;332;341;342;343;344;345;346;347;348;349;350;351;352;353;354;355;356;357;366;367;368;369;370;371;372;373;374;375;376;377;378;379;380;381;382;391;392;393;394;395;396;397;398;399;400;401;402;403;404;405;406;407;416;417;418;419;420;421;422;423;424;425;426;427;428;429;430;431;432;441;442;443;444;445;446;447;448;449;450;451;452;453;454;455;456;457;466;467;468;469;470;471;472;473;474;475;476;477;478;479;480;481;482;491;492;493;494;495;496;497;498;499;500
F42022,10,21,21,830.0000446320207,800.0,30.000044632020717,17,226,226,226,8.468213081359863,44;53;54;55;56;57;58;59;60;61;62;63;64;74;91;92;93;94;95;105;114;115;116;117;118;119;120;121;122;123;124;125;126;127;128;129;144;153;154;155;156;157;158;159;160;161;162;163;164;165;166;167;168;169;187;188;189;190;191;192;193;194;209;210;211;212;231;240;241;242;243;244;245;246;247;248;249;250;251;252;253;254;255;256;265;266;267;268;269;270;271;272;273;274;275;276;277;278;279;280;281;290;291;292;293;294;295;296;297;298;299;300;301;302;303;304;305;306;315;316;317;318;319;320;321;322;323;324;325;326;327;328;329;330;331;340;341;342;343;344;345;346;347;348;349;350;351;352;353;354;355;356;365;366;367;368;369;370;371;372;373;374;378;379;380;381;390;391;392;393;394;395;396;397;403;404;414;423;424;425;426;427;428;429;430;431;432;438;439;448;449;450;451;452;453;454;455;456;457;458;459;460;461;462;463;464;473;474;475;476;477;478;479;480;481;482;483;484;485;486;487;488;489;498;499;500
F42022,10,22,22,848.0000000132934,800.0,48.0000000132934,19,270,270,269,9.969995737075806,26;43;44;56;65;66;67;68;69;70;71;72;73;74;75;76;77;78;79;80;81;90;91;105;106;115;116;117;118;119;120;121;122;123;124;125;126;127;128;129;130;131;140;141;142;143;144;145;146;147;148;149;150;151;152;153;154;155;156;165;166;167;168;169;170;171;172;173;174;175;176;177;178;179;180;181;190;191;192;193;194;195;196;197;198;199;200;201;202;203;204;205;206;218;219;220;221;222;223;224;225;226;227;237;246;247;248;249;250;251;252;253;254;255;256;257;258;259;260;261;262;271;272;273;274;275;276;277;278;279;280;281;282;283;284;285;286;287;296;297;298;299;300;301;302;303;304;305;306;307;308;309;310;311;312;321;331;332;333;334;335;336;337;346;347;348;349;350;351;352;353;354;355;356;357;358;359;360;361;362;371;372;373;374;375;376;377;378;379;380;381;382;383;384;385;386;387;396;397;398;399;400;401;402;403;404;405;406;407;408;409;410;411;412;421;422;423;424;425;426;427;428;429;430;431;432;433;434;435;436;437;446;447;448;449;450;451;452;453;454;455;456;457;458;459;460;461;462;471;472;473;474;475;476;477;478;479;480;481;482;483;484;485;486;487;496;497;498;499;500
F42022,10,23,23,832.0000000007371,800.0,32.000000000737145,19,226,226,220,8.464928150177002,23;38;39;40;41;42;43;44;45;46;47;48;64;65;66;67;68;69;70;71;72;73;82;83;84;85;86;87;88;89;90;91;92;93;94;95;96;97;98;114;124;140;141;142;143;144;145;146;147;148;149;164;165;166;167;168;169;170;171;172;173;174;183;184;185;186;187;188;189;190;191;192;193;194;195;196;197;198;199;208;209;210;211;212;213;214;215;216;217;218;219;220;221;222;223;224;233;234;235;236;237;238;239;240;241;242;243;244;245;246;247;248;249;258;259;288;301;302;303;304;305;306;316;331;332;333;334;335;336;337;338;339;340;341;350;351;352;353;354;355;356;357;358;359;360;361;362;363;364;365;366;385;386;387;388;389;390;391;401;402;403;404;405;406;407;408;409;410;411;412;413;414;415;416;425;426;427;428;429;430;431;432;433;434;435;436;437;438;439;440;441;450;451;452;453;454;455;456;457;458;459;460;461;462;463;464;465;466;475;476;477;478;479;480;481;482;483;484;485;486;487;488;489;490;491;500
F42022,10,24,24,844.0000000000045,800.0,44.00000000000455,19,283,283,271,10.410942792892456,42;66;67;76;77;87;88;89;90;91;92;101;102;103;104;105;106;107;108;109;110;111;112;113;114;115;116;117;126;127;128;129;130;131;132;133;134;135;136;137;138;139;140;141;142;151;152;153;154;155;156;157;158;159;160;161;162;163;164;165;166;167;176;177;178;179;180;181;182;183;184;185;186;187;188;189;190;191;192;201;202;203;204;205;206;207;208;209;210;211;212;213;214;215;216;217;226;227;228;229;230;231;232;233;234;235;236;237;238;239;240;241;242;251;252;253;254;255;256;257;258;259;260;261;262;263;264;265;266;267;276;277;278;279;280;281;282;283;284;285;286;287;288;289;290;291;292;301;302;303;304;305;306;307;308;309;310;311;312;313;314;315;316;317;326;327;328;329;330;331;332;333;334;335;336;337;338;339;340;341;342;351;352;353;354;355;356;357;358;359;360;361;362;363;364;365;366;367;376;377;378;379;380;381;382;383;384;385;386;387;388;389;390;391;392;401;402;403;404;405;406;407;408;409;410;411;412;413;414;415;416;417;426;427;428;429;430;431;432;433;434;435;436;437;438;439;440;441;442;451;452;453;454;455;456;457;458;459;460;461;462;463;464;465;466;467;476;477;478;479;480;481;482;483;484;485;486;487;488;489;490;491;492
F42022,10,25,25,858.00000000004,800.0,58.00000000004002,18,229,229,224,8.578175067901611,23;24;46;47;48;49;50;76;94;95;96;97;108;117;118;128;129;130;131;132;133;145;146;147;148;149;150;151;152;153;154;155;156;157;158;167;168;169;170;171;172;173;174;175;176;177;178;179;180;181;182;183;192;193;194;195;196;197;198;199;200;201;202;203;204;205;206;207;208;217;218;219;220;221;222;223;224;225;226;227;228;229;230;231;232;233;242;243;244;245;246;256;257;258;267;268;269;270;271;272;273;274;275;276;277;278;279;280;281;282;307;316;317;318;319;320;321;322;323;324;325;326;327;328;329;330;331;341;350;351;352;353;354;355;356;357;358;359;360;361;362;363;364;365;366;377;378;379;380;381;382;383;384;385;386;387;388;389;390;391;400;401;402;403;404;405;406;407;408;409;410;411;412;413;414;415;416;425;426;427;428;429;430;431;432;433;434;435;436;437;438;439;440;441;450;451;452;453;454;455;456;457;458;459;460;461;462;463;464;465;466;475;476;477;478;479;480;481;482;483;484;485;486;487;488;489;490;491;500
F42022,10,26,26,860.0000000000113,800.0,60.000000000011255,18,255,255,255,9.47631287574768,31;50;51;52;73;82;83;84;85;86;87;88;89;90;91;92;93;94;95;96;97;98;107;108;109;110;111;112;113;114;115;129;138;139;140;141;142;143;144;145;146;147;148;149;150;151;152;162;171;172;173;174;175;176;177;178;191;200;201;202;203;204;205;206;207;208;209;210;211;212;213;214;215;216;225;226;227;228;229;230;231;232;233;234;235;236;237;238;239;240;241;250;251;252;253;254;262;263;264;265;266;275;276;277;278;279;280;281;282;283;284;285;286;287;288;289;290;291;300;301;302;303;304;305;306;307;308;309;310;311;312;313;314;315;316;325;326;327;328;329;330;331;332;333;334;335;336;337;338;339;340;341;350;351;352;353;354;355;356;357;358;359;360;361;362;363;364;365;366;375;376;377;378;379;380;381;382;383;384;385;386;387;388;389;390;391;400;401;402;403;404;405;406;407;408;409;410;411;412;413;414;415;416;425;426;427;428;429;430;431;432;433;434;435;436;437;438;439;440;441;450;451;452;453;454;455;456;457;458;459;460;461;462;463;464;465;466;475;476;477;478;479;480;481;482;483;484;485;486;487;488;489;490;491;500
F42022,10,27,27,828.0000000000001,800.0,28.000000000000114,18,228,228,222,8.55626392364502,43;68;85;86;87;88;89;90;91;92;93;102;103;104;105;106;107;108;109;110;111;112;113;114;115;116;117;118;129;130;131;132;133;134;135;146;158;159;160;161;162;163;164;165;166;167;168;185;194;195;196;197;198;199;200;215;232;233;234;235;236;237;238;239;240;249;250;251;252;253;254;264;265;274;275;276;277;278;279;280;281;282;283;284;285;286;287;288;289;290;299;300;301;302;303;304;305;306;307;308;309;310;311;312;313;314;315;324;325;326;327;328;329;330;331;332;333;334;335;336;337;338;339;340;349;350;351;352;353;354;355;356;357;358;359;360;361;362;363;364;365;374;375;376;377;378;379;380;381;382;383;384;385;386;387;388;389;390;399;400;401;402;403;404;405;406;407;408;409;410;411;412;413;414;415;424;425;426;427;428;429;430;431;432;433;434;435;436;437;438;439;440;449;450;451;452;453;454;455;456;457;458;459;460;461;462;463;464;465;474;475;476;477;478;479;480;481;482;483;484;485;486;487;488;489;490;499;500
F42022,10,28,28,838.0000000000006,800.0,38.00000000000057,19,211,211,211,7.961523056030273,22;56;74;75;92;113;114;115;116;117;126;127;128;129;130;131;132;133;134;135;136;137;138;139;140;141;142;151;152;153;154;155;156;157;167;190;191;192;201;202;203;204;205;206;207;222;234;235;236;237;238;239;240;241;242;243;244;245;246;247;257;258;259;260;270;271;272;287;288;289;290;291;292;293;294;295;296;297;308;309;310;311;312;313;314;315;316;317;318;319;320;321;322;332;333;334;335;336;337;338;339;340;341;342;343;344;345;346;347;356;357;358;359;360;361;362;363;364;365;366;367;368;369;370;371;372;381;382;383;384;385;386;387;388;389;390;391;392;393;394;395;396;397;406;407;408;409;410;411;412;413;414;415;416;417;418;419;420;421;422;431;432;433;434;435;436;437;438;439;440;441;442;443;444;445;446;447;456;457;458;459;460;461;462;463;464;465;466;467;468;469;470;471;472;481;482;483;484;485;486;487;488;489;490;491;492;493;494;495;496;497
F42022,10,29,29,822.0002676511465,800.0,22.000267651146487,15,132,132,132,5.26511287689209,39;52;53;54;55;65;74;75;76;77;78;79;80;81;82;83;84;85;86;87;88;89;90;99;100;101;102;103;104;105;106;107;108;109;110;111;112;113;114;115;133;134;135;136;146;155;156;157;168;169;170;171;180;181;182;183;184;185;186;187;188;189;190;191;192;202;211;212;213;214;237;246;247;248;249;278;287;288;315;340;418;427;428;429;430;431;432;433;434;435;436;437;438;439;440;441;442;443;452;453;454;455;456;457;458;459;460;461;462;463;464;465;466;467;468;477;478;479;480;481;482;483;484;485;486;487;488;489;490;491;492;493
F42022,10,30,30,852.0,800.0,52.0,19,286,286,285,10.529023885726929,38;54;55;56;57;58;59;60;75;86;87;88;89;90;91;92;93;94;95;96;97;98;99;100;110;111;112;113;114;115;116;117;118;119;120;121;122;123;124;125;134;135;136;137;138;139;140;141;142;143;144;145;146;147;148;149;150;159;160;161;162;163;164;165;166;167;168;169;170;171;172;173;174;175;184;185;186;187;188;189;190;191;192;193;194;195;196;197;198;199;200;209;210;211;212;213;214;224;225;234;235;236;237;238;239;240;241;242;243;244;245;246;247;248;249;250;259;260;261;262;263;264;265;266;267;268;269;270;271;272;273;274;275;284;285;286;287;288;289;290;291;292;293;294;295;296;297;298;299;300;309;310;311;312;313;314;315;316;317;318;319;320;321;322;323;324;325;334;335;336;337;338;339;340;341;342;343;344;345;346;347;348;349;350;359;360;361;362;363;364;365;366;367;368;369;370;371;372;373;374;375;384;385;386;387;388;389;390;391;392;393;394;395;396;397;398;399;400;409;410;411;412;413;414;415;416;417;418;419;420;421;422;423;424;425;434;435;436;437;438;439;440;441;442;443;444;445;446;447;448;449;450;459;460;461;462;463;464;465;466;467;468;469;470;471;472;473;474;475;484;485;486;487;488;489;490;491;492;493;494;495;496;497;498;499;500
F52022,10,1,1,901.5435855033165,900.0,1.5435855033165353,16,204,204,140,4.8416829109191895,28;29;88;89;99;100;109;110;111;112;113;114;115;116;117;118;119;120;121;122;123;133;145;146;157;158;167;168;169;170;171;172;173;174;175;176;177;178;179;180;181;182;183;195;196;197;198;199;200;201;209;223;224;225;226;227;239;240;241;242;262;271;272;280;281;282;283;284;285;286;287;288;297;298;299;300;301;302;303;304;305;306;307;308;309;310;316;325;326;327;328;329;330;331;332;333;334;335;336;337;338;339;340;341;342;351;352;353;354;362;363;364;365;366;367;368;377;378;379;380;381;382;383;384;385;386;387;388;389;390;391;392;393;402;403;404;405;406;407;408;409;410;411;412;413;414;415;416;417;418;427;428;429;430;431;432;433;434;435;436;437;438;439;440;441;442;443;452;453;454;455;456;457;458;459;460;461;462;463;464;465;466;467;468;477;478;479;480;481;482;483;484;485;486;487;488;489;490;491;492;493;494;495;496
F52022,10,2,2,900.3742325154619,900.0,0.3742325154619266,18,281,281,202,6.4824769496917725,35;52;53;54;55;56;57;58;59;60;69;70;71;72;73;74;75;76;77;78;79;80;81;82;83;84;85;94;95;113;122;123;124;125;126;127;128;129;130;140;149;150;151;152;153;154;155;156;157;158;159;160;161;162;163;164;165;174;175;176;177;178;179;180;181;182;183;184;185;186;187;188;189;190;199;200;201;202;203;204;205;206;207;208;209;210;211;212;213;214;215;224;225;226;227;228;229;230;231;232;233;234;235;236;237;238;239;240;241;250;251;252;253;254;255;256;257;258;259;260;261;262;263;264;265;266;275;276;277;278;279;280;281;282;283;284;285;286;287;288;289;290;291;300;301;302;303;304;305;306;307;308;309;310;311;312;313;314;315;316;325;326;327;328;329;330;331;332;333;334;335;336;337;338;339;340;341;342;343;344;345;346;347;356;357;358;359;360;361;362;363;364;365;366;367;368;369;370;371;372;381;382;383;384;385;386;387;388;389;390;391;392;393;394;395;396;397;406;407;408;409;410;411;412;413;414;415;416;417;418;419;420;421;422;431;432;433;434;435;436;437;438;439;440;441;442;443;444;445;446;447;448;457;458;459;460;461;462;463;464;465;466;467;468;469;470;471;472;473;474;475;484;485;486;487;488;489;490;491;492;493
F52022,10,3,3,900.6467192031324,900.0,0.6467192031324203,14,209,209,124,4.944624185562134,42;43;44;53;54;55;56;57;58;68;69;70;82;83;84;85;86;87;88;89;90;91;92;93;94;95;104;105;106;107;108;109;110;111;112;113;114;115;116;117;118;119;120;129;130;131;132;133;134;135;136;137;138;139;140;141;142;143;144;145;146;147;148;157;158;159;160;161;162;163;164;165;166;167;168;169;170;171;172;173;182;183;184;185;186;187;188;189;190;191;192;202;211;212;213;214;215;216;217;218;219;220;221;222;223;224;225;226;227;236;237;238;239;240;241;242;243;244;245;246;247;248;249;250;251;252;253;262;263;264;265;266;267;268;269;270;271;272;273;274;275;276;277;278;287;288;289;290;291;292;293;294;295;296;297;298;299;300;301;302;303;304;313;314;315;316;317;318;319;320;321;322;323;324;325;326;327;328;329;341;342;343;344;353;354;355;356;357;358;359;441;442;443;444;458;459;460;461;462;463;464;465;475;476;487;488;489;490;491
F52022,10,4,4,900.5578236465965,900.0,0.5578236465964892,15,169,169,94,4.094336032867432,19;28;29;30;31;32;33;34;35;49;50;51;52;53;54;68;69;70;71;72;73;74;75;76;77;78;79;80;101;102;103;104;105;123;124;125;126;127;128;129;130;142;143;144;154;155;156;170;171;205;206;223;234;235;236;237;238;239;240;241;242;243;244;245;246;247;248;249;250;251;266;267;268;269;270;271;272;273;274;275;276;277;286;287;288;289;290;291;292;293;294;295;296;297;298;299;300;301;302;311;312;313;314;315;316;317;318;341;342;351;352;353;354;355;356;357;358;359;360;361;362;363;364;365;366;386;399;400;401;418;435;437;438;439;450;451;460;461;462;463;464;465;466;467;468;469;470;471;472;473;474;475;476;485;486;487;488;489;490;491;492;493;494;495;496;497;498;499;500
F52022,10,5,5,900.3337301845447,900.0,0.33373018454472003,15,199,199,112,4.736437082290649,31;32;33;34;35;44;45;46;47;48;49;50;62;85;86;87;100;101;102;112;121;122;123;124;134;135;136;137;138;139;140;149;150;151;152;153;154;155;156;157;158;159;160;170;179;180;181;182;183;184;185;186;187;188;189;190;191;192;193;194;195;196;205;206;207;208;209;210;211;212;213;214;215;216;217;218;219;220;221;230;231;232;233;234;235;236;237;238;239;240;241;242;243;244;245;246;255;256;257;258;259;260;261;262;263;264;265;266;267;268;269;270;271;272;273;282;283;284;285;286;287;288;289;290;291;292;293;294;295;296;297;298;299;300;309;310;311;312;313;314;315;316;317;318;319;320;321;322;323;324;325;326;335;336;337;338;416;429;430;431;432;433;434;435;436;437;438;439;440;441;448;449;458;459;460;461;462;463;464;465;466;467;468;469;470;471;472;473;474;475;476;485;486;487;488;489;490;491;492
F52022,10,6,6,900.1022078753986,900.0,0.10220787539856246,16,145,145,92,3.5841081142425537,24;33;34;35;36;37;38;39;56;57;66;67;68;69;70;71;72;73;74;75;76;77;78;79;80;81;82;104;105;106;107;108;109;118;133;152;153;154;155;156;157;166;167;168;181;182;183;184;223;233;234;235;236;237;238;239;240;241;242;243;244;245;246;247;248;264;265;266;267;268;269;270;271;272;273;286;287;288;289;290;291;292;293;294;295;296;297;298;307;308;323;345;346;361;362;415;416;417;418;432;433;434;435;436;437;438;439;440;441;442;443;452;453;454;455;456;457;458;459;460;461;462;463;464;465;466;467;468;477;478;479;480;481;482;483;484;485;486;487;488;489;490;491;492;493
F52022,10,7,7,900.7661707235194,900.0,0.7661707235193944,18,198,198,114,4.708293676376343,30;41;42;43;44;45;46;47;57;77;78;79;80;81;82;83;84;85;86;87;88;116;117;143;152;153;154;155;156;178;188;189;190;191;192;193;194;195;196;197;198;199;200;201;202;203;212;213;214;215;216;217;218;219;220;221;222;223;224;225;226;227;228;229;238;239;240;241;242;243;244;245;246;247;248;249;250;251;252;253;254;263;264;265;266;267;268;278;279;288;289;290;291;292;293;294;295;296;297;307;316;317;318;319;320;321;322;323;324;325;326;327;328;329;330;331;332;341;342;343;344;345;346;347;348;349;350;351;352;353;354;355;361;379;380;381;388;389;409;410;411;412;413;414;423;424;425;426;427;428;429;430;431;432;433;434;435;436;437;438;439;448;449;450;451;452;453;454;455;456;457;458;459;460;461;462;463;464;465;466;475;476;477;478;479;480;481;482;483;484;485;486;487;488;489;490;491;500
F52022,10,8,8,900.1790907657726,900.0,0.1790907657725711,16,227,227,114,5.342391014099121,65;80;81;82;83;84;85;95;105;106;107;108;109;110;111;112;113;114;115;116;117;118;119;120;129;130;131;141;142;143;144;145;154;155;156;157;158;159;160;178;187;188;189;190;191;192;193;194;195;196;197;198;199;200;201;202;203;213;214;215;224;225;226;227;228;229;230;231;232;233;234;235;236;237;238;239;240;241;256;257;258;259;260;261;262;263;264;265;266;267;268;269;278;279;280;281;282;283;284;285;286;287;288;289;290;291;292;293;301;310;311;312;313;314;315;316;317;318;327;328;329;338;339;340;341;342;343;344;345;355;356;357;358;359;360;369;370;371;372;373;374;375;376;377;378;379;380;381;382;383;384;385;386;395;396;397;398;399;400;401;402;403;404;405;406;407;408;409;410;411;420;421;422;423;424;425;426;427;428;429;430;431;432;433;434;435;436;437;446;447;448;449;450;451;452;453;454;455;456;457;458;459;460;461;462;463;472;473;474;475;476;477;478;479;480;481;482;483;484;485;486;487;488;497;498;499;500
F52022,10,9,9,901.1829753415783,900.0,1.1829753415782989,14,178,178,102,4.281714916229248,59;60;61;71;72;76;86;87;88;89;90;105;106;107;108;109;110;111;112;113;114;115;116;117;118;119;128;129;130;131;132;133;134;135;136;137;138;139;140;141;142;143;144;153;154;155;156;157;158;159;160;161;162;163;164;165;166;167;168;200;209;210;211;212;213;214;215;238;247;248;258;259;284;285;286;296;326;327;353;354;355;364;365;366;367;368;369;370;371;372;373;374;375;376;377;378;379;380;381;382;391;392;393;394;395;396;397;398;399;400;401;402;403;404;405;406;407;416;417;418;419;420;421;422;423;424;425;426;427;428;429;430;431;432;433;434;443;444;445;446;447;448;449;450;451;452;453;454;455;456;457;458;459;460;469;470;471;472;473;474;475;476;477;478;479;480;481;482;483;484;485;494;495;496;497;498;499;500
F52022,10,10,10,900.7233139891082,900.0,0.7233139891081919,18,253,253,126,5.8788909912109375,30;39;40;41;42;43;44;45;46;47;48;49;50;51;52;53;54;55;56;65;66;67;68;69;70;71;72;73;74;75;76;77;78;79;80;81;82;83;84;96;97;98;116;117;126;127;128;129;130;131;132;133;134;135;136;137;138;139;140;141;142;151;152;153;154;155;156;157;158;159;160;161;162;163;164;165;166;167;176;177;187;188;189;190;191;192;193;202;203;213;214;215;216;217;218;227;228;236;237;238;239;240;241;242;243;244;261;262;272;283;284;285;286;287;288;289;290;291;292;293;294;295;296;297;306;307;308;309;310;311;312;313;314;315;316;317;318;319;320;321;322;332;333;334;335;336;337;338;339;340;341;342;343;353;362;363;364;365;366;367;368;369;370;371;372;373;374;375;376;377;378;387;388;389;390;391;392;393;394;395;396;397;398;399;400;401;402;403;404;405;406;407;416;417;418;419;420;421;422;423;424;425;426;427;428;429;430;431;432;433;442;443;444;445;446;447;448;449;450;451;452;453;454;455;456;457;458;459;460;461;462;471;472;473;474;475;476;477;478;479;480;481;482;483;484;485;486;487;488;489;490;499;500
F52022,10,11,11,901.5448810521019,900.0,1.544881052101914,16,210,210,108,4.961245775222778,43;52;53;54;55;56;57;58;83;84;85;86;87;88;89;90;91;100;101;111;112;113;114;115;116;125;126;127;128;129;130;131;132;133;134;135;136;137;138;139;140;141;142;143;144;145;156;157;158;159;160;161;162;163;173;182;183;184;185;186;187;188;189;190;191;192;193;194;195;196;197;198;215;216;217;218;219;220;230;231;232;233;242;243;244;245;246;247;248;249;250;251;252;260;261;284;285;286;299;300;301;302;303;304;305;306;307;308;309;310;311;320;350;351;352;353;354;355;356;357;358;359;360;369;370;371;372;382;383;384;385;386;387;388;389;390;391;392;401;402;403;404;405;406;407;408;409;410;411;412;413;414;415;416;417;426;427;428;429;430;431;432;433;434;435;436;437;438;439;440;441;442;443;444;445;454;455;456;457;458;459;460;461;462;463;464;465;466;467;468;469;470;479;480;481;482;483;484;485;486;487;488;489;490;491;492;493;494;495;496
F52022,10,12,12,900.2036868014678,900.0,0.2036868014678248,18,213,213,133,5.0355918407440186,21;46;55;56;57;58;59;60;61;62;63;64;65;66;67;68;69;70;71;86;87;88;89;90;91;92;93;94;95;96;105;106;107;108;109;110;111;112;113;114;115;116;117;118;119;120;121;130;144;145;146;147;162;163;164;165;166;167;168;169;170;171;172;181;191;192;193;194;195;196;197;198;207;208;209;210;211;212;213;214;215;216;217;218;219;220;221;222;223;232;233;234;235;236;237;238;239;240;241;242;243;244;245;255;264;265;266;267;268;269;270;271;272;273;274;275;276;277;278;279;280;281;282;283;284;293;294;295;296;310;321;322;323;324;325;326;327;328;329;330;331;332;333;334;335;336;345;346;347;348;349;350;351;352;353;354;355;356;357;358;359;360;361;390;421;430;431;432;433;434;435;436;437;438;439;440;441;442;443;444;445;446;455;456;457;458;459;460;461;462;463;464;465;466;467;468;469;470;471;472;481;482;483;484;485;486;487;488;489;490;491;492;493
F52022,10,13,13,901.542133306217,900.0,1.5421333062170106,17,243,243,122,5.668495178222656,44;58;59;60;61;62;63;64;65;66;67;68;69;80;81;82;83;84;85;86;87;88;89;90;91;92;93;94;95;96;97;98;99;100;101;102;103;112;113;114;115;116;117;118;119;120;121;122;123;124;125;126;127;128;129;138;139;140;141;142;152;153;154;163;164;165;166;167;168;169;170;171;172;173;174;175;176;177;178;179;180;190;191;202;203;204;205;206;207;208;209;210;211;212;213;214;215;216;217;229;230;231;232;233;234;235;236;237;238;239;240;250;267;268;269;270;271;272;273;274;275;284;294;295;296;297;298;308;318;319;320;321;322;323;324;325;326;327;328;329;330;331;332;333;334;355;356;357;358;359;368;369;370;371;372;373;374;375;376;377;378;379;380;381;382;383;384;385;386;395;396;397;398;399;400;401;402;403;404;405;406;407;408;409;410;411;420;421;422;423;424;425;426;427;428;429;430;431;432;433;434;435;436;445;446;447;448;449;450;451;452;453;454;455;456;457;458;459;460;461;462;463;464;465;474;475;476;477;478;479;480;481;482;483;484;485;486;487;488;489;490;499;500
F52022,10,14,14,901.095317794139,900.0,1.095317794138964,15,188,188,92,4.500718116760254,63;64;82;93;94;103;104;105;106;107;108;109;110;111;112;123;124;125;126;135;136;137;138;139;140;141;142;143;144;145;146;147;148;149;150;151;152;163;164;165;166;167;168;169;170;171;172;173;174;175;176;177;186;187;188;189;190;191;192;193;194;195;196;197;198;199;200;201;202;211;212;213;214;215;216;217;218;219;220;221;222;223;224;225;226;227;236;255;256;265;266;267;268;269;270;271;272;273;274;275;276;277;278;279;280;281;290;291;292;293;294;295;296;297;298;299;300;301;302;303;304;305;306;323;324;325;326;327;328;329;330;331;332;369;405;406;416;417;418;428;429;430;431;432;433;434;435;436;445;446;447;448;449;450;451;452;453;454;455;456;457;458;459;460;461;462;471;472;473;474;475;476;477;478;479;480;481;482;483;484;485;486;487;488;497;498;499;500
F52022,10,15,15,901.4544214539245,900.0,1.4544214539245104,18,260,260,144,6.030923843383789,21;34;35;36;37;38;50;60;61;73;74;75;91;92;93;94;95;96;97;98;99;100;112;113;114;115;116;117;118;119;120;121;122;123;124;125;126;143;144;145;146;147;148;149;150;151;160;161;162;163;164;165;166;179;188;189;190;191;192;193;194;195;196;197;198;199;200;201;202;203;204;213;214;215;216;217;218;219;220;221;222;223;224;225;226;227;228;229;238;239;240;241;242;243;244;245;246;247;248;249;250;251;252;253;254;263;264;265;266;267;268;281;290;291;292;293;294;295;296;297;298;299;300;301;302;303;304;305;306;307;316;317;318;319;320;321;322;323;324;325;326;327;328;329;330;331;332;341;342;343;344;345;346;347;348;349;350;351;352;353;354;355;356;357;358;367;368;369;370;371;372;373;374;375;376;377;378;379;380;381;382;383;384;385;386;387;388;397;398;399;400;401;402;403;404;405;406;407;408;409;410;411;412;413;414;415;424;425;426;427;428;429;430;431;432;433;434;435;436;437;438;439;440;441;442;451;452;453;454;455;456;457;458;459;460;461;462;463;464;465;466;467;476;477;478;479;480;481;482;483;484;485;486;487;488;489;490;491;492;493
F52022,10,16,16,901.5499461433151,900.0,1.5499461433150827,16,256,256,134,5.944978952407837,38;39;62;63;77;78;79;80;81;82;83;84;85;104;105;106;115;116;126;127;128;129;130;131;132;141;142;143;144;145;146;147;148;149;150;151;152;153;154;155;156;157;158;159;168;169;170;171;172;173;174;175;176;177;178;179;180;190;199;200;201;202;203;204;205;206;207;208;209;210;211;212;213;214;215;224;225;226;227;228;229;230;231;232;233;234;235;236;237;238;239;240;249;250;251;252;253;254;255;256;257;258;259;260;261;262;263;264;265;266;276;277;278;279;280;281;282;283;284;285;286;287;288;289;290;291;305;306;307;308;309;310;311;312;313;314;315;316;317;318;319;320;321;322;323;324;325;336;337;338;339;340;341;342;350;351;352;353;363;364;365;366;367;368;369;370;371;372;373;374;375;376;377;378;387;388;389;390;391;392;393;394;395;396;397;398;399;400;401;402;403;412;413;414;415;416;417;418;419;420;421;422;423;424;425;426;427;428;429;438;439;440;441;442;443;444;445;446;447;448;449;450;451;452;453;454;463;464;465;466;467;468;469;470;471;472;473;474;475;476;477;478;479;480;489;490;491;492;493;494;495;496;497;498;499;500
F52022,10,17,17,901.1318070810311,900.0,1.13180708103107,15,185,185,148,4.435055255889893,17;18;19;28;29;30;31;32;33;72;81;100;109;110;111;112;113;114;115;116;117;118;119;120;121;122;123;124;125;137;138;139;140;141;142;143;144;145;146;147;148;149;150;151;160;161;162;163;164;165;166;167;168;169;170;171;172;173;174;175;176;177;178;187;188;189;190;191;192;193;194;195;196;197;198;199;200;201;202;203;212;213;214;215;216;217;218;219;220;221;222;223;224;225;226;227;228;237;238;239;240;241;242;249;250;251;252;253;262;263;264;265;266;267;268;269;270;271;272;273;274;275;276;277;278;287;288;289;290;291;292;293;294;295;296;297;298;299;309;318;319;320;321;322;323;324;325;326;327;328;329;330;331;332;333;334;343;344;345;346;347;348;349;350;351;352;353;354;431;432;444;445;446;447;448;449;459;468;469;470;471;472;481;482;492
F52022,10,18,18,900.7258874350998,900.0,0.7258874350998212,17,169,169,92,4.089630842208862,27;28;38;39;52;53;78;79;80;81;107;116;117;118;119;120;130;131;132;141;142;153;154;155;156;157;173;174;175;176;177;178;179;180;181;182;199;200;201;202;203;204;205;206;207;216;217;218;219;220;221;222;232;241;242;243;291;292;336;345;346;347;348;349;350;351;352;353;354;355;356;357;358;359;360;361;370;371;372;373;374;375;376;377;378;379;380;381;382;383;384;385;386;395;396;397;398;399;400;401;402;403;404;405;406;407;408;409;410;411;420;421;422;423;424;425;426;427;428;429;430;431;432;433;434;435;436;437;438;439;440;441;442;451;452;453;454;455;456;457;458;459;460;461;462;463;464;465;466;467;476;477;478;479;480;481;482;483;484;485;486;487;488;489;490;491;492;493;494
F52022,10,19,19,900.0198217418385,900.0,0.01982174183854113,11,133,133,84,3.319504976272583,69;83;84;85;86;87;88;89;90;91;92;93;103;112;113;114;115;116;117;118;119;120;121;122;123;124;125;126;127;128;129;148;149;150;151;185;186;196;197;198;207;208;209;210;211;212;213;223;224;225;237;238;239;240;241;242;243;244;245;246;247;248;249;250;260;261;262;263;264;276;277;286;287;288;289;290;291;292;293;294;295;296;297;400;411;412;413;414;415;416;424;425;426;427;436;437;438;439;440;441;442;443;444;445;446;447;448;449;450;451;452;461;462;463;464;465;466;467;468;469;470;471;472;473;474;475;476;477;489;490;491;492;493
F52022,10,20,20,900.4641893779948,900.0,0.464189377994785,16,247,247,94,5.750662088394165,25;26;35;36;37;38;39;40;41;42;43;44;45;46;47;48;62;79;80;81;82;83;84;85;86;87;104;105;106;107;117;118;127;128;129;130;131;132;133;134;135;136;137;138;139;140;141;142;143;152;153;154;155;156;157;158;159;160;161;162;163;164;165;166;167;168;177;178;179;180;181;182;183;184;185;186;187;188;189;190;191;201;202;211;212;213;214;215;216;217;218;219;220;221;222;223;224;225;226;227;228;229;230;231;232;241;242;243;244;245;246;247;248;258;283;284;285;286;298;299;300;301;302;303;304;305;306;307;308;309;310;311;312;321;322;323;324;325;326;327;328;329;330;331;332;333;334;335;336;337;346;347;348;349;350;351;359;360;361;362;363;364;365;366;367;368;369;370;371;372;373;383;384;385;386;387;406;407;408;409;410;411;412;413;414;415;416;417;418;419;428;429;430;431;432;433;434;435;436;437;438;439;440;441;442;443;444;453;454;455;456;457;458;459;460;461;462;463;464;465;466;467;468;469;470;471;472;473;482;483;484;485;486;487;488;489;490;491;492;493;494;495;496;497;498;499;500
F52022,10,21,21,900.0980677312241,900.0,0.0980677312240914,16,199,199,88,4.729926109313965,14;15;36;37;38;39;40;41;50;51;52;53;54;55;56;95;104;110;111;112;113;114;115;116;117;118;119;120;129;130;131;132;133;134;135;136;137;138;144;145;154;155;156;157;158;159;160;170;171;172;196;197;198;208;209;222;223;224;225;226;227;228;229;230;231;232;233;234;235;244;245;246;247;248;249;250;251;252;253;254;255;256;257;258;259;260;261;270;271;272;273;274;275;276;277;278;279;280;281;282;283;284;285;286;287;288;289;290;291;292;293;294;295;296;297;298;307;308;309;310;311;312;313;314;335;361;362;380;381;382;383;384;385;386;387;396;406;407;408;409;410;411;412;413;422;423;424;425;426;427;428;429;430;431;432;433;434;435;436;437;438;439;440;449;450;451;452;453;454;455;456;457;458;459;460;461;462;463;464;465;474;475;476;477;478;479;480;481;482;483;484;485;486;487;488;489;490;491;492
F52022,10,22,22,901.464245009238,900.0,1.4642450092379704,15,242,242,88,5.6384289264678955,23;24;77;78;87;88;89;90;91;92;93;94;113;124;125;126;127;128;129;140;141;142;143;153;162;163;164;165;166;167;168;169;170;171;172;173;174;175;176;177;178;179;180;181;190;191;192;193;194;195;196;197;198;199;200;201;202;203;204;205;206;207;208;209;223;224;225;226;227;228;229;230;231;232;233;234;235;236;245;246;247;248;249;250;251;252;253;254;255;256;257;258;259;260;261;270;271;272;273;274;275;276;277;283;284;285;286;287;288;289;290;291;292;293;294;295;304;305;306;307;308;309;310;311;312;313;314;315;316;326;335;336;337;338;339;340;341;342;343;344;345;346;347;348;349;350;351;352;353;354;355;364;365;366;375;376;377;378;379;380;381;382;383;384;385;386;387;388;389;396;405;406;407;408;409;410;411;412;413;414;415;416;417;418;419;420;421;422;431;432;433;434;435;436;437;438;439;440;441;442;443;444;445;446;447;448;449;450;451;452;453;462;463;464;465;466;467;468;469;470;471;472;473;474;475;476;477;478;487;488;489;490;491;492;493;494;495;496;497;498;499;500
F52022,10,23,23,901.4691022692169,900.0,1.4691022692169327,15,164,164,85,3.983607053756714,36;57;58;59;60;61;70;71;72;73;74;75;129;138;139;140;141;142;143;144;145;155;164;165;166;167;168;169;170;171;172;173;174;175;176;177;178;179;180;181;182;195;196;213;228;229;230;231;248;258;274;275;276;277;278;279;280;281;282;283;284;285;286;287;296;297;298;299;300;301;302;303;304;305;306;307;308;309;310;311;312;313;322;325;326;327;328;329;330;331;332;333;334;335;336;337;338;353;354;381;382;383;407;408;417;418;419;420;421;422;423;424;425;426;427;428;429;430;431;432;433;434;443;444;445;446;447;448;449;450;451;452;453;454;455;456;457;458;459;468;469;470;471;472;473;474;475;476;477;478;479;480;481;482;483;484;485;486;487;496;497;498;499;500
F52022,10,24,24,900.3632543653048,900.0,0.3632543653047833,18,224,224,141,5.258775949478149,22;48;59;74;75;76;77;78;79;89;98;99;100;101;102;103;104;105;106;107;108;109;110;111;112;113;114;136;137;138;148;149;150;151;152;172;173;174;175;176;177;194;195;196;197;198;199;200;201;202;214;215;216;217;218;219;220;232;241;242;243;244;245;246;247;248;249;250;251;252;253;254;255;256;257;258;267;268;269;270;271;272;273;274;275;276;277;278;279;280;281;285;294;295;296;297;298;299;300;301;302;303;304;305;306;307;308;309;310;319;320;321;322;323;324;325;326;327;328;329;330;331;332;333;334;335;348;349;350;351;352;353;354;355;356;357;358;359;360;369;370;371;372;373;374;375;376;377;378;379;389;390;391;392;403;404;405;406;407;408;409;410;411;412;413;414;415;416;417;426;427;428;429;430;431;432;433;434;435;436;437;438;439;440;441;442;443;444;453;454;455;456;457;458;459;460;461;462;463;464;465;466;467;468;469;478;479;480;481;482;483;484;485;486;487;488;489;490;491;492;493;494;495;496
F52022,10,25,25,901.257525788353,900.0,1.2575257883529503,18,269,269,167,6.216907978057861,32;33;34;35;36;37;38;39;40;41;51;52;53;54;63;64;65;66;67;68;69;70;71;72;73;74;75;76;77;78;79;88;89;90;91;101;102;103;104;105;106;126;127;128;129;130;131;132;141;142;143;144;145;146;147;148;149;150;151;152;157;166;167;168;169;170;171;172;173;174;175;176;177;178;179;180;181;182;191;192;193;194;195;196;197;198;199;200;201;202;203;204;205;206;207;208;209;218;219;220;221;222;223;224;225;226;227;228;229;230;231;232;233;234;243;244;245;246;247;248;249;250;251;252;253;254;255;256;257;258;259;268;269;270;271;272;273;274;275;276;277;278;279;280;281;282;283;284;293;294;295;296;297;298;299;300;301;302;303;304;305;306;307;308;309;318;319;320;321;322;323;324;325;326;327;328;329;330;331;332;333;334;335;344;345;346;347;348;349;350;351;352;353;354;355;356;357;358;359;360;369;370;371;372;373;382;383;384;385;386;395;396;397;398;399;400;401;402;403;404;405;406;407;408;409;410;411;412;421;422;423;424;425;426;427;428;429;430;431;432;433;434;435;436;437;448;449;450;451;465;474;475;476;477;478;479;480;481;482;483;484;485;486;487;488;489;490;499;500
F52022,10,26,26,900.7287471680631,900.0,0.728747168063137,16,243,243,98,5.6687328815460205,44;68;77;78;79;80;81;82;83;84;85;86;87;88;89;90;91;92;93;102;103;104;105;106;107;108;109;110;111;112;113;114;115;116;117;118;119;128;129;135;136;137;138;139;140;141;142;143;144;145;146;147;148;157;158;159;160;161;162;163;164;165;166;167;168;169;170;171;172;173;174;175;198;199;200;218;219;220;221;222;223;224;225;226;235;236;237;238;239;240;241;242;243;244;245;246;247;248;249;250;251;270;271;272;273;274;275;276;277;278;279;285;294;295;296;297;298;299;300;301;302;303;304;305;306;307;308;309;310;311;312;313;314;325;326;327;328;329;330;331;332;333;334;335;336;337;338;339;340;341;357;358;359;360;361;362;363;364;365;366;371;372;373;374;375;376;377;386;387;388;389;390;391;392;400;401;402;403;404;413;414;415;416;417;418;419;420;421;422;423;424;425;426;427;428;429;430;431;440;441;442;443;444;445;446;447;448;449;450;451;452;453;454;455;456;457;466;467;468;469;470;471;472;473;474;475;476;477;478;479;480;481;482;483;484;485;494;495;496;497;498;499;500
F52022,10,27,27,901.8543646880187,900.0,1.854364688018677,17,242,242,169,5.6461591720581055,39;63;73;100;110;111;112;113;114;137;153;154;155;156;157;158;159;160;161;162;163;172;173;174;175;176;177;178;179;180;181;182;183;184;185;186;187;188;189;190;191;192;193;202;203;204;205;206;207;208;209;210;211;212;213;214;215;216;217;218;227;228;229;230;231;232;233;234;235;236;237;238;239;240;241;242;243;252;253;254;255;256;257;258;259;260;261;262;263;264;265;266;267;268;277;278;279;280;281;282;283;284;285;286;287;288;289;290;291;292;293;302;303;304;305;306;307;308;309;310;311;312;313;314;315;316;317;318;319;320;332;333;334;335;336;337;338;339;340;341;342;343;344;345;354;355;356;357;358;359;360;361;362;363;373;382;383;384;385;386;387;388;389;390;391;392;393;394;395;396;397;398;407;408;409;410;411;412;413;414;415;416;417;418;419;420;421;422;423;432;433;434;435;436;437;438;439;440;441;442;443;444;445;446;447;448;457;458;459;460;461;462;463;464;465;466;467;468;469;470;471;472;473;474;475;484;485;486;487;488;489;490;491;492;493;494;495;496;497;498;499;500
F52022,10,28,28,900.1129843331477,900.0,0.11298433314766498,16,160,160,97,3.8994200229644775,48;49;71;72;73;74;86;87;88;89;90;100;101;110;111;112;113;114;115;116;126;135;136;137;147;148;149;150;151;160;161;162;163;164;165;166;167;168;169;171;172;173;174;175;185;194;195;196;197;198;199;216;240;241;252;253;254;255;265;266;335;344;345;346;347;348;349;350;351;352;353;354;355;356;357;358;359;360;361;370;371;372;373;374;375;376;377;378;379;380;381;382;383;384;385;386;387;396;398;399;400;401;402;412;421;422;423;424;425;426;427;428;429;430;431;432;433;434;435;436;437;438;447;448;449;450;451;452;453;454;455;456;457;458;459;460;461;462;463;464;473;474;475;476;477;478;479;480;481;482;483;484;485;486;487;488;489;498;499;500
F52022,10,29,29,900.6364902136417,900.0,0.6364902136416504,16,195,195,100,4.642216205596924,38;47;48;71;83;84;85;86;87;88;89;90;91;92;93;106;115;116;126;127;128;129;130;131;140;141;142;143;144;145;146;158;173;183;201;202;203;204;205;206;207;208;209;218;219;220;221;222;223;224;230;231;242;256;257;258;259;260;261;262;272;273;274;275;276;285;286;287;288;289;290;291;292;293;294;295;296;297;298;313;327;328;329;330;331;332;333;334;335;336;337;338;347;348;349;350;351;352;353;358;359;360;361;362;363;364;365;378;379;380;381;382;383;384;385;386;387;388;389;390;391;400;401;402;403;404;405;406;407;408;409;410;411;412;413;414;415;416;425;426;427;428;429;430;431;432;433;434;435;436;437;438;439;440;441;442;443;452;453;454;455;456;457;458;459;460;461;462;463;464;465;466;467;468;469;470;471;480;481;482;483;484;485;486;487;488;489;490;491;492;493;494;495;496;497
F52022,10,30,30,901.6349028908419,900.0,1.634902890841886,16,235,235,142,5.49512791633606,39;40;62;72;73;74;75;76;77;78;79;80;81;82;83;84;85;86;87;96;97;98;99;100;101;102;103;104;105;106;107;108;109;110;111;112;130;131;132;142;151;152;153;154;155;156;157;158;159;160;161;162;163;164;165;166;167;176;177;178;179;180;181;182;183;184;185;186;187;188;189;190;191;192;193;203;204;205;206;207;208;209;210;211;212;213;214;215;216;217;218;219;228;229;230;231;232;233;234;242;243;244;245;246;255;256;257;258;259;260;261;262;263;264;265;266;267;268;269;270;271;280;281;288;289;290;291;292;293;294;295;296;305;306;307;308;309;310;311;312;313;314;315;316;317;318;319;320;326;327;328;338;339;350;351;352;353;383;384;385;386;387;388;389;390;391;403;404;405;406;407;408;409;410;411;412;413;414;415;416;425;426;427;428;429;430;431;432;433;434;435;436;437;438;439;440;441;442;443;444;453;454;455;456;457;458;459;460;461;462;463;464;465;466;467;468;469;478;479;480;481;482;483;484;485;486;487;488;489;490;491;492;493;494;495
F62022,10,1,1,13350.453419120498,1800.0,11550.453419120498,16,211,211,142,5.510158061981201,11;32;33;34;35;36;77;86;87;88;89;90;91;92;93;94;95;96;97;98;99;100;101;102;103;112;113;114;115;116;117;118;119;120;121;122;123;124;125;126;127;128;137;138;139;140;141;142;143;144;145;146;147;148;149;150;151;152;153;162;163;164;165;166;167;168;169;170;171;172;173;174;175;176;177;178;187;188;189;190;191;192;193;194;195;196;197;198;199;200;201;202;203;212;213;214;215;216;217;218;219;220;221;222;223;224;225;226;227;228;229;238;239;240;241;242;243;244;245;246;247;248;249;250;251;252;253;254;263;264;265;266;267;268;269;270;271;272;273;274;275;276;277;278;279;280;289;290;291;292;293;294;295;296;297;298;299;300;301;302;303;304;305;314;315;316;317;318;319;320;321;322;323;324;325;326;327;328;329;330;331;340;341;354;364;365;374;375;376;377;378;379;380;381;382;383;384;385;386;387;388;389;390;391;392;401;411;412;413;428;429
F62022,10,2,2,32448.77636598174,1800.0,30648.77636598174,17,206,206,171,5.385462999343872,20;32;33;34;35;36;37;38;39;40;41;42;43;44;45;54;55;56;57;58;59;60;61;62;63;64;65;66;67;68;69;70;79;80;81;82;97;110;111;112;113;114;115;116;117;118;119;120;121;122;131;132;133;134;135;136;150;159;160;161;162;163;164;165;166;167;168;169;170;171;172;173;174;175;184;185;186;187;188;189;190;191;192;193;194;195;196;197;198;199;200;215;216;217;218;219;220;221;222;223;224;225;234;235;236;237;238;239;240;241;242;243;244;245;246;247;248;249;250;259;260;261;262;263;264;265;266;267;268;269;270;271;272;273;274;275;284;285;295;296;297;298;299;300;309;310;311;312;313;314;315;316;317;318;319;320;321;322;323;324;325;343;344;345;346;347;348;349;350;359;360;361;362;374;375;384;385;386;387;398;399;400;418;419;420;421;422;423;424;425;426;435;436;437;438;439;440;441;442;443;444;445;446;447;448;449
F62022,10,3,3,32667.624410744178,1800.0,30867.624410744178,16,228,228,140,5.900147914886475,21;31;32;33;34;35;36;37;38;39;40;41;42;43;44;45;46;66;67;68;69;70;71;80;81;82;83;84;85;95;96;105;106;107;108;109;110;111;112;113;114;115;116;117;118;119;120;121;130;131;132;133;134;135;136;137;138;139;140;141;142;143;144;145;146;163;164;165;166;167;168;169;170;171;180;181;182;183;184;185;186;187;188;189;190;191;192;193;194;195;196;205;206;207;208;209;210;211;212;213;214;215;216;217;218;219;220;221;230;231;232;233;234;235;236;237;238;239;240;241;242;243;244;245;246;247;248;257;258;259;260;261;262;263;264;265;266;267;268;269;270;271;272;273;282;283;284;285;286;287;288;289;290;291;292;293;294;295;296;297;298;307;308;309;310;311;312;313;314;315;316;317;318;319;320;321;322;323;324;325;334;335;336;337;338;339;340;341;342;343;344;345;346;347;348;349;350;351;352;361;362;372;373;374;375;376;377;388;397;398;399;400;401;402;403;404;405;406;407;408;409;410;411;421;434;435;436;437
F62022,10,4,4,25685.923702000073,1800.0,23885.923702000073,17,191,191,124,5.042142152786255,21;22;39;40;41;42;43;44;45;46;47;56;57;58;59;60;61;75;76;77;78;79;88;89;90;91;92;93;94;95;96;97;98;99;100;101;102;103;104;105;134;143;144;145;146;147;148;149;150;151;152;153;154;155;156;157;158;159;160;169;170;171;172;182;183;184;185;186;187;198;199;200;201;202;203;204;205;206;207;208;209;210;211;212;213;229;230;231;232;233;234;235;236;237;238;248;249;250;251;252;253;254;255;256;257;258;259;260;261;262;263;272;273;274;275;276;277;278;279;280;281;282;283;284;285;286;287;288;297;298;299;300;301;302;303;304;305;306;307;308;309;310;311;312;313;322;323;324;340;349;350;351;352;353;354;355;365;374;375;376;386;387;388;389;390;400;401;402;403;404;416;417;426;427;428;429;430;431;432;433;434;435;436;437;438;439;440;441;442;443;444
F62022,10,5,5,25597.09522413784,1800.0,23797.09522413784,15,186,186,137,4.920017957687378,27;39;40;41;42;79;80;81;82;91;92;93;94;95;96;97;98;99;100;101;102;103;104;105;106;107;108;119;120;121;122;123;124;125;126;127;128;129;130;131;132;133;134;143;144;145;146;147;148;158;159;168;169;170;171;172;173;174;175;176;177;178;179;180;181;182;183;184;201;202;203;204;205;215;224;225;226;227;228;229;230;231;232;233;234;235;236;237;238;239;240;241;250;251;252;253;254;255;256;257;258;259;260;261;262;263;264;265;266;275;276;277;278;279;280;281;282;283;284;285;286;287;288;289;290;291;300;301;302;303;304;305;306;307;308;309;310;311;312;313;314;315;316;325;326;327;328;329;330;331;332;333;334;335;336;337;338;339;340;341;350;351;352;353;354;355;356;357;358;359;360;361;362;363;364;365;366;375;395;396;405;406;407;408;409;467
F62022,10,6,6,20457.237374436867,1800.0,18657.237374436867,15,221,221,146,5.738361120223999,22;31;32;33;34;35;63;64;77;78;79;80;81;82;83;84;85;86;87;88;89;90;100;101;102;103;104;105;106;107;108;109;110;111;112;113;114;115;124;125;126;127;128;129;130;131;132;133;134;135;136;137;138;139;140;141;150;151;152;153;154;155;156;157;158;159;160;161;162;163;164;165;166;175;176;177;178;179;180;181;182;183;184;185;186;187;188;189;190;191;200;201;202;203;204;205;206;207;208;209;210;211;212;213;214;215;216;225;226;227;228;229;230;231;232;233;234;235;236;237;238;239;240;241;250;251;252;253;254;255;256;257;258;259;260;261;262;263;264;265;266;267;268;269;278;279;280;281;282;283;284;285;286;287;288;289;290;291;292;293;294;303;304;305;306;307;308;309;310;311;312;313;314;315;316;317;318;319;320;321;331;332;333;334;335;336;337;338;339;340;341;342;343;344;345;346;355;356;357;358;359;369;370;371;380;381;382;383;384;385;386;387;388;435;449;450;451;452;453;454;455
F62022,10,7,7,17622.612281392587,1800.0,15822.612281392587,16,162,162,106,4.356325149536133,12;27;46;47;79;98;99;100;101;102;103;104;124;125;126;127;128;129;142;143;144;145;146;147;148;149;150;151;152;153;154;163;164;165;166;167;168;169;170;171;172;173;174;175;176;177;178;179;188;189;190;191;192;193;194;195;196;197;198;199;200;201;202;203;204;213;214;215;216;217;218;219;220;221;222;223;224;225;226;227;228;229;238;239;240;241;242;243;244;245;246;247;248;249;250;251;252;253;263;272;273;274;275;276;277;278;279;280;281;282;283;284;285;286;287;288;310;311;312;313;314;331;332;333;334;335;336;337;338;339;348;349;350;351;352;353;354;355;356;357;358;359;360;361;362;363;364;365;388;389;390;399;400;401;402;403;431;440;441;442;443;500
F62022,10,8,8,15962.420006173885,1800.0,14162.420006173885,16,203,203,121,5.320922136306763,18;27;28;29;30;31;32;33;45;46;55;56;57;58;80;89;90;91;92;93;94;95;96;97;98;99;100;101;102;103;104;105;106;107;108;117;118;119;120;121;122;123;124;125;126;127;128;129;130;131;132;133;142;143;144;145;146;147;148;149;150;151;152;153;163;172;173;174;175;176;177;178;179;180;181;182;183;184;185;186;187;188;197;198;199;200;201;202;203;204;205;206;207;208;209;210;211;212;213;222;223;224;225;226;227;228;229;230;231;241;250;251;252;253;254;255;256;266;275;276;277;278;279;280;281;282;283;284;294;295;313;324;325;334;335;336;337;338;339;340;341;342;343;344;345;346;347;348;349;350;359;360;361;362;363;364;365;366;367;368;369;370;371;372;373;374;375;385;386;395;396;397;398;399;400;401;402;403;404;405;406;407;424;425;426;435;436;437;438;439;440;441;442;443;444;445;446;447;448;449;450;451;500
F62022,10,9,9,16003.479571012911,1800.0,14203.479571012911,15,194,194,130,5.099573850631714,17;26;27;28;29;30;31;32;33;34;35;36;37;38;39;40;56;65;66;67;68;69;70;71;72;73;74;75;76;77;78;79;80;81;90;91;92;93;94;106;107;116;117;118;119;120;121;122;123;124;125;126;127;128;129;130;131;132;141;142;143;144;145;146;147;148;149;150;151;152;153;154;155;156;157;158;175;176;177;178;179;180;181;182;183;192;193;194;195;196;197;198;199;200;201;202;203;204;205;206;207;208;209;210;211;212;221;222;223;224;225;226;227;228;229;230;231;232;233;234;235;236;237;238;239;240;250;251;252;253;254;264;265;274;275;276;277;278;279;280;281;282;283;284;285;286;287;288;289;290;304;305;306;307;308;309;310;311;312;313;314;315;324;325;326;327;328;329;330;340;353;354;355;356;357;358;359;360;361;362;363;364;365;366;367;376;377;378;395;404;405;441;442;443
F62022,10,10,10,29855.172449385384,1800.0,28055.172449385384,15,194,194,152,5.0999250411987305,20;29;30;31;32;46;55;56;57;58;59;60;61;62;63;64;65;66;67;68;69;70;71;91;92;93;94;95;96;105;106;107;108;109;110;111;112;113;114;115;116;117;118;119;120;121;130;131;132;133;134;135;136;137;138;139;140;141;142;152;161;162;163;164;165;166;167;168;169;170;171;172;173;174;175;176;177;178;187;188;189;190;191;192;193;194;195;196;197;198;199;200;201;202;203;212;213;214;215;216;217;218;219;220;221;222;223;224;225;226;227;228;237;238;239;240;241;242;243;244;245;246;247;248;249;250;251;252;253;262;263;264;265;266;267;268;269;270;271;272;273;274;275;276;277;278;279;288;289;290;291;292;293;294;295;296;297;298;299;300;301;302;303;304;305;314;315;316;317;318;319;320;321;322;323;324;325;326;327;328;329;330;331;343;344;345;346;347;368;390;391;392;393;394
F62022,10,11,11,41940.41975580322,1800.0,40140.41975580322,15,199,199,127,5.218635082244873,26;35;36;46;47;48;49;50;51;60;61;62;63;64;65;66;67;68;69;70;71;72;96;105;106;107;108;109;110;111;112;113;114;115;116;117;118;119;120;121;130;131;132;133;134;135;136;137;138;139;140;141;142;143;144;145;146;147;156;157;158;159;160;161;162;163;164;165;166;167;168;169;170;171;172;173;182;183;184;185;186;187;188;189;190;191;192;193;203;204;205;206;215;216;217;218;219;220;221;222;223;224;225;226;227;228;238;247;248;249;250;251;252;253;254;255;256;257;258;259;260;261;262;272;273;282;283;284;285;286;287;288;289;290;291;292;293;294;295;296;297;298;307;308;309;310;311;312;313;314;315;316;317;318;319;320;321;322;323;337;338;339;340;341;342;343;344;345;346;347;357;366;367;368;369;370;371;372;373;374;375;376;377;378;379;380;381;382;391;392;393;394;404;414;423;424;437;438;439
F62022,10,12,12,29507.972490511776,1800.0,27707.972490511776,15,200,200,138,5.242470979690552,48;57;58;59;60;61;62;63;79;88;89;90;91;92;93;94;95;96;97;98;99;100;101;102;103;104;113;114;115;116;117;118;119;120;121;122;123;124;125;126;127;128;129;130;131;140;141;151;152;153;154;155;156;173;174;175;176;177;178;179;180;181;182;183;192;193;194;195;196;197;198;199;200;201;202;203;204;205;206;207;208;217;218;219;220;221;222;223;224;225;226;227;228;229;230;231;232;233;234;235;244;245;246;247;248;249;250;251;252;253;254;255;256;257;258;259;260;276;277;278;279;280;281;282;283;284;285;286;295;296;297;298;299;300;301;302;303;304;305;306;307;308;309;310;311;312;321;322;323;324;325;326;327;328;329;330;331;341;342;351;352;353;354;355;356;357;358;359;360;361;362;363;373;374;383;384;385;386;387;388;389;390;391;392;393;394;395;396;397;413;414;423;424;425;426;427;428;429;451;462
F62022,10,13,13,23195.268834521816,1800.0,21395.268834521816,14,167,167,110,4.473406076431274,19;44;45;54;55;56;57;58;59;60;61;62;63;64;65;75;84;85;95;96;97;98;99;100;109;110;111;112;113;114;115;125;134;135;136;137;138;139;140;141;142;143;144;145;146;147;148;149;150;161;162;163;164;165;166;167;168;169;170;171;172;173;174;175;209;218;219;220;221;222;223;224;225;226;227;228;229;230;240;241;250;251;252;253;254;255;256;257;258;259;260;261;262;263;264;265;266;275;276;277;278;279;280;281;282;283;284;285;286;287;288;289;290;291;300;301;302;303;304;305;306;307;308;309;310;311;312;313;314;315;316;317;318;327;328;329;330;331;332;333;334;335;336;337;338;339;340;341;342;343;353;354;355;356;357;358;359;360;361;362;363;364;378;379;380;410;411
F62022,10,14,14,32297.431465094913,1800.0,30497.431465094913,15,214,214,129,5.566257953643799,13;14;15;16;17;18;48;49;50;51;52;53;62;63;64;65;75;76;77;78;87;88;89;90;91;92;93;94;95;96;97;98;99;100;101;102;103;112;113;114;115;116;117;118;119;120;121;122;123;124;125;126;127;128;129;145;146;147;148;149;150;151;152;153;154;155;156;165;166;167;168;169;170;171;172;173;174;175;176;177;178;179;180;181;190;191;192;193;194;195;196;197;198;199;200;201;202;203;204;205;206;207;208;217;218;219;220;221;222;223;224;225;226;227;228;229;230;231;232;233;242;243;244;245;246;247;248;249;250;251;252;253;254;255;256;257;258;259;268;269;270;271;272;273;274;275;276;277;278;279;280;281;282;283;284;293;294;295;296;297;298;299;300;301;302;303;304;305;306;307;308;309;310;311;312;330;331;332;333;334;335;336;337;338;339;340;352;353;354;355;365;366;375;376;377;378;379;380;381;382;383;384;385;386;387;388;389;390;391;415;416;446;447;456
F62022,10,15,15,17353.937185155803,1800.0,15553.937185155803,16,202,202,129,5.2917397022247314,38;39;40;41;64;65;66;67;76;77;78;79;80;81;82;83;84;85;86;87;88;89;90;91;92;101;102;103;104;105;106;107;108;109;110;111;112;113;114;115;116;117;118;127;128;129;130;131;132;133;134;135;136;137;138;139;140;141;142;143;152;153;154;155;156;166;167;168;177;178;179;180;181;182;183;184;185;186;187;188;189;190;191;192;193;194;203;204;205;206;207;208;209;210;211;212;213;214;215;216;217;218;219;220;221;239;240;241;242;243;244;245;246;247;256;257;258;259;260;261;271;272;273;282;283;284;285;286;287;288;289;290;291;292;293;294;295;296;297;298;307;308;309;310;311;312;313;314;315;316;317;318;319;320;321;322;323;332;333;334;335;336;337;338;339;340;341;342;343;344;345;346;347;348;359;360;361;362;363;364;365;366;367;368;378;399;400;401;402;403;404;405;414;415;416;417;418;419;420;421;431;432
F62022,10,16,16,39906.63568604684,1800.0,38106.63568604684,15,185,185,131,4.89284610748291,57;66;67;68;69;70;71;72;73;74;75;76;77;78;79;80;81;82;99;100;101;102;103;104;105;106;107;116;117;118;119;120;121;122;123;124;125;126;136;145;146;147;148;149;150;151;152;153;154;155;156;157;158;159;160;161;170;171;172;173;174;175;176;177;178;179;180;181;182;183;184;185;186;195;196;206;207;208;209;210;211;212;221;222;223;224;234;235;236;237;246;247;248;249;250;251;252;253;254;255;256;266;275;276;277;278;279;280;281;282;283;284;285;286;287;288;289;290;291;300;301;302;303;304;305;306;307;308;309;310;311;312;313;314;315;316;317;332;333;334;335;336;337;338;339;340;341;342;351;352;353;354;355;356;357;358;359;360;361;371;381;393;394;395;396;397;398;399;400;401;402;403;404;405;406;415;416;417;418;419;420;421;422;423;433
F62022,10,17,17,30001.8922555458,1800.0,28201.8922555458,18,219,219,145,5.695890188217163,20;21;38;39;40;41;42;43;44;45;46;59;60;61;62;63;64;65;66;67;68;69;70;71;80;81;82;83;84;85;86;87;88;89;90;91;92;93;94;95;96;97;112;113;114;115;116;117;118;119;120;121;122;131;132;133;134;135;136;137;138;139;140;141;142;143;144;145;146;147;156;157;168;169;170;171;172;181;182;183;184;185;186;187;188;189;190;191;192;193;194;195;196;197;198;199;209;210;211;212;213;214;215;216;217;218;219;220;221;222;223;224;233;234;235;236;237;238;239;240;241;242;243;244;245;246;247;248;249;258;259;260;261;262;263;264;265;266;267;268;269;270;271;272;273;274;283;284;285;286;287;288;289;290;291;292;293;294;295;296;297;298;299;308;309;310;311;312;313;314;315;316;317;318;319;320;321;322;323;324;325;326;335;336;337;338;339;340;341;342;343;344;345;346;347;348;349;350;351;352;353;363;373;374;375;376;377;378;379;388;389;390;391;392;393;394;404;430;499
F62022,10,18,18,43859.063320773595,1800.0,42059.063320773595,15,179,179,118,4.753039836883545,16;41;57;67;68;88;89;90;91;92;93;102;103;104;105;106;107;108;118;127;128;129;130;131;132;133;134;135;136;137;138;139;140;141;142;143;144;153;154;155;156;157;158;159;160;178;187;188;189;190;191;192;193;194;195;196;197;198;208;209;218;219;220;221;222;223;224;225;226;227;228;229;230;231;232;233;234;235;244;245;246;247;248;249;250;251;252;253;254;255;256;257;258;259;260;261;270;271;272;273;274;275;276;277;278;279;280;281;282;283;284;285;286;295;296;297;298;299;300;301;302;303;304;305;306;307;308;309;310;311;320;321;322;323;324;325;326;327;328;329;330;331;332;333;334;335;336;345;346;347;348;349;359;360;361;370;371;372;373;374;375;376;377;378;379;380;381;382;417;418;428;429;430;431;432;433;443;455;456
F62022,10,19,19,44841.72039054567,1800.0,43041.72039054567,18,249,249,188,6.396132946014404,19;28;29;30;31;32;33;34;35;36;37;38;39;40;41;42;43;44;53;54;55;56;57;58;59;60;61;62;63;64;65;66;67;68;69;78;79;80;81;82;83;84;85;86;87;88;89;90;91;92;93;94;103;104;105;106;107;108;109;110;111;112;113;114;115;116;117;118;119;128;129;130;131;132;133;134;135;136;137;138;139;140;141;151;160;161;162;163;173;174;175;176;177;186;187;188;189;190;191;192;193;194;195;196;197;198;199;200;201;202;203;219;220;221;222;223;224;225;226;227;228;237;238;239;240;241;242;243;244;245;246;247;248;249;250;251;252;253;262;263;264;265;266;267;268;269;270;271;272;273;274;275;276;277;278;290;291;292;293;294;295;296;297;298;299;300;301;302;303;312;313;314;315;316;317;318;319;320;321;322;323;324;325;326;327;328;337;338;339;340;341;342;343;344;345;346;347;348;349;350;351;352;353;354;363;364;365;366;367;368;369;370;371;372;373;374;375;376;377;378;379;388;389;390;391;392;393;394;395;396;397;398;399;400;401;411;420;421;422;423;424;425;426;427;428;429;430;440;500
F62022,10,20,20,16263.148273017028,1800.0,14463.148273017028,16,236,236,128,6.095885992050171,25;26;43;44;54;63;64;65;66;67;68;69;70;71;72;73;74;75;76;77;78;79;88;89;90;91;92;93;94;95;96;97;98;99;100;101;102;103;104;113;114;115;116;117;118;119;120;121;122;123;124;125;126;127;128;129;138;139;140;141;142;143;144;145;146;147;148;149;150;151;152;153;154;163;164;165;166;167;168;169;170;171;172;173;174;175;176;177;178;179;188;189;190;191;192;193;194;195;196;197;198;199;200;201;202;203;204;213;214;215;216;217;218;219;220;221;222;223;224;225;226;227;228;229;230;242;243;244;245;246;247;248;249;250;251;252;253;254;255;256;257;258;259;268;269;270;271;272;273;274;275;276;277;278;279;280;281;282;283;284;285;302;303;304;305;306;307;308;309;310;311;312;321;322;323;324;325;326;327;328;329;330;331;332;333;334;335;336;337;338;349;350;351;352;353;354;355;356;357;358;359;360;361;362;363;364;365;366;367;368;369;370;371;372;373;374;387;388;389;390;391;392;393;404;418;419;420;421;422;423;424;425;426;427;428;429
F62022,10,21,21,21439.018497443492,1800.0,19639.018497443492,14,183,183,97,4.841012239456177,35;36;37;55;56;57;58;59;60;61;62;76;77;87;96;97;107;108;109;110;111;112;113;114;123;124;125;126;127;128;129;130;131;132;133;134;144;153;154;155;156;157;158;159;160;161;162;163;164;165;166;167;168;169;178;179;180;181;182;183;184;185;186;187;188;189;190;191;192;193;194;195;204;205;206;207;208;209;210;211;212;213;214;215;216;217;218;219;220;229;230;231;232;233;234;235;236;237;238;239;240;241;242;243;244;245;246;247;256;257;258;259;260;261;262;263;264;265;266;267;268;269;270;271;272;273;282;283;284;285;286;287;297;314;315;324;325;326;327;328;329;330;331;332;333;334;335;336;337;338;339;340;349;350;351;352;353;354;355;356;357;358;359;360;361;362;363;364;365;374;375;376;377;378;379;380;381;382;383;393;394;403;404
F62022,10,22,22,17726.329398268565,1800.0,15926.329398268565,16,186,186,124,4.919248819351196,28;38;59;60;71;80;81;82;83;84;85;86;87;88;89;90;91;92;93;94;95;96;97;106;107;108;109;110;111;112;113;114;115;116;117;118;119;120;121;122;131;132;133;134;135;136;137;138;139;140;141;142;143;144;145;146;147;163;164;165;166;167;168;169;170;171;172;181;182;183;193;194;195;196;197;206;207;208;209;210;211;212;213;214;215;216;217;218;219;220;221;222;231;232;233;234;235;236;237;238;239;240;241;242;243;244;245;246;247;262;263;264;265;266;267;268;269;270;271;272;281;282;283;284;285;286;287;288;289;290;291;292;293;294;295;296;297;306;307;308;309;319;320;321;322;323;332;333;334;335;336;337;338;339;340;341;342;343;344;345;346;347;348;349;359;377;378;379;380;381;382;383;384;401;402;403;404;405;406;407;417;418;419;420;435;500
F62022,10,23,23,38671.513994658344,1800.0,36871.513994658344,16,231,231,150,5.972301721572876,22;46;47;56;57;58;59;60;61;62;63;64;65;66;67;68;69;70;71;72;82;83;84;85;86;87;88;89;90;91;92;93;94;95;96;97;106;107;108;109;110;111;112;113;114;115;116;117;118;119;120;121;122;123;132;133;134;135;136;137;138;139;140;141;142;143;144;145;146;147;148;149;150;159;160;161;162;163;164;165;166;167;168;169;170;171;172;173;174;175;184;185;186;187;188;189;190;191;192;193;194;195;196;197;198;199;200;212;213;214;215;216;217;218;219;220;221;222;223;224;225;226;235;236;237;238;239;240;241;242;243;244;245;246;247;248;249;250;251;252;253;254;255;256;272;273;274;275;276;277;278;279;280;281;290;291;292;293;294;295;296;297;298;299;300;301;302;303;304;305;306;315;316;317;318;319;320;321;322;323;324;325;326;327;328;329;330;331;340;341;342;343;344;345;346;347;348;349;350;351;352;353;354;355;356;357;358;359;360;376;398;411;412;413;414;415;416;417;418;419;420;437;451;452;453;454;455;456;457;458;459
F62022,10,24,24,30336.516250603316,1800.0,28536.516250603316,17,194,194,135,5.1003031730651855,25;39;40;41;53;62;63;64;65;66;67;77;78;88;89;90;91;92;93;94;95;96;97;98;99;100;101;102;103;112;113;114;115;116;117;118;119;120;121;122;123;124;125;126;127;128;137;138;139;140;141;142;143;144;145;146;147;148;149;150;151;152;153;154;155;164;165;166;167;168;169;170;171;172;173;174;175;176;177;178;179;180;181;191;192;193;194;195;196;197;198;199;200;201;202;203;204;205;206;207;216;217;218;219;220;221;222;232;233;247;248;249;250;251;252;253;254;255;256;257;258;267;268;269;270;271;272;273;274;275;276;277;278;279;280;281;282;283;292;293;294;295;296;297;298;299;300;301;302;303;304;305;306;307;308;317;318;319;320;321;322;323;333;348;349;350;351;361;370;371;372;373;374;375;376;377;378;379;380;390;399;400;401;402;403;404;405;406;416;417;456;457;458;500
F62022,10,25,25,20788.845515399233,1800.0,18988.845515399233,14,187,187,136,4.939076900482178,30;39;40;41;42;43;44;45;46;47;48;49;50;51;52;53;54;55;56;65;66;67;68;69;70;71;72;73;74;75;76;77;78;79;80;81;90;91;92;93;94;95;96;97;98;99;100;101;102;103;104;105;106;115;116;126;127;128;129;130;131;132;141;142;143;144;145;146;147;148;149;150;151;152;153;169;178;179;180;181;182;183;184;185;186;187;188;189;190;191;201;210;211;212;213;214;215;216;217;218;219;220;221;222;223;224;225;226;235;236;237;238;239;240;241;242;243;244;245;246;247;248;249;250;251;260;261;262;263;264;265;266;267;268;269;270;271;272;273;274;298;307;308;309;310;311;312;313;314;315;316;317;318;319;320;321;331;344;345;346;347;348;349;350;351;352;353;354;355;356;365;366;367;368;369;370;371;372;373;374;391;411;412;413;414;415;416
F62022,10,26,26,73736.0398495715,1800.0,71936.0398495715,16,196,196,115,5.150049924850464,14;23;24;25;26;27;46;47;56;57;58;68;69;70;71;72;81;82;83;84;85;86;87;88;89;90;91;92;93;94;95;96;97;106;107;108;109;110;111;112;113;114;115;116;117;118;119;120;121;122;136;137;138;139;140;141;142;152;161;162;163;164;165;166;167;168;169;170;171;172;173;174;175;176;177;186;187;188;189;190;191;192;193;194;195;196;197;198;199;200;201;202;211;212;213;214;215;216;217;218;219;220;221;222;223;224;225;226;227;236;237;238;239;240;241;242;243;244;245;246;247;248;249;250;251;252;263;264;265;266;267;268;269;270;271;272;273;274;275;276;277;278;287;288;289;290;291;292;293;294;295;296;297;298;299;300;301;302;303;304;313;314;315;316;317;318;319;320;321;322;323;324;325;326;327;328;329;330;339;349;350;351;352;353;354;355;364;365;366;367;395;396;397;424;425;443
F62022,10,27,27,41162.65085185454,1800.0,39362.65085185454,15,200,200,144,5.249672889709473,23;24;53;69;70;71;72;73;74;75;85;94;95;96;97;98;99;100;101;102;103;104;105;106;107;108;109;110;119;120;121;122;123;124;125;126;127;128;129;130;131;132;133;134;135;144;145;146;147;148;149;150;151;152;153;154;155;165;174;175;176;177;178;179;180;181;182;183;184;185;186;187;188;189;190;199;200;201;202;203;204;205;206;207;208;209;210;211;212;213;214;215;216;225;226;227;228;229;230;231;232;233;234;235;236;237;238;239;240;241;250;251;252;253;254;255;256;257;258;259;260;261;262;263;264;265;266;275;276;277;278;279;280;281;282;283;284;285;286;287;288;289;290;291;300;301;302;303;304;305;306;307;308;309;310;311;312;313;314;315;316;336;337;338;339;340;341;350;351;352;353;354;355;356;357;358;359;360;361;362;363;364;365;366;367;376;377;378;379;380;381;382;383;384;385;386;387;388;426;438
F62022,10,28,28,26072.781635201118,1800.0,24272.781635201118,17,216,216,142,5.622894048690796,15;24;25;26;27;28;29;30;31;32;33;34;35;36;37;38;39;40;41;42;51;52;53;54;55;56;57;67;68;77;78;79;80;81;82;83;84;85;86;87;88;89;90;91;92;93;94;103;104;105;106;107;108;109;110;111;112;113;114;115;116;117;118;119;128;129;130;131;132;133;134;135;136;137;138;139;140;141;142;143;144;153;154;155;156;157;158;159;160;161;162;163;164;165;166;167;168;169;170;171;172;181;182;183;184;185;186;187;188;189;190;191;192;193;194;195;196;197;198;207;208;209;210;211;212;213;214;215;216;217;218;219;220;221;222;223;232;233;234;235;236;237;238;239;240;241;242;243;244;245;246;247;248;249;258;259;260;270;271;272;273;274;283;284;285;286;287;288;289;290;291;292;293;303;312;313;314;315;316;326;336;337;338;347;348;349;350;351;352;353;354;364;373;374;375;376;377;378;379;380;381;382;392;401;402;403;404;405;415;416;417;426;427;428;429;500
F62022,10,29,29,46244.37533736398,1800.0,44444.37533736398,17,218,218,167,5.6772239208221436,22;60;78;79;80;81;82;83;84;85;94;95;96;97;98;99;100;101;102;103;104;105;106;107;108;109;110;119;120;121;122;123;124;125;126;127;128;129;130;131;132;133;134;135;136;145;146;147;148;149;150;151;152;153;154;155;156;157;158;159;160;161;170;171;172;173;174;175;176;177;178;179;180;181;182;183;184;185;186;187;188;197;198;199;200;201;202;203;204;205;206;207;208;209;210;211;212;213;214;224;225;226;227;228;229;230;231;232;233;234;235;236;237;238;239;248;249;259;260;261;262;263;264;282;283;284;285;286;287;288;289;290;299;300;301;302;303;304;305;306;307;308;309;310;311;312;313;314;315;324;325;326;327;328;329;330;331;332;333;334;335;336;337;338;339;340;349;350;351;352;353;354;355;356;357;358;359;360;361;362;363;364;365;378;379;380;381;382;383;384;385;386;387;388;389;390;399;400;401;402;403;404;405;406;407;408;409;410;411;412;413;414;415;424;425;426;439;449
F62022,10,30,30,46225.546942861016,1800.0,44425.546942861016,15,208,208,139,5.44008207321167,40;41;50;51;52;53;54;55;56;57;58;59;60;61;62;63;64;65;66;67;76;77;78;79;80;81;82;83;84;85;86;87;88;89;90;91;92;101;102;103;104;105;106;107;108;109;110;111;112;113;114;115;116;117;126;127;128;129;130;131;132;133;134;135;136;137;138;139;140;141;142;151;152;153;154;155;156;157;158;159;160;161;171;172;173;174;183;184;185;186;187;188;189;190;191;192;193;194;195;196;197;198;199;212;213;214;215;216;217;218;219;220;221;222;223;224;235;236;237;238;239;240;241;242;243;244;245;246;247;248;249;263;264;265;266;267;268;269;270;271;272;273;274;283;284;285;286;287;288;289;290;291;292;293;294;295;296;297;298;310;311;320;321;322;323;324;325;326;327;328;329;330;331;332;333;334;335;336;347;348;349;350;351;352;353;354;355;356;357;358;359;360;361;370;371;372;373;374;389;399;408;409;419;420;421;422;423;424
F72022,10,1,1,2129.206941500425,2000.0,129.20694150042482,14,166,166,128,27.783628702163696,45;55;56;57;82;91;92;93;94;95;96;97;98;99;100;101;102;103;104;105;106;107;123;124;125;135;136;145;146;147;148;149;150;151;152;153;154;155;156;157;158;159;160;161;170;171;172;173;174;175;176;177;178;179;180;181;182;183;184;185;186;210;211;220;232;233;234;235;236;237;238;247;248;249;250;251;252;253;254;255;256;257;258;259;260;261;262;263;264;273;274;275;276;277;278;279;280;281;282;283;284;285;286;287;288;289;298;299;300;301;302;303;304;305;306;307;308;309;310;311;312;313;314;315;324;325;326;327;328;329;330;331;332;333;334;345;355;356;357;358;359;360;361;362;363;364;365;366;367;368;369;370;379;380;381;382;383;384;385;386;387;397;398;416;491;500
F72022,10,2,2,2046.526521572057,2000.0,46.526521572056936,17,296,296,136,47.26610803604126,20;21;22;23;24;25;26;27;28;29;42;43;44;45;46;47;48;49;50;51;52;53;63;64;65;66;67;68;69;70;71;72;73;74;75;76;77;78;79;80;81;82;83;84;85;86;87;88;89;90;99;100;101;102;103;104;105;106;107;108;109;110;111;112;113;114;115;116;117;118;119;120;121;122;123;124;125;126;127;128;129;130;139;140;141;151;152;153;154;155;156;157;158;159;160;169;170;171;172;173;174;175;176;177;178;179;180;181;182;183;184;185;186;187;196;197;198;199;200;201;202;203;204;205;206;207;208;209;210;211;212;213;222;223;224;225;226;227;228;229;230;231;232;233;234;235;236;237;238;239;240;241;242;243;244;253;254;255;256;257;258;259;260;261;262;263;264;265;266;267;268;269;280;281;282;283;284;285;286;287;288;289;290;291;292;293;294;303;304;305;306;307;308;309;310;311;312;313;314;315;316;317;318;319;328;329;330;331;332;333;334;335;336;337;338;339;340;341;342;343;344;353;354;355;356;357;358;359;360;361;362;363;364;365;366;367;368;369;370;394;395;404;405;406;407;408;409;410;411;412;413;414;415;416;417;418;419;420;429;430;431;432;433;434;435;436;437;438;439;440;441;442;443;444;445;464;465;466;467;468;469;470;479;480;481;482;483;484;485;486;487;488;489;490;499;500
F72022,10,3,3,2086.27528653339,2000.0,86.27528653339004,16,212,212,86,34.67063093185425,32;45;46;47;48;72;73;74;75;92;93;94;95;96;97;98;99;100;101;102;103;104;105;106;115;116;117;118;119;120;121;122;123;124;125;126;127;128;129;130;140;141;142;152;153;154;155;156;157;158;159;160;161;162;163;164;165;166;176;177;178;179;180;181;182;183;192;193;194;212;213;214;215;224;225;226;227;228;229;230;231;232;233;234;235;236;237;238;239;240;241;242;243;253;254;263;264;265;266;267;268;269;270;271;272;273;274;275;276;277;278;279;288;289;290;291;292;293;294;295;296;297;298;299;300;301;302;303;304;313;314;315;316;317;318;319;320;321;322;323;324;325;326;327;328;329;330;343;344;345;346;347;348;349;350;351;352;353;354;355;356;357;366;367;368;369;370;371;372;373;374;375;376;377;378;379;380;381;382;391;392;393;394;395;396;397;398;399;400;401;402;403;404;405;406;407;408;418;419;437;464;465;483;484;485;486;487;488;489;490;499;500
F72022,10,4,4,2111.43059396735,2000.0,111.43059396734998,11,246,246,78,39.90439295768738,19;20;21;22;36;37;38;39;40;41;42;43;44;45;46;47;48;49;50;51;52;53;54;55;56;57;58;59;60;61;62;63;64;65;66;67;68;69;70;71;72;73;74;75;76;77;78;79;80;81;101;102;103;104;105;106;107;108;109;110;111;112;113;114;115;116;117;118;119;120;121;122;123;124;125;126;127;128;129;130;131;132;133;134;135;136;137;138;139;140;141;142;152;153;154;155;156;157;158;159;160;161;162;163;164;165;166;167;168;169;179;180;181;182;183;184;185;186;187;188;189;190;191;192;202;203;204;205;206;207;208;209;210;219;220;221;222;223;224;225;226;227;228;229;230;231;232;233;234;235;236;237;238;239;240;241;242;243;244;245;254;255;256;257;258;259;260;261;262;263;264;265;266;267;268;269;270;280;281;282;283;284;285;286;287;288;289;290;291;292;293;294;295;304;305;306;307;308;309;310;311;312;313;314;315;316;317;318;319;320;329;330;331;332;333;343;344;345;346;355;356;357;384;393;394;395;396;397;398;399;400;401;402;403;404;405;406;407;408;409;444;488;497;498;499;500
F72022,10,5,5,2081.0307615250567,2000.0,81.03076152505673,18,214,214,109,35.01999592781067,18;27;28;29;30;31;32;33;34;35;36;37;38;39;40;41;42;43;52;77;78;87;88;89;99;100;101;102;103;116;117;118;119;120;121;122;123;124;125;126;127;128;129;130;139;140;141;142;143;144;145;146;147;148;149;150;151;152;153;154;155;164;165;166;167;168;169;170;171;172;173;174;175;176;177;178;179;180;181;182;183;184;185;194;195;196;197;198;199;200;201;202;203;204;205;206;207;208;209;210;211;220;221;222;223;224;225;226;227;228;229;230;231;232;233;234;235;236;245;246;247;248;249;250;251;252;253;254;255;256;257;258;259;260;261;270;271;272;273;274;275;276;277;278;279;280;281;282;283;284;285;286;307;317;328;329;330;331;332;333;334;335;336;337;338;339;340;341;342;351;352;353;354;355;356;357;358;359;360;361;362;363;364;365;366;367;385;399;431;443;452;453;454;455;456;457;458;459;460;461;462;463;464;465;466;467;468;478;479;480;490;491;492;493
F72022,10,6,6,2037.4762023630803,2000.0,37.47620236308035,15,165,165,98,27.659366846084595,45;46;47;48;57;58;59;60;61;62;63;64;65;66;67;68;69;70;71;72;73;107;116;117;118;119;120;121;122;123;124;125;135;136;145;146;147;148;149;150;151;152;153;154;155;156;166;187;188;189;190;191;207;208;209;210;211;212;213;214;215;216;217;226;227;228;229;230;231;232;233;234;235;236;246;261;262;263;264;265;266;267;268;269;270;271;280;281;282;283;284;285;286;287;288;289;290;291;292;293;294;295;296;305;306;307;308;309;310;311;312;313;314;315;316;317;318;319;334;343;344;345;346;347;348;349;350;351;352;353;354;355;356;357;358;359;377;378;379;380;381;382;383;384;393;394;433;434;435;452;453;454;455;481;482;483;492;493;494;495;496;497;498;499;500
F72022,10,7,7,2058.1601996451836,2000.0,58.16019964518364,17,208,208,163,34.02146816253662,33;42;43;44;45;46;47;48;49;50;51;52;53;54;55;56;57;58;59;68;69;70;71;72;73;74;75;76;77;78;79;80;81;82;83;84;85;94;95;96;97;98;99;100;101;102;103;104;105;106;107;108;109;110;119;120;121;122;123;124;125;126;127;128;129;130;131;132;133;134;135;136;137;146;147;148;166;180;181;182;183;195;204;205;206;207;208;209;210;211;212;213;214;215;216;217;218;219;220;229;230;231;232;233;234;235;236;237;238;239;240;241;242;243;244;245;254;255;256;257;267;268;269;270;279;280;281;282;283;284;285;286;287;288;289;290;291;292;293;294;295;306;307;308;309;310;311;312;313;314;315;316;317;318;319;320;329;330;331;332;333;334;335;336;337;338;339;340;341;342;343;353;362;363;364;365;366;367;368;381;390;391;392;393;394;395;396;397;398;399;400;401;402;403;404;405;406;415;416;467;476;486;487;488;489;490;491;492
F72022,10,8,8,2194.5861310271266,2000.0,194.5861310271266,16,233,233,102,37.87810206413269,27;41;42;43;44;45;46;47;48;49;50;79;88;98;99;100;101;102;103;104;113;114;115;116;117;118;119;120;121;122;123;124;125;126;127;128;129;130;131;141;142;151;152;153;154;155;156;157;158;159;160;161;162;163;164;165;166;167;168;177;178;179;180;181;182;183;184;185;186;187;188;189;190;191;192;193;194;195;204;205;206;207;208;209;210;211;212;213;214;215;216;217;218;219;220;221;222;223;232;233;234;235;236;237;238;239;240;241;242;243;244;245;246;247;248;257;258;259;260;261;262;263;264;265;266;267;268;269;270;271;272;273;274;275;276;277;278;293;294;295;296;297;298;299;300;301;302;303;312;313;314;315;316;317;318;319;320;321;322;323;324;325;326;327;328;337;338;339;340;341;342;343;344;345;346;347;348;349;359;368;369;370;371;372;373;374;375;376;377;378;379;380;381;382;383;384;393;394;395;396;397;398;399;400;401;402;403;404;405;406;407;408;409;418;419;420;421;422;423;424;425;446;482;491;492;493;494;495;496;497;498;499;500
F72022,10,9,9,2081.496562206848,2000.0,81.49656220684801,12,246,246,74,39.71110701560974,47;48;49;50;51;63;64;65;66;67;68;69;70;71;72;73;74;75;76;77;86;87;88;89;90;91;92;93;94;95;96;97;98;99;100;101;102;103;104;105;106;107;108;109;110;111;112;113;114;115;116;117;118;119;120;121;122;123;124;134;135;145;146;147;148;149;150;151;152;153;154;163;164;165;166;167;168;169;170;171;172;173;174;175;176;177;178;179;188;189;190;191;192;193;194;195;196;197;198;199;200;201;202;203;204;205;206;207;208;209;210;211;212;229;230;231;232;233;234;235;236;237;238;239;240;241;242;243;244;245;246;247;248;249;250;251;252;253;254;255;264;265;266;267;268;269;270;271;272;273;274;275;276;277;278;279;280;281;290;291;292;293;294;295;296;297;298;299;300;301;302;303;304;305;306;307;316;317;318;319;320;321;322;344;353;354;355;356;357;358;359;360;361;362;363;364;365;366;367;368;378;387;388;389;390;391;392;393;394;395;396;397;398;399;400;401;402;403;416;417;418;419;420;421;422;423;424;443;471;480;481;482;483;484;485;486;487;488;489;490;491;492;493;494;495;496
F72022,10,10,10,2116.6792824749596,2000.0,116.67928247495956,12,205,205,85,33.77192497253418,20;21;22;23;24;25;42;43;44;45;59;60;61;62;63;64;65;75;76;77;78;79;80;81;82;83;84;85;86;87;96;97;98;99;100;101;102;103;113;114;115;116;117;118;119;120;121;122;123;124;125;126;127;128;129;130;131;132;133;134;135;136;137;138;139;140;141;142;143;144;145;146;147;148;149;150;151;152;153;154;155;156;157;158;159;160;161;162;163;164;165;166;167;168;169;170;171;172;181;182;183;184;185;186;187;188;189;190;191;192;193;194;195;196;197;198;207;208;209;210;211;212;213;214;215;216;217;218;219;220;230;239;249;250;251;252;253;254;255;271;272;273;274;275;276;277;278;279;280;281;296;297;298;299;300;301;302;303;304;305;306;329;330;331;340;341;342;343;344;345;346;358;367;368;369;370;371;372;373;374;375;376;377;378;379;380;381;382;383;392;393;394;439;480;489;490;491;492;493;494;495;496;497;498;499
F72022,10,11,11,2088.2463996224265,2000.0,88.24639962242645,16,242,242,107,39.25075697898865,13;14;27;28;29;38;39;40;41;42;43;44;45;46;47;48;49;50;51;52;53;54;63;64;65;66;67;68;69;70;71;81;82;91;92;93;94;95;96;97;98;99;100;101;102;103;104;105;106;107;108;109;118;119;120;121;122;123;124;125;126;127;128;129;130;131;132;133;134;135;136;137;138;147;148;149;150;151;152;153;154;155;156;157;158;159;160;161;162;163;172;173;174;175;176;177;178;179;180;181;182;183;184;185;186;187;188;199;200;201;202;203;204;205;206;207;208;209;210;211;212;213;222;223;224;225;226;227;228;229;230;231;232;233;234;235;236;237;238;247;248;249;250;251;252;253;254;255;256;257;258;259;260;261;262;263;272;273;274;275;276;277;278;279;280;281;282;283;284;285;286;287;288;289;298;299;300;301;302;303;304;305;306;307;308;309;310;311;312;313;314;327;328;329;330;331;341;350;351;352;353;354;355;356;357;383;384;385;386;387;388;389;390;391;392;422;431;432;433;434;435;436;437;438;439;440;441;453;454;455;456;482;483;484;485;486;487;488;489;490;491;492
F72022,10,12,12,2080.487033369554,2000.0,80.48703336955396,7,286,286,54,45.798856019973755,13;14;15;16;17;18;19;29;30;31;32;33;34;35;36;37;38;39;40;41;42;43;44;45;46;47;48;49;50;51;52;53;54;55;56;57;58;59;60;70;71;72;73;74;75;76;77;78;79;80;81;91;92;93;94;95;96;97;98;99;100;101;102;103;104;105;106;107;108;109;110;111;112;113;114;115;116;117;118;119;120;121;122;123;124;125;126;127;128;129;130;131;132;133;134;135;136;137;138;139;140;141;142;143;144;145;146;147;148;149;150;151;152;153;154;155;156;157;158;159;160;161;162;163;164;165;166;167;168;169;170;171;172;173;174;175;176;177;178;179;180;181;182;183;184;185;186;187;188;189;190;191;192;193;194;195;196;197;198;199;200;201;202;203;204;205;206;207;208;209;210;211;212;213;214;215;216;217;218;219;220;221;222;223;224;225;226;227;228;229;230;231;232;233;234;244;245;246;247;248;249;250;251;252;253;254;255;256;257;258;259;260;261;262;263;264;265;266;267;268;269;270;271;272;273;274;275;276;277;286;287;297;298;299;300;301;302;311;312;313;314;315;316;317;318;319;320;321;322;323;324;325;326;327;348;349;350;351;352;361;362;363;364;365;366;367;368;369;370;380;389;390;391;392;393;394;395;396;397;398;399;428;481;498;499;500
F72022,10,13,13,2145.7089553677847,2000.0,145.7089553677847,15,180,180,138,29.91168999671936,60;61;62;82;83;84;85;86;87;96;97;98;99;100;101;102;103;104;105;106;107;108;118;127;128;129;130;131;132;133;134;135;136;137;138;139;140;141;142;143;152;153;154;155;156;157;158;159;160;161;162;163;164;165;166;167;168;177;178;179;180;181;182;183;184;185;186;196;205;206;207;208;209;210;211;212;222;231;232;233;234;235;236;237;238;239;240;241;242;243;244;245;246;247;248;257;258;259;260;261;262;263;264;265;266;267;268;269;270;271;272;273;274;283;284;285;286;287;288;289;290;291;292;293;294;295;296;297;298;299;308;309;310;311;312;313;314;315;316;317;318;319;320;321;322;323;324;333;334;335;336;337;338;339;340;341;342;343;344;345;346;347;348;349;374;383;384;468;482;483;484;485;486;487;488;489;490;491;492;493
F72022,10,14,14,2145.2413244244603,2000.0,145.24132442446034,16,218,218,132,35.61074709892273,41;50;51;52;53;54;55;56;57;58;59;60;61;62;63;64;65;66;67;76;77;78;79;80;81;82;83;84;85;86;87;88;89;90;91;92;101;102;103;104;105;106;107;108;109;110;111;112;113;114;115;116;117;118;127;128;129;130;131;132;133;134;135;136;137;138;139;140;141;142;143;157;158;159;160;161;162;163;164;165;166;167;168;177;178;179;180;181;182;183;184;185;186;187;188;189;190;191;192;193;194;203;204;205;206;207;208;209;210;211;212;213;214;215;216;217;218;219;220;229;230;231;232;233;234;235;236;237;238;239;240;241;242;243;244;245;246;255;256;257;258;259;260;261;262;263;264;265;266;267;268;269;270;271;280;281;282;283;284;285;286;287;288;289;290;291;292;293;294;295;296;305;306;307;308;309;310;311;312;313;314;315;316;317;318;319;320;321;331;332;333;334;335;336;337;338;339;340;341;342;343;344;345;346;347;348;357;358;359;360;361;362;363;364;365;381;409;495
F72022,10,15,15,2097.6707752918405,2000.0,97.67077529184053,19,233,233,150,37.915727853775024,27;28;29;30;44;45;46;47;48;49;50;51;52;53;54;55;64;65;66;67;68;69;70;71;72;73;74;75;76;77;78;79;80;89;90;91;92;93;94;95;96;97;98;99;100;101;102;103;104;105;114;115;116;117;118;119;120;121;122;123;124;125;126;127;128;129;130;139;140;141;142;143;144;145;146;147;148;149;150;151;152;153;154;155;164;165;166;167;168;169;170;171;172;173;174;175;176;177;178;179;180;189;190;191;192;193;194;195;196;197;198;199;200;201;202;203;204;205;214;215;216;217;218;219;220;221;222;223;224;225;226;227;228;229;230;239;240;241;242;252;253;254;255;270;271;272;273;274;275;276;277;278;279;280;289;290;291;292;293;294;295;296;297;298;299;300;301;302;303;304;305;314;315;316;317;318;319;320;321;322;323;324;325;326;327;328;329;330;339;340;341;342;352;353;354;355;356;357;366;367;368;369;370;371;372;373;374;388;407;408;409;410;411;412;413;430;431;432;433;434;435;436;437;438;457;467;486;487;488;489;490;491;492
F72022,10,16,16,2053.9371392075345,2000.0,53.93713920753453,16,226,226,178,36.81323289871216,13;14;40;52;61;62;63;64;65;66;67;68;69;70;71;72;73;74;75;76;77;86;87;88;89;99;100;101;102;111;112;113;114;115;116;117;118;119;120;121;122;123;124;125;126;127;136;137;138;139;140;141;142;143;144;145;146;147;148;149;150;151;152;161;162;163;164;165;175;176;177;186;187;188;189;190;191;192;193;194;195;196;197;198;199;200;201;202;211;212;213;214;215;216;217;218;219;220;221;222;223;224;225;226;227;228;237;238;239;240;241;242;243;244;245;246;247;248;249;250;251;252;253;262;263;264;265;266;267;268;269;270;271;272;273;274;275;276;277;278;287;288;289;290;291;292;293;294;295;296;297;298;299;300;301;302;303;304;313;314;315;316;317;318;319;320;321;322;323;324;325;326;327;328;329;338;339;340;341;342;343;344;345;346;347;348;349;350;351;352;353;354;363;364;365;366;367;368;369;370;371;372;373;374;375;376;377;378;379;380;394;395;396;462;471;472;473;474;475;476;477;478;479;480;481;485
F72022,10,17,17,2093.053879443569,2000.0,93.0538794435688,17,244,244,117,39.49655199050903,29;38;39;40;50;51;52;53;54;55;64;65;66;67;68;69;70;80;81;82;96;97;98;99;100;101;102;103;104;105;106;107;116;117;118;119;120;121;122;123;124;125;126;127;128;129;130;131;132;141;142;143;144;145;146;147;148;149;150;151;152;153;154;155;156;157;166;167;168;169;170;171;172;173;174;175;176;177;178;179;180;181;182;191;192;193;194;195;196;197;198;199;200;201;202;203;204;205;206;207;216;217;218;219;220;221;222;223;224;225;226;227;228;229;230;231;232;241;242;243;244;245;246;247;248;249;250;251;252;253;254;255;256;257;258;259;260;276;277;278;279;280;281;282;283;284;285;286;287;288;289;290;299;300;301;302;303;304;305;306;307;308;309;310;311;312;313;314;315;324;334;335;336;337;338;339;340;349;350;360;361;362;363;364;365;376;377;378;379;380;381;382;383;384;385;386;387;388;389;390;399;400;401;402;403;404;405;406;407;408;409;410;411;412;413;414;428;429;430;431;432;433;434;450;451;460;461;462;463;464;465;466;467;480;491;492;493;494;495;496;497;498;499;500
F72022,10,18,18,2102.3464627752664,2000.0,102.34646277526645,15,189,189,145,31.334341764450073,38;47;48;49;50;51;61;62;63;64;78;79;80;81;82;83;84;85;86;87;88;89;98;99;100;101;102;103;104;105;106;107;108;109;110;111;112;139;148;149;150;151;161;162;163;164;165;174;175;176;177;178;179;189;190;199;200;201;202;203;204;205;206;207;208;209;210;211;212;213;214;215;224;225;226;227;228;229;230;231;232;233;234;235;236;237;238;239;240;249;250;251;252;253;254;255;256;257;258;259;260;261;262;263;264;265;266;275;276;277;278;279;280;281;282;283;284;285;286;287;288;289;290;291;300;301;302;303;304;305;306;307;308;309;310;311;312;313;323;332;333;334;335;336;337;338;339;340;341;342;343;344;345;346;347;348;357;358;359;360;361;362;363;364;365;366;367;368;369;370;371;372;373;382;383;384;385;386;387;418;431;432;433;434;435;436;437;438;495
F72022,10,19,19,2075.4296670140716,2000.0,75.42966701407158,14,226,226,62,36.77782416343689,25;37;38;39;40;41;42;43;44;45;46;47;48;49;50;51;52;61;62;63;64;65;66;67;68;69;70;71;72;73;74;75;76;77;78;79;80;89;90;91;92;93;94;95;96;97;98;99;100;101;102;103;104;105;114;115;116;126;127;128;129;130;131;132;133;134;135;136;137;138;139;140;141;142;158;167;168;169;170;171;172;173;174;175;176;177;178;179;180;181;182;183;184;185;186;187;188;189;190;191;192;193;194;195;196;205;206;207;208;209;210;211;212;213;214;215;216;217;218;219;220;221;222;223;224;225;226;227;228;229;230;231;232;233;234;235;236;245;246;247;248;249;250;251;252;253;254;255;256;257;258;259;260;261;262;263;264;265;278;279;280;281;282;283;284;285;286;287;288;289;290;291;304;313;314;315;316;317;318;319;320;321;322;323;324;325;326;327;328;329;338;339;340;341;342;343;344;345;346;347;348;349;350;351;352;353;354;366;367;368;369;370;371;372;373;374;375;376;377;389;398;408;409;421;494;495
F72022,10,20,20,2183.0484252710266,2000.0,183.04842527102664,17,237,237,76,38.51370692253113,17;26;27;28;29;30;31;32;33;34;35;36;37;38;39;40;41;42;51;52;53;54;55;56;57;58;59;60;61;62;63;64;65;66;67;76;77;78;79;80;81;82;83;84;85;86;87;88;89;90;91;92;93;94;95;96;97;106;107;108;109;110;111;112;113;114;115;116;117;118;119;120;121;122;131;150;151;152;153;170;171;172;173;186;195;196;197;198;199;200;201;202;203;204;205;206;207;208;209;210;211;212;213;214;215;216;217;218;219;220;229;230;231;232;233;234;235;236;237;238;239;240;241;242;243;244;245;246;255;256;257;258;259;260;261;262;263;264;265;266;267;268;269;270;271;280;281;282;283;284;285;286;287;288;289;290;291;292;293;294;295;296;305;306;307;308;309;319;320;321;322;323;324;325;326;327;328;329;330;339;340;341;342;343;344;345;346;347;348;349;350;351;352;353;354;355;356;365;366;367;368;369;370;371;372;373;374;375;376;377;378;388;389;408;409;410;411;412;413;414;415;416;425;426;427;428;438;439;440;441;442;451;452;453;478;493;494
F72022,10,21,21,2103.799932503059,2000.0,103.79993250305915,12,153,153,87,25.915816068649292,35;36;37;38;51;52;53;54;55;56;57;58;59;60;61;62;63;64;65;66;67;68;69;70;71;72;73;99;114;115;116;117;118;119;120;121;122;123;124;133;134;135;136;137;138;139;140;141;142;143;144;145;146;147;148;149;150;170;171;172;173;174;175;184;185;186;187;188;189;190;191;192;193;194;195;196;197;198;199;200;201;202;214;223;224;225;226;227;228;229;230;231;232;233;234;235;236;237;238;239;240;256;269;278;279;280;281;282;283;284;285;286;287;288;289;290;291;292;293;294;305;306;307;308;309;310;311;312;313;314;315;316;317;318;319;339;340;341;342;343;344;345;405;429;484;493;494;495;496;497;498;499;500
F72022,10,22,22,2119.8434637227597,2000.0,119.84346372275968,13,165,165,70,27.674938201904297,26;56;57;58;59;60;61;62;63;64;65;66;67;68;69;70;71;72;73;74;75;76;77;78;79;80;81;82;83;111;112;113;114;124;125;126;127;128;129;130;131;141;142;143;158;159;160;161;162;163;164;165;166;167;168;169;170;171;172;173;174;175;176;177;186;187;188;189;190;191;192;193;194;195;196;197;198;199;200;201;202;203;204;205;206;207;216;217;218;219;220;221;222;223;224;225;235;247;270;288;289;290;291;292;293;294;295;304;305;306;307;308;309;310;311;312;313;314;315;316;317;318;319;320;343;344;345;359;360;361;371;380;381;382;383;384;385;386;387;388;389;390;391;401;412;413;414;415;416;417;418;419;420;435;450;451;452;453;454;455;456;457;458;459;460
F72022,10,23,23,2200.7849791043177,2000.0,200.7849791043177,11,245,245,73,39.76768398284912,37;38;54;55;65;66;67;68;69;70;71;72;73;74;75;76;77;78;79;80;81;82;83;84;85;86;87;88;103;104;105;106;107;108;109;110;111;112;113;114;115;116;117;118;119;120;121;122;132;133;134;135;136;137;138;139;140;141;142;143;144;145;146;147;148;149;150;151;152;153;154;155;156;157;158;159;169;170;171;172;173;174;175;176;177;178;179;180;181;182;183;184;185;186;187;188;189;190;191;192;193;194;195;196;197;198;199;200;201;202;203;204;213;214;215;216;217;218;219;220;221;222;223;224;225;226;227;228;229;230;231;232;233;234;235;236;237;238;239;240;241;242;243;244;245;246;247;248;249;250;251;252;253;254;263;264;265;266;267;268;269;270;271;272;273;274;275;276;277;278;279;288;289;290;291;292;293;294;295;296;297;298;299;300;301;302;303;304;313;314;315;316;317;318;319;320;321;322;323;324;325;326;327;328;329;343;344;345;346;347;348;349;350;351;352;353;354;377;378;379;390;415;424;425;426;427;428;429;430;431;432;433;434;435;436;437;438;439;440;476;496;497;498;499;500
F72022,10,24,24,2101.163882035746,2000.0,101.16388203574616,11,233,233,58,37.91447901725769,14;15;16;17;18;19;20;21;22;23;24;25;26;27;28;29;30;31;32;33;34;35;36;50;51;52;53;54;64;65;66;67;68;69;70;71;72;81;82;83;84;85;86;87;107;108;109;110;111;112;113;114;115;116;117;118;119;120;121;122;123;124;125;126;127;128;129;130;131;132;133;143;144;145;146;147;148;149;150;151;160;161;162;163;164;165;166;167;188;189;190;191;192;193;194;195;196;197;198;199;200;201;202;203;204;205;206;207;208;209;210;211;212;213;214;215;216;217;218;219;220;221;222;223;224;225;226;227;228;229;230;231;232;233;234;235;236;237;238;239;240;241;242;243;260;261;262;263;264;265;266;267;268;269;270;271;272;273;283;284;285;286;287;288;289;290;291;292;293;294;295;296;297;298;299;300;301;302;303;304;315;316;317;318;319;320;321;322;323;324;325;326;327;328;329;338;339;340;341;342;352;353;354;367;368;369;370;371;372;373;374;375;376;377;378;379;399;400;401;402;403;404;413;414;415;416;417;430;488;497;498;499;500
F72022,10,25,25,2197.5468838781485,2000.0,197.5468838781485,9,266,266,79,42.88488698005676,27;28;29;30;31;32;42;43;44;54;55;56;57;58;59;60;61;62;63;64;65;66;82;83;84;85;86;87;88;89;90;91;92;105;106;107;108;109;110;111;112;113;114;115;116;117;118;119;120;121;122;123;124;125;126;127;128;129;130;131;132;133;134;135;136;137;138;139;140;141;142;143;144;145;146;147;148;158;168;169;170;171;172;173;174;175;176;177;178;179;180;181;182;183;184;185;186;187;188;189;190;191;192;193;194;195;196;197;198;199;200;201;202;203;204;205;206;207;208;209;210;211;212;213;214;215;216;217;218;219;220;221;222;223;224;225;226;227;228;229;230;231;232;233;234;235;236;237;246;247;248;249;250;251;252;253;254;255;265;266;267;268;269;270;271;280;281;282;283;284;285;286;287;288;289;290;291;292;293;294;304;305;314;315;316;317;318;319;320;321;322;323;324;325;326;327;328;329;330;341;342;343;344;345;346;347;348;349;350;351;352;353;354;355;364;365;366;367;368;369;370;371;372;373;374;375;376;377;378;379;380;381;382;391;392;393;394;409;410;419;420;421;422;423;424;425;426;427;428;429;430;431;432;433;434;474;491;492;493;494;495;496;497;498;499;500
F72022,10,26,26,2052.8522296278775,2000.0,52.85222962787748,16,240,240,77,38.9684739112854,32;33;42;43;44;45;46;47;48;49;50;51;52;53;63;72;73;74;75;76;77;78;79;80;81;82;83;84;85;86;87;88;99;100;101;102;103;104;105;106;107;108;109;110;111;112;113;114;115;124;125;126;127;128;129;130;131;132;133;134;135;136;137;138;139;140;141;142;151;152;153;154;155;156;157;158;159;160;161;162;163;164;165;166;167;168;184;185;186;187;188;189;190;191;192;193;194;195;204;205;206;207;208;209;210;211;212;213;214;215;216;217;218;219;220;221;222;237;238;239;240;241;242;243;244;245;246;247;256;257;258;259;260;261;262;263;264;265;266;267;268;269;270;271;272;273;282;283;284;285;286;287;288;289;290;291;292;293;294;295;296;297;298;307;308;309;310;311;312;313;314;315;316;317;318;319;320;321;322;323;332;333;334;335;336;337;338;339;340;341;342;343;344;345;346;347;357;358;359;360;361;370;371;372;373;374;375;376;377;378;379;380;381;382;383;384;385;386;387;388;389;390;391;392;393;394;444;445;446;447;456;457;458;459;460;461;493;494;495;496
F72022,10,27,27,2120.181233352105,2000.0,120.18123335210521,16,202,202,112,33.284796953201294,23;24;25;26;36;37;57;58;59;60;61;73;82;83;84;85;86;87;88;89;90;113;114;115;124;125;126;127;128;129;130;131;132;133;134;135;145;146;147;148;149;150;151;152;161;162;163;164;165;166;167;168;169;170;171;172;173;174;175;176;177;186;187;188;189;190;191;192;193;194;195;196;197;198;199;200;201;202;211;212;213;214;215;216;217;218;219;220;221;222;223;224;225;226;227;228;237;238;239;240;241;242;243;244;245;246;247;248;249;250;251;252;253;262;263;264;265;266;267;268;269;270;271;272;273;274;275;276;277;278;287;288;289;290;291;292;293;294;295;296;297;298;299;300;301;302;303;312;313;314;315;316;317;318;319;320;321;322;323;324;325;326;327;328;342;343;344;345;346;347;348;349;360;361;370;371;372;382;383;384;385;386;395;396;397;398;399;400;401;402;403;404;405;406;407;408;409;410;411;412;451;497
F72022,10,28,28,2127.7225099821617,2000.0,127.72250998216168,18,207,207,190,34.034915924072266,24;25;52;61;62;63;64;65;66;67;68;69;70;71;72;73;74;75;76;77;86;87;88;89;90;91;92;93;94;95;96;97;98;99;100;101;102;111;112;113;114;115;116;117;118;119;120;121;122;123;133;134;143;144;145;146;147;148;149;150;151;152;153;154;155;156;157;158;159;168;169;170;171;172;173;183;184;193;194;195;196;197;198;199;200;201;211;220;221;222;223;224;225;226;227;228;229;230;231;232;233;234;235;236;246;247;248;249;250;251;252;253;254;255;256;257;258;259;260;261;270;271;272;273;274;275;276;277;278;279;280;281;282;283;284;285;286;295;296;297;298;299;300;301;302;303;304;305;306;307;308;309;310;311;320;321;322;323;324;325;326;327;328;329;330;331;332;333;334;335;336;345;346;347;348;349;350;360;361;370;371;372;373;374;375;376;386;395;396;397;398;399;400;401;402;403;404;405;406;407;408;409;410;411;454;491;500
F72022,10,29,29,2074.7545900113532,2000.0,74.75459001135323,16,182,182,98,30.251813888549805,27;28;29;30;31;32;33;34;35;36;45;46;47;48;49;50;51;52;53;54;55;56;57;58;59;60;61;74;75;76;77;78;79;80;81;82;83;84;85;86;87;88;89;90;103;113;114;115;116;126;127;128;146;147;148;149;150;151;152;153;154;155;164;174;175;176;177;178;179;180;181;190;191;192;193;194;195;196;197;198;199;200;201;202;203;204;205;206;207;208;218;219;220;221;222;223;224;234;243;244;245;246;247;248;249;259;268;269;270;271;272;273;274;275;276;277;278;279;280;281;282;283;284;293;294;295;296;297;298;299;300;301;302;303;304;305;306;307;308;309;318;319;320;321;322;323;324;325;326;327;328;329;330;331;332;333;334;343;344;345;346;347;348;349;350;351;352;353;354;355;356;357;358;359;371;372;373;389;453;493;494;495
F72022,10,30,30,2074.0199606186047,2000.0,74.01996061860473,19,237,237,103,38.5094678401947,18;19;20;29;30;31;32;33;34;35;36;37;38;39;40;41;42;43;44;45;46;55;56;57;58;59;60;61;62;63;64;65;66;67;68;69;70;71;80;81;82;83;84;85;86;87;88;89;90;91;92;93;94;95;96;112;113;114;115;116;117;118;119;120;121;130;131;132;133;134;135;136;137;138;139;140;141;142;143;144;145;146;155;156;157;158;159;160;161;162;163;164;165;166;167;168;169;170;171;180;181;182;183;184;185;186;187;188;189;190;191;192;193;194;195;196;197;206;207;208;209;210;211;212;213;214;215;216;217;218;219;220;221;222;223;224;225;234;235;236;237;238;239;240;241;242;243;244;245;246;247;248;249;250;260;261;262;263;264;265;266;267;268;269;279;280;289;290;291;292;293;294;295;296;297;298;299;300;301;302;303;304;305;306;316;327;328;329;330;331;340;341;342;343;344;345;346;347;348;349;350;351;352;353;354;355;356;357;366;367;368;369;370;371;381;382;383;384;393;394;395;396;397;398;399;409;434;469;478;488;489;490;491;492;493;494;495
F82022,10,1,1,2320.7034991390615,2200.0,120.70349913906148,8,263,263,14,56.71631121635437,14;15;16;17;18;19;20;21;22;23;24;25;26;27;28;29;39;40;41;42;43;44;45;46;47;48;49;50;51;52;53;54;55;56;57;58;59;60;61;82;83;84;85;86;87;88;89;90;91;92;93;94;95;96;97;98;99;100;101;102;103;104;105;106;107;108;109;110;111;112;113;130;131;132;133;134;135;136;137;138;139;140;141;142;143;144;145;146;147;148;149;150;151;168;169;170;171;172;173;174;175;176;185;186;187;188;189;190;191;192;193;194;195;196;197;198;199;200;201;202;203;204;205;214;215;216;217;218;219;220;221;222;223;224;225;226;227;228;243;244;245;246;247;248;249;250;251;265;266;267;268;269;270;271;272;273;274;275;276;277;278;288;289;290;291;292;293;294;295;296;297;298;299;300;301;302;303;304;305;306;315;325;326;327;328;329;330;331;332;333;334;335;336;337;338;339;340;341;342;343;352;353;354;355;356;357;358;359;360;361;362;363;364;365;366;367;368;398;399;400;401;417;418;419;420;421;422;423;424;425;426;427;428;429;430;431;432;433;434;435;436;437;438;439;440;470;471;485;486;487;488;489;490;491;492;493;494;495;496;497;498;499;500
F82022,10,2,2,2558.7331022384897,2200.0,358.73310223848966,10,131,131,25,30.09217405319214,23;49;58;68;69;70;71;72;73;74;75;76;77;78;79;88;89;90;91;92;93;94;95;96;97;98;99;100;101;102;103;104;105;116;117;118;119;138;147;148;149;150;151;152;153;154;155;156;157;158;159;160;161;162;163;164;174;175;176;177;178;179;180;181;182;183;184;185;186;187;188;189;190;191;192;193;194;195;196;215;216;217;218;219;220;221;222;223;232;233;234;235;236;246;247;248;249;250;251;252;266;267;268;269;270;271;272;273;274;275;276;277;278;279;280;281;293;294;316;317;318;319;320;321;322;495;496;497;498;499;500
F82022,10,3,3,2344.652223119254,2200.0,144.6522231192539,7,162,162,9,36.32658386230469,32;33;34;35;50;51;52;53;54;55;56;57;58;59;60;61;62;63;64;65;66;67;68;69;70;71;72;73;74;75;76;77;78;79;80;81;82;83;84;85;86;87;88;89;90;106;107;108;109;110;111;112;113;114;115;116;117;118;119;137;138;139;140;141;142;143;144;145;146;147;148;149;150;151;152;153;154;155;156;157;158;171;172;173;174;175;176;177;178;179;180;181;182;183;192;193;194;195;196;197;198;199;209;210;211;212;213;214;215;216;217;218;246;247;248;249;250;251;252;253;254;280;281;282;316;317;331;341;342;352;353;354;355;356;357;358;359;360;361;362;363;364;374;375;376;377;378;379;380;381;382;383;384;400;422;423;424;425;426;427;428;429
F82022,10,4,4,3961.7683231408323,2200.0,1761.7683231408323,9,192,192,19,42.31784510612488,16;17;18;19;41;42;43;44;45;46;47;56;57;58;59;60;61;62;63;64;65;66;67;68;69;70;71;72;73;74;75;76;77;78;79;80;81;82;92;93;94;95;96;97;98;99;100;101;102;103;104;105;106;107;108;109;110;111;112;113;114;115;116;117;118;128;129;130;131;132;133;134;135;136;137;138;150;151;152;153;154;155;156;157;158;159;160;161;162;163;164;165;183;184;185;186;196;197;198;199;200;201;202;203;204;205;206;207;208;209;210;211;212;213;214;215;216;217;218;219;220;233;234;235;249;250;259;260;261;262;272;282;283;294;313;314;315;316;317;318;319;320;321;322;335;336;360;361;371;372;388;398;399;408;409;410;411;412;413;414;415;416;417;418;419;420;421;422;445;446;447;448;449;450;451;452;453;454;455;456;457;458;459;460;461;471;472;473;497;498;499;500
F82022,10,5,5,2333.4083341763912,2200.0,133.40833417639124,10,153,153,15,34.597718954086304,18;19;28;38;39;52;53;54;55;56;57;58;59;60;61;70;71;72;83;84;85;86;87;88;89;90;99;100;101;102;103;104;105;106;107;108;109;110;111;112;113;114;115;116;117;135;136;137;138;139;140;141;142;143;144;145;146;168;169;170;171;180;181;191;192;193;194;195;196;197;198;199;200;201;202;203;204;205;206;207;208;209;210;211;212;213;214;215;224;225;226;227;228;229;230;231;232;233;234;235;236;237;238;239;240;241;242;243;244;245;246;247;248;249;250;251;252;253;262;263;264;265;279;280;281;282;283;293;294;295;296;297;298;299;300;301;302;303;321;322;359;360;361;362;388;389;390;391;392;497;498;499;500
F82022,10,6,6,2717.5475530163108,2200.0,517.5475530163108,7,108,108,12,25.444690942764282,11;12;13;14;15;16;17;18;19;28;29;30;31;32;60;61;62;71;72;73;74;75;76;77;78;79;80;81;82;83;93;94;95;104;105;119;120;121;122;123;148;149;150;151;152;153;154;155;156;157;158;159;160;173;174;175;176;177;178;179;180;181;182;183;184;185;186;187;188;200;201;202;203;204;205;206;207;208;209;210;211;212;213;214;223;233;234;235;236;237;238;239;251;252;321;322;323;324;325;326;362;363;364;381;453;454;486;500
F82022,10,7,7,2302.1102894737487,2200.0,102.11028947374871,12,174,174,18,38.68824076652527,12;13;14;15;24;25;26;27;28;29;30;31;32;33;34;35;36;37;48;49;50;74;75;76;77;78;79;80;81;82;83;84;85;86;87;117;118;119;120;121;122;123;124;125;126;136;137;138;139;140;141;150;151;152;166;167;168;169;170;171;181;182;183;184;185;186;187;188;189;208;209;210;211;212;213;214;215;216;217;218;219;220;229;230;231;232;233;234;235;236;237;238;239;240;241;242;243;244;245;246;247;248;258;278;279;280;281;282;283;284;285;286;287;288;289;290;291;292;293;294;295;296;297;298;299;323;340;341;342;343;344;345;346;347;348;358;359;360;361;362;363;364;365;366;367;368;369;370;371;372;373;374;375;376;377;378;379;380;381;382;383;384;385;386;439;440;462;463;464;478;489;490;499;500
F82022,10,8,8,2916.6738412216364,2200.0,716.6738412216364,7,143,143,17,32.42780423164368,12;13;14;15;16;17;18;19;20;21;22;23;24;25;26;27;48;68;69;70;71;72;73;74;83;84;85;86;87;88;89;90;91;92;93;94;95;96;97;98;99;100;101;116;117;118;119;120;131;132;133;134;135;136;137;138;139;140;150;151;152;153;154;155;156;157;158;159;160;161;171;180;181;182;183;184;185;186;187;188;189;190;191;201;202;203;219;220;221;222;223;224;225;235;236;237;238;239;240;241;242;243;244;245;254;255;256;257;258;259;260;261;262;263;264;265;266;267;268;278;279;280;281;308;309;310;335;336;337;338;359;360;361;362;363;364;365;366;367;368;369;499;500
F82022,10,9,9,2941.5551531771916,2200.0,741.5551531771916,9,126,126,18,28.96896195411682,25;26;27;28;29;30;31;40;54;55;56;57;58;86;87;88;106;107;108;109;110;111;112;113;114;115;116;117;127;128;129;130;131;132;133;142;143;144;145;146;147;148;149;150;151;152;153;154;155;156;157;158;159;160;161;162;163;164;165;174;175;176;177;178;179;180;181;182;183;184;185;186;187;188;189;190;191;192;210;211;212;213;214;215;216;217;226;227;228;229;230;231;232;233;234;235;250;251;252;283;311;312;321;322;323;324;358;359;360;361;362;363;364;365;366;367;368;369;370;371;372;373;374;442;499;500
F82022,10,10,10,2492.7079083202866,2200.0,292.7079083202866,9,214,214,14,46.80404090881348,15;42;43;44;45;46;47;56;57;58;59;60;61;62;86;95;96;97;98;108;109;110;111;112;113;114;115;116;117;118;127;128;129;130;131;132;133;134;135;136;137;138;139;140;141;142;143;144;145;146;147;148;149;150;151;152;153;154;155;156;157;158;159;160;161;162;163;164;165;166;167;168;169;170;171;172;173;174;183;184;185;186;196;197;198;199;200;201;202;203;226;227;228;229;230;231;232;233;234;235;236;237;238;239;240;241;242;243;244;245;246;247;248;249;250;251;252;253;254;255;256;257;258;259;260;261;262;263;273;274;275;276;277;278;279;280;281;282;283;300;301;302;303;304;305;306;307;308;309;310;311;312;313;314;315;316;317;318;333;334;335;336;337;338;339;340;341;342;343;344;345;346;347;348;349;350;351;352;353;354;355;356;357;358;381;382;383;384;385;386;387;388;389;390;391;392;393;394;395;396;405;406;407;408;448;449;450;451;475;476;477;478;479;480
F82022,10,11,11,2409.728251245456,2200.0,209.7282512454558,4,270,270,4,57.88515281677246,11;21;22;23;24;25;26;27;28;39;40;41;42;43;44;45;46;47;48;49;62;63;64;65;66;67;68;69;70;71;72;73;74;75;76;77;78;79;80;81;82;83;84;85;86;87;88;89;90;91;92;93;94;111;112;113;114;115;116;117;118;119;120;121;122;123;124;125;126;127;128;129;130;131;132;133;134;144;145;146;147;148;149;150;151;152;153;154;163;164;165;166;167;168;169;170;171;172;173;174;175;176;177;178;179;180;181;182;183;184;185;186;187;188;189;190;191;192;193;194;195;196;197;198;199;200;201;202;203;204;205;206;207;208;209;219;220;221;222;223;224;225;226;227;228;229;230;231;232;233;234;257;258;259;260;270;271;281;291;292;308;309;310;311;312;313;314;315;316;317;318;319;320;321;322;323;324;325;326;327;328;329;330;331;332;333;334;335;336;337;338;347;348;358;359;360;361;362;363;364;365;366;367;368;369;370;371;372;373;374;375;376;377;378;379;380;381;382;383;384;385;386;387;388;389;390;391;392;393;394;395;396;397;398;399;400;401;402;403;404;405;406;407;408;409;410;411;412;413;414;415;416;417;418;419;420;421;422;423;424;425;426;427;428;443;453;478;479;480;481
F82022,10,12,12,3447.549444872553,2200.0,1247.549444872553,10,154,154,29,34.70332479476929,10;11;12;22;23;24;51;52;53;54;55;70;71;81;82;83;84;85;86;87;96;97;98;99;100;101;102;103;104;105;106;107;117;118;119;120;121;122;123;132;133;134;135;136;137;138;139;140;141;142;143;144;145;146;147;148;149;158;159;160;161;162;163;164;165;166;167;177;186;187;188;189;190;191;192;193;194;195;196;197;198;199;200;201;202;203;204;205;206;226;227;228;229;230;231;240;241;260;261;262;263;264;265;275;276;277;278;279;280;281;282;283;284;285;286;287;288;289;290;291;301;302;320;321;322;323;324;333;334;335;346;347;348;349;350;360;361;375;376;426;427;437;438;439;440;441;465;466;467;493;494;495;496;497
F82022,10,13,13,2243.352651364976,2200.0,43.35265136497583,8,264,264,12,56.82788610458374,12;43;44;45;46;47;48;58;59;60;61;62;63;64;65;66;67;68;69;70;71;72;73;74;75;76;77;78;79;80;81;90;91;92;93;94;95;105;106;107;108;109;110;111;112;113;114;115;116;117;118;119;120;121;122;131;132;133;134;135;136;137;138;139;140;141;142;143;144;145;146;147;148;149;150;151;152;161;162;163;164;165;166;167;168;169;170;171;172;173;174;175;176;177;178;179;188;189;190;191;192;193;194;195;196;197;198;199;200;201;202;203;204;205;206;207;208;209;210;211;212;213;214;215;216;217;218;219;220;221;222;223;224;225;234;235;236;237;238;239;240;241;242;243;244;245;246;247;248;249;250;251;252;253;254;255;256;257;258;259;260;261;262;263;264;265;266;267;268;269;270;271;272;273;274;275;276;277;278;279;280;281;282;283;284;285;286;287;288;289;290;291;292;293;294;295;296;297;298;299;300;301;302;303;304;305;306;307;325;341;342;343;344;345;346;347;348;349;350;351;352;353;354;355;356;357;358;367;368;369;370;371;372;373;374;375;376;377;378;379;380;381;382;383;384;385;400;401;402;403;404;405;423;432;433;434;435;436;475;476;477;498;499;500
F82022,10,14,14,2452.0056793125455,2200.0,252.00567931254545,9,161,161,12,36.11891007423401,16;17;18;19;20;21;22;23;24;25;26;35;36;37;38;39;40;41;42;43;44;45;46;47;48;49;50;51;52;53;62;63;64;65;75;76;77;78;79;80;81;82;83;84;85;86;87;88;89;90;91;92;93;94;95;96;97;116;117;118;119;120;121;122;132;133;134;135;147;148;149;150;151;161;162;173;174;175;176;177;178;179;180;181;182;183;184;185;186;187;188;189;190;191;192;201;202;203;204;205;206;207;224;233;234;235;236;237;238;249;273;274;275;276;277;278;279;280;320;334;335;336;337;338;339;356;357;358;359;360;361;362;363;364;365;376;386;387;388;389;390;413;414;425;426;427;428;429;430;431;432;433;434;435;436;437;438;439;440;499;500
F82022,10,15,15,2411.644200153514,2200.0,211.6442001535138,11,212,212,15,46.379563093185425,29;30;31;32;33;34;44;45;46;47;48;49;50;51;52;53;54;55;56;57;58;59;60;61;80;81;82;83;84;85;86;87;88;89;90;91;92;93;106;107;108;109;110;111;112;113;114;115;116;117;118;119;120;121;122;123;124;125;126;127;128;129;130;131;132;133;134;135;136;137;138;158;159;160;161;171;172;183;184;185;186;196;197;198;199;200;201;202;203;214;215;216;217;218;219;220;221;222;223;224;225;226;227;236;237;238;239;240;241;242;243;253;263;264;265;266;267;268;269;270;271;272;273;274;284;285;286;287;288;289;290;291;292;293;294;303;304;305;306;307;308;309;310;311;321;322;323;324;325;326;327;336;337;338;348;349;350;351;352;353;354;355;356;357;358;359;360;361;362;363;364;365;366;381;405;406;407;408;409;410;411;426;427;428;429;430;431;432;433;434;435;436;437;438;439;440;441;442;443;444;445;446;455;456;457;458;459;496;497;498;499;500
F82022,10,16,16,2276.5682856112867,2200.0,76.56828561128668,5,179,179,10,39.60591673851013,30;31;32;33;34;35;36;37;38;39;40;41;42;43;44;45;54;55;56;57;58;59;60;61;62;63;64;65;66;67;68;69;79;80;81;82;83;84;85;86;87;88;89;99;100;101;102;103;104;105;106;107;117;118;119;120;121;122;123;124;125;126;127;128;129;130;131;132;142;143;144;145;146;147;148;149;150;160;161;162;163;164;165;166;167;176;177;178;179;180;181;182;183;184;185;186;187;188;189;207;208;209;210;211;212;213;214;215;225;226;239;240;241;242;243;244;245;246;247;248;249;250;251;252;253;254;263;264;265;275;276;277;278;279;280;281;282;283;284;285;302;303;304;369;370;371;372;373;383;384;385;399;400;401;402;403;404;405;406;421;422;423;424;425;426;427;428;437;438;439;440;441;442;443;444;445;446;447;448
F82022,10,17,17,2245.1701818305833,2200.0,45.17018183058326,9,177,177,16,39.34203314781189,18;19;29;30;59;60;61;62;63;64;65;66;67;68;69;80;81;82;83;84;85;86;87;88;89;99;113;114;115;116;137;147;148;149;150;151;152;153;154;155;156;157;158;159;160;161;162;163;164;165;176;177;178;179;180;181;182;183;184;185;186;187;188;189;190;191;205;206;207;208;224;225;234;235;236;237;238;239;240;241;242;243;244;245;246;247;248;249;250;251;252;253;262;278;279;289;290;291;292;293;294;295;296;297;298;299;300;301;302;303;304;305;306;307;324;325;326;327;328;329;330;331;332;333;334;335;336;337;338;339;340;341;342;343;344;345;346;347;348;349;350;351;352;353;354;355;378;379;380;381;382;392;393;394;404;405;406;407;416;417;418;419;420;421;422;423;437;438;447;448;449;450;451;452;453;497;498
F82022,10,18,18,3014.2970430582404,2200.0,814.2970430582404,11,161,161,18,36.163103103637695,18;19;20;21;22;23;33;34;35;36;37;38;39;40;41;50;51;52;53;54;55;56;57;58;59;60;61;62;63;64;65;66;67;68;69;70;71;72;73;74;75;76;85;86;87;88;89;90;91;92;93;94;95;96;97;107;108;109;110;111;112;124;125;126;127;128;129;130;131;132;133;134;135;136;137;138;139;160;161;162;163;164;165;166;167;168;169;170;189;190;199;200;201;216;217;235;236;237;247;256;257;276;277;278;279;291;292;293;294;295;296;297;298;299;300;301;302;303;304;305;306;307;308;309;323;324;325;334;335;336;337;347;348;349;350;351;352;353;354;355;364;365;366;367;368;369;370;371;372;395;416;417;436;437;447;448;457;458;498;499;500
F82022,10,19,19,2286.025690246134,2200.0,86.02569024613422,11,220,220,27,47.95667004585266,23;24;25;26;36;37;38;39;40;41;42;43;44;54;55;56;65;66;67;68;69;70;71;72;73;74;75;76;77;78;79;80;81;82;83;100;101;102;103;104;105;106;107;108;109;110;111;112;113;114;115;116;117;118;119;128;129;130;131;132;133;134;135;136;137;138;139;140;141;142;143;144;145;155;164;165;166;167;168;169;170;171;172;173;174;175;176;177;178;179;180;181;182;183;184;185;186;187;188;189;198;199;200;201;202;203;204;205;206;207;208;209;210;211;212;213;214;215;216;225;226;227;228;229;239;240;241;242;243;244;245;246;247;248;249;250;251;252;253;254;255;256;257;258;259;260;261;262;271;272;273;274;275;294;295;296;297;298;308;317;318;319;320;321;322;323;324;325;326;327;328;329;330;347;348;357;358;359;360;361;362;363;364;365;366;367;368;369;370;371;372;373;391;392;393;394;395;396;397;398;399;400;401;402;403;404;405;418;427;428;429;430;431;432;433;434;448;498;499;500
F82022,10,20,20,2263.0220631204097,2200.0,63.02206312040971,7,261,261,8,56.27968692779541,28;29;30;31;32;33;34;35;44;45;46;47;48;49;50;51;52;53;54;55;56;57;58;75;76;77;78;79;80;81;82;83;84;85;86;87;88;89;98;99;100;101;102;103;104;105;106;107;108;109;110;120;121;122;123;124;125;126;127;128;129;130;131;132;133;134;135;136;137;138;139;140;141;142;143;144;145;146;147;148;149;150;160;161;162;163;164;165;166;167;168;169;170;171;172;173;174;175;176;185;186;187;188;189;190;191;192;193;194;195;196;197;198;199;200;201;202;203;204;205;206;207;208;209;210;211;212;213;214;215;216;217;218;219;220;221;222;236;237;238;239;240;241;242;243;244;245;246;247;248;249;250;251;252;253;254;255;256;257;258;259;260;261;262;271;272;273;274;275;276;277;278;279;280;281;282;283;284;285;286;296;297;298;299;300;301;302;303;304;323;324;325;335;336;345;346;382;383;384;385;386;387;388;389;390;391;392;393;394;395;396;397;398;399;400;401;402;403;404;405;406;407;408;409;410;411;412;413;414;415;416;417;418;419;420;421;422;423;424;425;426;427;428;429;430;431;432;433;434;435;436;437;438;439;440;441;464;488;489;499;500
F82022,10,21,21,2425.276818987472,2200.0,225.27681898747187,10,170,170,13,37.78628873825073,12;13;14;15;16;17;18;19;20;21;22;23;24;25;26;27;28;39;40;41;42;43;44;45;46;47;48;49;50;51;52;53;54;55;56;57;58;59;60;61;62;63;64;65;74;75;76;77;78;79;80;81;82;83;84;85;86;87;88;89;90;91;92;93;94;104;119;120;121;122;123;124;125;126;135;136;137;138;139;140;141;152;153;163;164;179;180;181;182;183;201;202;203;204;223;224;225;234;235;236;237;238;248;249;250;251;252;261;262;263;264;265;266;267;268;269;270;271;272;273;274;275;276;277;286;287;288;289;290;291;302;303;304;305;306;307;308;309;310;311;312;386;387;388;389;390;391;400;401;402;403;404;405;406;407;427;428;429;453;454;455;456;457;458;467;468;469;470;471;472
F82022,10,22,22,2420.168453050495,2200.0,220.16845305049492,7,238,238,11,51.52958798408508,10;23;24;25;26;27;28;29;39;40;41;42;43;44;45;46;47;48;49;50;51;52;53;54;55;56;57;58;59;60;61;62;63;64;65;66;67;68;69;70;71;72;73;74;75;76;85;86;87;88;89;90;91;92;93;94;95;96;97;98;99;100;101;102;103;104;114;115;116;117;118;119;128;129;130;131;132;133;134;135;145;146;147;148;149;150;151;152;153;154;155;156;157;172;188;189;190;207;208;209;219;220;231;240;241;242;243;244;245;246;247;248;249;250;251;252;253;254;255;256;266;267;268;269;270;271;272;273;274;275;276;277;278;279;295;296;310;311;312;313;314;323;324;325;326;327;328;329;330;331;332;333;334;335;336;337;338;339;340;349;350;351;352;353;354;355;356;357;358;369;370;371;372;373;374;375;376;377;378;379;380;381;382;383;384;385;386;387;388;389;390;391;392;393;394;395;396;397;398;399;400;401;402;403;404;415;416;417;418;419;420;430;431;432;433;434;435;436;437;438;439;440;450;451;452;453;454;455;456;457;458;459;460;461;462;463;464;465
F82022,10,23,23,2399.8731806094747,2200.0,199.87318060947473,9,151,151,15,34.119243144989014,19;20;21;22;23;24;25;26;27;28;29;30;31;32;33;34;35;36;54;55;56;65;66;67;68;69;70;71;72;73;74;75;76;77;78;79;80;81;98;99;100;122;123;124;125;126;136;145;146;147;148;149;150;151;152;153;167;168;169;170;171;172;173;174;175;176;177;178;187;188;189;190;191;192;193;194;195;196;197;212;213;214;231;240;241;242;243;244;245;246;247;248;249;250;251;252;253;254;255;256;257;258;259;279;280;281;282;283;284;285;286;287;288;289;290;291;292;330;331;332;333;334;335;336;337;338;423;424;425;426;427;436;437;438;439;440;441;442;443;444;445;446;447;448;449;450;451;452;453;454;455
F82022,10,24,24,2424.550530447121,2200.0,224.55053044712122,12,164,164,17,36.65042519569397,25;26;36;37;38;39;40;49;50;51;52;53;54;55;56;57;58;59;60;61;62;63;64;65;66;67;68;69;70;71;80;90;91;92;93;94;95;96;97;98;99;110;111;112;113;114;115;116;117;118;119;120;121;122;123;124;125;126;127;128;129;130;139;140;154;155;156;157;158;159;160;161;162;163;164;173;174;175;176;177;178;179;180;181;182;183;184;185;186;187;188;189;190;191;192;193;202;212;213;214;226;227;243;244;245;246;247;248;249;250;251;252;253;254;255;256;257;258;259;260;285;286;287;288;289;290;291;292;293;294;328;329;330;331;332;333;343;344;359;360;361;362;374;375;376;377;378;379;389;406;407;408;409;437;438;439;440;450;493;494;495;496;497;498
F82022,10,25,25,3446.1329892245167,2200.0,1246.1329892245167,9,173,173,21,38.586369037628174,29;30;31;40;41;42;43;44;45;46;47;48;49;50;51;52;53;54;55;56;57;58;59;60;61;62;63;64;65;66;67;68;69;70;71;72;73;82;83;84;85;86;87;88;89;90;91;92;93;94;95;96;97;98;99;100;110;111;122;123;124;125;126;127;128;129;130;131;132;133;134;135;136;146;147;164;165;166;167;168;177;178;179;180;181;182;183;184;185;186;187;188;189;190;191;192;193;206;207;208;209;210;211;212;213;214;215;216;217;218;231;232;233;234;250;251;252;253;254;255;256;257;258;259;260;261;262;263;264;265;266;267;268;269;270;285;286;287;288;289;300;320;321;322;323;324;325;326;327;328;329;345;366;367;368;369;370;382;383;384;385;413;414;415;416;417;418;419;420;421;422;451;500
F82022,10,26,26,3746.898419129991,2200.0,1546.898419129991,10,156,156,20,35.112488985061646,57;58;59;60;61;62;72;73;74;75;76;86;87;88;89;90;91;92;93;94;95;96;97;98;99;100;101;110;111;112;113;114;115;116;117;118;119;120;121;122;123;124;125;126;127;128;157;158;159;160;161;162;163;164;165;166;167;168;169;170;171;181;182;191;192;193;194;195;196;206;207;208;209;210;211;212;213;214;215;216;228;229;230;231;232;233;234;235;236;237;238;239;240;241;242;243;253;254;264;265;275;276;277;278;279;280;281;282;283;284;285;286;287;288;289;290;291;302;315;316;317;318;319;337;338;339;340;341;342;343;344;345;371;384;385;386;396;397;398;399;400;401;402;412;435;436;437;438;439;440;441;442;497;498;499;500
F82022,10,27,27,2451.6648627448385,2200.0,251.6648627448385,5,164,164,10,36.65570092201233,26;27;28;29;30;39;40;41;42;43;44;45;46;47;48;49;50;51;52;53;54;55;56;57;58;59;60;61;62;63;64;65;66;67;68;69;83;84;85;86;87;88;89;90;91;92;93;94;95;96;97;98;99;100;101;102;103;104;105;106;107;108;109;110;111;112;113;123;124;125;126;137;138;139;140;141;142;143;144;145;146;147;148;149;150;151;152;153;154;155;176;177;178;179;180;181;182;183;184;185;186;187;188;189;190;200;201;215;216;217;218;219;220;230;231;232;233;234;235;236;237;265;297;298;299;300;301;302;303;304;305;306;307;308;309;310;311;312;313;322;323;346;347;348;349;350;351;352;353;354;355;356;357;358;359;360;361;362;363;439;454;455;456;457
F82022,10,28,28,2264.606497326574,2200.0,64.60649732657384,8,204,204,10,44.60845685005188,18;19;20;21;22;23;47;48;49;50;51;52;53;54;55;65;66;67;68;84;85;86;87;88;89;90;91;92;93;94;95;96;97;98;99;100;101;102;103;104;105;106;107;108;109;110;111;112;113;114;125;137;138;139;140;141;142;143;144;145;146;165;166;167;168;169;188;198;199;200;201;202;203;204;205;206;207;208;209;210;211;212;213;214;215;216;217;218;219;220;221;222;223;224;225;226;227;228;229;230;231;232;233;234;235;236;237;238;239;240;241;242;243;270;271;272;273;274;275;276;277;278;279;280;281;290;291;292;293;294;295;296;297;298;299;300;301;302;303;304;315;316;317;318;319;320;321;322;336;337;338;339;340;341;342;343;352;353;354;355;369;370;371;372;391;392;393;394;395;396;397;398;399;400;401;417;418;419;420;421;422;423;424;425;426;427;428;429;441;442;443;444;445;446;447;448;449;488;489;490;491;492;493;494
F82022,10,29,29,2260.1102441918656,2200.0,60.110244191865604,8,108,108,11,25.37891912460327,22;42;58;59;60;61;62;63;64;65;66;67;68;69;70;71;84;85;86;87;88;89;98;99;109;119;129;130;131;132;133;134;135;136;137;138;147;166;167;168;169;170;171;172;173;186;187;188;189;190;191;192;193;194;195;196;197;198;199;200;201;202;203;204;213;214;215;216;217;218;219;234;235;271;272;284;285;286;287;288;289;290;305;317;318;319;320;321;361;392;393;404;405;418;419;420;421;422;423;439;464;465;475;496;497;498;499;500
F82022,10,30,30,3935.2197122996677,2200.0,1735.2197122996677,9,94,94,11,22.67784094810486,28;40;49;50;51;52;53;54;55;75;76;93;115;116;117;118;119;120;121;122;123;124;125;126;127;137;138;139;140;141;142;152;153;154;155;156;157;158;167;168;169;170;189;190;191;192;193;194;215;216;217;227;228;229;230;231;232;233;234;235;236;237;252;253;254;255;256;257;258;259;260;261;262;274;275;276;277;278;309;310;311;312;333;334;335;336;408;409;433;434;435;445;446;447
F92022,10,1,1,2328.448179112839,2300.0,28.44817911283917,9,57,57,35,4.265588045120239,69;70;71;72;88;89;100;101;102;103;104;105;106;107;119;128;129;191;192;217;218;235;236;237;238;239;253;343;352;353;354;355;356;357;358;359;369;370;371;468;477;478;479;480;481;482;483;484;485;486;487;488;489;490;491;492;493
F92022,10,2,2,2324.2106211458627,2300.0,24.21062114586266,11,84,84,81,5.743263006210327,35;68;77;78;79;80;105;137;146;147;148;149;150;151;152;153;154;155;156;157;158;159;160;161;162;171;172;173;174;175;176;177;178;179;180;231;240;241;242;243;244;245;246;247;248;249;250;251;252;253;254;255;256;265;266;267;268;269;270;280;281;290;291;292;293;294;305;306;315;316;317;318;319;320;321;322;323;324;325;326;327;328;386;481
F92022,10,3,3,2808.8039903722683,2300.0,508.80399037226834,10,75,75,55,5.254354000091553,61;62;74;75;98;114;115;116;117;118;119;120;121;136;145;146;147;148;149;150;151;152;153;154;155;156;157;158;159;160;161;170;171;172;173;183;184;185;186;199;200;201;202;203;204;205;206;207;208;209;210;211;237;238;247;248;249;250;251;252;253;254;255;256;257;258;259;260;261;262;308;423;483;493;494
F92022,10,4,4,2324.322229717536,2300.0,24.322229717536175,12,71,71,56,5.042561054229736,33;58;59;76;77;78;79;112;128;129;130;131;132;133;134;135;136;137;146;147;148;149;150;151;152;153;154;155;156;157;167;196;197;206;207;208;209;210;211;212;213;223;232;233;234;235;236;237;238;248;257;258;283;354;355;356;420;458;459;468;482;483;484;493;494;495;496;497;498;499;500
F92022,10,5,5,2748.754935107855,2300.0,448.7549351078551,11,65,65,47,4.693573236465454,27;37;38;39;61;62;94;106;107;108;109;110;111;112;113;114;115;116;117;118;119;120;129;130;131;132;133;143;144;145;146;155;156;157;158;159;160;161;162;163;164;165;166;167;168;169;170;171;198;219;220;221;222;223;232;233;234;253;254;277;293;323;490;491;500
F92022,10,6,6,2780.261415885294,2300.0,480.2614158852939,11,76,76,46,5.311028957366943,54;55;56;57;73;74;75;76;77;78;79;80;81;82;91;92;93;94;104;105;106;107;143;158;159;160;161;162;163;164;191;192;209;210;220;221;230;231;232;233;234;235;236;237;238;239;240;241;242;243;244;245;246;255;268;269;270;282;315;326;327;328;329;330;331;332;333;334;335;336;337;338;339;340;480;490
F92022,10,7,7,2307.50831830167,2300.0,7.508318301669988,12,117,117,89,7.552812099456787,43;52;53;54;55;56;57;58;59;60;61;62;63;64;65;66;67;68;83;84;85;86;87;88;89;90;91;92;93;102;103;104;105;106;107;108;109;110;111;112;130;131;140;141;142;152;153;154;155;156;165;192;201;202;203;204;205;206;207;208;209;210;211;212;223;232;233;234;235;236;237;238;239;240;241;242;243;244;245;246;247;248;257;258;259;269;270;271;272;273;290;291;292;293;294;295;296;297;298;322;323;477;486;487;488;489;490;491;492;493;494;495;496;497;498;499;500
F92022,10,8,8,2335.571406981061,2300.0,35.571406981061045,8,61,61,42,4.487543821334839,67;76;77;78;79;80;81;82;83;84;118;127;128;129;130;131;132;133;134;135;136;137;138;156;157;158;171;172;173;174;175;176;177;178;179;191;203;204;205;233;246;247;248;249;250;251;252;253;254;255;256;257;258;282;283;284;388;459;460;461;484
F92022,10,9,9,2725.2895627874113,2300.0,425.28956278741134,10,28,28,20,2.6684927940368652,28;29;61;79;80;81;97;112;113;114;115;116;117;118;119;120;121;122;166;202;203;252;307;308;309;347;356;481
F92022,10,10,10,2739.476415035315,2300.0,439.47641503531486,12,121,121,70,7.785116195678711,47;65;66;67;68;69;70;71;72;73;74;75;84;85;86;87;88;89;90;91;92;93;94;95;96;97;98;99;100;101;123;124;125;126;135;136;137;138;139;140;141;142;143;144;145;146;147;148;149;150;151;160;161;162;163;164;165;166;167;168;169;170;171;172;173;183;184;193;194;195;196;197;198;199;200;201;202;203;204;205;206;207;208;209;210;211;220;221;222;223;224;225;226;227;228;229;230;231;232;246;265;266;267;268;269;279;290;299;300;301;302;313;314;358;370;413;481;490;491;492;493
F92022,10,11,11,2677.469283761292,2300.0,377.469283761292,10,52,52,36,3.987795114517212,15;33;34;35;36;37;38;48;66;67;68;69;70;71;72;73;91;101;110;111;134;143;144;145;146;147;148;149;150;151;152;153;154;165;166;175;176;177;222;223;224;241;251;271;272;273;274;275;276;449;450;451
F92022,10,12,12,2316.9879611398064,2300.0,16.98796113980643,10,36,36,26,3.1154842376708984,28;29;61;76;77;109;118;153;162;163;173;174;175;176;177;178;200;201;202;203;236;260;261;282;291;292;293;294;373;477;478;479;480;489;499;500
F92022,10,13,13,2718.6376802767013,2300.0,418.6376802767013,14,93,93,67,6.239071846008301,42;43;86;95;96;97;98;99;100;101;102;103;104;140;149;150;151;152;162;163;164;165;174;175;176;177;178;179;180;181;182;183;184;185;186;187;188;189;190;191;215;216;225;226;227;228;229;230;231;232;233;243;252;253;254;255;269;278;279;280;281;282;283;284;285;311;312;321;322;323;324;352;398;399;418;428;444;445;446;447;448;449;450;451;452;453;487;488;489;490;491;492;493
F92022,10,14,14,2727.3610766882716,2300.0,427.3610766882716,12,89,89,57,6.031077146530151,19;20;51;52;63;64;65;66;67;68;69;70;71;72;73;74;75;76;86;121;154;155;176;177;190;191;192;201;202;203;204;205;206;207;208;209;210;211;212;213;214;215;216;217;218;227;228;229;230;231;232;233;234;235;236;237;238;239;249;259;276;277;278;279;280;281;282;283;284;285;294;306;307;308;309;310;320;321;322;323;324;325;326;336;337;386;387;490;491
F92022,10,15,15,2729.033774168509,2300.0,429.0337741685089,12,110,110,81,7.161890983581543,45;54;55;56;57;58;59;60;61;62;63;64;65;66;67;68;69;70;71;72;73;74;83;84;85;86;87;88;89;90;91;92;93;94;95;96;106;115;125;126;127;128;129;130;131;140;141;142;143;144;145;146;147;148;149;150;151;152;153;154;155;156;157;166;167;168;169;170;171;172;173;174;175;176;177;178;179;180;181;182;191;192;193;194;195;205;206;207;216;253;254;263;264;265;266;267;277;278;279;280;302;303;304;326;473;486;487;488;489;499
F92022,10,16,16,3014.8928848429377,2300.0,714.8928848429377,13,130,130,102,8.237286806106567,32;41;42;43;70;85;86;87;88;89;99;108;109;110;111;112;113;114;115;116;117;118;119;120;121;122;123;124;125;126;135;136;137;138;139;140;141;142;143;144;145;146;147;148;149;150;151;177;178;187;188;189;190;191;192;193;194;195;196;197;198;199;200;201;202;203;212;213;214;215;216;217;218;219;220;221;222;241;250;251;252;253;254;255;256;277;286;287;288;289;290;291;292;293;294;295;296;297;298;299;300;301;302;356;372;407;408;409;410;431;432;433;434;435;444;445;446;447;448;449;450;451;452;453;454;455;456;457;458;459
F92022,10,17,17,2759.469927393894,2300.0,459.46992739389407,10,82,82,57,5.618885278701782,17;18;19;38;39;40;41;42;52;53;62;63;64;83;84;85;96;97;98;99;100;101;102;103;104;105;120;121;122;137;138;139;140;141;142;143;144;145;146;147;156;157;158;159;160;161;162;163;164;165;166;167;168;169;170;171;172;190;191;192;193;194;195;196;197;198;207;208;209;237;246;247;248;249;250;251;261;262;263;272;273;492
F92022,10,18,18,2313.4454515255143,2300.0,13.445451525514272,10,87,87,65,5.904210805892944,58;59;60;69;70;71;72;73;74;75;76;77;78;79;80;81;82;83;84;85;114;115;116;131;132;133;134;135;136;137;138;139;140;141;150;160;161;162;163;164;165;166;175;176;177;178;179;180;181;182;183;184;185;186;187;188;198;210;211;212;213;214;215;231;240;241;242;243;244;245;246;247;248;249;250;251;252;253;254;272;310;311;320;483;492;493;494
F92022,10,19,19,2721.746322024582,2300.0,421.7463220245818,14,74,74,57,5.225440979003906,21;22;23;24;25;38;39;40;41;42;43;44;45;46;47;48;49;50;59;60;61;62;63;64;65;66;67;68;69;70;71;72;73;74;75;85;86;87;98;108;126;127;128;139;164;165;174;184;185;186;187;188;189;190;191;192;218;227;228;229;230;231;241;242;252;293;331;359;373;374;375;376;425;488
F92022,10,20,20,2311.713507423524,2300.0,11.713507423523879,12,99,99,68,6.5791380405426025,22;67;81;82;83;84;85;86;87;88;89;90;91;92;93;94;95;96;97;106;107;108;109;122;123;132;133;134;135;136;137;138;139;140;141;142;143;160;161;170;171;172;173;174;175;176;177;178;179;180;181;182;183;184;185;186;195;196;222;231;232;233;234;235;236;237;238;239;240;241;251;260;270;271;272;273;274;275;276;294;295;296;297;298;299;300;320;321;330;331;332;378;481;482;483;497;498;499;500
F92022,10,21,21,2743.931990399574,2300.0,443.9319903995738,11,86,86,63,5.873272895812988,46;55;56;75;84;85;86;87;97;98;99;100;126;135;136;137;138;139;140;141;142;143;144;145;146;147;148;149;150;151;152;153;162;163;164;165;166;167;168;169;170;171;172;173;174;175;176;177;178;187;188;189;190;191;192;193;194;195;196;197;198;199;200;201;202;203;219;220;221;222;223;224;225;226;227;228;284;285;307;308;309;310;366;388;389;433
F92022,10,22,22,2308.2399764113466,2300.0,8.23997641134656,9,60,60,43,4.422957897186279,38;39;53;54;55;56;57;58;59;60;78;87;88;89;90;91;92;93;94;95;96;97;98;99;100;101;102;103;125;126;127;150;168;169;170;171;172;173;174;175;247;256;257;258;259;260;261;262;263;281;297;306;307;308;324;325;326;327;481;493
F92022,10,23,23,2311.357800436419,2300.0,11.357800436418984,10,73,73,49,5.135583162307739,26;37;38;39;40;41;42;43;44;72;88;89;115;128;129;130;131;132;133;134;135;136;137;138;139;156;203;212;213;214;215;216;217;218;219;220;221;222;223;224;225;251;252;262;263;264;265;266;267;268;269;270;271;288;311;312;313;322;323;324;325;326;359;368;383;485;486;495;496;497;498;499;500
F92022,10,24,24,2771.0689798932003,2300.0,471.0689798932003,12,100,100,70,6.615669012069702,40;41;42;43;53;54;55;56;57;58;59;60;75;84;85;86;96;97;98;99;100;101;113;114;115;116;117;118;119;120;121;122;123;124;125;126;145;146;147;148;149;150;151;162;163;164;174;193;194;203;204;205;206;207;208;209;210;211;212;213;214;215;216;217;218;219;220;221;230;240;241;242;243;244;254;277;278;279;291;292;293;294;295;296;297;298;299;325;341;342;343;344;345;377;478;487;488;489;490;500
F92022,10,25,25,2307.1843660269396,2300.0,7.184366026939642,14,92,92,72,6.174938917160034,54;63;64;65;66;67;68;69;70;71;72;73;74;75;76;77;78;79;88;117;144;153;154;155;156;157;158;159;160;161;162;163;164;165;166;167;168;169;178;188;189;190;191;192;193;194;203;204;205;206;207;208;218;219;238;239;240;250;277;286;287;297;298;299;300;301;302;313;314;315;316;350;373;374;375;471;481;482;483;484;485;486;487;488;489;490;491;492;493;494;495;496
F92022,10,26,26,2318.3112863662313,2300.0,18.311286366231343,11,113,113,74,7.314787149429321,48;57;58;59;60;70;71;72;73;84;85;102;111;112;113;114;115;116;117;127;136;150;151;152;161;162;163;164;165;166;167;168;169;170;171;172;173;174;175;176;177;178;179;188;189;190;191;192;193;194;195;196;197;211;212;213;222;223;224;225;226;227;228;229;230;231;249;258;259;260;261;262;263;264;265;266;267;268;269;270;271;272;273;274;275;295;296;297;298;299;300;309;310;311;312;313;314;315;316;317;480;489;490;491;492;493;494;495;496;497;498;499;500
F92022,10,27,27,2715.9817472710056,2300.0,415.9817472710056,13,84,84,63,5.744381904602051,57;66;67;68;69;70;71;72;73;74;75;76;77;78;79;80;81;96;113;114;129;130;140;141;142;143;144;145;146;147;148;149;167;200;209;219;220;221;222;223;233;242;243;244;245;246;247;248;249;250;251;252;269;284;285;286;287;288;289;290;291;292;293;294;313;314;315;316;317;318;319;328;329;330;331;332;360;375;433;463;489;498;499;500
F92022,10,28,28,2302.0680543087024,2300.0,2.068054308702358,12,101,101,78,6.706334829330444,67;68;103;117;118;119;120;121;122;123;124;134;135;136;137;161;162;173;174;175;176;177;178;179;180;181;182;183;184;185;186;187;196;197;198;199;200;201;202;203;204;205;206;216;217;226;227;228;229;230;231;232;233;234;235;236;237;238;239;240;277;286;287;288;289;290;291;292;293;294;295;296;297;298;299;300;301;302;345;346;362;386;387;415;476;485;486;487;488;489;490;491;492;493;494;495;496;497;498;499;500
F92022,10,29,29,2749.9154357110447,2300.0,449.91543571104467,13,108,108,78,7.07155704498291,37;54;64;65;66;67;68;84;93;94;95;107;108;109;123;124;125;126;127;128;138;147;148;149;150;151;152;153;154;155;156;157;158;159;160;170;179;180;181;182;183;184;185;186;187;188;189;190;191;192;193;194;195;204;205;206;207;208;209;210;211;212;213;214;215;216;217;218;219;220;248;257;258;259;260;261;262;284;302;321;335;336;337;338;339;349;358;359;360;370;380;476;477;486;487;488;489;490;491;492;493;494;495;496;497;498;499;500
F92022,10,30,30,2309.2978759466587,2300.0,9.297875946658678,9,52,52,33,3.9853639602661133,31;32;41;42;43;44;45;46;47;48;49;83;131;132;141;142;152;153;154;155;156;166;167;192;206;207;208;209;210;211;212;213;214;215;257;268;269;281;282;316;330;331;332;333;481;494;495;496;497;498;499;500
F102022,10,1,1,1744.3698772061723,2400.0,-655.6301227938277,14,232,232,124,15.126681089401245,11;12;13;23;24;25;26;27;28;29;39;40;41;42;43;44;45;46;47;48;49;50;51;52;53;54;55;56;57;58;59;60;61;62;63;64;82;91;92;93;94;95;96;97;98;99;100;101;102;103;104;105;106;107;108;109;122;123;124;125;126;127;128;129;130;131;132;133;134;135;136;137;138;139;149;150;151;152;153;154;155;156;157;158;159;168;169;170;171;172;173;174;175;176;177;178;179;180;181;182;183;184;194;195;196;197;198;199;200;201;202;203;204;205;206;207;208;209;210;211;220;221;222;223;224;225;226;227;228;229;230;231;232;233;234;235;236;245;246;247;248;249;250;251;252;253;254;255;256;257;258;259;260;261;273;274;275;276;277;278;279;280;281;282;283;284;285;286;295;296;297;298;299;300;301;302;303;304;305;306;307;308;309;310;311;321;322;323;324;325;326;327;328;329;330;331;332;333;334;335;336;345;346;347;348;349;350;351;352;353;354;355;365;377;378;379;380;381;382;383;384;385;386;387;388;389;390;409;410;411;436;493
F102022,10,2,2,2650.4464344164444,2400.0,250.4464344164444,14,150,150,133,10.236608982086182,19;20;29;30;31;32;33;34;35;45;46;67;68;69;70;71;90;91;92;93;94;95;96;106;107;108;109;110;111;112;113;114;115;116;126;135;136;137;138;139;140;141;142;143;144;145;146;147;148;149;150;151;152;165;166;167;168;169;170;171;172;173;174;175;176;177;186;187;188;189;190;191;192;193;194;195;196;197;198;199;200;201;202;211;212;213;214;215;216;217;218;219;220;221;222;223;224;225;226;227;241;242;243;244;245;246;247;248;249;250;251;252;261;262;263;264;265;266;267;268;269;270;271;272;273;274;275;303;321;322;323;426;473;482;483;484;485;486;487;488;489;490;491;492;493;494;495;496;497;498
F102022,10,3,3,2746.676956278755,2400.0,346.6769562787549,17,164,164,143,11.048925876617432,21;32;33;34;35;36;51;60;61;62;63;64;65;66;67;68;69;70;71;72;73;74;75;76;85;86;87;88;89;90;100;101;110;120;121;122;123;124;125;126;145;146;147;148;149;150;151;160;161;162;163;164;165;166;167;168;169;170;171;172;173;174;175;176;185;186;187;188;189;190;191;192;193;194;195;196;197;198;199;200;201;210;211;212;213;214;215;216;217;218;219;220;221;222;223;224;225;226;247;248;249;250;251;268;269;270;280;294;295;296;297;298;299;300;301;302;303;304;305;314;315;316;317;333;351;352;353;354;355;374;400;401;436;445;446;447;448;449;450;460;461;462;471;472;473;474;475;476;477;478;479;480;481;482;483;484;485;486;487;496;497;498;499;500
F102022,10,4,4,1555.2658031064248,2400.0,-844.7341968935752,15,109,109,108,7.796583890914917,11;47;80;104;105;114;115;116;117;118;119;129;130;139;140;141;142;143;144;145;146;147;148;149;150;151;152;153;154;155;172;173;174;175;176;177;178;179;180;189;190;191;192;193;194;195;196;197;198;199;200;201;202;203;204;205;220;221;222;223;224;225;226;227;228;229;230;239;240;241;242;252;253;254;255;264;265;275;276;277;278;279;280;298;299;300;301;302;303;304;305;314;315;316;317;318;319;320;321;322;323;324;345;354;355;356;357;371;489
F102022,10,5,5,2604.8651434019957,2400.0,204.86514340199574,19,190,190,162,12.657727003097534,13;14;15;24;25;35;36;37;38;39;40;41;66;67;79;80;90;91;92;101;102;103;104;105;106;107;108;109;110;111;112;113;114;115;116;117;146;147;156;157;158;159;160;170;171;172;173;174;183;184;185;186;187;188;198;199;200;209;210;211;212;213;214;215;234;251;252;253;254;255;256;257;258;259;268;269;270;271;272;273;274;275;276;277;278;279;280;281;282;283;284;293;294;295;306;307;308;309;310;322;323;324;325;326;327;328;329;330;331;332;333;334;335;358;359;360;369;370;371;372;373;374;375;376;377;378;379;380;381;382;383;384;385;404;405;406;407;408;409;410;426;427;428;429;430;431;432;433;434;435;445;446;447;448;449;450;451;452;453;454;455;456;457;458;459;460;469;470;471;472;473;474;475;476;477;478;479;480;481;482;483;484;485;494;495;496;497;498;499;500
F102022,10,6,6,1319.402854824219,2400.0,-1080.597145175781,16,139,139,124,9.331895112991333,32;33;42;43;44;45;46;47;48;49;50;51;52;53;54;55;56;57;58;67;68;69;70;71;72;73;74;75;76;77;78;79;80;90;109;110;111;112;113;114;115;130;131;132;133;134;135;136;137;138;139;140;149;150;151;152;153;166;180;181;182;183;184;185;186;187;188;189;190;191;200;201;202;203;204;205;206;207;208;209;210;211;212;213;214;215;216;233;234;235;236;237;238;239;240;241;250;251;252;253;254;264;265;266;275;276;277;278;279;289;290;291;316;325;326;327;328;329;330;331;332;333;334;335;336;337;338;339;340;341;354;355;365;377;386;387;388;422;494
F102022,10,7,7,2538.4224272021693,2400.0,138.42242720216927,14,136,136,133,9.43853497505188,44;53;54;64;65;66;67;68;69;78;79;80;81;82;83;84;85;86;87;88;89;90;91;92;93;94;112;113;114;115;116;117;118;119;132;142;143;144;153;154;155;156;157;158;159;160;161;162;175;184;185;186;187;188;189;190;191;208;217;218;219;220;221;222;223;224;225;226;227;228;229;230;231;242;251;252;253;254;255;256;257;258;259;260;261;262;263;264;282;291;292;293;294;295;296;297;298;299;300;301;302;303;304;305;306;307;316;329;330;331;332;352;353;354;355;356;357;376;377;387;408;409;410;480;489;490;491;492;493;494;495;496;497;498;499;500
F102022,10,8,8,2753.518329591292,2400.0,353.51832959129206,16,172,172,137,11.488438844680786,17;27;28;29;30;31;32;33;34;35;36;37;38;39;52;68;69;70;71;72;73;74;75;76;77;86;87;88;89;90;91;92;93;94;95;96;97;98;99;100;101;102;103;104;130;148;149;150;151;152;153;154;155;164;165;166;167;168;169;170;171;172;173;174;175;176;177;178;179;180;189;190;191;192;193;194;195;196;197;198;199;200;201;202;203;204;205;214;215;216;217;218;219;220;221;240;249;250;251;252;253;254;255;256;257;258;259;260;261;262;263;264;265;274;275;276;277;278;279;280;281;282;283;284;285;286;287;298;307;308;309;310;311;312;313;314;329;330;344;345;355;356;366;367;368;369;370;371;372;382;391;392;393;394;419;475;476;485;486;487;488;489;490;491;492;493;494;495;496;497;498;499
F102022,10,9,9,1201.9469891465424,2400.0,-1198.0530108534576,14,156,156,134,10.314235210418701,10;28;29;30;31;32;33;34;35;50;51;52;53;63;72;73;74;75;76;77;78;79;80;81;82;83;84;85;86;87;88;101;102;103;104;105;106;116;125;126;127;128;129;130;131;132;133;134;135;136;137;138;139;140;141;150;151;152;153;154;155;156;157;158;159;160;161;162;163;164;165;166;180;181;182;183;184;185;186;187;188;189;190;191;200;201;202;203;204;205;206;207;208;209;210;211;212;213;214;215;216;225;226;227;228;229;230;231;232;233;234;235;236;237;238;239;240;241;250;251;252;253;282;291;292;293;294;295;296;297;298;299;300;301;302;303;313;326;327;328;329;330;331;332;333;334;335;353;362;363;385;402;403;490;499;500
F102022,10,10,10,2571.363446626639,2400.0,171.36344662663896,16,155,155,135,10.520716190338135,22;31;32;33;34;35;36;37;38;39;40;41;42;43;44;45;46;47;56;57;58;59;60;61;62;63;64;65;66;67;68;69;70;71;72;73;74;75;95;96;106;116;117;118;119;120;121;122;123;124;125;126;127;128;129;130;131;140;155;156;165;166;167;168;169;170;171;172;173;174;175;176;177;178;179;180;181;182;192;193;194;195;196;197;198;199;200;201;202;203;204;205;206;207;216;217;218;219;220;221;222;223;224;225;226;227;228;229;230;240;250;251;252;253;254;255;256;257;258;259;260;261;262;263;264;265;277;278;279;280;281;282;283;284;285;286;287;288;289;290;299;300;301;302;303;322;343;344;345;346;347;372;390;420;482
F102022,10,11,11,1527.2093965967404,2400.0,-872.7906034032596,14,118,118,107,8.311100959777832,15;24;25;26;27;37;38;39;53;62;92;101;131;140;141;142;143;144;145;146;147;148;149;150;160;169;179;180;181;182;183;184;185;194;195;196;197;198;199;200;201;202;203;204;205;206;207;208;209;210;219;220;221;222;223;224;225;226;227;228;229;230;231;232;233;234;235;244;245;246;247;248;249;250;251;252;253;254;255;256;257;258;259;260;269;270;271;272;273;274;275;276;277;278;279;280;281;282;283;284;285;304;305;306;307;308;309;310;319;320;321;338;349;350;351;352;369;492
F102022,10,12,12,2733.1783629280967,2400.0,333.1783629280967,14,150,150,129,10.186113119125366,45;46;59;60;61;62;63;64;65;66;67;68;69;70;71;72;73;89;90;91;92;93;94;95;96;97;98;107;108;109;110;111;112;113;114;115;116;117;118;119;129;143;144;145;146;147;148;149;150;151;152;153;154;165;166;167;168;169;170;171;172;173;174;175;176;177;178;179;188;189;190;191;192;193;194;195;196;197;198;199;200;201;202;212;221;222;223;224;225;226;227;228;229;230;231;232;233;234;235;236;237;248;249;250;251;252;263;272;282;283;284;285;286;287;288;297;298;299;300;301;302;303;304;305;306;307;308;309;310;311;312;313;341;342;363;364;365;418;427;428;429;430;431;486;495;496;497;498;499;500
F102022,10,13,13,2632.268793104297,2400.0,232.26879310429695,16,174,174,121,11.65234112739563,17;26;27;28;29;30;31;32;33;34;35;36;37;38;39;40;41;42;51;52;53;54;55;56;57;58;59;60;61;62;63;64;65;66;67;68;86;87;88;89;90;91;92;93;94;103;104;105;106;107;108;109;110;111;112;113;114;115;116;117;118;119;120;121;130;131;132;133;134;135;136;137;138;139;149;158;159;160;161;162;163;164;165;166;167;168;169;170;171;172;173;174;183;184;185;186;187;188;189;190;191;192;193;194;195;196;197;207;216;217;218;219;220;257;270;271;272;273;274;275;276;277;278;279;280;281;282;296;297;298;299;309;319;320;321;322;323;324;325;326;327;328;329;339;386;446;461;462;463;464;465;466;467;468;469;470;471;480;481;482;483;484;485;486;487;488;489;490;491;492;493;494;495;496
F102022,10,14,14,331.1109376548761,2400.0,-2068.889062345124,13,111,111,85,7.900051116943359,19;20;35;36;37;38;56;57;58;59;60;61;62;63;78;79;80;81;82;83;84;85;86;119;120;121;122;131;132;133;134;135;136;137;138;139;140;141;142;143;144;154;155;164;165;166;167;168;169;170;171;172;173;174;175;176;177;178;179;180;190;191;192;211;227;228;229;230;231;252;261;262;263;273;274;275;276;277;286;302;323;324;325;326;327;336;337;338;339;340;341;342;343;344;345;346;347;348;349;350;351;352;385;394;395;396;406;407;408;409;410
F102022,10,15,15,1853.6251093751212,2400.0,-546.3748906248788,13,102,102,77,7.251353979110718,20;21;22;34;35;36;37;38;39;40;41;42;43;44;45;46;47;48;57;73;84;85;86;87;88;89;90;103;104;105;106;116;117;118;119;120;121;135;148;162;163;164;165;166;181;190;208;223;224;225;226;227;228;229;230;231;254;269;270;271;272;273;274;275;276;277;278;279;288;289;290;291;292;293;294;295;296;297;298;299;300;301;302;303;304;313;314;324;325;336;345;346;347;348;349;364;487;496;497;498;499;500
F102022,10,16,16,1720.90047815186,2400.0,-679.0995218481401,14,95,95,58,6.928567171096802,39;48;49;50;51;52;62;63;64;77;78;79;80;81;91;106;107;108;109;110;111;112;113;114;115;116;125;126;127;128;129;130;131;132;133;134;135;136;137;138;139;140;141;150;151;152;153;154;155;156;157;158;159;160;161;162;163;164;165;166;167;176;177;178;179;180;181;182;183;184;185;186;187;188;189;190;191;192;201;202;203;204;205;206;216;217;245;254;277;302;325;326;327;353;492
F102022,10,17,17,1869.60850404048,2400.0,-530.39149595952,11,81,81,67,6.086972236633301,22;42;51;52;53;54;55;56;57;58;59;60;61;62;63;64;65;66;67;76;77;78;79;80;81;91;92;93;94;95;104;105;106;107;108;109;110;111;112;113;123;153;166;167;168;169;170;171;172;173;192;216;217;228;229;230;231;232;233;234;235;236;237;238;239;240;241;242;258;259;269;285;286;287;288;289;290;291;292;303;489
F102022,10,18,18,2631.8899957084946,2400.0,231.88999570849455,11,129,129,123,8.983947038650513,41;52;53;54;55;56;57;69;78;79;80;81;82;83;84;85;86;87;88;89;90;91;92;93;103;112;113;114;115;116;117;118;119;120;121;122;123;124;125;126;127;128;141;142;143;144;145;146;147;148;149;150;151;152;153;163;164;165;166;167;168;169;170;180;189;190;191;192;193;194;217;226;227;237;238;239;240;241;242;251;252;253;254;255;256;257;258;259;260;261;262;263;264;265;266;267;283;284;294;303;304;305;306;307;308;309;310;311;312;313;314;315;316;317;318;472;481;482;483;484;485;486;487;488;489;490;491;492;493
F102022,10,19,19,1119.0803260522819,2400.0,-1280.9196739477181,15,177,177,111,11.540029048919678,21;30;31;32;33;34;35;36;37;38;39;40;41;42;52;53;62;63;64;65;66;67;68;69;70;71;72;73;74;75;76;77;78;87;88;89;90;91;92;93;94;95;96;97;98;99;100;101;102;103;104;105;106;115;116;117;118;119;120;121;122;123;124;125;126;127;128;129;130;131;140;141;142;143;144;145;146;147;148;149;150;151;152;153;154;155;156;157;158;159;160;161;162;171;172;173;174;175;176;177;178;179;180;181;182;183;184;185;186;187;196;197;198;199;200;201;202;225;234;235;236;237;238;239;240;241;251;268;269;270;271;272;273;274;275;276;296;297;298;299;300;301;325;326;335;336;337;338;339;340;341;342;343;344;345;346;347;348;349;350;351;362;363;364;365;366;367;368;369;370;371;372;373;374;375;376;494
F102022,10,20,20,2510.3572206319213,2400.0,110.35722063192134,14,135,135,115,9.332849740982056,28;29;30;31;59;81;82;83;84;100;101;102;103;104;105;106;107;108;109;110;111;112;133;134;135;136;137;146;147;148;149;150;151;152;153;154;155;156;157;158;159;160;161;162;171;172;173;174;175;176;177;178;179;180;181;182;183;184;185;186;187;196;197;198;199;200;201;202;203;204;205;206;207;208;209;210;211;212;213;229;230;231;232;233;234;235;236;246;247;256;257;258;259;260;261;262;263;264;265;266;267;268;269;270;271;272;281;282;283;299;320;321;322;323;324;333;334;335;336;337;338;339;340;341;342;361;484;493;494;495;496;497;498;499;500
F102022,10,21,21,1237.5307366000395,2400.0,-1162.4692633999605,17,142,142,101,9.755581855773926,17;26;27;28;29;30;31;32;33;34;35;36;37;38;39;40;41;42;53;54;55;56;57;58;59;60;61;62;63;64;65;66;76;77;86;87;88;89;90;91;92;93;94;95;96;97;98;99;100;101;102;103;112;113;114;115;116;117;118;119;138;147;148;149;150;151;152;153;154;155;156;157;158;159;160;161;162;163;172;173;174;175;176;177;178;179;180;181;182;183;184;185;186;187;188;203;204;214;249;268;269;270;271;272;273;274;297;298;299;314;315;316;317;338;352;353;354;355;374;383;384;385;386;387;388;389;390;391;392;393;394;395;396;397;398;408;432;433;471;485;486;497
F102022,10,22,22,2759.1750091995673,2400.0,359.1750091995673,14,150,150,114,10.15379810333252,26;27;56;90;104;105;106;107;108;109;110;111;112;113;114;115;124;125;126;127;128;129;130;131;132;133;134;135;136;137;138;148;168;169;170;171;172;173;174;183;184;185;186;187;188;189;190;191;192;193;194;195;196;197;198;199;200;209;210;211;212;213;214;215;216;217;218;219;220;221;231;240;241;242;243;244;245;246;247;248;249;250;251;252;253;254;255;256;257;258;267;268;269;270;271;272;273;274;275;276;277;278;279;280;281;282;283;295;296;306;307;308;317;318;319;320;321;322;323;324;325;326;327;328;329;330;331;341;357;358;359;372;373;388;470;479;480;481;482;483;484;485;486;487;488;489;490;491;492;493
F102022,10,23,23,1779.7035449012806,2400.0,-620.2964550987194,16,176,176,115,11.507469177246094,12;13;14;15;24;25;26;27;28;29;30;31;32;33;34;35;36;37;38;39;40;49;50;51;52;53;54;55;56;57;58;59;60;61;62;63;64;65;66;67;68;69;70;79;80;81;82;83;84;85;86;87;88;89;90;91;92;93;94;95;116;117;118;119;120;129;130;131;132;133;134;135;136;137;138;139;140;141;142;143;144;145;154;155;156;157;158;159;160;161;162;163;164;165;166;167;168;169;170;179;180;181;182;183;184;185;186;187;188;189;190;191;192;193;194;195;213;214;215;216;217;218;219;229;240;241;242;243;244;245;246;247;257;273;274;275;276;286;300;301;302;303;304;305;306;307;308;309;310;311;325;326;327;337;356;357;358;359;360;361;362;383;384;385;386;387;483;492;493;494;495;496;497;498;499;500
F102022,10,24,24,2767.6994987066264,2400.0,367.6994987066264,16,174,174,128,11.697564840316772,46;47;56;57;58;59;60;61;62;63;64;65;66;67;68;69;70;71;72;81;82;83;84;85;86;87;88;89;90;91;92;93;94;95;96;97;106;107;108;109;110;111;112;113;114;115;116;117;118;119;120;121;122;123;124;133;134;135;136;137;138;139;140;141;142;143;144;154;155;156;165;166;167;168;169;170;171;172;173;174;175;176;177;178;188;203;204;205;206;207;208;209;210;211;212;213;234;235;236;237;238;247;248;249;250;251;252;253;263;276;277;278;279;280;281;282;283;284;285;286;287;288;304;305;306;307;343;360;361;362;363;375;384;385;395;396;411;437;446;447;448;449;450;451;452;453;454;455;456;457;458;459;460;461;462;474;475;476;477;478;479;480;481;482;483;484;485;486;487;496;497;498;499;500
F102022,10,25,25,1724.3902800154378,2400.0,-675.6097199845622,14,129,129,120,8.80218505859375,27;36;37;38;39;40;41;42;43;44;45;46;47;48;49;50;51;52;61;62;63;64;75;76;77;87;88;112;121;131;132;133;134;135;145;154;155;156;157;158;159;160;161;162;163;164;165;184;193;194;195;206;207;208;209;224;225;226;244;261;262;263;264;265;266;267;268;269;278;279;280;281;282;283;284;285;286;287;288;289;290;291;292;293;294;309;310;311;312;313;314;315;316;317;318;319;328;329;330;331;332;333;334;344;357;358;359;360;361;362;363;364;365;366;367;368;369;381;482;491;492;493;494;495;496;497;498;499;500
F102022,10,26,26,2651.8863980821147,2400.0,251.88639808211474,15,142,142,108,9.6981201171875,49;58;59;60;61;62;63;64;65;66;67;68;69;70;71;72;73;74;75;84;85;86;87;88;89;90;91;92;93;94;95;96;97;115;124;125;135;136;137;138;139;140;149;150;151;152;153;154;155;156;157;158;168;177;178;179;180;181;182;183;184;185;186;187;188;189;190;191;192;193;205;206;207;208;209;210;211;212;213;214;215;216;217;218;241;251;260;261;262;263;264;265;266;267;268;269;270;271;272;273;274;275;276;295;296;297;298;299;300;301;313;314;315;316;338;348;349;366;367;368;369;370;371;372;373;374;375;399;400;411;412;413;414;415;416;417;446;447;484;495;496;497
F102022,10,27,27,1932.6875525870246,2400.0,-467.3124474129754,15,176,176,122,11.49854588508606,16;17;18;19;33;34;35;36;37;46;47;48;49;50;51;52;53;54;55;56;57;58;59;60;61;62;63;64;65;66;67;68;69;70;82;83;84;85;86;95;96;97;98;99;100;101;102;103;104;105;106;107;108;109;110;111;112;128;129;130;131;132;133;134;135;136;137;138;151;161;162;163;172;173;174;175;176;177;178;179;180;181;182;183;184;185;186;187;188;205;206;207;208;209;210;211;212;213;222;223;224;225;240;249;250;251;252;253;254;255;256;257;258;259;260;261;262;263;264;265;275;276;277;278;279;280;281;282;283;284;285;286;287;288;289;290;299;300;301;302;303;304;305;306;307;308;309;310;311;312;313;314;315;324;325;326;327;328;329;330;331;346;355;356;357;358;387;424;485;494;495;496;497;498;499;500
F102022,10,28,28,2031.1598554059692,2400.0,-368.8401445940308,14,201,201,108,13.25031304359436,23;24;25;26;27;28;29;30;31;32;33;34;35;36;37;38;39;40;49;50;51;52;53;54;55;56;57;58;59;70;71;72;73;74;75;84;85;86;87;88;89;90;91;92;93;94;95;96;97;98;99;100;101;102;103;104;105;106;107;116;117;118;119;120;121;122;123;124;125;126;127;128;129;130;131;132;133;134;135;144;145;146;147;148;149;150;151;152;153;154;155;156;157;158;159;160;172;173;174;175;176;177;178;179;180;181;182;183;184;185;198;199;215;235;245;254;255;256;257;258;259;260;261;262;263;264;265;266;267;268;269;270;279;280;281;282;283;284;285;286;287;288;289;290;291;292;293;294;295;304;305;306;307;308;309;310;311;312;313;314;315;316;317;318;319;320;329;330;331;332;333;334;335;336;337;338;339;349;358;359;360;361;362;363;364;365;366;367;368;369;370;371;372;373;383;394;395;396;397;491;500
F102022,10,29,29,2526.4357098617793,2400.0,126.43570986177929,15,111,111,97,7.893107891082764,22;23;42;68;77;78;79;80;99;108;109;110;111;112;113;114;115;116;117;118;119;120;121;122;123;124;133;134;135;149;167;168;169;170;171;172;173;174;183;184;185;186;212;237;246;247;248;249;250;260;261;262;279;280;281;282;283;284;285;286;287;299;300;301;302;303;304;305;306;307;308;309;310;311;312;321;322;323;324;325;326;327;328;329;330;331;332;351;394;406;407;408;409;474;483;484;485;486;487;488;489;490;491;492;493;494;495;496;497;498;499
F102022,10,30,30,254.39799717519145,2400.0,-2145.6020028248086,18,186,186,149,12.401238679885864,10;30;31;32;33;34;35;44;45;46;47;61;62;63;64;65;74;75;76;77;78;79;80;81;82;83;84;85;86;87;88;89;90;91;92;101;102;103;104;105;106;107;108;109;110;111;112;113;114;115;116;117;118;127;128;129;130;131;132;133;134;135;136;137;138;139;140;141;142;143;159;160;161;171;183;193;203;212;213;214;215;216;217;218;219;220;221;222;223;224;225;226;227;228;237;238;248;249;250;251;252;253;273;274;275;276;277;278;291;292;293;294;295;296;297;298;299;300;301;302;303;312;313;314;315;316;317;318;319;320;321;322;323;324;325;326;327;328;337;338;339;340;341;342;343;344;345;370;385;386;387;388;389;390;391;392;393;394;395;404;405;406;407;408;409;410;411;412;422;432;433;434;435;436;437;438;439;440;441;442;443;444;445;446;447;489
F112022,10,1,1,2606.8391462267527,2600.0,6.839146226752746,7,40,40,10,5.427079916000366,29;30;31;32;104;105;106;117;118;119;120;121;122;123;124;125;126;127;128;138;139;166;175;176;218;219;220;230;231;232;233;234;313;314;373;374;375;428;461;495
F112022,10,2,2,2610.368929185007,2600.0,10.368929185006891,14,104,104,45,11.179167985916138,22;23;33;34;43;44;45;46;47;48;49;50;51;52;53;54;55;56;57;58;59;60;84;85;86;87;88;89;98;99;100;101;102;103;104;105;106;107;108;109;110;111;112;113;114;115;129;130;141;178;212;226;227;228;229;230;231;232;233;234;235;236;237;246;247;248;249;259;260;261;262;272;294;295;296;305;306;307;327;353;370;380;389;390;391;392;449;450;451;469;470;471;472;473;483;492;493;494;495;496;497;498;499;500
F112022,10,3,3,2679.2464697135274,2600.0,79.2464697135274,9,66,66,17,7.743275165557861,51;52;66;84;85;86;87;88;102;103;104;105;106;121;122;123;124;139;140;141;142;151;152;153;154;164;165;166;167;176;177;178;179;180;181;182;183;193;194;195;282;283;284;293;294;295;296;297;298;352;369;415;416;417;418;477;478;479;480;481;482;483;484;485;486;487
F112022,10,4,4,2606.9397145236685,2600.0,6.939714523668499,9,127,127,17,13.250042915344238,21;22;37;38;39;40;86;87;146;155;156;157;158;159;160;170;171;172;173;174;175;176;177;178;179;180;181;190;191;192;210;211;212;213;224;225;226;227;228;229;230;231;232;233;234;235;236;237;238;239;240;241;242;243;244;245;246;247;248;249;250;251;252;253;254;255;256;257;287;288;289;290;291;300;301;302;303;304;305;306;307;308;309;310;311;312;313;314;315;316;403;404;420;421;422;423;424;425;426;427;428;429;430;431;445;446;447;448;449;450;451;452;468;469;479;480;481;482;483;484;485;486;487;488;489;490;491
F112022,10,5,5,2607.1507762530687,2600.0,7.1507762530686705,6,51,51,13,6.385395050048828,86;106;116;117;137;147;162;163;164;165;181;182;183;184;185;186;187;188;204;222;223;224;225;226;227;228;229;238;239;240;241;242;243;244;245;246;247;248;276;277;278;279;297;312;313;314;476;477;478;479;480
F112022,10,6,6,2605.36044766216,2600.0,5.360447662159913,9,118,118,27,12.467167854309082,47;48;49;64;73;74;75;76;77;78;79;80;81;82;83;84;85;86;126;127;128;129;130;131;132;133;134;144;154;155;156;157;158;159;160;161;162;163;164;165;166;167;168;169;170;171;181;182;183;184;185;186;213;214;225;235;236;237;238;239;240;241;242;243;244;245;254;255;256;257;258;259;260;261;262;263;264;265;266;267;268;269;270;271;272;273;274;275;290;291;292;293;294;295;296;306;467;468;469;470;479;480;481;482;483;484;485;486;487;488;489;490;491;492;493;494;495;496
F112022,10,7,7,2600.90660689465,2600.0,0.9066068946499399,7,63,63,18,7.420172691345215,59;74;75;76;77;93;94;95;96;97;113;114;115;116;117;118;119;120;121;122;123;124;125;126;127;128;150;184;210;211;262;263;279;280;281;282;283;293;294;295;309;310;311;312;313;314;315;316;317;318;319;336;337;355;356;476;494;495;496;497;498;499;500
F112022,10,8,8,2604.696457572325,2600.0,4.696457572325016,13,108,108,28,11.53030514717102,20;21;60;61;62;63;88;103;104;105;106;107;108;109;110;111;112;113;114;136;137;138;139;156;157;158;159;160;161;162;163;164;165;166;167;168;169;170;179;180;181;182;183;184;185;186;187;188;189;190;191;192;193;194;195;196;205;206;207;208;209;210;211;212;213;214;215;216;217;218;219;220;221;222;231;241;242;261;270;271;272;282;283;284;285;286;287;296;297;298;299;309;310;311;312;345;466;467;468;477;478;479;480;491;492;493;494;495
F112022,10,9,9,2600.6113760821054,2600.0,0.6113760821053802,10,99,99,26,10.66658902168274,36;37;48;58;59;60;61;62;63;64;73;74;104;105;106;107;108;109;110;111;112;113;114;115;116;126;127;128;129;130;131;132;141;142;143;144;145;146;147;148;149;150;151;152;153;154;155;173;182;183;184;185;186;187;188;189;190;191;192;193;194;195;196;197;198;216;217;218;219;220;221;231;247;248;249;250;294;295;296;337;338;339;340;341;358;359;360;361;362;363;364;365;366;472;481;482;483;484;494
F112022,10,10,10,2726.419729724759,2600.0,126.41972972475878,11,132,132,28,13.69389009475708,22;23;24;39;40;41;42;43;44;45;46;47;48;49;50;51;61;71;72;73;74;75;88;89;90;91;92;93;94;95;96;97;98;99;100;101;102;103;119;120;121;122;123;124;125;126;127;128;129;138;139;140;141;142;143;144;145;146;147;148;149;150;160;182;183;184;185;186;187;197;198;199;209;210;211;212;213;214;230;231;232;233;234;235;236;237;238;239;240;241;242;243;244;245;246;247;248;249;250;251;252;253;254;255;282;283;284;285;286;287;288;289;290;291;300;301;311;312;313;314;315;316;317;326;327;466;467;488;489;490;491;492
F112022,10,11,11,2601.953714879705,2600.0,1.9537148797048758,6,75,75,13,8.512195110321045,15;77;78;79;80;81;82;83;99;100;101;102;103;104;105;106;153;154;155;156;157;158;159;160;161;162;163;164;165;166;167;168;169;170;171;172;173;174;175;176;177;178;179;188;189;190;191;201;202;203;204;213;214;260;302;314;315;316;317;318;319;334;335;361;362;363;491;492;493;494;495;496;497;498;499
F112022,10,12,12,2602.254948522913,2600.0,2.254948522912855,8,65,65,15,7.62844181060791,62;63;64;65;66;67;68;78;79;80;81;82;83;84;98;108;109;118;119;120;121;122;132;133;134;144;153;154;155;156;176;177;178;198;199;200;201;202;203;204;213;214;215;216;217;218;228;229;269;286;287;288;289;290;291;292;293;294;323;455;456;457;468;485;500
F112022,10,13,13,2672.7180379306737,2600.0,72.71803793067374,7,95,95,22,10.33368706703186,78;79;88;89;90;91;92;93;110;111;112;113;114;115;132;133;134;135;136;137;138;139;140;141;142;143;144;153;154;155;156;157;158;159;169;170;171;172;181;182;183;184;185;186;187;188;189;190;191;192;202;203;213;214;215;216;225;226;227;228;229;230;231;232;233;246;247;248;249;250;251;260;261;262;263;264;265;266;267;268;269;270;271;272;273;274;275;276;277;290;291;292;293;294;349
F112022,10,14,14,2603.200687136275,2600.0,3.2006871362750644,7,123,123,16,12.802287817001343,35;36;37;38;39;40;41;42;43;44;45;46;47;48;49;50;51;52;53;54;55;64;65;66;67;68;69;70;71;72;73;74;75;76;86;87;96;97;98;99;100;101;102;103;104;105;106;107;108;109;110;126;127;128;129;130;131;132;148;160;161;162;163;164;165;166;186;187;218;219;244;245;246;255;256;257;258;259;260;261;262;263;264;265;266;267;268;269;270;271;272;281;282;283;302;303;304;366;367;404;405;406;472;473;482;483;484;485;486;487;488;489;490;491;492;493;494;495;496;497;498;499;500
F112022,10,15,15,2687.929605078833,2600.0,87.92960507883299,7,85,85,16,9.431857109069824,26;27;28;46;56;57;58;59;60;61;62;63;64;65;96;97;111;134;135;136;137;148;149;150;151;152;153;154;155;156;184;185;186;187;188;189;190;191;192;193;194;195;196;197;198;199;200;209;210;220;221;222;223;251;252;266;267;268;269;270;271;272;273;274;275;276;277;286;296;297;298;299;300;301;302;303;304;305;306;307;480;497;498;499;500
F112022,10,16,16,2614.0982970642335,2600.0,14.09829706423352,9,97,97,23,10.521113157272339,65;66;86;87;88;89;90;91;92;109;110;111;112;113;114;115;116;117;118;119;133;134;135;136;137;156;157;158;188;189;190;202;203;204;205;206;218;219;220;236;237;238;266;279;280;281;282;303;304;313;314;315;316;317;318;319;320;321;322;323;324;325;326;327;328;329;330;331;332;333;439;440;456;457;458;467;468;478;479;480;481;482;483;484;485;486;487;488;489;490;491;495;496;497;498;499;500
F112022,10,17,17,2613.6872028504145,2600.0,13.687202850414451,12,175,175,30,17.58113384246826,17;18;19;58;59;60;61;62;63;64;79;80;81;82;83;84;85;86;87;98;99;100;101;102;103;121;122;123;124;125;126;127;128;137;138;139;149;150;151;152;153;154;155;156;157;158;159;160;161;162;163;172;173;174;175;176;177;178;179;180;181;182;183;184;185;186;196;197;198;199;200;210;211;212;213;214;215;216;217;218;219;220;221;222;223;224;225;226;227;228;229;230;239;249;250;251;252;253;254;255;272;273;274;275;276;277;278;279;280;281;296;297;298;299;300;301;302;303;304;305;306;317;326;327;328;329;330;331;332;333;334;335;336;368;428;429;430;431;432;433;434;435;436;437;438;439;459;460;461;462;463;464;465;466;477;478;479;480;481;482;483;484;485;486;487;488;489;490;491;492;493;494;495;496;497
F112022,10,18,18,2605.9178026980458,2600.0,5.917802698045762,7,102,102,20,10.96885085105896,66;67;76;77;78;79;80;81;82;103;104;105;114;115;116;117;118;119;129;130;190;191;192;193;194;195;196;197;198;207;208;209;210;211;212;213;214;215;216;217;218;219;220;221;222;223;224;241;242;243;244;245;246;247;248;249;250;251;252;253;254;255;256;270;271;284;285;286;287;288;289;290;291;292;293;294;305;306;307;308;325;326;327;328;368;369;370;454;455;456;471;472;473;474;475;476;477;496;497;498;499;500
F112022,10,19,19,2604.9655497667422,2600.0,4.965549766742242,12,115,115,35,12.160445928573608,21;22;59;68;69;70;71;72;73;74;75;76;77;78;79;80;81;82;83;84;85;86;95;96;97;98;99;100;101;102;103;113;114;115;116;117;118;127;128;129;130;131;132;133;134;135;136;137;138;139;140;141;142;143;152;153;154;155;197;211;212;213;223;224;225;226;227;228;229;238;239;240;241;242;243;244;245;246;247;248;249;250;251;252;253;254;293;302;303;304;305;341;342;352;388;389;461;474;483;484;485;486;487;488;489;490;491;492;493;494;495;496;497;498;499
F112022,10,20,20,2604.745604811886,2600.0,4.745604811886096,7,112,112,17,11.78864312171936,28;29;55;56;65;66;67;68;69;70;71;72;73;74;75;76;77;78;79;80;81;82;91;92;93;94;95;96;97;98;99;100;101;102;113;114;115;116;117;118;137;138;139;140;141;142;143;144;154;155;156;157;158;159;160;161;162;163;164;165;189;190;191;192;193;194;195;204;205;215;216;217;218;228;229;281;282;283;284;317;406;407;455;456;457;458;467;468;469;470;471;472;473;474;475;476;477;478;479;480;481;482;483;484;485;486;487;488;489;498;499;500
F112022,10,21,21,2608.131326381768,2600.0,8.131326381767849,7,112,112,23,11.890048027038574,34;35;36;37;38;39;40;41;42;43;44;45;46;47;48;49;50;51;52;62;63;64;65;66;67;68;69;70;71;72;73;92;93;112;113;114;115;116;117;118;119;120;121;122;123;124;133;134;135;136;137;138;139;140;141;142;143;144;145;146;147;148;149;150;151;152;153;154;172;173;174;175;176;177;178;179;180;181;182;195;196;197;198;199;200;219;220;221;286;287;288;289;314;315;316;329;461;470;471;472;473;474;475;476;477;478;479;480;481;491;492;493
F112022,10,22,22,2600.4016546277417,2600.0,0.4016546277416637,9,190,190,20,18.769970893859863,23;24;36;37;38;39;40;41;42;43;44;45;54;55;56;57;58;59;60;61;71;72;73;83;84;85;86;87;88;89;90;91;92;93;94;95;96;97;98;99;100;101;102;103;104;105;106;107;108;109;110;122;123;124;125;126;127;128;129;130;131;132;133;134;135;136;137;138;139;150;151;152;153;154;155;156;157;158;159;160;161;162;163;164;165;166;167;168;169;170;171;183;184;185;186;187;202;203;204;205;206;207;208;209;210;211;212;213;214;215;216;217;218;219;220;221;222;223;232;233;234;235;236;237;238;239;240;241;242;243;244;245;246;256;266;267;268;281;282;283;284;285;286;287;288;303;312;313;314;315;316;317;318;319;320;321;322;340;358;359;360;361;362;363;364;365;366;367;415;463;464;465;466;467;468;469;470;471;472;473;482;483;484;485;486;487;488;489;490;500
F112022,10,23,23,2603.530460447466,2600.0,3.5304604474658845,7,108,108,13,11.403439998626709,34;35;45;46;47;48;49;50;51;52;53;63;64;65;66;67;68;69;70;71;80;81;82;83;84;85;86;87;88;89;90;91;92;93;94;95;96;97;98;99;100;110;111;120;121;122;123;124;125;126;127;128;129;130;131;132;133;134;135;136;158;229;239;240;241;260;270;305;306;307;308;309;319;320;321;322;323;324;325;343;344;345;346;347;348;349;350;359;360;361;369;370;371;372;373;374;375;469;479;480;490;491;492;493;494;495;496;497
F112022,10,24,24,2605.9564920967237,2600.0,5.95649209672365,11,116,116,28,12.263984203338623,52;53;54;55;64;65;66;67;68;69;70;71;72;87;88;89;90;91;92;93;94;95;96;97;119;120;121;122;131;141;142;143;144;154;155;156;157;174;183;184;185;186;187;188;189;190;191;192;193;194;195;196;197;198;199;200;201;202;203;204;205;206;207;208;209;242;257;258;259;260;261;262;283;284;285;286;287;288;289;290;291;310;311;312;313;335;336;337;338;373;389;390;422;423;459;468;469;470;471;472;473;474;475;476;477;478;479;480;481;482;483;484;485;486;487;496
F112022,10,25,25,2606.6367163536274,2600.0,6.636716353627435,9,113,113,22,11.98721718788147,26;27;28;29;30;31;40;41;42;43;77;78;79;80;81;82;83;84;94;107;124;125;140;141;142;143;157;158;159;160;161;162;163;164;165;166;167;168;169;178;179;180;181;182;183;184;185;186;187;188;213;222;223;224;225;226;227;228;229;230;231;232;233;234;235;236;237;238;239;245;246;247;248;249;250;251;252;253;254;255;256;265;266;267;268;269;270;271;272;273;274;275;276;277;278;279;280;281;307;308;309;310;311;320;321;322;323;324;470;479;480;490;491
F112022,10,26,26,2604.4046866064973,2600.0,4.404686606497307,4,92,92,8,10.049286127090454,18;48;49;50;51;52;53;54;55;56;57;80;95;96;97;98;99;100;101;102;103;104;105;130;131;132;133;134;135;136;137;138;163;164;165;166;167;176;177;178;179;193;194;195;224;225;236;237;238;239;240;271;272;273;274;275;276;285;286;287;288;289;290;291;292;293;336;337;338;339;340;341;359;391;392;468;485;486;487;488;489;490;491;492;493;494;495;496;497;498;499;500
F112022,10,27,27,2602.885181982988,2600.0,2.8851819829878877,8,85,85,13,9.444657802581787,60;61;62;63;64;65;66;67;96;97;114;139;140;141;142;143;144;156;157;158;159;160;161;162;163;164;165;166;167;168;169;170;171;180;181;182;183;184;185;195;196;197;198;199;200;201;202;203;204;213;214;215;216;226;227;228;229;230;231;232;233;234;235;236;237;238;264;265;266;300;322;385;455;456;457;458;470;471;491;492;493;494;495;496;497
F112022,10,28,28,2602.0184377106884,2600.0,2.0184377106884313,9,86,86,17,9.51437497138977,19;20;21;22;23;24;25;26;41;42;43;70;81;91;92;93;94;95;96;123;132;133;134;135;136;137;138;139;140;141;142;143;144;145;146;147;148;149;150;151;152;153;154;184;199;200;201;202;203;204;205;206;207;208;209;210;211;212;213;222;232;233;234;235;236;249;289;290;311;343;344;345;346;347;387;388;389;481;482;491;492;493;494;495;496;497
F112022,10,29,29,3573.6219427947176,2600.0,973.6219427947176,13,207,207,49,20.78066897392273,48;49;50;51;52;53;54;55;56;57;58;67;68;69;70;71;72;73;74;75;76;77;78;79;80;81;82;83;84;85;86;87;88;89;98;99;100;101;102;103;104;105;106;107;108;109;110;111;112;113;114;115;116;117;118;119;128;129;130;131;132;133;134;135;136;137;138;139;140;141;142;143;144;145;146;147;148;157;158;159;160;161;162;163;164;165;166;167;168;169;170;171;172;173;182;183;184;185;186;187;188;189;190;191;192;193;203;204;205;206;207;208;209;210;211;212;221;222;223;224;225;226;227;228;229;230;231;232;233;234;235;236;237;238;252;253;254;255;256;257;258;259;260;261;262;263;264;265;274;275;276;277;278;279;280;281;282;283;284;294;310;311;312;313;314;315;316;317;318;319;328;329;330;331;332;333;334;335;336;346;347;357;358;359;360;361;362;363;364;365;366;367;368;369;370;371;372;381;382;383;402;458;496;497;498;499;500
F112022,10,30,30,2602.828630613033,2600.0,2.828630613033056,8,110,110,19,11.658605813980103,22;32;33;34;35;36;37;38;39;40;41;42;43;44;45;46;47;48;57;58;59;60;61;62;63;64;65;66;67;68;69;70;71;72;73;82;83;84;85;86;87;100;101;102;103;104;105;121;131;132;133;134;135;136;137;138;139;140;141;142;143;144;145;146;157;158;159;160;161;162;163;164;165;166;183;192;193;194;214;215;216;226;227;228;229;230;231;232;233;234;235;236;237;238;239;240;241;242;281;324;325;474;475;476;485;486;487;488;489;490
F122022,10,1,1,2849.1473995447723,2700.0,149.14739954477227,15,185,185,98,19.695183992385864,12;37;46;47;48;49;50;51;52;53;54;55;56;57;58;59;60;61;62;63;72;73;74;75;76;77;87;88;89;98;99;100;101;102;103;104;105;106;107;108;109;110;111;112;113;114;115;116;125;126;127;128;129;130;131;132;133;134;135;136;137;138;139;140;141;142;143;144;153;154;155;156;157;158;159;160;161;162;163;164;165;166;167;168;169;178;179;180;181;182;183;184;185;186;187;188;189;190;191;192;193;194;208;209;210;211;212;213;214;215;216;217;218;219;220;221;230;231;232;233;234;235;236;237;238;239;240;241;242;243;244;245;246;247;265;266;267;268;269;270;271;272;281;282;283;284;285;286;287;288;289;290;291;292;302;303;340;341;350;351;352;353;354;355;356;357;358;359;360;402;403;404;414;437;482;483;492;493;494;495;496;497;498;499;500
F122022,10,2,2,2807.943145819128,2700.0,107.94314581912795,15,140,140,128,15.099325895309448,23;32;33;34;35;36;37;38;39;40;41;42;43;44;54;63;64;65;66;67;68;69;70;71;72;73;74;75;76;77;78;97;123;132;133;134;135;145;146;147;148;157;158;159;160;161;162;163;164;174;183;184;194;195;196;197;198;199;210;227;236;237;238;239;240;241;242;243;244;245;246;247;248;249;250;251;252;261;262;263;264;265;266;267;268;269;270;271;272;273;274;275;276;277;286;287;288;289;290;291;292;293;294;295;296;297;298;299;300;301;302;311;312;313;314;315;316;317;318;319;330;339;340;341;342;343;353;354;355;356;374;375;376;377;378;379;380;390;401;495
F122022,10,3,3,2887.9175476493847,2700.0,187.9175476493847,15,161,161,109,17.281315088272095,30;39;40;41;42;43;44;45;46;47;48;49;50;51;52;53;54;55;56;65;86;103;104;105;106;107;108;109;110;111;129;130;131;132;133;134;135;136;145;146;147;148;149;150;151;152;153;154;155;165;179;180;181;182;183;184;185;186;187;188;198;208;209;210;211;212;213;214;215;216;217;218;219;220;221;222;232;233;234;235;236;237;246;247;248;249;250;251;252;253;254;255;256;257;267;276;277;278;279;280;281;282;283;284;285;286;287;288;289;290;291;292;303;304;305;306;307;308;309;310;311;312;313;314;352;353;354;366;367;368;369;370;371;387;399;400;401;413;459;460;461;462;471;472;473;474;475;476;477;478;479;480;481;482;483;484;485;486;487;496;497
F122022,10,4,4,2894.329814968424,2700.0,194.32981496842422,16,148,148,107,16.08220601081848,12;13;27;37;38;47;48;49;50;51;52;53;54;55;56;57;58;59;60;61;62;63;72;73;74;75;76;77;78;79;80;81;82;83;84;85;86;87;88;89;90;99;100;101;102;103;104;105;106;107;108;109;110;111;112;113;114;115;116;125;135;136;137;138;139;140;141;142;156;157;158;159;160;161;162;163;164;165;175;193;194;195;196;197;198;199;200;209;210;211;212;213;214;215;216;217;218;228;229;244;254;255;269;270;271;272;273;274;275;276;277;278;279;280;310;326;327;328;329;330;331;332;333;334;335;336;345;346;347;348;349;350;372;385;386;387;400;415;480;489;490;491;492;493;494;495;496;497
F122022,10,5,5,2836.1860585392433,2700.0,136.18605853924328,12,91,91,52,10.576105833053589,27;28;41;42;55;56;66;83;84;85;86;87;137;138;139;156;157;158;159;160;161;162;163;164;173;174;175;176;177;178;179;180;181;182;183;184;185;186;187;188;189;201;202;203;204;214;224;225;226;227;228;229;230;231;232;233;234;235;236;237;238;239;254;255;256;257;258;259;260;261;262;263;278;279;288;289;290;291;292;293;303;304;313;314;315;316;317;318;333;359;495
F122022,10,6,6,2865.514271243898,2700.0,165.51427124389784,16,128,128,76,14.144565105438232,24;25;54;63;64;65;76;77;78;79;90;91;92;93;111;112;121;122;123;124;125;126;127;128;129;130;131;132;133;134;135;136;137;138;139;148;149;150;151;152;153;154;155;156;157;158;159;160;161;162;163;164;165;189;190;191;200;201;202;203;204;205;206;221;244;245;246;255;256;257;258;259;260;261;262;263;264;265;266;267;268;269;270;271;280;293;294;295;296;309;310;311;312;313;314;315;316;317;318;319;320;321;341;342;343;344;345;346;373;411;430;431;432;478;479;480;489;490;491;492;493;494;495;496;497;498;499;500
F122022,10,7,7,2814.782228650099,2700.0,114.78222865009911,16,136,136,96,14.948236227035522,11;12;21;22;23;37;46;47;48;49;50;60;70;71;72;81;95;96;97;131;132;141;142;143;144;145;146;147;148;149;150;151;152;153;154;164;165;166;175;176;177;178;179;180;181;182;183;184;185;186;187;197;218;219;220;221;222;231;232;233;234;235;253;262;263;264;265;266;267;268;269;270;271;272;273;283;292;293;294;295;296;297;298;299;300;301;302;303;304;305;306;307;308;309;318;319;320;321;322;323;324;325;326;327;328;329;330;331;332;333;334;343;344;345;346;347;348;349;350;351;352;353;363;383;384;385;386;387;388;437;478;487;488;489;499;500
F122022,10,8,8,2934.245987308835,2700.0,234.24598730883508,15,157,157,113,16.70523715019226,22;37;38;39;40;50;64;65;66;67;68;69;70;71;72;73;74;75;84;85;86;87;88;89;90;91;92;93;94;95;96;97;98;99;100;118;128;129;130;131;140;141;142;143;144;145;146;147;148;149;150;151;152;153;154;155;156;165;166;167;168;178;179;180;181;190;191;192;193;194;195;196;197;198;199;200;201;202;203;204;205;206;215;216;217;218;219;220;221;222;223;224;225;226;227;228;229;230;231;249;250;251;252;253;254;255;256;257;266;267;268;269;270;271;272;273;274;275;276;277;278;279;280;281;282;291;292;293;294;295;305;306;307;308;338;347;348;367;390;444;476;485;486;487;488;489;490;491;492;493;494;495;496;497;498;499;500
F122022,10,9,9,2968.85059229729,2700.0,268.85059229728995,19,245,245,217,25.440789222717285,25;37;38;39;40;41;42;43;44;45;46;47;48;49;50;65;66;67;68;69;70;71;72;73;74;75;84;85;86;87;88;89;90;91;92;93;94;95;105;114;115;116;117;118;119;120;121;122;123;124;125;126;127;128;129;130;139;140;141;142;143;144;145;146;147;148;149;150;151;152;153;154;155;164;165;166;167;168;169;170;171;172;173;174;175;176;177;178;179;180;189;190;191;192;193;194;195;196;197;198;199;200;201;202;203;204;205;206;215;216;217;218;219;220;221;222;223;224;225;226;227;228;229;230;231;240;241;242;243;244;245;246;247;248;249;250;251;252;253;254;255;256;257;266;267;268;269;270;271;272;273;274;275;276;277;278;279;280;281;282;291;292;293;294;295;296;297;298;299;300;301;302;303;304;305;306;307;322;323;324;325;326;327;328;329;330;331;332;341;342;343;344;345;346;347;348;349;350;351;352;353;354;355;356;357;366;367;368;369;370;371;372;373;374;375;376;377;378;379;389;398;412;413;414;447;471;472;481;482;483;484;485;486;487;488;489;490;491;492;493;494;495;496;497;498
F122022,10,10,10,2903.500352811692,2700.0,203.5003528116922,16,197,197,115,20.443785905838013,15;16;25;26;27;28;29;30;31;32;33;34;35;36;37;38;39;40;41;64;65;98;99;100;109;110;111;112;113;114;115;130;131;140;141;142;143;144;145;146;147;148;149;150;151;152;153;154;155;156;165;166;167;177;178;179;180;181;190;191;192;193;194;195;196;197;198;199;200;201;202;203;204;205;215;224;225;226;227;228;229;230;231;232;233;234;235;236;237;238;239;240;249;250;251;252;253;254;255;256;257;258;259;260;261;262;263;264;265;274;275;276;277;278;279;280;281;282;283;284;285;286;287;288;289;290;291;292;301;302;303;304;305;306;307;308;309;310;311;312;313;314;315;316;317;326;327;328;329;330;331;332;333;334;335;336;337;338;339;340;341;342;343;352;353;354;355;356;357;358;359;360;361;362;363;364;365;366;367;368;377;378;379;380;381;382;383;384;394;403;404;405;431;488;497;498;499
F122022,10,11,11,2868.223253873416,2700.0,168.22325387341607,18,207,207,153,21.860228061676025,13;22;23;24;25;26;27;28;29;30;31;32;33;34;35;36;37;38;55;56;57;58;59;60;61;62;63;72;73;74;75;76;77;78;79;80;81;82;83;84;94;103;104;105;106;107;108;119;137;138;139;140;141;142;143;144;153;154;155;156;157;158;159;160;161;162;163;164;165;166;167;185;194;195;196;197;198;199;200;201;202;203;204;205;206;207;208;209;210;219;220;221;222;223;224;225;226;227;228;229;230;231;232;233;234;235;252;253;254;255;256;257;258;259;260;274;275;276;277;278;279;280;281;282;283;284;285;294;295;296;297;309;310;319;320;321;322;323;324;356;369;370;371;372;373;374;375;376;377;378;379;380;381;396;397;398;399;400;401;402;403;404;405;406;407;408;417;418;419;420;421;422;423;424;425;426;427;428;429;430;431;432;433;449;450;451;452;453;454;455;456;457;458;459;468;479;480;481;484;493;494;495;496;497;498;499;500
F122022,10,12,12,2878.9462533412243,2700.0,178.9462533412243,13,149,149,87,16.228578805923462,15;16;25;26;27;28;29;30;31;32;33;34;35;36;37;38;39;40;41;50;51;52;53;54;55;56;57;58;59;60;61;62;63;64;65;66;75;76;77;105;106;107;108;117;118;119;120;121;122;123;133;134;156;157;158;159;171;172;173;174;175;176;177;178;179;180;181;182;183;184;185;186;187;196;197;198;199;200;201;202;203;204;205;206;207;208;209;210;211;212;223;224;225;226;227;228;229;230;231;232;233;234;235;236;237;252;253;254;255;256;257;258;259;260;261;262;271;272;273;274;275;276;277;278;279;280;281;282;283;284;285;286;287;296;297;298;299;300;301;302;303;304;325;326;327;363;364;365;494
F122022,10,13,13,2879.115079018492,2700.0,179.115079018492,15,216,216,170,22.6633620262146,23;24;25;40;41;42;43;44;45;46;47;48;49;50;59;60;61;62;63;64;65;66;67;68;69;70;71;72;73;74;75;84;85;86;87;88;89;90;91;92;93;94;95;96;97;98;99;100;109;110;111;112;113;114;115;116;117;118;119;120;121;122;123;124;125;134;135;136;137;138;139;140;141;142;143;144;145;146;147;148;149;150;159;160;161;162;163;164;165;166;167;168;169;170;171;172;173;174;175;184;185;186;187;188;189;190;191;192;193;194;195;196;197;198;199;200;209;210;211;212;213;214;215;216;217;218;219;220;221;222;223;224;225;226;235;236;237;238;239;240;241;242;243;244;245;246;247;248;249;250;251;252;261;262;263;264;265;266;267;268;269;270;271;272;273;274;275;276;277;286;287;288;289;290;291;292;293;294;295;296;297;298;299;300;301;302;311;312;313;314;315;316;317;318;319;320;321;322;323;324;325;326;327;345;346;347;348;349;350;351;352;363;489;490;499;500
F122022,10,14,14,2897.9061361766508,2700.0,197.90613617665076,13,104,104,77,11.734920978546143,13;14;15;33;34;35;60;69;70;71;72;73;74;86;97;98;99;100;101;102;103;104;105;106;107;108;109;110;111;134;135;136;145;146;147;148;149;150;151;152;153;154;175;184;185;186;187;188;189;190;191;192;193;194;195;196;197;198;199;200;217;218;219;220;221;222;223;224;225;234;235;236;260;275;276;277;278;297;306;307;308;309;310;311;312;313;314;315;316;327;328;348;349;350;351;352;353;374;375;376;377;378;486;496
F122022,10,15,15,2995.0464008888716,2700.0,295.04640088887163,14,137,137,99,15.0555260181427,35;36;37;46;47;48;49;50;51;52;53;54;55;56;57;58;70;71;72;81;82;83;84;85;107;116;117;118;119;120;121;122;123;124;125;126;127;128;129;130;131;132;141;162;163;164;188;189;198;199;200;201;202;203;204;205;206;207;208;209;210;211;212;213;214;230;231;241;257;258;259;260;261;262;263;264;265;266;275;276;277;278;279;280;281;282;283;284;285;286;287;288;289;290;291;301;302;303;304;305;306;307;308;309;319;331;332;333;334;335;336;337;338;339;340;341;342;343;344;360;361;362;462;472;473;474;475;476;477;480;481;482;483;484;485;486;487
F122022,10,16,16,2868.574839606529,2700.0,168.57483960652917,14,122,122,78,13.480773210525513,11;12;39;75;84;85;86;87;88;89;99;100;109;110;111;112;113;114;115;116;117;118;119;120;121;122;132;133;149;150;151;152;153;154;155;156;157;158;159;168;169;170;171;172;173;174;175;176;177;178;201;202;203;212;213;214;215;216;217;218;219;220;221;222;223;224;225;226;236;245;246;247;248;249;250;251;252;253;254;255;256;257;258;259;260;261;262;281;282;283;284;285;286;287;288;297;298;299;300;301;302;303;304;305;306;307;308;309;310;311;312;313;331;332;333;334;344;345;376;393;480;498
F122022,10,17,17,2870.9730857621785,2700.0,170.97308576217847,16,171,171,110,18.244960069656372,20;21;22;31;42;43;44;45;46;47;48;57;67;68;69;70;71;81;96;97;98;99;100;101;102;103;104;105;106;107;108;117;118;119;120;121;122;123;124;125;126;127;128;129;130;131;132;133;142;143;144;145;146;147;148;149;150;151;152;153;154;155;156;157;158;159;160;161;170;171;172;173;174;175;176;177;178;179;180;181;182;183;184;185;186;187;188;206;207;208;209;210;211;212;213;222;223;224;225;226;227;228;238;252;253;254;255;256;257;258;259;260;261;262;263;279;280;281;282;283;284;285;286;287;288;299;300;301;302;303;304;305;306;307;308;309;310;311;312;313;339;340;341;350;351;369;385;386;387;388;389;390;391;392;393;394;478;487;488;489;490;491;492;493;494;495;496;497;498;499;500
F122022,10,18,18,2935.669750005683,2700.0,235.669750005683,17,187,187,121,19.904946088790894,29;52;53;54;66;67;68;69;70;71;72;73;74;75;76;77;78;79;97;98;99;100;101;102;103;104;113;114;115;116;117;118;119;120;121;122;123;124;125;126;127;128;129;142;143;144;145;146;147;148;149;150;151;152;153;154;163;164;165;166;167;168;169;170;171;172;173;174;175;176;177;178;179;180;189;190;200;201;202;203;204;205;214;215;216;217;218;219;220;221;222;223;224;225;226;227;228;229;230;239;240;250;251;252;253;254;255;256;265;266;267;268;269;270;271;272;273;274;275;276;277;278;279;280;281;294;295;296;297;298;299;300;301;302;303;304;305;315;316;325;326;327;328;329;330;331;332;333;334;335;336;337;338;339;340;341;350;351;361;362;395;415;416;417;435;436;464;473;474;475;476;477;478;479;480;481;482;483;484;485;486;487;488;489;490;491;492
F122022,10,19,19,2889.356609298227,2700.0,189.35660929822689,16,193,193,158,20.455437898635864,44;53;54;55;56;57;58;59;60;61;62;63;64;65;66;67;68;69;78;79;80;81;82;83;84;85;86;87;88;89;90;91;92;93;94;103;104;105;106;118;119;120;129;130;131;132;133;134;135;158;171;172;173;174;175;176;177;178;179;180;181;182;183;192;193;194;195;196;197;198;199;200;201;202;203;204;205;206;207;208;223;224;225;226;227;228;229;230;231;232;233;242;243;244;245;246;247;248;249;250;251;252;253;254;255;256;257;258;267;268;269;270;271;272;273;274;275;276;277;278;279;280;281;282;283;292;293;294;295;296;297;298;299;300;301;302;303;304;305;306;307;308;317;318;319;320;321;322;323;324;325;326;327;328;329;330;331;332;333;357;368;384;385;386;387;388;389;390;391;392;393;415;416;417;474;475;484;485;486;487;488;489;490;491;492;493;494;495;496;497;498;499;500
F122022,10,20,20,2891.2993409926657,2700.0,191.29934099266575,15,165,165,119,17.808125019073486,21;38;48;57;58;59;60;61;62;63;64;65;66;67;68;69;70;71;72;73;82;83;84;85;86;87;88;89;90;91;92;93;94;95;96;97;98;107;108;109;110;111;112;113;114;115;116;117;118;119;120;121;122;123;132;133;134;135;136;137;138;139;140;141;142;143;144;145;146;147;148;157;158;159;160;161;162;163;164;165;166;167;168;169;170;171;172;173;182;183;184;185;195;196;197;198;199;208;209;210;211;212;213;214;215;216;217;218;219;220;221;222;223;224;225;244;245;246;247;248;249;250;259;260;261;262;263;274;275;286;287;288;289;290;291;292;293;294;295;296;306;316;317;318;319;320;330;331;346;347;348;349;350;406;482;483;484;485;486;487;496;497;498;499;500
F122022,10,21,21,2856.9658418678428,2700.0,156.96584186784276,15,141,141,84,15.27944278717041,16;25;26;27;28;29;41;50;51;52;53;54;55;56;57;58;73;88;89;90;91;92;93;94;95;96;97;98;107;108;109;110;111;112;113;114;115;116;117;118;119;120;121;122;123;146;147;148;157;158;159;160;161;162;163;164;165;166;167;168;169;170;171;172;173;182;183;184;185;186;187;188;189;190;191;192;193;194;195;196;197;198;207;208;209;210;211;212;213;214;215;216;217;236;245;246;247;248;249;250;251;252;253;254;255;256;257;258;259;260;279;294;295;296;297;298;299;300;301;302;312;325;326;327;337;338;347;348;349;350;351;352;353;363;376;377;378;430;483;484;485
F122022,10,22,22,2714.9454979729,2700.0,14.94549797289983,17,185,185,165,19.762758016586304,18;27;37;38;48;57;58;59;60;61;62;63;64;65;66;67;68;69;70;71;72;73;82;92;93;94;95;96;97;98;107;108;109;110;111;112;113;114;115;116;117;118;119;120;121;122;123;132;133;134;135;136;137;138;139;140;141;142;143;144;145;146;147;148;166;167;168;169;170;171;172;173;182;183;184;185;186;187;188;189;190;191;192;193;194;195;196;197;198;207;217;218;219;220;221;222;223;224;233;234;235;236;237;238;239;240;241;242;243;244;245;246;247;248;249;258;259;260;261;262;263;264;265;266;267;268;269;270;271;272;273;274;283;284;285;286;287;288;289;290;291;292;293;294;295;296;297;298;299;309;310;311;312;313;314;315;316;317;318;319;320;321;331;340;341;342;343;344;345;346;347;369;370;379;380;381;382;394;395;452;467;468;490;499;500
F122022,10,23,23,2911.449167536404,2700.0,211.44916753640382,17,232,232,145,23.804296016693115,24;37;38;39;40;41;42;43;44;45;46;47;57;66;67;68;69;70;71;72;73;74;75;76;77;78;79;80;81;82;91;92;93;94;109;110;121;131;132;133;134;135;144;145;146;147;148;149;150;151;152;153;154;155;156;157;158;159;160;169;170;171;172;173;174;175;176;177;178;179;180;181;182;183;184;185;186;195;196;197;198;199;200;201;202;203;204;205;206;207;208;209;210;211;220;221;222;223;224;225;226;227;228;229;230;231;232;233;234;235;236;237;246;247;248;249;250;251;252;253;254;255;256;257;258;259;260;261;262;263;264;273;274;275;276;277;278;279;280;281;282;283;284;285;286;287;301;302;303;304;313;314;315;316;317;318;319;320;321;322;323;324;325;326;327;328;329;338;339;340;341;342;343;344;345;346;347;348;349;350;351;352;353;354;355;356;357;358;367;368;369;370;380;381;382;383;384;385;386;387;388;389;398;399;400;401;402;403;404;405;406;419;420;421;435;436;437;438;439;440;441;442;443;461;462;486;487;488;489;498;499;500
F122022,10,24,24,2920.2245545472742,2700.0,220.22455454727424,16,167,167,119,17.89573311805725,18;27;37;38;39;40;41;42;43;52;53;54;55;56;57;58;59;60;61;62;63;64;65;66;67;68;69;89;90;91;92;93;94;109;110;131;141;142;143;144;145;155;156;165;166;167;168;169;170;171;172;173;174;175;176;177;178;179;180;181;190;191;192;193;194;195;196;197;198;199;200;201;202;203;204;205;206;207;220;221;222;223;224;225;226;227;228;229;230;231;232;233;242;243;244;245;246;247;248;249;250;251;252;253;254;255;256;257;258;267;268;269;270;271;272;273;283;284;285;294;295;296;297;298;299;300;301;302;303;304;305;323;340;341;342;343;344;345;346;347;348;364;365;366;367;368;410;411;412;444;476;477;478;487;488;489;490;491;492;493;494;495;496;497;498;499;500
F122022,10,25,25,2863.200462192908,2700.0,163.20046219290816,14,172,172,113,18.47243309020996,29;43;44;45;46;47;48;49;50;51;52;53;54;65;66;67;68;69;70;71;72;73;74;75;76;77;78;79;88;89;90;91;92;93;94;95;96;97;98;99;100;101;102;103;104;113;114;115;116;117;118;119;120;121;122;123;124;125;126;127;128;129;130;131;140;141;142;143;144;145;146;147;148;149;150;151;152;153;154;155;156;165;166;167;168;169;170;171;172;173;174;175;176;177;178;179;180;181;190;191;192;193;194;195;196;197;198;199;200;201;202;203;204;205;206;215;216;217;218;219;220;221;222;223;224;225;226;227;228;229;230;231;242;243;244;245;246;247;264;290;299;300;301;302;303;313;314;315;352;370;371;372;373;383;384;414;415;434;473;482;483;484;485;486;487;488;489;490;491;492;493;494
F122022,10,26,26,2879.236306846278,2700.0,179.23630684627778,15,134,134,77,14.798024892807007,19;32;33;34;35;45;57;58;59;60;61;62;63;64;65;66;96;97;111;112;113;114;115;116;117;118;119;120;121;122;134;135;136;137;138;150;159;160;161;162;163;164;165;175;176;185;186;187;188;189;190;191;192;193;194;195;196;210;219;235;236;245;246;247;248;249;250;251;252;253;254;255;256;257;258;259;260;261;262;271;272;273;274;275;276;277;278;279;280;281;282;283;284;285;286;287;296;297;298;299;300;301;302;303;304;305;306;307;308;309;310;335;347;348;349;350;351;352;374;375;376;386;387;388;401;402;418;419;420;421;439;440;494;495
F122022,10,27,27,2882.387859565171,2700.0,182.38785956517086,14,212,212,159,22.26782727241516,21;22;31;32;33;34;35;36;37;38;39;40;41;42;43;44;45;46;47;56;57;58;59;60;61;62;63;64;65;66;67;68;69;70;71;72;81;82;83;84;85;86;87;88;89;90;91;92;93;94;95;96;97;106;107;108;109;110;111;112;113;114;124;133;134;135;136;137;138;139;140;141;142;143;144;145;146;147;148;149;150;160;161;162;163;164;165;166;167;168;169;170;171;172;173;174;175;184;185;186;187;188;189;190;191;192;193;194;195;196;197;198;199;200;209;210;211;212;213;214;215;216;217;218;219;220;221;222;223;224;225;234;235;236;237;238;239;240;241;242;243;244;245;246;247;248;249;250;259;260;261;262;263;264;265;266;267;268;269;270;271;272;273;274;275;276;287;288;289;290;291;292;293;294;295;296;297;298;299;300;301;302;303;312;313;314;315;316;317;318;319;320;321;322;323;324;325;326;327;328;337;338;339;349;350;351;352;353;364;365;366;367
F122022,10,28,28,2888.8928468530885,2700.0,188.89284685308849,10,135,135,85,14.646381139755249,41;42;51;52;53;54;55;56;57;95;104;105;106;107;108;109;110;111;112;113;114;115;116;117;118;119;120;129;130;131;141;142;143;144;145;161;162;163;164;165;166;167;168;169;170;179;180;181;182;183;184;185;186;187;188;189;190;191;192;193;194;195;204;214;215;216;217;218;219;220;221;236;237;238;239;240;241;242;243;244;245;246;255;256;257;258;259;260;261;262;263;264;265;266;267;268;269;270;271;272;273;274;275;285;294;295;296;297;298;299;300;301;302;303;304;305;306;475;476;485;486;487;488;489;490;491;492;493;494;495;496;497;498;499;500
F122022,10,29,29,2879.608618804776,2700.0,179.60861880477614,14,143,143,104,15.679207801818848,25;44;45;46;47;48;49;50;51;52;61;62;63;64;65;66;67;68;69;70;71;72;73;74;75;76;77;78;94;95;96;106;107;108;109;118;119;120;121;122;123;124;125;126;127;145;146;155;156;157;158;159;160;161;162;163;164;165;166;167;168;169;179;193;194;195;196;197;198;199;200;201;202;203;204;215;225;226;227;228;229;238;239;240;241;242;243;244;245;246;247;248;249;250;251;252;253;254;263;264;265;266;267;268;269;270;271;272;273;274;307;322;323;324;325;326;327;328;329;330;331;332;368;377;378;379;380;381;391;392;393;402;403;404;414;476;477;478;487;497;498;499;500
F122022,10,30,30,2867.7886110700997,2700.0,167.7886110700997,16,195,195,90,20.52812099456787,12;13;14;35;36;37;38;39;40;49;50;51;52;53;54;55;56;57;58;59;60;61;62;63;73;82;83;84;85;86;87;88;89;90;91;92;93;94;95;96;97;98;99;100;126;127;128;129;130;154;155;156;165;166;167;168;169;170;171;172;173;174;175;176;177;178;179;180;181;182;191;192;193;194;195;196;197;198;199;200;201;202;203;204;205;206;207;216;217;218;219;220;221;222;223;224;225;226;227;228;229;230;231;232;233;234;235;236;237;246;247;248;249;250;251;252;253;254;255;256;257;267;268;269;278;279;280;281;282;283;284;285;286;287;288;289;290;291;292;293;334;344;345;346;347;348;349;350;351;352;353;354;355;356;357;358;359;360;370;371;372;373;374;375;376;377;378;379;380;399;427;428;441;442;460;473;474;475;476;477;478;479;480;481;482;483;484;485;494;495;496;497;498;499;500
