dimension,rank,function,mean,std,best,worst
10,1,F12022,2414.9029079842703,0.0,2414.9029079842703,2414.9029079842703
