function,dimension,run_id,seed,best_fitness,global_optimum,error_to_optimum,rescues_applied,diagnostics_invoked,diagnostics_invocation_count,positive_diagnosis_count,runtime_sec,diagnostics_invocation_iterations
F12022,10,1,1,448.57689917509083,300.0,148.57689917509083,3,76,76,3,14.559530973434448,17;18;19;20;21;66;67;68;69;70;71;72;104;105;106;107;119;120;121;122;123;124;125;126;127;149;171;172;173;174;175;176;177;178;179;180;181;182;183;184;185;186;187;188;189;190;191;218;219;231;232;253;254;255;297;298;353;354;355;356;357;358;359;360;361;362;363;364;493;494;495;496;497;498;499;500
F12022,10,2,2,456.955313192984,300.0,156.95531319298402,2,46,46,2,1.0236220359802246,22;23;24;69;70;71;72;73;74;86;87;88;89;90;91;92;93;94;95;96;177;178;179;222;223;224;225;226;227;228;229;230;263;264;265;278;318;319;320;321;322;323;324;325;484;496
F12022,10,3,3,3872.63778469273,300.0,3572.63778469273,4,138,138,11,2.3490488529205322,53;54;55;56;57;58;59;60;61;62;108;109;110;111;112;124;125;126;127;128;129;130;131;132;133;134;135;136;137;138;139;140;141;142;153;165;166;167;168;169;170;171;172;173;174;175;176;177;178;179;180;181;182;183;184;195;196;197;198;199;200;201;202;203;204;205;206;207;208;209;210;211;212;213;214;215;216;217;218;219;220;221;243;244;245;246;247;248;249;250;251;252;253;254;255;256;257;258;259;260;261;262;263;264;265;266;278;279;280;281;282;283;284;285;286;287;288;300;301;302;303;304;305;306;307;308;309;310;311;323;324;325;326;327;328;329;330;331
F12022,10,4,4,2617.4954324398054,300.0,2317.4954324398054,2,41,41,2,0.9431898593902588,88;89;90;91;92;93;94;95;96;97;98;99;100;101;102;103;104;105;106;107;108;149;150;151;168;169;170;182;183;184;225;226;282;283;349;350;351;352;372;373;374
F12022,10,5,5,1818.7122273151365,300.0,1518.7122273151365,4,136,136,8,2.3156421184539795,45;46;47;48;49;61;85;86;87;88;89;90;91;92;93;94;95;96;97;98;99;100;101;102;103;115;116;117;118;119;120;121;122;123;124;125;138;139;140;141;142;143;144;183;184;185;186;187;188;189;190;191;203;204;205;206;207;208;209;210;211;212;213;214;215;216;217;218;219;220;221;222;223;224;225;226;227;228;229;230;231;232;233;234;235;236;237;238;239;265;266;267;268;269;270;271;272;273;274;275;276;277;278;279;280;281;282;283;284;285;286;303;304;305;306;307;308;309;310;311;312;333;334;335;336;337;338;339;340;341;361;362;363;364;365;366
F12022,10,6,6,444.6647475960443,300.0,144.66474759604432,3,35,35,3,0.8592808246612549,95;96;97;109;145;146;147;148;149;150;161;162;179;180;181;182;183;184;185;186;187;188;189;190;191;210;211;212;213;214;215;229;490;491;492
F12022,10,7,7,2439.4923900639114,300.0,2139.4923900639114,4,108,108,7,1.9164671897888184,39;40;41;42;43;44;55;56;57;58;59;60;61;62;63;64;65;66;67;68;122;123;124;125;126;127;128;129;130;131;132;133;134;135;136;137;138;139;140;141;142;154;155;156;157;158;159;160;174;175;176;177;188;189;190;191;192;193;194;195;196;197;198;199;200;201;202;203;204;205;206;207;208;220;221;222;223;224;235;236;237;238;253;254;255;256;257;258;259;260;261;262;263;264;265;266;267;279;280;281;282;283;284;285;286;287;316;500
F12022,10,8,8,439.0101711480835,300.0,139.0101711480835,1,55,55,1,1.151489019393921,69;70;71;72;73;74;108;109;110;111;182;183;213;214;215;216;244;245;246;247;248;249;250;251;252;294;295;296;297;298;299;300;301;302;303;304;305;306;307;308;309;310;311;323;324;368;369;370;371;372;373;374;375;493;494
F12022,10,9,9,638.5828551389527,300.0,338.5828551389527,1,112,112,3,1.9707541465759277,103;104;105;106;107;108;109;110;111;112;113;114;115;116;138;139;140;141;142;143;144;145;146;147;162;163;184;185;186;187;188;189;190;191;192;193;194;195;196;197;198;199;200;201;202;203;204;205;206;207;208;209;210;211;212;213;214;215;216;217;218;219;220;221;222;223;224;225;226;227;228;229;230;231;232;233;245;257;269;270;271;283;284;285;286;287;288;289;301;302;303;304;305;306;307;308;309;310;311;312;313;314;315;316;317;318;319;320;321;322;323;324
F12022,10,10,10,467.91148683636584,300.0,167.91148683636584,0,56,56,0,1.1617381572723389,39;40;41;42;43;114;115;116;135;136;137;138;139;140;141;142;143;144;145;146;147;174;175;176;177;178;179;180;181;182;183;184;198;199;200;201;234;235;236;237;238;239;240;241;242;243;244;245;246;286;482;483;484;485;486;498
F12022,10,11,11,469.26333821966193,300.0,169.26333821966193,2,107,107,3,1.8993070125579834,90;91;92;93;94;95;96;97;98;123;124;136;137;138;139;140;141;142;143;144;145;146;147;148;149;150;151;152;153;154;155;167;168;188;189;190;205;206;207;208;209;251;252;253;254;255;256;257;258;259;260;261;262;263;264;265;266;292;293;294;295;296;297;298;317;318;319;320;321;322;323;324;325;326;327;328;329;330;331;332;333;334;346;347;348;349;350;374;375;376;377;378;379;380;479;480;481;482;483;484;485;486;487;488;489;490;491
F12022,10,12,12,482.0563164282915,300.0,182.0563164282915,0,44,44,0,0.9901430606842041,104;105;106;157;158;159;160;161;162;174;175;176;177;178;179;180;181;182;183;184;185;197;225;226;227;283;284;285;286;287;288;289;290;335;347;348;493;494;495;496;497;498;499;500
F12022,10,13,13,462.57689234516954,300.0,162.57689234516954,2,43,43,2,0.9785518646240234,80;81;82;83;84;85;86;87;88;89;90;91;92;93;130;131;132;133;134;135;185;186;187;188;219;220;221;222;223;329;330;331;332;333;334;335;336;337;338;374;375;376;377
F12022,10,14,14,492.3802863326723,300.0,192.3802863326723,2,111,111,2,1.9543941020965576,100;101;102;103;104;105;106;107;108;109;120;121;122;123;124;125;143;144;145;146;168;169;170;171;172;173;174;175;176;177;178;179;180;181;182;183;184;185;186;187;188;189;190;191;192;193;194;195;196;197;198;199;200;201;202;203;204;205;206;207;208;209;210;211;212;213;214;215;216;217;218;219;230;231;232;233;234;235;236;237;238;239;240;241;242;243;244;245;246;247;248;249;250;251;252;253;345;487;488;489;490;491;492;493;494;495;496;497;498;499;500
F12022,10,15,15,395.54775099034276,300.0,95.54775099034276,4,85,85,5,1.5805950164794922,45;46;47;48;49;50;51;52;53;54;55;56;57;58;86;87;88;89;90;91;92;93;94;118;119;120;121;122;133;134;135;136;137;138;139;140;141;142;143;144;145;146;147;148;149;150;151;152;153;154;155;156;191;192;193;194;195;196;197;208;209;240;241;242;243;244;274;275;276;277;278;279;280;281;282;283;364;365;489;490;491;492;493;494;495
F12022,10,16,16,2044.0179332059936,300.0,1744.0179332059936,2,58,58,2,1.1895339488983154,67;68;69;70;71;72;73;74;94;107;108;109;110;111;112;113;114;137;138;139;140;141;142;143;144;145;146;217;218;219;220;221;222;223;224;256;257;258;259;260;261;262;263;264;265;266;267;268;269;270;271;272;273;274;275;313;314;366
F12022,10,17,17,469.5962526376331,300.0,169.59625263763309,1,72,72,1,1.3894929885864258,124;125;152;153;154;155;167;168;180;181;198;199;200;201;202;203;228;229;230;231;232;233;234;235;236;237;238;239;240;241;242;243;244;245;246;247;248;249;250;251;252;253;254;255;271;282;283;284;296;297;309;329;330;346;347;484;485;486;487;488;489;490;491;492;493;494;495;496;497;498;499;500
F12022,10,18,18,469.10571604926224,300.0,169.10571604926224,5,85,85,6,1.5852081775665283,43;44;45;46;57;58;59;81;82;83;84;85;108;109;110;111;112;139;157;158;159;160;161;162;163;164;165;166;167;168;169;170;171;172;173;174;175;176;177;197;198;199;200;201;202;203;204;205;206;207;208;249;250;251;252;253;254;275;276;277;278;279;280;315;316;317;318;330;331;482;483;484;485;486;487;488;489;490;491;492;493;494;495;496;497
F12022,10,19,19,451.28762254167407,300.0,151.28762254167407,3,52,52,3,1.1113369464874268,47;48;49;50;51;52;53;129;130;131;132;133;134;146;147;148;149;150;151;163;164;176;177;211;212;213;214;238;332;333;334;335;336;337;338;339;351;395;396;397;398;399;400;401;484;485;486;487;488;489;490;491
F12022,10,20,20,1914.7047061751755,300.0,1614.7047061751755,4,86,86,5,1.5963351726531982,34;35;79;80;91;92;93;94;129;130;131;132;143;144;145;146;147;148;166;193;194;195;196;197;198;199;200;201;202;203;204;205;206;207;208;209;210;211;212;213;214;233;234;235;236;237;238;239;240;241;259;260;261;279;280;281;282;283;284;285;286;287;288;289;290;291;303;304;376;377;378;379;380;381;382;490;491;492;493;494;495;496;497;498;499;500
F12022,10,21,21,4571.696697769735,300.0,4271.696697769735,5,72,72,5,1.3991360664367676,81;82;83;84;85;86;87;88;89;148;149;150;151;152;192;193;194;195;196;197;198;199;200;201;202;203;204;205;206;207;208;209;210;211;212;213;214;215;216;217;218;219;220;221;222;223;224;225;250;264;265;277;278;279;280;281;294;316;317;318;362;363;364;365;366;367;368;369;370;371;372;500
F12022,10,22,22,498.863105643185,300.0,198.863105643185,3,57,57,5,1.1799161434173584,72;83;84;85;86;87;88;89;90;91;92;129;130;131;158;159;160;161;162;163;164;165;166;167;168;169;170;171;172;173;174;175;176;177;178;179;180;181;182;183;184;185;186;187;188;189;190;191;192;193;194;195;196;197;220;221;222
F12022,10,23,23,2602.038272484914,300.0,2302.038272484914,2,55,55,3,1.147765874862671,49;50;82;83;120;131;132;133;134;135;136;137;138;139;140;141;142;143;144;145;146;147;148;149;150;151;165;166;167;168;169;170;171;219;220;248;249;250;251;252;253;254;255;267;268;269;270;271;494;495;496;497;498;499;500
F12022,10,24,24,495.4906172961048,300.0,195.4906172961048,2,47,47,2,1.0314350128173828,91;130;131;132;133;134;135;136;137;138;150;151;152;153;154;155;156;168;169;170;224;225;226;227;228;229;230;231;246;247;248;249;250;251;374;375;387;388;389;475;476;477;478;479;480;481;482
F12022,10,25,25,484.5966132684631,300.0,184.5966132684631,1,62,62,1,1.2471418380737305,88;89;90;102;103;104;105;106;107;108;109;110;111;123;124;125;126;127;128;129;130;131;132;133;134;135;136;137;138;139;140;218;219;220;221;222;223;258;259;260;261;262;297;298;299;300;301;302;351;352;353;354;481;482;483;484;485;486;487;488;489;490
F12022,10,26,26,416.3670187594755,300.0,116.36701875947551,2,96,96,2,1.739013910293579,95;96;97;98;99;100;101;131;132;133;134;145;146;147;148;149;150;151;152;177;178;179;180;181;182;183;184;185;186;187;188;189;190;191;192;193;194;206;207;208;209;210;211;212;213;214;215;236;237;258;259;260;261;279;280;281;282;283;284;285;286;287;288;289;290;291;292;293;294;295;296;297;298;318;319;320;321;339;389;484;485;486;487;488;489;490;491;492;493;494;495;496;497;498;499;500
F12022,10,27,27,451.6700388611579,300.0,151.67003886115788,3,61,61,4,1.236807107925415,47;48;82;83;84;85;86;87;125;126;127;128;129;130;131;151;152;153;154;168;169;170;189;190;191;192;193;194;195;196;197;198;199;200;201;227;228;229;230;231;232;233;234;235;236;237;238;375;376;377;378;491;492;493;494;495;496;497;498;499;500
F12022,10,28,28,499.7916230825116,300.0,199.7916230825116,2,46,46,5,1.018078088760376,81;102;103;104;105;106;107;108;109;110;111;112;113;114;115;116;117;128;129;180;197;198;199;200;201;202;238;239;260;261;262;263;264;265;266;304;327;328;329;472;473;474;475;476;477;478
F12022,10,29,29,2797.85563368423,300.0,2497.85563368423,3,100,100,4,1.8001799583435059,52;135;136;137;138;139;140;141;142;143;144;145;146;147;148;149;150;151;152;153;154;155;156;157;158;159;160;161;162;163;164;165;166;167;179;180;181;182;183;184;185;186;187;188;189;190;191;192;193;194;195;196;197;198;199;200;201;202;203;204;205;206;207;208;209;210;211;212;213;214;215;226;227;228;229;230;231;232;233;258;259;278;279;280;292;293;294;295;296;297;298;299;300;311;312;313;314;498;499;500
F12022,10,30,30,589.8030707564446,300.0,289.80307075644464,2,67,67,2,1.3210017681121826,76;77;78;79;80;106;107;119;120;132;133;134;135;166;167;168;169;170;181;182;183;184;185;186;187;188;189;190;210;211;212;213;239;240;241;242;281;282;283;284;285;286;287;288;289;290;291;292;293;305;306;307;308;309;310;311;323;324;325;326;327;328;329;330;331;332;333
F22022,10,1,1,490.21722789208576,400.0,90.21722789208576,2,51,51,11,1.3122029304504395,106;126;127;128;129;130;131;132;133;134;135;136;137;138;139;140;141;152;153;154;155;156;157;158;159;160;172;173;174;175;176;188;189;219;220;221;222;223;265;333;361;362;363;493;494;495;496;497;498;499;500
F22022,10,2,2,577.2583201147369,400.0,177.25832011473688,6,121,121,59,2.5361859798431396,59;60;71;72;73;74;75;76;77;78;79;80;81;82;83;84;85;86;87;88;89;90;91;92;93;94;106;107;123;124;125;126;127;128;129;130;131;132;133;134;135;136;137;138;139;140;141;142;143;144;155;156;157;158;159;160;161;162;163;164;165;166;167;168;169;170;171;172;173;174;175;176;177;178;179;180;181;192;193;194;195;196;197;198;199;200;201;202;203;204;205;206;207;208;209;210;211;212;213;235;236;247;248;249;261;262;263;264;265;266;267;268;269;306;323;324;325;326;327;328;329
F22022,10,3,3,438.97417376148184,400.0,38.974173761481836,5,36,36,12,1.0466067790985107,30;48;98;144;145;146;158;159;160;161;185;202;203;204;205;220;231;232;244;245;246;247;248;269;288;289;304;323;483;484;485;486;487;488;489;490
F22022,10,4,4,406.7222926675202,400.0,6.7222926675202075,5,63,63,8,1.5272502899169922,54;55;56;57;58;59;60;61;79;80;81;82;102;103;104;105;106;134;135;136;137;138;139;140;141;142;143;144;145;146;157;158;159;160;173;174;175;176;177;193;194;195;196;197;198;199;200;263;264;265;266;267;268;269;270;271;272;273;274;275;491;492;493
F22022,10,5,5,404.60414256714233,400.0,4.604142567142333,8,76,76,25,1.7554240226745605,13;47;58;59;94;95;96;97;131;132;133;134;159;160;161;162;163;164;176;177;178;179;180;181;182;193;194;195;196;197;198;199;200;226;227;228;229;246;247;248;249;250;251;252;253;254;255;256;257;258;259;260;261;262;263;264;265;266;267;268;269;321;322;323;340;341;342;482;483;484;485;486;487;498;499;500
F22022,10,6,6,429.0284994451653,400.0,29.028499445165323,8,78,78,22,1.7812421321868896,80;91;92;93;94;95;96;97;98;99;100;101;102;103;104;105;106;107;108;109;110;111;112;113;114;115;116;134;135;136;137;138;139;140;141;142;143;144;145;146;147;148;149;150;151;152;174;175;176;177;178;179;180;181;182;183;184;185;203;204;205;206;207;208;226;252;322;323;324;325;326;345;346;347;366;484;485;486
F22022,10,7,7,402.8765173112032,400.0,2.8765173112032016,6,80,80,34,1.819868803024292,59;97;98;114;115;116;117;118;119;120;121;122;123;124;125;126;127;128;129;130;131;132;133;134;135;136;137;138;139;150;151;152;153;154;155;156;157;158;159;160;161;162;163;164;165;205;216;217;218;219;220;221;222;223;224;225;226;227;228;229;230;231;232;233;234;235;236;237;238;239;284;285;483;484;485;486;497;498;499;500
F22022,10,8,8,449.4159211422247,400.0,49.415921142224704,7,79,79,19,1.8005330562591553,13;61;62;63;64;83;84;85;86;87;88;89;121;122;123;152;153;154;155;156;168;169;170;171;172;173;184;185;186;187;188;189;190;191;192;193;194;195;196;197;198;199;200;201;202;203;204;205;206;207;208;229;230;231;232;233;234;235;236;237;238;239;240;241;242;243;244;245;246;247;248;268;269;270;296;307;308;309;310
F22022,10,9,9,463.78655087310483,400.0,63.78655087310483,7,66,66,9,1.573890209197998,30;31;45;46;77;78;79;120;121;122;133;134;135;149;177;178;179;180;181;182;183;184;185;196;197;212;231;232;263;264;265;277;310;311;312;313;314;315;348;349;350;351;352;429;430;431;432;433;473;474;475;486;487;488;489;490;491;492;493;494;495;496;497;498;499;500
F22022,10,10,10,414.21500373798693,400.0,14.215003737986933,6,60,60,11,1.4695518016815186,82;98;99;100;101;102;116;128;129;130;141;142;143;144;145;146;147;148;149;150;151;152;153;154;155;156;185;186;187;223;224;236;237;238;239;240;241;242;243;244;261;262;263;264;265;266;311;312;324;337;338;339;340;341;342;343;344;345;488;489
F22022,10,11,11,632.3987813949327,400.0,232.3987813949327,5,53,53,10,1.3455440998077393,65;66;95;116;117;118;119;120;121;122;143;158;203;204;205;220;221;222;258;259;304;321;322;323;324;325;326;327;328;329;468;469;470;471;472;473;474;475;476;477;488;489;490;491;492;493;494;495;496;497;498;499;500
F22022,10,12,12,442.7986920336993,400.0,42.7986920336993,8,83,83,25,1.8722920417785645,41;64;77;78;95;96;97;108;109;110;111;112;113;114;115;116;117;118;119;120;121;122;123;124;125;126;127;128;129;130;131;146;147;148;159;160;161;162;163;164;176;177;178;179;180;181;182;183;184;185;201;202;203;204;205;206;207;208;209;210;211;212;213;214;215;216;217;218;219;220;221;239;240;261;262;263;343;344;486;487;488;489;500
F22022,10,13,13,483.8919873494104,400.0,83.89198734941039,3,52,52,21,1.3278820514678955,64;81;82;83;84;85;86;87;88;89;90;91;92;93;94;155;166;167;168;169;170;171;172;173;174;175;176;177;178;179;180;181;182;183;184;185;186;187;188;189;190;191;192;193;194;195;196;229;230;487;488;489
F22022,10,14,14,413.52597722267967,400.0,13.525977222679671,6,74,74,12,1.711803913116455,18;19;20;21;22;34;35;36;66;67;68;69;70;71;96;97;98;99;100;101;102;103;104;105;106;107;108;109;110;111;112;113;114;126;127;128;139;140;141;142;143;144;145;163;164;165;166;167;168;189;190;191;192;193;235;236;237;261;262;263;264;265;266;267;268;269;287;288;358;359;492;493;494;495
F22022,10,15,15,499.9665083148569,400.0,99.96650831485692,8,105,105,22,2.25801420211792,29;44;45;46;67;86;87;88;89;100;101;102;103;104;105;106;107;130;131;132;133;134;135;158;159;160;161;162;163;164;165;166;167;168;169;170;171;182;183;184;185;186;187;188;189;190;191;192;193;194;195;196;197;198;199;200;201;202;203;204;205;206;220;221;222;223;224;225;226;250;251;252;284;285;286;287;298;299;300;301;302;303;304;305;306;307;308;358;369;370;371;372;373;374;375;376;377;378;379;380;381;477;478;479;492
F22022,10,16,16,473.3635248525615,400.0,73.36352485256151,5,77,77,27,1.767291784286499,59;60;61;62;63;75;86;87;88;89;90;91;92;93;94;95;96;97;98;99;100;101;102;103;104;105;106;128;129;130;141;142;143;144;145;146;147;148;149;150;151;152;153;154;155;156;157;158;159;160;161;173;174;175;197;198;199;200;201;202;203;252;253;318;319;320;321;322;323;324;325;359;360;361;362;363;459
F22022,10,17,17,478.04961758935906,400.0,78.04961758935906,9,155,155,31,3.1371169090270996,40;41;42;43;44;45;46;47;76;77;78;79;80;81;82;83;95;96;97;108;109;110;111;112;113;114;115;153;154;155;156;157;168;169;170;171;172;173;174;175;176;177;178;179;180;181;182;183;184;185;186;187;188;189;201;202;213;225;246;247;248;249;250;251;252;253;254;255;256;270;271;272;273;274;275;276;277;278;279;280;281;282;283;284;285;286;287;288;289;290;291;292;303;304;305;306;307;308;309;310;311;312;313;314;315;316;317;348;349;350;351;352;353;367;368;369;370;371;372;373;374;375;376;377;378;379;380;381;416;417;429;448;464;465;476;477;478;479;480;481;482;483;488;489;490;491;492;493;494;495;496;497;498;499;500
F22022,10,18,18,401.72516023909833,400.0,1.7251602390983294,6,79,79,23,1.8069829940795898,65;76;77;78;79;80;81;82;83;84;96;97;98;99;111;112;113;138;139;140;151;152;153;154;155;156;157;158;170;171;172;173;185;196;197;198;199;200;201;202;203;204;224;225;236;237;238;250;251;252;253;254;255;256;257;258;259;260;261;262;263;274;286;475;476;477;478;479;480;491;492;493;494;495;496;497;498;499;500
F22022,10,19,19,496.51703265892036,400.0,96.51703265892036,7,78,78,27,1.7912709712982178,43;44;45;46;47;69;70;71;72;73;74;75;76;77;78;79;80;81;82;102;103;104;105;106;107;108;126;127;147;148;149;150;151;152;153;154;155;156;157;158;159;160;161;162;173;174;175;176;177;178;179;180;181;182;183;184;185;186;187;188;189;190;191;192;193;194;195;226;227;238;258;259;260;261;262;450;451;452
F22022,10,20,20,469.76020023961485,400.0,69.76020023961485,5,82,82,9,1.860079288482666,32;33;59;70;71;72;73;74;101;102;103;104;105;106;107;136;137;138;139;140;152;153;154;155;156;157;158;159;160;161;162;163;164;201;202;203;218;219;220;221;222;239;240;241;242;243;244;245;246;258;259;273;274;275;276;277;278;279;280;281;282;283;284;285;286;287;288;289;290;291;292;293;294;295;296;297;298;311;312;313;499;500
F22022,10,21,21,452.3890474151819,400.0,52.38904741518189,7,154,154,24,3.1358180046081543,55;56;99;100;111;112;113;114;115;145;175;176;177;178;179;180;181;182;183;184;185;186;187;188;189;190;191;192;193;194;195;196;197;198;199;200;201;202;203;204;205;206;207;208;209;210;211;212;213;214;215;216;240;241;242;243;254;255;256;257;258;259;260;261;262;263;264;265;266;285;286;297;298;299;300;301;302;303;304;305;306;307;308;309;310;311;312;313;314;315;316;317;318;319;320;332;333;334;346;347;348;349;350;351;352;353;354;355;356;373;374;375;376;377;378;396;397;398;399;400;401;412;413;414;415;416;417;418;419;420;421;422;423;424;425;426;427;428;429;430;442;443;460;461;473;474;475;476;477;478;489;490;491;492
F22022,10,22,22,402.01930042296664,400.0,2.019300422966637,7,74,74,16,1.7158970832824707,16;51;52;75;101;102;103;104;105;106;107;108;109;143;144;155;156;157;158;159;160;161;162;163;164;165;166;167;168;169;170;171;172;173;174;175;176;177;178;201;202;219;248;249;250;268;269;270;271;272;273;274;275;276;277;278;279;280;281;282;283;284;285;286;298;366;478;479;480;491;492;493;494;495
F22022,10,23,23,466.6932447888512,400.0,66.69324478885119,5,131,131,23,2.712501049041748,30;97;98;109;110;111;112;113;114;115;116;117;118;119;120;121;122;123;124;125;126;127;128;129;130;131;132;152;153;154;155;156;157;169;170;171;172;173;174;175;176;177;178;179;180;181;182;183;184;185;186;187;188;189;190;191;192;193;194;195;196;207;208;209;210;211;212;213;214;215;244;245;246;247;278;279;280;296;297;298;299;300;301;313;314;315;316;317;318;331;332;333;334;335;336;348;349;350;351;352;353;354;355;356;391;392;393;394;395;396;397;398;399;400;401;435;446;447;448;449;450;484;485;486;487;488;489;490;491;492;493
F22022,10,24,24,506.5072424360052,400.0,106.50724243600519,8,82,82,32,1.855884075164795,21;33;34;68;69;80;81;82;83;84;85;86;87;88;89;103;104;105;116;117;118;119;120;121;122;123;124;125;126;127;128;129;130;145;146;157;158;159;160;161;162;163;176;177;178;179;180;181;182;199;200;201;202;203;204;205;206;218;229;230;231;232;233;234;235;236;237;238;250;251;252;253;254;255;290;291;292;293;294;295;371;372
F22022,10,25,25,600.0059031652247,400.0,200.0059031652247,9,138,138,56,2.8415138721466064,36;37;38;39;50;51;52;53;54;55;56;57;58;59;60;61;62;63;64;65;66;67;68;69;70;71;72;73;74;75;76;77;78;89;90;91;92;93;94;95;96;97;98;99;100;101;102;103;104;105;106;107;108;109;110;111;112;124;135;136;137;138;139;140;141;142;143;144;145;146;147;148;149;150;151;152;153;154;155;156;157;158;159;160;171;172;173;174;175;176;177;178;179;193;194;195;210;211;212;213;230;231;242;243;244;245;246;247;248;249;250;251;252;253;254;255;256;257;258;259;260;261;273;274;275;292;293;294;295;296;297;321;322;323;324;497;498;499
F22022,10,26,26,424.4472128907951,400.0,24.447212890795072,4,69,69,5,1.6276099681854248,49;50;51;52;53;54;55;56;57;58;59;60;61;62;63;84;85;86;98;139;140;141;142;143;144;145;146;147;148;149;150;173;174;175;176;177;178;179;192;193;194;206;207;227;228;229;230;231;242;243;244;245;246;247;248;249;265;266;267;491;492;493;494;495;496;497;498;499;500
F22022,10,27,27,438.9410795765682,400.0,38.9410795765682,6,103,103,20,2.2236318588256836,40;41;52;53;54;70;71;72;73;74;75;76;77;78;79;80;108;109;129;130;131;132;133;134;135;136;137;138;139;140;141;142;143;144;145;171;172;173;174;175;176;177;178;179;180;181;182;183;194;195;196;197;198;199;200;201;202;203;204;216;217;218;219;220;221;222;223;224;235;236;237;238;239;240;241;242;243;244;245;246;247;248;249;250;251;252;253;254;255;256;268;269;270;271;272;273;274;275;286;287;288;496;497
F22022,10,28,28,406.31029878858016,400.0,6.310298788580155,6,43,43,16,1.1714379787445068,35;36;37;62;63;64;65;86;87;88;121;185;186;187;198;199;223;234;235;236;237;238;239;240;241;242;243;244;245;246;247;248;249;250;251;252;266;288;307;308;485;486;500
F22022,10,29,29,441.4068392898322,400.0,41.40683928983219,9,55,55,15,1.3820672035217285,41;100;101;102;103;104;135;136;137;138;139;150;178;179;180;208;209;221;222;223;224;225;226;227;228;229;230;231;248;249;250;251;252;253;254;255;256;257;258;259;260;261;262;263;264;265;266;313;339;340;341;342;404;482;483
F22022,10,30,30,507.46917569776895,400.0,107.46917569776895,9,93,93,13,2.045541286468506,34;51;90;91;92;93;104;105;106;107;108;109;110;111;112;113;114;115;137;138;149;150;151;170;171;172;173;174;175;176;177;178;179;201;202;203;204;205;206;218;219;220;221;222;223;224;225;226;227;228;251;252;253;254;255;256;257;258;259;260;261;262;274;275;276;277;278;279;280;281;355;356;372;373;374;375;376;377;378;379;380;417;418;419;420;441;442;443;444;445;482;499;500
F32022,10,1,1,600.0964902083155,600.0,0.0964902083154584,11,212,212,128,5.63361382484436,30;31;45;46;47;60;61;62;63;64;65;66;77;78;79;80;81;93;94;95;96;97;98;99;100;101;112;118;119;120;121;122;123;124;125;126;127;128;129;130;131;132;133;134;135;136;147;148;149;150;151;152;153;154;155;156;157;158;159;160;161;162;163;164;165;166;167;168;169;180;181;182;183;205;206;207;208;251;262;263;264;265;266;267;268;269;270;271;272;273;274;275;276;277;278;279;280;281;282;283;284;285;286;308;309;310;311;312;323;324;325;326;339;340;341;342;343;344;362;363;364;365;366;367;368;369;370;371;372;373;374;375;376;377;378;389;390;405;406;407;408;409;410;411;412;413;414;415;416;417;418;419;420;421;422;423;424;425;426;437;438;439;440;441;442;443;444;445;446;447;448;449;450;451;452;453;454;455;456;457;458;459;460;461;472;473;474;475;476;477;478;479;480;481;482;483;484;485;486;487;488;489;490;491;492;493;494;495;496;497;498;499
F32022,10,2,2,600.0302913781219,600.0,0.030291378121887647,13,201,201,170,5.368781805038452,37;52;53;54;55;56;57;58;59;60;61;62;63;64;65;66;67;68;69;70;71;72;83;84;85;86;108;125;126;127;128;129;130;131;132;133;134;135;136;137;138;139;140;141;142;143;154;155;156;157;158;159;160;161;162;163;164;165;166;167;168;169;186;197;198;199;200;201;202;203;204;205;206;207;208;209;210;211;212;213;214;215;216;217;218;219;220;221;232;244;245;246;247;248;249;250;251;252;259;279;280;292;293;294;334;335;345;356;357;358;359;360;361;362;363;364;365;377;378;379;380;391;392;393;394;395;396;397;398;399;400;401;402;403;404;405;406;407;408;409;410;411;412;413;414;415;416;427;428;429;430;431;432;433;434;435;436;437;438;439;440;441;442;443;444;445;446;447;448;449;450;451;452;463;464;465;466;467;468;469;470;471;472;473;474;475;476;477;478;479;480;481;482;483;484;485;486;487;488;499;500
F32022,10,3,3,600.0141261323773,600.0,0.014126132377327849,12,233,233,131,6.142595052719116,39;52;53;54;55;56;57;58;59;60;61;62;63;64;65;66;67;68;69;70;71;104;115;116;117;118;119;120;121;122;137;138;139;150;151;152;153;154;155;156;157;158;159;160;170;171;172;173;174;175;186;187;188;189;190;191;192;193;194;195;196;197;198;199;200;201;202;203;204;216;227;228;229;230;231;232;233;234;235;236;237;238;239;240;241;242;243;244;245;246;247;248;253;264;265;266;278;279;280;281;282;283;295;306;307;308;309;310;311;312;313;314;315;316;317;318;319;320;321;322;323;324;325;326;327;328;329;330;331;332;343;344;345;346;347;348;349;350;351;352;353;354;355;359;360;361;362;363;364;365;366;367;380;381;382;383;384;385;386;387;388;395;396;397;398;399;400;401;402;403;404;405;406;417;418;419;420;421;422;423;424;425;426;427;428;429;430;431;432;433;434;435;436;437;438;439;440;441;442;443;454;455;456;457;458;459;460;461;462;463;464;465;466;467;468;469;470;475;476;477;478;479;480;481;482;483;484;485;486;487;488;499;500
F32022,10,4,4,600.0098741734148,600.0,0.00987417341480068,11,160,160,104,4.389145851135254,26;72;83;84;96;97;98;99;100;101;102;103;104;105;106;107;118;119;120;121;122;123;124;125;126;127;128;129;130;131;132;133;145;146;157;158;159;160;161;162;163;164;165;166;167;168;169;170;171;172;184;185;238;260;261;262;263;264;265;266;267;268;269;270;271;272;273;301;349;350;351;362;363;364;365;366;367;377;378;379;380;381;382;383;384;396;407;408;409;410;411;412;413;414;415;416;417;418;419;420;421;422;423;424;425;426;427;428;429;430;431;432;433;434;445;446;447;448;449;450;451;452;453;454;455;456;457;458;459;460;461;462;463;464;465;466;467;468;469;480;481;482;483;484;485;486;487;488;489;490;491;492;493;494;495;496;497;498;499;500
F32022,10,5,5,600.0057365904667,600.0,0.005736590466653979,13,214,214,113,5.674347162246704,25;70;71;82;83;84;85;86;87;88;89;90;91;92;93;94;95;96;111;122;123;124;125;137;145;146;147;158;159;160;161;162;163;164;165;166;167;168;169;170;171;172;173;174;175;176;177;178;179;180;181;182;183;194;195;196;197;198;199;200;201;202;203;204;205;206;207;208;209;210;211;212;213;214;215;216;217;218;229;230;231;232;233;234;235;236;237;238;239;240;241;242;243;244;245;246;247;248;249;250;251;252;253;279;280;281;282;283;284;285;286;287;288;289;300;301;302;303;304;305;306;307;308;309;310;311;312;313;314;315;316;317;318;319;320;321;332;385;386;402;403;404;405;406;407;408;409;410;411;412;413;414;415;416;417;418;419;420;421;422;433;434;435;436;437;438;439;440;441;442;443;444;445;446;447;448;449;450;451;452;453;454;455;456;457;472;473;474;475;476;477;478;479;480;481;482;483;484;485;486;487;488;489;490;491;492;493;494;495;496;497;498;499;500
F32022,10,6,6,600.317697774988,600.0,0.3176977749880052,12,229,229,123,6.031412839889526,39;40;41;52;53;54;55;56;57;58;59;60;61;62;63;64;65;66;67;79;80;81;92;93;94;95;96;97;114;115;116;127;128;129;130;131;132;133;134;135;136;137;138;139;140;141;142;143;144;145;146;147;148;149;150;151;152;163;164;165;166;167;168;169;170;179;180;181;182;194;205;206;207;208;209;210;211;212;213;214;215;216;217;218;219;220;221;222;223;224;225;226;227;228;240;241;252;253;254;255;256;257;258;259;260;261;262;263;264;265;266;267;268;269;270;271;272;273;274;275;276;287;288;289;290;291;292;293;294;295;296;299;300;301;302;303;304;305;306;307;308;309;310;311;322;323;324;325;326;327;328;329;330;331;332;333;334;335;336;337;338;339;340;341;342;343;344;345;346;357;358;359;360;361;362;363;364;365;366;367;368;369;370;371;372;373;374;375;376;377;378;379;380;381;392;393;394;395;396;397;398;399;400;401;402;403;404;405;406;407;408;409;410;411;412;413;414;415;436;454;455;456;457;458;479;491;492;493;494
F32022,10,7,7,600.0127136532308,600.0,0.01271365323077589,13,224,224,157,5.9063920974731445,48;65;66;67;68;69;70;82;83;84;95;96;97;98;99;100;101;102;103;104;105;106;107;108;109;110;117;118;119;130;131;132;165;176;177;178;179;180;181;182;183;184;185;186;187;188;189;190;191;192;193;205;218;219;220;221;222;223;224;225;226;227;228;229;241;261;262;263;264;265;266;267;275;276;288;289;290;291;292;293;294;295;296;297;298;299;300;301;302;303;304;305;306;307;308;309;315;326;327;328;329;330;331;332;333;334;335;336;337;338;339;340;341;342;343;344;345;346;347;348;349;350;361;362;363;364;365;366;367;368;369;370;371;372;373;374;375;376;377;378;379;380;381;382;383;384;385;396;397;398;399;400;401;402;403;404;405;406;407;408;409;410;411;412;413;414;415;416;417;418;419;420;421;422;433;434;435;436;437;438;439;440;441;442;443;444;445;446;447;448;449;450;451;452;453;454;455;456;457;468;469;470;471;472;473;474;475;476;477;478;479;480;481;482;483;484;485;486;487;488;489;490;491;492
F32022,10,8,8,600.0195498807749,600.0,0.01954988077488906,12,197,197,126,5.270810842514038,36;69;70;71;91;92;115;126;127;128;129;130;131;132;133;145;146;147;148;149;150;161;162;163;164;165;166;167;168;169;170;171;172;173;174;175;176;177;178;179;180;181;182;183;195;206;207;208;209;210;211;212;213;214;215;216;217;218;219;220;221;222;223;224;225;226;227;228;229;230;231;232;243;244;245;246;247;248;249;250;251;252;253;254;255;256;257;258;259;260;261;262;263;264;265;266;276;287;288;289;290;291;292;293;294;295;296;297;298;299;300;301;302;303;304;305;306;307;308;309;310;311;322;323;324;325;326;327;328;329;330;331;332;333;334;335;336;337;338;339;340;341;342;343;361;399;400;419;420;421;422;423;424;425;426;427;428;429;430;431;432;433;434;435;446;447;448;449;450;451;452;465;466;467;468;469;470;481;482;483;484;485;486;487;488;489;490;491;492;493;494;495;496;497;498;499;500
F32022,10,9,9,600.0011351076287,600.0,0.0011351076286700845,11,215,215,93,5.703930139541626,25;39;40;41;42;43;44;45;46;82;96;97;98;99;100;101;102;103;104;105;106;119;138;139;140;141;142;143;144;145;146;163;174;175;176;177;178;179;180;181;182;183;184;185;186;187;188;189;190;191;192;193;194;195;196;197;209;220;221;222;223;224;225;226;227;228;229;230;231;232;233;234;235;236;237;238;239;240;241;242;243;244;255;256;257;258;259;260;261;262;263;264;265;266;267;268;269;270;271;272;273;274;275;276;277;278;290;291;310;311;312;313;314;315;316;317;318;319;320;321;322;326;327;346;347;348;349;350;351;352;353;354;355;365;366;367;368;369;370;395;396;397;398;399;400;411;412;413;414;415;416;417;418;419;420;421;422;423;424;425;426;427;428;429;430;431;432;433;434;435;436;437;438;439;440;451;452;453;454;455;456;457;458;459;460;461;462;463;464;465;466;467;468;469;470;471;472;473;474;475;476;487;488;489;490;491;492;493;494;495;496;497;498;499;500
F32022,10,10,10,600.0557951531102,600.0,0.05579515311023897,12,211,211,92,5.597638368606567,32;84;95;96;97;98;99;100;101;102;103;104;105;120;145;146;147;148;149;150;151;152;153;154;155;170;171;172;183;184;185;186;187;188;189;190;201;202;203;204;205;206;207;208;209;210;211;212;213;214;215;216;217;218;219;220;221;222;223;224;225;226;237;238;239;240;241;242;243;244;245;246;247;248;249;258;259;260;261;262;273;274;275;276;277;278;279;280;281;282;283;284;285;286;287;288;289;290;291;292;293;294;295;296;297;298;309;310;311;312;313;314;315;316;317;318;319;320;321;322;323;324;333;334;335;336;337;338;349;350;351;352;353;354;355;356;357;358;359;360;361;362;363;364;365;366;367;384;402;413;414;415;416;417;418;419;420;421;422;423;424;425;426;427;428;429;430;431;432;433;434;435;436;437;438;449;450;451;452;453;454;455;456;457;458;459;460;461;462;463;464;465;466;467;468;469;470;471;472;473;474;475;476;477;478;479;496;497;498;499;500
F32022,10,11,11,600.0132575155582,600.0,0.013257515558166233,12,198,198,90,5.300513744354248,25;53;54;55;64;75;76;77;78;79;80;81;82;83;84;85;86;87;88;89;90;102;113;114;115;116;117;118;119;120;121;122;123;124;125;126;127;128;129;130;131;132;133;134;135;136;137;155;156;157;158;159;160;161;162;163;222;243;244;245;246;247;248;249;250;251;263;264;265;298;299;300;301;302;303;304;305;306;307;308;309;310;311;322;323;324;325;326;327;328;334;335;345;346;347;358;359;360;361;362;363;364;365;366;367;368;369;370;371;372;373;374;375;376;377;378;379;380;381;382;393;394;395;396;397;398;399;400;401;402;403;404;405;406;407;408;409;410;411;412;413;414;415;416;417;418;419;430;431;432;433;434;435;436;437;438;439;440;441;442;443;444;445;446;447;448;449;450;451;452;453;454;465;466;467;468;469;470;471;472;473;474;475;476;477;478;479;480;481;482;483;484;485;486;487;488;489;500
F32022,10,12,12,600.001698767783,600.0,0.0016987677829547465,13,200,200,127,5.3490729331970215,30;31;64;65;66;79;80;94;95;96;97;98;99;100;101;124;125;126;127;133;134;135;136;147;148;149;150;151;152;153;154;155;156;157;158;159;160;161;175;187;188;189;190;191;192;193;194;195;196;197;198;199;200;201;202;203;204;210;221;222;223;224;225;226;228;229;230;231;232;233;234;235;236;237;238;239;240;241;242;243;244;245;268;269;270;271;272;273;274;275;276;277;278;279;280;319;320;321;322;323;324;325;326;327;353;354;355;356;357;358;359;360;361;362;376;377;378;379;380;381;382;392;393;394;395;396;397;398;399;410;411;412;413;414;415;416;417;418;419;420;421;422;423;424;425;426;427;428;429;430;431;432;433;434;445;446;447;448;449;450;451;452;453;454;455;456;457;458;459;460;461;462;463;464;465;466;467;468;469;480;481;482;483;484;485;486;487;488;489;490;491;492;493;494;495;496;497;498;499;500
F32022,10,13,13,600.0147606410114,600.0,0.014760641011434927,12,183,183,122,4.948613166809082,44;55;67;68;69;70;71;72;73;74;75;76;77;78;79;90;91;92;93;94;95;96;97;98;99;100;101;102;103;104;105;106;107;108;109;110;132;143;144;145;146;147;148;149;150;151;152;153;154;181;223;236;237;238;239;240;241;242;243;244;259;270;271;272;273;274;275;276;277;278;279;280;281;282;283;284;285;286;287;288;289;290;291;292;293;294;305;306;307;308;309;310;311;312;313;314;315;316;317;318;319;320;321;322;323;324;325;326;327;328;329;364;384;385;386;387;388;389;390;391;404;416;417;418;419;420;421;422;423;424;425;426;427;428;429;430;431;432;433;434;435;436;437;438;439;450;451;452;453;454;455;456;457;458;459;460;461;462;463;464;468;469;470;471;472;473;474;485;486;487;488;489;490;491;492;493;494;495;496;497;498;499;500
F32022,10,14,14,600.0073478014642,600.0,0.007347801464220538,11,190,190,138,5.088006973266602,24;25;36;37;38;39;40;41;42;43;44;45;46;47;61;75;76;88;89;90;113;124;125;126;127;128;129;130;131;132;133;134;135;136;137;138;139;140;141;142;143;144;145;146;147;148;159;160;161;162;163;164;165;166;167;168;169;170;182;183;200;201;202;203;204;205;206;207;208;209;210;211;212;213;214;215;216;217;218;241;242;243;244;245;246;247;248;258;259;275;276;277;278;279;280;281;282;283;284;285;286;287;288;289;290;291;292;293;294;305;306;307;308;309;321;322;397;398;409;410;411;412;413;414;415;416;417;418;419;420;421;422;423;424;425;426;427;428;429;430;431;432;433;444;445;446;447;448;449;450;451;452;453;454;455;456;457;458;459;460;461;462;463;464;465;466;467;468;469;470;481;482;483;484;485;486;487;488;489;490;491;492;493;494;495;496;497;498;499;500
F32022,10,15,15,600.0605329426005,600.0,0.06053294260050279,11,214,214,171,5.66799783706665,64;65;66;91;141;152;153;154;155;156;157;158;159;160;161;162;163;164;165;166;167;168;169;170;171;172;173;174;175;176;187;188;189;190;210;211;222;223;224;225;226;227;228;229;230;231;232;233;234;235;236;237;238;239;240;241;242;243;244;245;246;257;258;259;260;261;262;263;264;265;266;267;268;269;270;271;272;273;274;275;276;277;278;279;280;281;292;293;294;295;296;297;298;299;300;301;302;303;304;305;306;307;308;309;310;311;312;313;314;315;316;327;328;329;330;331;332;333;334;335;336;337;338;339;340;341;342;343;359;360;373;374;375;376;377;378;384;385;386;396;407;408;409;410;411;412;413;414;415;416;417;418;419;420;421;422;423;424;425;426;427;428;429;430;431;432;443;444;445;446;447;448;449;450;451;452;453;454;455;456;457;458;459;460;461;462;463;464;465;466;467;478;479;480;481;482;483;484;485;486;487;488;489;490;491;492;493;494;495;496;497;498;499;500
F32022,10,16,16,600.0369095255004,600.0,0.03690952550039128,11,195,195,131,5.240270137786865,66;67;87;88;89;90;91;92;105;118;119;120;121;122;123;124;125;126;127;128;129;130;131;132;133;152;163;164;165;166;167;168;169;170;171;172;173;174;175;176;177;178;179;180;181;182;183;184;185;186;187;198;199;200;201;202;203;204;205;206;207;208;209;210;211;212;213;214;215;216;217;218;219;220;221;222;301;333;334;335;336;347;348;349;350;351;352;353;354;355;356;357;358;359;360;361;362;363;364;365;366;367;368;369;370;371;372;383;384;385;386;387;388;389;390;391;392;393;394;395;396;397;398;399;400;401;402;403;404;405;406;407;418;419;420;421;422;423;424;425;426;427;428;429;430;431;432;433;434;435;436;437;438;439;440;441;442;443;454;455;456;457;458;459;460;461;462;463;464;465;466;467;468;469;470;471;472;473;474;475;476;477;478;489;490;491;492;493;494;495;496;497;498;499;500
F32022,10,17,17,600.0178195227622,600.0,0.017819522762238194,10,132,132,67,3.7017409801483154,34;35;82;98;99;100;101;102;103;104;105;106;107;108;109;110;111;112;113;114;115;116;129;148;149;150;151;152;153;154;155;156;157;158;159;160;161;162;163;164;175;176;177;178;179;180;181;182;183;184;185;186;187;188;189;190;191;192;193;194;195;196;197;198;199;200;201;202;203;204;215;216;217;227;228;229;248;249;250;251;252;271;272;273;274;275;276;277;278;279;280;281;282;293;294;295;306;307;308;309;310;311;312;313;314;315;316;317;318;319;320;321;322;323;324;325;326;327;328;329;330;342;343;433;434;445;446;447;448;449;483;484
F32022,10,18,18,600.0038391605467,600.0,0.003839160546704079,12,170,170,111,4.606475830078125,29;40;41;42;43;55;56;57;71;82;83;84;85;86;87;88;89;90;91;92;93;94;116;127;128;129;130;131;132;133;134;135;136;137;138;139;140;141;142;143;144;145;146;147;148;149;150;151;162;163;164;165;166;167;168;169;170;171;172;173;174;175;176;177;178;179;180;192;203;204;205;206;230;241;242;243;244;245;252;253;254;255;267;268;315;329;330;331;350;361;362;363;364;365;366;367;368;398;409;410;411;412;413;414;415;416;417;418;419;420;421;422;423;424;425;426;427;428;429;430;431;432;433;434;445;446;447;448;449;450;451;452;453;454;455;456;457;458;459;460;461;462;463;464;465;466;467;468;469;470;481;482;483;484;485;486;487;488;489;490;491;492;493;494;495;496;497;498;499;500
F32022,10,19,19,600.0197429644946,600.0,0.019742964494639637,12,204,204,159,5.428612947463989,51;52;70;71;72;130;131;155;156;157;167;168;179;180;181;182;183;184;185;186;187;188;189;190;202;203;215;216;217;218;219;220;221;222;223;224;225;226;227;228;229;230;231;232;233;234;235;236;237;238;249;250;251;252;253;254;255;256;257;258;259;260;272;273;284;285;286;287;288;289;290;291;292;293;294;295;296;297;298;299;300;301;302;303;304;305;306;307;308;319;320;331;332;333;334;335;336;337;338;339;340;341;342;343;354;355;356;357;358;359;360;361;362;363;364;365;366;367;368;369;370;371;372;373;374;375;376;377;378;389;390;391;392;393;394;395;396;397;398;399;400;401;409;410;411;412;413;424;425;426;427;428;429;430;431;432;433;434;435;436;437;438;439;440;441;442;443;444;445;446;447;448;459;460;461;462;463;464;465;466;467;468;469;470;471;472;473;474;475;476;477;478;479;480;481;482;483;494;495;496;497;498;499;500
F32022,10,20,20,600.0024531370718,600.0,0.00245313707182504,11,206,206,123,5.47166633605957,28;29;69;89;90;91;92;93;94;95;96;97;98;99;100;101;102;103;104;105;117;132;133;134;135;136;137;138;139;140;141;142;143;144;145;146;147;148;149;150;151;152;153;164;165;166;167;168;169;170;171;172;173;174;175;176;177;178;179;180;181;182;183;184;185;197;208;209;210;211;212;213;214;215;216;217;218;236;237;248;249;250;251;252;253;254;255;256;257;258;259;260;261;262;263;264;265;266;267;268;269;270;271;272;283;284;285;286;287;288;289;290;291;292;293;294;295;296;297;298;299;300;301;302;309;340;359;389;390;391;392;393;394;405;406;407;408;409;410;411;412;413;414;415;416;417;418;419;423;424;425;426;427;428;429;430;441;442;443;444;445;446;447;448;449;450;451;452;453;454;455;456;457;458;459;460;461;462;463;464;465;476;477;478;479;480;481;482;483;484;485;486;487;488;489;490;491;492;493;494;495;496;497;498;499;500
F32022,10,21,21,600.0278116775129,600.0,0.02781167751288649,12,210,210,114,5.582538604736328,53;86;87;88;99;100;101;102;103;104;128;179;180;191;192;193;194;195;196;197;211;212;213;214;215;216;227;228;229;230;231;232;233;234;235;236;237;238;239;240;241;242;243;244;245;246;247;248;249;250;251;262;263;264;265;266;267;268;269;270;271;272;273;274;275;276;277;278;279;280;281;282;283;284;285;286;287;288;289;300;301;302;303;304;305;306;307;308;309;310;311;312;313;314;315;316;317;318;319;320;321;322;323;324;335;336;337;338;339;340;341;342;343;344;345;346;347;348;349;350;351;352;353;354;355;356;357;358;359;360;361;362;363;374;375;376;395;396;397;398;399;412;413;414;415;416;417;418;419;420;421;422;423;424;425;426;427;428;429;430;431;432;433;434;435;446;447;448;449;450;451;452;453;454;455;456;457;458;459;460;461;462;463;464;465;466;467;468;469;470;471;472;483;484;485;486;487;488;489;490;491;492;493;494;495;496;497;498;499;500
F32022,10,22,22,600.000393603269,600.0,0.0003936032690035063,13,249,249,115,6.518357992172241,14;50;72;73;74;75;76;77;78;79;80;81;82;83;84;85;105;106;107;108;109;110;111;112;113;114;115;116;117;118;119;120;155;166;167;168;169;170;171;172;173;174;175;176;177;178;179;180;181;182;183;184;185;186;187;188;189;190;210;211;212;213;214;215;216;217;218;219;220;221;222;223;224;225;226;227;228;229;230;231;232;233;234;235;236;237;238;239;240;241;242;243;244;245;246;247;248;249;260;261;262;263;264;265;266;267;268;269;270;271;283;284;285;296;297;298;299;300;301;302;303;304;305;306;307;308;309;310;311;321;322;343;344;345;346;347;348;349;350;351;352;353;354;355;356;357;358;359;360;361;362;363;364;365;366;367;378;379;380;381;382;383;384;385;386;387;388;389;390;391;392;393;394;395;396;397;398;399;400;401;402;403;404;405;406;417;418;419;420;421;422;423;424;425;426;427;428;429;430;431;432;433;434;435;436;437;438;439;440;441;442;443;444;455;456;457;458;459;460;461;462;463;464;465;466;467;468;469;470;471;472;473;474;475;476;477;478;479;490;491;492;493;494;495;496;497;498;499;500
F32022,10,23,23,600.001444179345,600.0,0.0014441793449577744,12,164,164,86,4.48503303527832,26;78;104;105;106;107;108;109;110;122;151;152;153;154;155;156;157;181;182;183;184;185;210;241;242;243;244;245;246;247;248;249;250;251;260;261;262;273;294;295;296;297;329;330;331;332;343;344;345;346;347;348;349;350;351;352;353;354;355;356;357;358;359;360;361;362;363;364;365;366;367;378;379;380;381;382;383;384;385;386;387;388;389;390;391;392;393;394;395;396;397;398;399;400;401;402;403;414;415;416;417;418;419;420;421;422;423;424;425;426;427;428;429;430;431;432;433;434;435;436;437;438;439;450;451;452;453;454;455;456;457;458;459;460;461;462;463;464;465;466;467;468;469;470;471;472;473;474;475;476;487;488;489;490;491;492;493;494;495;496;497;498;499;500
F32022,10,24,24,600.0016486177258,600.0,0.0016486177257775125,11,214,214,91,5.683501958847046,28;39;40;41;42;43;44;45;46;47;48;49;50;51;52;89;120;121;131;142;143;144;145;146;147;148;149;150;151;152;153;154;155;158;159;160;185;196;197;198;199;200;201;202;203;204;205;206;207;208;209;210;211;212;213;214;215;216;217;231;242;243;244;245;246;247;248;249;250;251;252;253;254;255;256;257;258;259;260;261;262;263;264;265;266;267;268;279;280;281;282;283;284;285;286;287;288;289;290;291;292;293;294;295;296;297;298;299;300;301;302;303;350;351;352;363;364;365;366;367;368;369;370;371;372;373;374;375;376;377;378;379;380;381;382;383;384;385;386;387;397;398;399;400;401;402;403;404;405;406;407;408;409;410;411;422;423;424;425;426;427;428;429;430;431;432;433;434;435;436;437;438;439;440;441;442;443;444;445;446;457;458;459;460;461;462;463;464;465;466;467;468;469;470;471;472;473;474;475;476;477;478;479;480;481;482;493;494;495;496;497;498;499;500
F32022,10,25,25,600.004031606999,600.0,0.004031606998978532,11,166,166,132,4.515358924865723,75;112;125;126;127;128;129;130;131;132;133;134;135;136;137;138;139;140;141;142;143;144;145;146;147;158;159;160;161;162;163;164;165;166;167;168;169;170;171;172;173;174;175;176;177;178;179;180;181;182;193;194;195;196;197;213;214;215;216;217;228;229;230;231;232;233;234;235;236;237;238;239;240;241;242;243;244;278;289;290;291;292;293;294;295;296;297;298;299;300;301;302;303;304;305;306;307;308;309;310;311;312;313;331;332;333;334;335;336;337;338;351;409;410;411;412;413;414;415;416;417;418;419;420;421;432;433;434;435;436;437;438;439;440;441;442;443;444;445;446;447;448;449;450;451;452;453;454;455;456;467;468;469;470;471;472;473;483;484;485;486;487;488;489;490;491
F32022,10,26,26,600.0721450453073,600.0,0.07214504530725208,10,144,144,40,3.9912140369415283,42;73;74;75;76;77;88;89;90;91;92;93;94;95;96;108;109;128;170;181;182;197;198;199;200;201;202;203;204;205;217;218;219;230;231;232;233;234;235;236;247;255;266;267;268;278;279;280;281;282;283;284;285;286;363;364;365;366;367;368;387;388;389;390;391;392;393;394;395;396;397;398;399;400;401;402;403;404;405;406;407;408;419;420;421;422;423;424;425;426;427;428;429;430;431;432;433;434;435;436;437;438;439;440;441;442;443;444;445;446;457;458;459;460;461;462;463;464;465;466;467;468;469;470;471;472;473;474;475;476;477;478;479;480;481;482;493;494;495;496;497;498;499;500
F32022,10,27,27,600.0052983501926,600.0,0.005298350192560974,11,149,149,107,4.114672899246216,79;90;91;92;93;94;95;96;97;132;143;144;145;146;147;148;149;150;151;152;153;154;155;171;172;183;184;185;198;199;200;201;202;203;204;205;206;207;218;219;220;221;222;228;229;230;231;232;233;234;235;236;237;238;239;240;241;242;253;266;267;268;269;270;271;272;273;274;275;276;277;288;300;301;302;303;304;316;342;343;344;345;346;358;359;360;383;384;386;387;388;389;390;391;392;393;394;395;418;419;420;421;422;423;424;425;426;427;437;451;452;453;454;455;456;457;458;459;460;461;462;463;464;465;466;467;468;469;470;471;472;483;484;485;486;487;488;489;490;491;492;493;494;495;496;497;498;499;500
F32022,10,28,28,600.0016618675563,600.0,0.0016618675563222496,10,227,227,112,5.976851224899292,41;62;63;64;65;66;78;89;90;91;92;93;94;95;96;97;98;99;100;101;102;103;104;125;141;142;143;144;145;146;147;148;149;150;151;152;153;154;155;156;157;158;159;160;161;179;180;181;182;183;184;185;186;187;188;189;200;211;212;213;214;215;216;217;218;219;220;221;222;223;224;225;226;227;228;229;230;231;232;233;234;246;247;248;259;260;261;262;263;264;265;266;267;268;269;270;271;272;273;274;275;276;277;278;279;280;281;282;283;284;285;339;340;347;348;359;360;361;362;363;364;365;366;367;368;369;370;371;372;373;374;375;376;377;378;379;380;381;382;383;384;385;386;387;388;389;390;391;392;393;404;405;406;407;408;409;410;411;412;413;414;415;416;417;418;419;420;421;422;423;424;425;426;427;428;429;440;441;442;443;444;445;446;447;448;449;450;451;452;453;454;455;456;457;458;459;460;461;462;463;464;475;476;477;478;479;480;481;482;483;484;485;486;487;488;489;490;491;492;493;494;495;496;497;498;499;500
F32022,10,29,29,600.0323395194313,600.0,0.03233951943127522,12,180,180,142,4.849137783050537,55;76;77;78;79;91;117;118;119;120;121;138;155;156;157;158;159;160;161;162;163;164;179;180;191;192;193;194;195;196;197;198;199;200;201;202;203;204;205;206;207;208;209;210;211;212;213;214;215;226;227;228;229;230;231;232;233;234;235;236;237;238;239;240;241;242;243;244;245;246;247;248;249;250;261;262;263;264;265;266;267;268;269;270;271;272;273;274;275;276;277;278;279;280;281;282;294;347;356;383;384;385;386;387;388;389;390;391;392;393;404;405;406;407;408;409;410;411;412;413;414;415;416;417;418;419;420;421;422;423;424;425;426;427;428;429;430;441;442;443;444;445;446;447;448;449;450;451;452;453;454;455;456;457;458;459;460;461;462;463;464;465;476;477;478;479;480;481;482;483;484;485;486;487;488;489;497;498;499;500
F32022,10,30,30,600.0102116284787,600.0,0.010211628478714374,11,228,228,126,5.994509220123291,62;73;74;75;76;77;78;79;80;81;82;83;84;85;86;87;88;89;90;91;92;93;94;95;107;125;126;127;128;129;130;131;132;133;134;135;136;137;138;139;140;141;142;153;154;155;156;157;158;159;160;161;162;163;164;165;166;167;168;169;170;171;172;173;174;175;176;177;193;194;195;196;197;198;199;200;201;202;203;204;205;206;207;208;209;210;211;212;213;214;225;226;227;228;229;230;231;232;233;234;235;236;237;238;239;240;241;242;243;244;245;246;247;248;249;260;261;262;272;273;274;275;276;282;283;284;285;286;287;288;289;300;301;302;303;304;305;306;307;308;309;310;311;312;313;314;315;316;317;318;319;320;321;322;323;324;325;348;349;350;351;362;363;364;365;388;399;400;401;409;410;411;412;413;414;415;416;417;418;419;420;421;422;423;434;435;436;437;438;439;440;441;442;443;444;445;446;447;448;449;450;451;452;453;454;455;456;457;458;459;470;471;472;473;474;475;487;488;489;490;491;492;493;494;495;496;497;498
F42022,10,1,1,858.0034741288538,800.0,58.00347412885378,11,82,82,80,3.506588935852051,25;47;48;49;50;51;63;106;135;136;148;165;166;167;168;169;170;171;172;184;195;196;197;198;199;200;201;202;203;204;205;206;207;219;242;243;244;245;246;247;248;249;250;251;252;253;254;275;276;277;319;369;380;381;382;383;458;469;470;471;472;473;474;475;476;477;478;479;480;481;482;483;484;485;486;487;488;489;490;491;492;493
F42022,10,2,2,832.0011067958321,800.0,32.00110679583213,11,146,146,146,5.675856828689575,41;98;122;123;124;145;156;157;158;159;160;161;162;163;164;165;166;167;168;169;170;171;172;173;174;175;176;177;178;179;226;249;250;251;252;253;254;255;256;257;258;259;260;261;287;288;289;290;291;303;323;324;325;326;327;328;329;330;331;332;333;334;335;336;337;338;355;356;370;371;372;373;384;385;386;387;388;389;390;391;392;393;394;395;396;397;398;399;400;401;402;403;404;405;406;407;408;419;420;421;422;423;424;425;426;427;428;429;438;439;440;446;457;458;459;460;461;462;463;464;465;466;467;468;469;470;471;472;473;474;475;476;477;478;479;480;481;492;493;494;495;496;497;498;499;500
F42022,10,3,3,836.001803264455,800.0,36.00180326445502,10,111,111,111,4.480350971221924,36;48;49;50;51;52;53;54;55;56;57;69;70;91;102;103;104;105;140;161;162;163;164;177;188;189;190;191;192;193;194;195;196;197;198;199;200;201;202;203;204;227;238;239;240;241;242;243;244;245;246;247;248;249;250;251;252;253;254;255;256;257;258;259;260;261;282;304;305;306;326;356;357;358;359;360;361;446;458;459;460;461;462;463;464;465;466;467;468;469;470;471;472;473;474;475;476;477;478;479;480;481;492;493;494;495;496;497;498;499;500
F42022,10,4,4,863.3910365874146,800.0,63.391036587414646,8,113,113,112,4.540908098220825,89;105;106;107;108;109;110;111;112;113;114;115;116;117;118;119;120;121;122;123;124;147;148;149;150;151;152;153;154;155;156;157;158;159;170;171;172;173;174;175;176;177;178;179;180;181;182;183;184;185;186;187;188;189;190;191;192;193;205;216;217;218;219;220;221;222;223;224;225;226;227;228;229;230;231;232;233;234;235;236;237;238;239;251;313;331;332;333;334;335;336;337;338;367;368;473;484;485;486;487;488;489;490;491;492;493;494;495;496;497;498;499;500
F42022,10,5,5,850.0000000036334,800.0,50.00000000363343,12,240,240,238,8.81397795677185,28;49;50;52;53;54;55;67;122;139;140;141;142;143;144;145;146;147;148;149;150;151;152;153;154;155;156;157;168;169;170;171;172;173;174;175;176;177;178;179;180;181;182;183;184;185;186;187;188;189;190;191;203;226;227;228;229;230;231;232;233;234;235;236;237;238;249;250;251;252;253;254;255;256;257;258;259;260;261;262;263;264;265;266;267;268;269;270;271;272;273;284;285;286;287;288;289;290;291;292;293;294;295;296;297;298;299;300;301;302;303;304;305;306;307;319;330;331;332;333;334;335;336;337;338;339;340;341;342;343;344;345;346;347;348;349;350;351;352;353;354;365;366;367;368;369;370;371;372;373;374;375;376;377;378;379;380;381;382;383;384;385;386;387;388;389;400;401;402;403;404;405;406;407;408;409;410;411;412;413;414;415;416;417;418;419;420;421;422;423;424;435;436;437;438;439;440;441;442;443;444;445;446;447;448;449;450;451;452;453;454;455;456;457;458;459;470;471;472;473;474;475;476;477;478;479;480;481;482;483;484;485;486;487;488;489;490;491;492;493
F42022,10,6,6,830.0,800.0,30.0,11,268,268,266,9.762595176696777,46;47;58;59;60;61;62;63;64;65;66;67;68;69;70;71;72;73;74;75;76;77;78;79;80;81;93;104;105;106;107;108;109;110;111;112;113;114;115;116;117;118;119;120;121;122;123;124;125;126;127;128;139;140;141;142;143;144;145;146;147;148;149;150;151;152;153;154;155;156;157;158;159;160;161;162;174;185;186;187;188;189;190;191;192;193;194;195;196;197;198;199;200;201;202;203;204;205;206;207;208;220;231;232;233;234;235;236;237;238;239;240;241;242;243;244;245;246;247;248;249;250;251;252;253;254;266;277;278;279;280;281;282;283;284;285;286;287;288;289;290;291;292;293;294;295;296;297;298;299;300;312;323;324;325;326;327;328;329;330;331;332;333;334;335;336;337;338;339;340;341;342;343;344;345;346;347;358;359;360;361;362;363;364;365;366;367;368;369;370;371;372;373;374;375;376;377;378;379;380;381;382;393;394;395;396;397;398;399;400;401;402;403;404;405;406;407;408;409;410;411;412;413;414;415;416;428;439;440;441;442;443;444;445;446;447;448;449;450;451;452;453;454;455;456;457;458;459;460;461;462;474;485;486;487;488;489;490;491;492;493;494;495;496;497;498;499;500
F42022,10,7,7,836.0000000030633,800.0,36.00000000306329,11,128,128,128,5.0497190952301025,41;52;86;97;98;99;100;101;102;103;136;170;171;182;183;184;185;186;187;201;202;203;204;205;206;217;218;219;220;221;222;223;224;225;226;227;228;229;230;231;232;233;234;235;236;237;238;239;240;252;270;271;272;295;306;307;308;309;321;372;383;393;394;395;396;397;398;399;411;422;423;424;425;426;427;428;429;430;431;432;433;434;435;436;437;438;439;440;441;442;443;444;445;446;457;458;459;460;461;462;463;464;465;466;467;468;469;470;471;472;473;474;475;476;477;478;479;480;481;492;493;494;495;496;497;498;499;500
F42022,10,8,8,834.0000000000562,800.0,34.00000000005616,11,277,277,265,10.12294602394104,30;31;42;43;44;45;46;47;48;49;50;51;52;53;54;55;56;57;58;59;60;61;62;63;64;65;66;67;78;79;80;81;82;83;84;85;86;87;88;89;90;91;92;93;94;95;96;97;98;99;100;101;113;124;125;126;127;128;129;130;131;132;133;134;135;136;137;138;139;140;141;142;143;144;145;146;147;159;170;171;172;173;174;175;176;177;178;179;180;181;182;183;184;185;186;187;188;189;190;191;192;193;205;216;217;218;219;220;221;222;223;224;225;226;227;228;229;230;231;232;233;234;235;236;237;238;239;251;262;263;264;265;266;267;268;269;270;271;272;273;274;275;276;277;278;279;280;281;282;283;284;285;297;308;309;310;311;312;313;314;315;316;317;318;319;320;321;322;323;324;325;326;327;328;329;330;331;332;343;344;345;346;347;348;349;350;351;352;353;354;355;356;357;358;359;360;361;362;363;364;365;366;367;378;379;380;381;382;383;384;385;386;387;388;389;390;391;392;393;394;395;396;397;398;399;400;401;413;424;425;426;427;428;429;430;431;432;433;434;435;436;437;438;439;440;441;442;443;444;445;446;447;459;470;471;472;473;474;475;476;477;478;479;480;481;482;483;484;485;486;487;488;489;490;491;492;493
F42022,10,9,9,848.0,800.0,48.0,12,238,238,236,8.753037929534912,30;54;55;56;57;58;59;60;61;62;63;64;65;76;77;78;79;80;81;82;83;110;121;122;123;124;125;126;127;128;129;130;131;132;133;157;175;176;177;178;179;180;181;182;183;184;185;186;187;188;189;190;191;192;203;204;205;206;207;208;209;210;211;212;213;214;215;216;217;218;219;220;221;222;223;224;225;226;227;238;239;240;241;242;243;244;245;246;247;248;249;250;251;252;253;254;255;256;257;258;259;260;261;273;284;285;286;287;288;289;290;291;292;293;294;295;296;297;298;299;300;301;302;303;304;305;306;307;308;319;320;321;322;323;324;325;326;327;328;329;330;331;332;333;334;335;336;337;338;339;340;341;342;343;354;355;356;357;358;359;360;361;362;363;364;365;366;367;368;369;370;371;372;373;374;375;376;377;389;400;401;402;403;404;405;406;407;408;409;410;411;412;413;414;415;416;417;418;419;420;421;422;423;435;446;447;448;449;450;451;452;453;454;455;456;457;458;459;460;461;462;463;464;465;466;467;468;469;481;492;493;494;495;496;497;498;499;500
F42022,10,10,10,840.0000000000001,800.0,40.000000000000114,13,277,277,276,10.074706077575684,31;74;85;86;87;88;89;90;91;92;93;94;95;96;97;98;99;100;101;102;103;104;105;106;107;108;120;131;132;133;134;135;136;137;138;139;140;141;142;143;144;145;146;147;148;149;150;151;152;153;154;170;181;182;183;184;185;186;187;188;189;190;191;192;193;194;195;196;197;198;199;200;201;202;203;204;205;216;217;218;219;220;221;222;223;224;225;226;227;228;229;230;231;232;233;234;235;236;237;238;239;240;251;252;253;254;255;256;257;258;259;260;261;262;263;264;265;266;267;268;269;270;271;272;273;274;275;286;287;288;289;290;291;292;293;294;295;296;297;298;299;300;301;302;303;304;305;306;307;308;309;310;321;322;323;324;325;326;327;328;329;330;331;332;333;334;335;336;337;338;339;340;341;342;343;344;345;356;357;358;359;360;361;362;363;364;365;366;367;368;369;370;371;372;373;374;375;376;377;378;379;391;402;403;404;405;406;407;408;409;410;411;412;413;414;415;416;417;418;419;420;421;422;423;424;425;426;437;438;439;440;441;442;443;444;445;446;447;448;449;450;451;452;453;454;455;456;457;458;459;460;461;472;473;474;475;476;477;478;479;480;481;482;483;484;485;486;487;488;489;490;491;492;493;494;495;496
F42022,10,11,11,848.323231582956,800.0,48.323231582956055,8,154,154,154,5.9192588329315186,49;60;61;62;63;64;65;66;67;68;69;70;71;72;73;74;75;76;77;78;79;80;81;82;107;118;119;120;121;122;123;124;125;126;127;128;129;130;131;132;133;134;135;136;137;138;139;140;141;142;153;154;155;156;157;158;159;160;161;162;163;164;165;166;167;168;169;170;171;172;173;174;175;176;188;199;200;201;202;203;204;205;206;207;208;209;210;211;212;213;214;215;216;217;218;219;220;221;222;234;245;246;247;248;249;250;251;252;253;254;255;256;257;258;259;260;261;262;263;264;265;266;267;268;269;280;281;282;283;284;285;286;287;288;289;290;291;292;293;294;295;296;297;298;299;300;301;302;303;304;487;498;499;500
F42022,10,12,12,842.0000000000161,800.0,42.00000000001614,11,243,243,243,8.910109996795654,44;77;78;79;90;91;92;93;94;95;96;97;98;99;100;101;102;103;104;105;106;107;108;109;110;111;112;124;135;136;137;138;139;140;141;142;143;144;145;146;147;148;149;150;151;152;153;154;155;156;157;158;170;181;182;183;184;185;186;187;188;189;190;191;192;193;194;195;196;197;198;199;200;201;202;203;204;216;227;228;229;230;231;232;233;234;235;236;237;238;239;240;241;242;243;244;245;246;247;248;249;250;262;273;274;275;276;277;278;279;280;281;282;283;284;285;286;287;288;289;290;291;292;293;294;295;296;308;319;320;321;322;323;324;325;326;327;328;329;330;331;332;333;334;335;336;337;338;339;340;341;342;357;368;369;370;371;372;373;374;375;376;377;378;379;380;381;382;383;384;385;386;387;399;410;413;414;415;416;417;418;419;420;421;422;423;424;425;426;427;428;429;430;431;432;433;434;445;446;447;448;449;450;451;452;453;454;455;456;457;458;459;460;461;462;463;464;465;466;467;468;469;480;481;482;483;484;485;486;487;488;489;490;491;492;493;494;495;496;497;498;499;500
F42022,10,13,13,846.0,800.0,46.0,12,285,285,284,10.329571008682251,19;41;42;43;44;45;46;47;48;49;50;51;52;53;54;65;66;67;68;69;70;71;72;73;74;75;76;77;78;79;80;81;82;83;84;85;86;87;88;89;100;101;102;103;104;105;106;107;108;109;110;111;112;113;114;115;116;117;118;119;120;121;122;123;135;146;147;148;149;150;151;152;153;154;155;156;157;158;159;160;161;162;163;164;165;166;167;168;169;181;192;193;194;195;196;197;198;199;200;201;202;203;204;205;206;207;208;209;210;211;212;213;214;215;227;238;239;240;241;242;243;244;245;246;247;248;249;250;251;252;253;254;255;256;257;258;259;260;261;273;284;285;286;287;288;289;290;291;292;293;294;295;296;297;298;299;300;301;302;303;304;305;306;307;308;319;320;321;322;323;324;325;326;327;328;329;330;331;332;333;334;335;336;337;338;339;340;341;342;343;354;355;356;357;358;359;360;361;362;363;364;365;366;367;368;369;370;371;372;373;374;375;376;377;378;389;390;391;392;393;394;395;396;397;398;399;400;401;402;403;404;405;406;407;408;409;410;411;412;424;435;436;437;438;439;440;441;442;443;444;445;446;447;448;449;450;451;452;453;454;455;456;457;458;470;481;482;483;484;485;486;487;488;489;490;491;492;493;494;495;496;497;498;499;500
F42022,10,14,14,834.0,800.0,34.0,12,206,206,204,7.6838860511779785,28;29;30;41;42;43;44;87;106;107;108;109;110;111;112;113;114;115;116;117;118;119;120;121;122;183;205;206;207;208;209;210;211;212;213;214;215;216;217;218;229;230;231;232;233;234;235;236;237;238;239;240;241;242;243;244;245;246;247;248;249;250;251;252;264;275;276;277;278;279;280;281;282;283;284;285;286;287;288;289;290;291;292;293;294;295;296;297;298;299;310;311;312;313;314;315;316;317;318;319;320;321;322;323;324;325;326;344;363;364;365;366;367;368;369;370;371;372;373;374;375;376;377;378;379;390;391;392;393;394;395;396;397;398;399;400;401;402;403;404;405;406;407;408;409;410;411;412;413;414;425;426;427;428;429;430;431;432;433;434;435;436;437;438;439;440;441;442;443;444;445;446;447;448;449;460;461;462;463;464;465;466;467;468;469;470;471;472;473;474;475;476;477;478;479;480;481;482;483;484;495;496;497;498;499;500
F42022,10,15,15,842.0001160586404,800.0,42.0001160586404,12,187,187,185,7.078660726547241,44;63;64;65;66;67;91;119;120;121;122;123;124;125;126;137;138;139;140;141;142;143;144;156;157;158;159;160;161;172;173;174;175;176;177;178;179;180;181;182;183;184;185;186;187;188;189;190;191;192;193;194;195;222;233;234;235;236;237;238;239;240;241;242;243;244;245;246;247;248;249;250;251;252;253;254;255;256;257;278;279;280;281;282;283;284;285;286;287;288;289;290;291;292;312;313;314;315;316;317;318;340;361;362;363;364;365;366;367;368;369;370;371;372;373;374;375;386;387;388;389;390;391;392;393;394;395;396;397;398;399;400;401;402;418;429;430;431;432;433;434;435;436;437;438;439;440;441;442;443;444;445;446;447;448;449;450;451;452;453;464;465;466;467;468;469;470;471;472;473;474;475;476;477;478;479;480;481;482;483;484;485;486;487;488;499;500
F42022,10,16,16,850.0000000000207,800.0,50.00000000002069,8,147,147,147,5.704277038574219,78;89;90;91;92;93;94;95;96;97;98;153;164;165;166;167;168;180;192;203;204;205;206;218;219;220;221;222;223;224;225;226;227;240;241;242;243;244;245;246;247;248;249;250;251;252;253;254;255;256;257;258;259;260;261;262;278;279;280;281;282;283;284;285;286;287;288;289;290;291;292;293;395;406;407;408;409;410;411;412;413;414;415;416;417;418;419;420;421;422;423;424;425;426;427;428;429;430;441;442;443;444;445;446;447;448;449;450;451;452;453;454;455;456;457;458;459;460;461;462;463;464;465;476;477;478;479;480;481;482;483;484;485;486;487;488;489;490;491;492;493;494;495;496;497;498;499
F42022,10,17,17,820.0000005046542,800.0,20.000000504654167,13,157,157,156,6.029063940048218,36;49;50;51;71;72;87;88;89;90;91;92;93;94;95;96;97;98;99;100;101;102;103;104;105;106;107;126;127;128;129;141;142;162;163;164;165;166;167;168;169;170;171;172;173;174;175;176;177;188;189;190;191;192;193;194;195;207;208;209;210;211;212;226;227;256;267;268;269;270;271;283;284;285;286;287;288;289;290;291;302;303;304;305;306;307;308;309;310;311;312;313;314;315;316;317;318;319;320;332;353;354;355;356;357;376;422;433;434;435;436;437;438;439;440;441;442;443;444;445;446;447;448;449;450;451;452;453;454;455;456;457;468;469;470;471;472;473;474;475;476;477;478;479;480;481;482;483;484;485;486;487;488;489;490;491;492
F42022,10,18,18,834.0000247889325,800.0,34.00002478893248,11,176,176,176,6.670217037200928,42;58;59;60;61;62;63;64;65;66;67;68;69;70;71;72;73;74;75;76;77;88;89;90;113;135;136;137;138;139;140;141;142;143;144;156;171;172;173;174;175;197;222;223;224;225;226;227;228;229;230;266;277;278;279;280;281;282;283;284;285;286;287;288;289;290;291;292;293;294;295;296;297;298;299;300;312;323;324;325;326;327;328;329;330;331;332;333;334;335;336;337;338;339;340;341;342;343;344;345;391;402;403;404;405;406;407;408;409;410;411;412;413;414;415;416;417;418;419;420;421;422;423;424;425;426;437;438;439;440;441;442;443;444;445;446;447;448;449;450;451;452;453;454;455;456;457;458;459;460;461;472;473;474;475;476;477;478;479;480;481;482;483;484;485;486;487;488;489;490;491;492;493;494;495;496
F42022,10,19,19,838.0000475122149,800.0,38.000047512214906,12,139,139,139,5.430866956710815,47;58;59;60;61;89;109;110;111;112;113;114;126;137;138;139;140;141;142;143;144;145;146;147;148;149;150;151;152;153;154;155;178;209;210;211;212;213;225;226;227;228;229;230;242;243;244;245;246;247;248;259;260;261;262;263;293;305;306;307;319;331;342;343;344;369;388;389;390;391;392;403;404;415;416;417;418;419;420;421;422;423;424;425;426;427;428;429;430;431;432;433;434;435;436;437;438;439;450;451;452;453;454;455;456;457;458;459;460;461;462;463;464;465;466;467;468;469;470;471;472;473;474;485;486;487;488;489;490;491;492;493;494;495;496;497;498;499;500
F42022,10,20,20,852.0000000008192,800.0,52.00000000081923,12,147,147,138,5.725056886672974,28;29;63;64;86;87;88;89;90;91;92;93;94;95;118;162;173;190;202;234;235;236;237;253;254;255;256;257;258;259;260;261;262;263;264;265;266;267;268;269;270;271;272;287;288;300;320;332;333;334;335;336;337;338;339;340;341;342;372;383;384;385;386;387;388;389;390;391;392;393;394;395;396;397;398;399;400;401;402;403;404;405;406;407;418;419;420;421;422;423;424;425;426;427;428;429;430;431;432;433;434;435;436;437;438;439;440;441;442;453;454;455;456;457;458;459;460;461;462;463;464;465;466;467;468;469;470;471;472;473;474;475;476;477;488;489;490;491;492;493;494;495;496;497;498;499;500
F42022,10,21,21,830.0000008800565,800.0,30.00000088005652,12,151,151,151,5.844768047332764,46;57;58;59;60;61;62;63;64;65;66;78;79;80;81;92;93;94;106;107;108;109;110;111;112;113;114;115;116;127;128;129;130;142;143;144;145;146;147;148;149;150;151;179;180;181;182;183;184;185;186;197;198;199;200;201;202;203;204;205;217;218;219;220;221;232;233;234;235;236;237;238;239;240;241;242;243;244;245;246;247;248;249;250;262;284;285;286;287;288;289;290;291;292;293;294;306;357;375;376;377;378;379;402;434;435;436;437;448;449;450;451;452;453;454;455;456;457;458;459;460;461;462;463;464;465;466;467;468;469;470;471;472;483;484;485;486;487;488;489;490;491;492;493;494;495;496;497;498;499;500
F42022,10,22,22,848.0000000001871,800.0,48.00000000018713,11,207,207,205,7.712718963623047,28;39;40;41;42;59;60;61;105;116;117;118;119;120;132;133;134;135;136;137;138;139;140;151;152;153;154;155;156;157;158;170;171;172;173;174;186;197;198;199;200;201;202;203;204;205;206;207;208;209;210;211;212;237;248;249;250;251;252;253;254;255;256;257;258;259;260;261;262;263;264;265;266;267;268;269;270;271;283;294;295;296;297;298;299;300;301;302;303;328;344;345;346;347;348;349;350;351;352;353;354;355;356;357;358;359;360;361;362;363;374;375;376;377;378;379;380;381;382;383;384;385;386;387;388;389;390;391;392;393;394;395;396;397;398;399;410;411;412;413;414;415;416;417;418;419;420;421;422;423;424;425;426;427;428;429;430;431;432;433;434;445;446;447;448;449;450;451;452;453;454;455;456;457;458;459;460;461;462;463;464;465;466;467;468;469;480;481;482;483;484;485;486;487;488;489;490;491;492;493;494;495;496;497;498;499;500
F42022,10,23,23,832.7158095016721,800.0,32.715809501672084,11,161,161,135,6.168142080307007,25;26;48;49;50;51;52;53;54;55;56;57;58;59;60;61;72;73;74;75;76;77;78;79;80;81;82;83;84;85;86;87;88;89;90;91;92;93;94;95;107;108;119;120;121;122;123;124;125;126;127;128;129;130;131;132;133;134;135;136;137;149;160;161;162;163;164;165;177;178;179;180;181;182;183;184;195;196;197;198;199;200;201;202;203;204;205;206;207;208;209;210;211;212;213;214;215;216;217;218;230;241;242;243;244;245;246;247;248;249;250;251;252;253;254;255;256;257;258;259;260;261;262;263;264;296;308;309;310;311;312;313;314;315;316;317;318;319;333;353;354;355;356;357;358;359;360;361;362;363;364;365;399;435;484;495;496;497;498;499;500
F42022,10,24,24,852.0,800.0,52.0,12,275,275,275,10.032888889312744,44;62;63;64;76;77;78;79;90;91;92;93;94;95;96;97;98;99;100;101;102;103;104;105;106;107;108;109;110;111;112;113;125;136;137;138;139;140;141;142;143;144;145;146;147;148;149;150;151;152;153;154;155;156;157;158;159;171;182;183;184;185;186;187;188;189;190;191;192;193;194;195;196;197;198;199;200;201;202;203;204;205;206;217;218;219;220;221;222;223;224;225;226;227;228;229;230;231;232;233;234;235;236;237;238;239;240;241;252;253;254;255;256;257;258;259;260;261;262;263;264;265;266;267;268;269;270;271;272;273;274;275;276;287;288;289;290;291;292;293;294;295;296;297;298;299;300;301;302;303;304;305;306;307;308;309;310;322;333;334;335;336;337;338;339;340;341;342;343;344;345;346;347;348;349;350;351;352;353;354;355;356;357;368;369;370;371;372;373;374;375;376;377;378;379;380;381;382;383;384;385;386;387;388;389;390;391;392;403;404;405;406;407;408;409;410;411;412;413;414;415;416;417;418;419;420;421;422;423;424;425;426;438;449;450;451;452;453;454;455;456;457;458;459;460;461;462;463;464;465;466;467;468;469;470;471;472;473;484;485;486;487;488;489;490;491;492;493;494;495;496;497;498;499;500
F42022,10,25,25,858.0000000011418,800.0,58.00000000114176,11,155,155,137,5.976097106933594,25;68;84;85;96;97;98;99;100;101;102;103;104;105;106;107;108;109;110;111;112;113;114;115;116;117;118;119;136;167;168;169;170;185;213;214;215;216;217;229;240;241;242;243;244;245;246;247;248;249;250;251;252;253;254;255;256;257;258;259;260;261;262;263;290;301;302;303;304;305;306;307;308;309;310;311;312;313;314;315;316;317;318;319;320;321;322;338;366;367;368;369;370;371;372;373;391;392;393;394;395;396;397;398;399;400;401;402;403;404;405;406;407;422;433;434;435;436;437;438;439;440;450;451;452;453;454;455;456;457;468;469;470;471;472;473;474;475;476;477;478;479;480;481;482;483;484;485;486;487;488;489;490;491;492
F42022,10,26,26,842.0,800.0,42.0,11,218,218,205,8.084473848342896,33;44;45;46;47;48;49;50;51;52;53;54;55;56;57;58;59;71;122;146;147;148;149;150;151;174;193;194;195;196;197;198;199;200;201;202;203;204;205;206;207;208;209;220;221;222;223;224;225;226;227;228;229;230;231;232;233;234;235;236;237;238;239;240;241;242;243;255;266;267;268;269;270;271;272;273;274;275;276;277;278;279;280;281;282;283;284;285;286;287;288;289;301;312;313;314;315;316;317;318;319;320;321;322;323;324;325;326;327;328;329;330;331;332;333;334;335;336;347;348;349;350;351;352;353;354;355;356;357;358;359;360;361;362;363;364;365;366;367;368;369;370;371;372;383;384;385;386;387;388;389;390;391;392;393;394;395;396;397;398;399;400;401;402;403;404;405;406;418;429;430;431;432;433;434;435;436;437;438;439;440;441;442;443;444;445;446;447;448;449;450;451;452;464;475;476;477;478;479;480;481;482;483;484;485;486;487;488;489;490;491;492;493;494;495;496;497;498
F42022,10,27,27,818.0000020142613,800.0,18.000002014261327,11,116,116,116,4.647511005401611,73;84;85;86;87;88;89;90;91;92;93;94;95;96;128;150;151;152;153;174;185;186;187;188;189;190;191;192;193;194;195;196;197;209;231;232;233;234;246;266;267;268;269;270;271;272;273;274;275;276;277;278;279;299;323;352;373;374;394;420;421;422;424;425;426;427;428;429;442;443;444;445;446;447;448;449;450;451;452;453;454;455;456;457;458;459;460;461;462;463;464;475;476;477;478;479;480;481;482;483;484;485;486;487;488;489;490;491;492;493;494;495;496;497;498;499
F42022,10,28,28,838.0001400939144,800.0,38.00014009391441,10,142,142,142,5.523805856704712,24;54;55;56;57;83;97;98;99;100;101;102;103;104;105;106;124;135;136;137;138;139;140;141;142;156;157;158;159;190;191;192;193;194;205;206;207;208;209;210;211;212;213;214;215;216;217;218;219;220;221;222;223;224;225;226;227;228;240;251;252;253;254;255;256;257;258;259;260;261;262;263;264;265;266;267;268;269;270;271;272;273;274;286;313;314;315;316;317;318;319;320;344;432;443;444;445;446;447;448;449;450;451;452;453;454;455;456;457;458;459;460;461;462;463;464;465;466;467;478;479;480;481;482;483;484;485;486;487;488;489;490;491;492;493;494;495;496;497;498;499;500
F42022,10,29,29,870.6484134925411,800.0,70.64841349254107,10,139,139,138,5.446864128112793,41;66;89;111;112;113;114;115;116;117;118;119;120;121;122;123;124;135;136;137;138;139;140;141;142;143;144;145;146;147;148;149;150;151;152;153;154;155;156;157;158;181;199;200;201;202;203;204;205;206;207;208;209;210;211;212;213;214;215;216;227;228;240;241;242;243;244;245;246;247;248;249;250;251;262;263;264;265;266;267;268;269;270;271;272;273;274;275;276;277;278;279;280;281;282;283;284;285;306;320;321;322;323;324;325;326;327;328;329;330;331;332;333;334;335;336;337;338;339;355;366;367;368;369;370;371;372;373;374;375;376;377;378;379;391;402;414;489;500
F42022,10,30,30,852.0,800.0,52.0,12,262,262,258,9.565143823623657,40;51;52;53;54;55;56;57;58;59;60;61;62;63;75;86;87;99;100;101;102;103;104;105;106;128;129;140;141;142;143;144;145;146;147;148;149;150;151;152;153;154;155;156;157;158;159;160;161;162;163;164;175;176;177;178;179;180;181;182;183;184;185;186;187;188;189;190;191;192;193;194;195;196;197;198;199;210;211;212;213;214;215;216;217;218;219;220;221;222;223;224;225;226;227;228;229;230;231;232;233;248;259;260;261;262;263;264;265;266;267;268;269;270;271;272;273;274;275;276;277;278;279;280;281;282;283;294;295;296;297;298;299;300;301;302;303;304;305;306;307;308;309;310;311;312;313;314;315;316;317;329;340;341;342;343;344;345;346;347;348;349;350;351;352;353;354;355;356;357;358;359;360;361;362;363;375;386;387;388;389;390;391;392;393;394;395;396;397;398;399;400;401;402;403;404;405;406;407;408;409;410;421;422;423;424;425;426;427;428;429;430;431;432;433;434;435;436;437;438;439;440;441;442;443;444;445;456;457;458;459;460;461;462;463;464;465;466;467;468;469;470;471;472;473;474;475;476;477;478;479;480;491;492;493;494;495;496;497;498;499;500
F52022,10,1,1,902.1233986511054,900.0,2.12339865110539,10,149,149,76,3.625915288925171,30;41;42;94;105;106;107;108;109;110;111;112;113;114;115;116;153;167;168;169;170;171;172;173;174;175;176;177;178;179;180;181;182;183;184;185;186;187;188;199;200;201;202;203;204;205;206;207;208;209;210;211;212;213;225;236;237;238;239;240;241;242;243;244;245;246;247;248;249;250;251;268;279;280;281;282;283;284;285;332;343;344;345;346;347;348;349;350;351;352;353;354;355;415;416;427;428;429;430;431;432;433;434;435;436;437;438;439;440;441;442;443;444;445;446;447;448;449;450;451;452;463;464;465;466;467;468;469;470;471;472;473;474;475;476;477;478;479;480;481;482;483;484;485;486;487;498;499;500
F52022,10,2,2,900.5249584901327,900.0,0.5249584901326898,11,175,175,92,4.170892000198364,37;56;57;58;70;71;72;126;137;138;139;140;141;142;143;144;145;146;164;188;189;190;191;192;193;194;195;196;197;198;199;215;216;217;229;230;231;232;233;234;258;259;260;261;262;263;264;265;266;267;268;269;287;288;289;290;291;292;293;294;295;296;297;298;299;300;301;302;303;304;305;317;318;319;320;321;322;323;324;325;326;327;328;329;330;331;332;333;334;335;336;337;338;339;340;341;342;343;364;365;366;367;368;369;370;371;372;373;374;386;398;409;410;411;412;413;414;415;416;417;418;419;420;421;422;423;424;425;426;427;436;447;448;449;450;451;452;453;454;455;456;457;458;459;460;461;462;463;464;465;466;467;468;469;470;471;472;473;474;475;486;487;488;489;490;491;492;493;494;495;496;497;498;499;500
F52022,10,3,3,900.575251864746,900.0,0.575251864745951,8,123,123,40,3.076669931411743,44;45;46;60;71;72;73;74;75;76;77;78;79;80;103;114;115;116;117;118;119;120;121;122;123;124;125;126;127;128;129;130;155;156;157;168;169;170;171;254;255;328;343;344;345;346;347;385;386;387;398;399;410;411;412;413;414;415;416;417;418;419;420;421;422;423;424;425;426;427;428;429;430;431;432;433;434;445;446;447;448;449;450;451;452;453;454;455;456;457;458;459;460;461;462;463;464;465;466;467;468;469;470;471;472;473;474;475;476;477;478;479;480;481;482;483;484;485;496;497;498;499;500
F52022,10,4,4,900.735860099162,900.0,0.7358600991619824,10,136,136,44,3.3513879776000977,21;50;51;52;53;54;55;56;74;75;90;91;92;93;94;95;145;157;158;159;160;161;162;185;196;197;198;199;200;201;202;203;204;205;206;207;208;209;210;211;212;213;214;215;216;217;218;219;220;238;239;240;241;242;243;244;245;246;247;248;249;250;251;252;253;254;255;256;267;308;343;361;362;363;364;365;401;402;414;415;416;417;418;419;420;421;422;423;424;425;426;427;428;429;430;431;432;433;434;435;436;437;438;439;440;441;452;453;454;455;456;457;458;459;460;461;462;463;464;465;466;476;487;488;489;490;491;492;493;494;495;496;497;498;499;500
F52022,10,5,5,900.2483077137276,900.0,0.24830771372762683,10,153,153,59,3.721465826034546,37;99;114;115;116;117;118;119;120;121;122;123;124;136;170;171;182;183;184;185;186;187;188;189;190;202;203;204;205;206;207;208;209;210;211;212;223;224;225;226;227;228;229;230;231;232;233;234;235;236;237;238;239;240;241;242;243;244;245;246;247;248;249;260;261;262;263;264;265;266;267;268;269;270;271;272;273;274;275;276;277;278;279;280;281;282;283;284;295;296;297;298;299;300;301;302;303;304;305;306;307;308;320;321;332;333;334;335;388;428;429;430;431;432;433;434;445;446;447;448;449;459;460;461;462;463;464;465;466;467;468;469;470;471;472;473;474;475;476;487;488;489;490;491;492;493;494;495;496;497;498;499;500
F52022,10,6,6,900.5685092618769,900.0,0.5685092618768977,8,119,119,48,3.0030438899993896,26;27;28;42;43;44;57;58;59;60;61;82;83;112;113;140;141;152;153;154;155;156;157;158;159;160;161;162;163;164;165;166;167;168;169;170;171;172;173;193;221;258;259;260;261;262;273;274;275;276;277;278;279;280;292;293;294;337;410;411;412;413;414;425;426;427;428;429;430;431;432;433;434;435;436;437;438;439;440;441;442;443;444;445;446;447;448;449;450;451;452;453;454;465;466;467;468;469;470;471;472;473;474;475;476;477;478;479;480;481;482;483;484;485;486;487;488;489;500
F52022,10,7,7,901.1837318875432,900.0,1.1837318875432175,11,144,144,51,3.531804084777832,33;43;44;45;46;64;65;66;89;90;91;92;93;94;95;132;133;134;135;136;147;148;149;150;151;152;153;154;155;156;157;158;159;160;161;162;163;164;165;166;167;168;169;182;183;225;226;227;240;241;242;243;244;245;246;247;248;249;250;251;252;253;254;255;256;257;258;259;260;261;262;273;274;275;276;277;278;279;280;281;282;283;284;285;286;287;288;289;290;291;292;293;294;295;296;297;298;314;315;316;317;318;319;320;321;322;323;324;325;326;327;328;329;330;331;332;333;372;373;374;375;425;436;437;446;447;448;449;450;451;452;453;454;455;456;457;458;459;460;461;462;493;494;495
F52022,10,8,8,900.191064410968,900.0,0.19106441096801063,11,208,208,56,4.869723081588745,67;87;88;104;105;106;107;108;109;110;111;112;113;114;115;116;117;118;119;120;121;122;123;124;146;147;148;160;161;172;173;174;175;176;177;178;179;180;181;182;183;184;185;186;187;188;189;190;191;192;193;194;195;196;197;198;199;210;211;212;213;214;215;216;217;218;219;220;221;222;223;224;225;226;227;228;229;230;231;232;233;234;235;236;237;238;249;250;251;252;253;254;255;256;257;258;259;272;273;274;275;276;277;278;279;290;291;292;293;294;295;296;297;298;299;300;301;302;328;339;357;358;359;360;361;372;373;374;375;376;377;378;379;380;381;392;393;405;406;407;408;409;410;411;412;413;414;415;416;417;418;419;420;431;432;433;434;435;436;437;438;439;440;441;442;443;444;445;446;447;448;449;450;451;452;453;454;455;456;457;458;469;470;471;472;473;474;475;476;477;478;479;480;481;482;483;484;485;486;487;488;489;490;491;492;493;494;495
F52022,10,9,9,901.3121220064218,900.0,1.3121220064217596,7,74,74,27,2.0448110103607178,61;62;63;64;65;66;67;68;69;70;71;72;73;74;85;97;98;99;100;101;102;103;104;116;143;144;145;146;147;148;149;161;162;194;195;196;197;215;250;251;252;277;278;279;280;281;282;283;346;347;348;349;447;458;459;460;461;462;463;464;465;466;467;468;477;478;479;480;481;482;493;494;495;496
F52022,10,10,10,900.8826341258859,900.0,0.8826341258859429,11,181,181,63,4.30474591255188,32;47;48;49;50;51;52;53;54;55;56;57;58;59;60;61;62;63;80;94;95;96;97;116;117;132;133;134;135;136;171;182;183;184;185;186;187;188;220;231;232;233;234;235;236;237;252;253;254;255;272;273;274;275;276;277;278;279;280;281;282;300;301;302;303;304;305;329;330;331;332;333;334;335;336;337;338;357;368;369;370;371;372;373;374;375;376;377;378;379;380;381;382;383;384;385;386;387;388;389;390;391;392;403;404;405;406;407;408;409;410;411;412;413;414;415;416;417;418;419;420;421;422;423;424;425;426;427;428;429;440;441;442;443;444;445;446;447;448;449;450;451;452;453;454;455;456;457;458;459;460;461;462;463;464;465;466;467;478;479;480;481;482;483;484;485;486;487;488;489;490;491;492;493;494;495;496;497;498;499;500
F52022,10,11,11,901.572535137233,900.0,1.5725351372329897,8,99,99,37,2.5649778842926025,48;61;62;63;64;65;66;67;68;69;70;71;72;73;101;128;129;130;131;132;133;134;135;136;137;138;139;140;141;142;157;158;159;160;171;172;173;174;175;176;195;206;207;208;209;210;211;212;213;214;215;216;217;218;219;220;221;222;223;224;225;226;227;228;257;258;269;270;271;272;273;274;308;456;467;468;469;470;471;472;473;474;475;476;477;478;479;480;481;482;483;484;485;486;487;488;489;490;491
F52022,10,12,12,900.3231140414856,900.0,0.32311404148560996,10,145,145,63,3.5399129390716553,23;64;87;88;89;90;91;92;93;94;95;96;97;98;99;110;111;112;113;114;115;116;117;118;119;120;121;122;123;124;125;126;127;128;129;130;131;132;133;156;157;168;169;170;171;172;173;174;175;176;177;178;200;211;212;213;214;215;216;217;218;219;220;221;222;223;224;225;226;227;228;229;230;231;232;233;234;235;246;247;248;249;250;251;252;253;254;255;256;268;269;270;271;291;292;293;294;295;296;297;298;299;300;301;302;303;304;305;306;317;318;319;320;321;322;323;324;325;326;327;328;329;330;331;332;333;334;335;447;448;449;450;451;452;474;475;476;477;484;485;486;487;498;499;500
F52022,10,13,13,901.5521179224772,900.0,1.5521179224772368,9,181,181,50,4.296133756637573,59;60;61;62;63;64;65;66;67;68;69;80;81;82;83;84;85;86;87;88;89;90;91;92;93;94;95;96;97;98;99;100;101;102;103;104;115;116;117;118;119;120;121;122;123;124;125;126;127;128;129;130;131;132;133;134;135;147;148;149;160;161;162;163;164;165;166;167;168;191;192;216;217;218;219;220;221;222;223;224;225;226;227;265;281;282;283;284;285;286;287;288;289;290;291;292;293;294;295;296;297;298;374;385;386;387;388;389;390;391;392;393;412;413;414;415;416;427;428;429;430;431;432;433;434;435;436;437;438;439;440;441;442;443;444;445;446;447;448;449;450;451;452;453;454;455;466;467;468;469;470;471;472;473;474;475;476;477;478;479;480;481;482;483;484;485;486;487;488;489;490;491;492;493;494;495;496;497;498;499;500
F52022,10,14,14,901.32514234124,900.0,1.3251423412400527,10,159,159,78,3.833871841430664,87;98;113;125;136;137;138;139;140;141;142;143;144;145;146;147;148;149;150;151;152;153;154;155;156;157;158;159;160;187;188;189;190;191;192;193;194;195;206;207;208;209;210;211;212;213;214;215;216;217;218;219;220;242;243;244;260;271;272;273;274;275;276;277;278;279;280;281;282;283;284;285;286;287;288;289;290;291;292;293;294;309;320;321;322;323;324;325;326;327;328;342;343;344;345;356;357;358;359;372;373;374;375;376;377;378;379;380;381;382;383;418;429;430;443;444;445;446;447;448;449;450;451;452;453;454;455;456;457;458;459;460;461;462;463;464;468;479;480;481;482;483;484;485;486;487;488;489;490;491;492;493;494;495;496;497;498;499;500
F52022,10,15,15,901.5725452367618,900.0,1.5725452367618118,10,137,137,60,3.374650239944458,23;24;25;26;50;51;63;64;90;91;92;93;94;95;96;97;98;99;100;116;117;118;119;120;121;122;123;124;125;126;127;128;140;151;152;153;154;155;156;157;158;170;171;172;173;174;202;221;222;223;224;225;226;238;251;252;253;254;255;256;257;258;259;260;261;262;292;293;294;295;346;347;348;349;361;362;363;364;365;366;367;368;369;370;371;372;385;431;432;433;444;445;446;447;448;449;450;451;452;453;454;455;456;457;458;459;460;461;462;463;464;465;466;467;468;469;480;481;482;483;484;485;486;487;488;489;490;491;492;493;494;495;496;497;498;499;500
F52022,10,16,16,901.6728661828573,900.0,1.6728661828573195,13,239,239,108,5.517101764678955,40;41;42;43;44;60;61;62;63;64;65;66;78;79;90;91;106;107;108;109;110;111;112;113;114;115;126;127;128;129;130;131;132;144;145;146;147;148;149;150;161;162;163;164;165;166;167;168;169;170;171;172;173;174;175;176;177;178;179;180;181;182;183;184;185;196;197;198;210;211;235;246;247;248;249;250;251;252;253;254;255;256;257;269;270;271;272;273;284;285;286;287;288;289;290;291;292;293;294;295;296;297;298;299;300;301;302;303;304;305;306;307;308;309;320;321;322;323;324;325;326;327;328;329;330;331;332;333;334;335;336;337;338;339;340;341;342;343;344;345;346;347;348;359;360;361;362;363;364;365;373;374;375;376;377;378;379;380;381;382;383;384;395;396;397;398;399;400;401;402;403;404;405;406;407;408;409;410;411;412;413;414;415;416;417;418;426;437;438;439;440;441;442;443;444;445;446;447;448;449;450;451;452;453;454;455;456;457;458;459;460;461;462;473;474;475;476;477;478;479;480;481;482;483;484;485;486;487;488;489;490;491;492;493;494;495;496;497;498
F52022,10,17,17,900.4661648998411,900.0,0.4661648998411465,11,130,130,62,3.2218620777130127,40;41;52;53;54;55;56;57;58;59;60;61;62;63;64;65;66;67;68;69;70;71;83;94;95;96;97;98;111;112;113;114;115;116;117;118;156;157;193;194;195;232;233;234;235;236;237;257;258;259;260;261;262;263;264;265;266;267;268;269;270;271;272;331;332;333;344;345;346;347;348;349;350;351;352;353;354;366;367;368;369;424;425;441;442;443;444;445;446;447;448;449;450;451;452;453;454;455;456;457;458;459;460;461;472;473;474;475;476;477;478;479;480;481;482;483;484;485;486;487;488;489;490;491;492;493;494;495;496;497
F52022,10,18,18,900.9543427325754,900.0,0.9543427325753555,10,172,172,62,4.1096391677856445,60;61;72;73;74;75;76;77;78;79;80;81;82;83;84;85;97;98;119;150;151;166;177;178;179;180;181;182;183;184;185;186;187;188;189;190;191;192;193;194;221;222;249;250;251;252;253;254;255;256;257;258;259;260;261;272;273;274;275;276;277;278;279;280;281;282;283;284;285;286;287;288;289;290;291;292;293;305;316;317;318;319;320;321;322;323;324;325;326;327;328;329;330;331;332;333;334;335;336;337;338;339;340;341;342;380;381;382;383;384;396;397;398;399;400;401;402;403;404;410;411;426;437;438;439;440;441;442;443;444;445;446;447;448;449;450;451;452;453;454;455;456;457;458;459;460;461;472;473;474;475;476;477;478;479;480;481;482;483;484;485;486;487;488;489;490;491;492;493;494;495;496
F52022,10,19,19,900.4416411176816,900.0,0.44164111768157,10,109,109,38,2.780690908432007,71;125;126;127;138;150;162;163;220;221;232;233;234;235;236;248;249;250;251;252;253;254;255;280;281;293;294;295;296;297;309;310;322;336;337;338;339;340;341;342;343;344;345;363;383;384;385;386;387;388;399;400;401;425;426;427;428;429;430;431;432;433;434;435;436;447;448;449;450;451;452;453;454;455;456;457;458;459;460;461;462;463;464;465;466;467;468;469;470;471;472;473;484;485;486;487;488;489;490;491;492;493;494;495;496;497;498;499;500
F52022,10,20,20,900.4957984320178,900.0,0.4957984320177502,10,200,200,65,4.697253942489624,27;38;39;40;41;42;43;44;45;46;47;48;49;50;51;52;53;54;55;56;68;79;80;81;82;83;84;85;86;98;99;100;101;102;103;121;122;123;124;125;126;127;128;129;130;131;132;133;134;135;147;148;149;150;151;152;153;154;155;172;200;201;202;203;233;234;235;236;237;238;239;240;241;242;243;244;287;288;289;290;291;302;303;304;305;306;307;308;309;310;311;312;313;314;315;316;317;318;319;320;321;322;323;324;325;326;337;338;339;340;341;342;343;344;345;346;374;388;389;390;391;402;403;404;405;406;407;408;409;410;411;412;413;414;415;416;417;418;419;420;421;422;423;424;425;426;437;438;439;440;441;442;443;444;445;446;447;448;449;450;451;452;453;454;455;456;457;458;459;460;461;462;463;474;475;476;477;478;479;480;481;482;483;484;485;486;487;488;489;490;491;492;493;494;495;496;497;498;499;500
F52022,10,21,21,900.1151037875163,900.0,0.11510378751631833,11,230,230,48,5.339104175567627,16;60;61;62;63;85;86;87;88;123;124;125;157;158;159;160;161;162;163;164;175;176;177;178;179;180;181;182;183;184;185;186;198;199;200;201;202;203;204;205;206;207;208;209;210;211;212;213;214;215;216;217;218;219;220;221;222;223;224;235;236;237;238;239;240;241;242;243;244;245;246;247;248;249;250;251;252;253;254;255;256;257;258;259;282;293;294;295;296;297;298;299;300;301;302;303;304;305;306;307;308;309;310;311;312;313;314;315;316;317;328;329;330;331;332;333;334;335;336;337;338;339;340;341;342;343;344;345;346;347;348;349;350;351;352;353;354;355;356;357;358;359;360;361;362;373;374;375;376;387;388;389;390;391;392;393;394;395;396;397;398;399;400;401;402;403;404;405;406;407;408;409;410;411;425;426;427;428;429;430;431;432;433;434;435;436;437;438;439;440;441;442;443;444;445;446;457;458;459;460;461;462;463;464;465;466;467;468;469;470;471;472;473;474;475;476;477;478;479;480;481;482;483;484;495;496;497;498;499;500
F52022,10,22,22,901.6795915887867,900.0,1.6795915887867068,10,158,158,62,3.8114230632781982,94;124;125;126;127;128;129;130;131;148;149;150;151;152;153;154;155;156;157;158;159;160;161;162;163;164;165;166;184;185;186;187;188;189;190;191;192;193;194;195;196;197;198;199;200;201;233;234;235;236;254;255;256;257;258;259;260;261;262;263;275;276;277;278;279;324;360;361;362;363;364;365;366;367;378;379;380;381;382;383;384;385;386;387;388;389;390;391;392;393;394;395;396;397;398;399;400;401;402;422;423;424;425;426;427;428;429;430;431;432;433;434;435;436;437;448;449;450;451;452;453;454;455;456;457;458;459;460;461;462;463;464;465;466;467;468;469;470;471;472;483;484;485;486;487;488;489;490;491;492;493;494;495;496;497;498;499;500
F52022,10,23,23,901.1976795896308,900.0,1.1976795896307522,9,122,122,35,3.057766914367676,97;122;123;124;125;126;127;128;129;130;131;132;133;134;156;157;158;159;160;161;162;163;164;165;166;167;168;169;170;181;182;183;184;185;186;208;209;210;211;212;213;232;233;234;235;236;237;238;239;240;241;242;257;270;271;272;273;274;275;276;277;278;279;284;285;286;287;288;289;290;291;292;394;417;418;419;420;421;428;431;432;443;444;445;446;447;448;449;450;451;452;453;454;455;456;457;458;459;460;461;462;463;464;465;473;484;485;486;487;488;489;490;491;492;493;494;495;496;497;498;499;500
F52022,10,24,24,900.2586102517371,900.0,0.25861025173708185,9,92,92,26,2.4199540615081787,24;25;26;27;44;56;57;58;59;60;61;62;118;119;131;132;133;152;166;167;168;169;170;171;172;173;174;175;176;177;178;179;180;181;182;183;184;190;191;202;203;204;205;206;207;208;209;210;211;212;213;214;215;216;217;218;257;292;318;332;429;430;431;432;433;434;456;457;458;459;460;461;462;463;464;465;466;467;468;469;470;490;491;492;493;494;495;496;497;498;499;500
F52022,10,25,25,901.3340581515096,900.0,1.3340581515095664,10,182,182,71,4.316464185714722,51;52;53;54;55;66;67;68;69;70;71;72;73;74;75;76;77;78;98;119;120;126;139;140;141;142;143;154;155;156;168;169;170;171;172;173;174;175;176;177;178;207;208;209;210;211;212;213;214;215;227;228;229;230;231;232;233;234;235;236;237;238;239;240;241;242;243;244;245;246;247;248;262;263;264;265;266;267;268;269;270;271;282;283;284;285;286;287;288;289;290;291;292;293;294;295;296;317;337;338;339;340;352;353;354;355;356;374;375;376;377;378;379;380;381;382;383;384;385;386;387;388;398;399;400;401;415;426;427;428;429;430;431;432;433;434;435;436;437;438;439;440;441;442;443;444;445;446;447;448;449;450;451;462;463;464;465;466;467;468;469;470;471;472;473;474;475;476;477;478;479;480;481;482;483;484;485;486;497;498;499;500
F52022,10,26,26,900.7863283785375,900.0,0.7863283785375188,8,145,145,40,3.5379910469055176,46;47;48;91;92;93;114;115;116;117;118;119;120;121;122;123;124;125;126;127;128;140;141;142;143;144;145;146;147;148;149;150;151;152;153;154;155;156;157;158;159;160;161;162;163;164;165;176;177;178;179;180;181;182;183;184;185;186;187;188;198;199;200;201;202;203;204;205;206;207;208;209;210;211;212;213;225;226;227;228;229;241;261;273;274;275;276;277;278;279;280;292;293;294;330;331;332;333;344;345;346;434;435;436;437;438;449;450;451;452;453;454;455;456;457;458;459;460;461;462;463;464;465;466;467;468;469;470;471;472;473;474;475;476;477;488;489;490;491;492;493;494;495;496;497
F52022,10,27,27,901.8534516705213,900.0,1.853451670521281,9,126,126,46,3.138235092163086,59;70;71;72;73;116;117;128;129;130;131;132;133;134;135;136;137;139;140;141;142;143;144;145;146;147;148;149;150;151;152;168;179;180;181;182;183;184;185;186;187;188;189;190;191;192;193;194;195;196;197;198;199;200;201;202;203;214;215;216;217;218;219;220;221;222;223;224;225;226;227;228;229;230;231;232;233;234;235;236;237;255;256;257;258;259;260;270;271;291;292;293;294;295;296;297;298;299;300;337;338;409;410;442;443;444;445;456;468;469;470;471;472;473;474;475;476;477;478;479;480;496;497;498;499;500
F52022,10,28,28,900.6725119017907,900.0,0.6725119017906991,9,148,148,51,3.6024482250213623,81;96;97;109;110;129;130;131;132;133;134;135;154;155;156;157;158;159;160;161;162;163;164;176;187;188;189;190;191;192;193;194;195;196;197;198;199;200;201;202;203;204;205;206;207;208;209;210;222;233;234;247;248;249;250;251;276;291;292;293;294;295;296;297;298;299;300;301;311;322;323;324;325;326;327;328;329;330;331;332;333;334;335;336;337;338;339;340;341;342;343;344;345;346;347;348;349;350;351;352;421;422;423;424;435;436;437;438;439;440;441;442;443;444;445;446;447;448;449;450;451;452;453;454;455;456;457;464;475;476;477;478;479;480;481;482;483;484;485;486;487;488;489;490;491;492;493;494
F52022,10,29,29,900.5788844063768,900.0,0.578884406376801,11,151,151,67,3.670931816101074,40;41;42;73;85;96;97;98;99;100;101;117;118;119;120;157;158;159;160;178;179;180;181;182;183;184;185;186;187;188;189;190;191;192;193;194;195;196;207;208;209;223;224;225;226;238;239;240;251;252;253;254;255;256;257;258;259;260;261;262;263;264;265;266;267;268;269;270;271;272;273;274;292;303;304;305;306;307;308;309;310;311;353;365;366;367;368;369;408;409;420;421;422;423;424;425;426;427;428;429;430;431;432;433;434;435;436;437;438;439;440;441;442;443;444;445;446;457;458;459;460;461;462;463;464;465;466;467;468;469;470;471;472;473;474;475;476;477;478;479;480;481;482;483;494;495;496;497;498;499;500
F52022,10,30,30,901.6605716019711,900.0,1.660571601971128,12,193,193,93,4.55285906791687,41;42;43;44;45;46;47;68;80;81;82;83;84;85;99;100;101;102;103;104;105;106;107;108;109;110;111;112;113;114;115;116;117;118;119;120;131;132;133;134;135;136;137;138;139;156;157;158;169;170;171;172;173;174;175;176;177;178;179;180;181;182;183;184;185;186;187;188;200;211;212;213;214;215;216;217;218;219;220;221;222;223;224;225;226;227;228;229;230;231;232;233;234;246;247;248;249;260;261;262;263;264;265;266;267;268;269;270;271;272;273;274;275;283;295;313;314;315;316;347;348;378;379;380;381;382;383;400;401;402;403;404;405;406;407;408;409;410;411;412;413;414;415;416;417;418;419;420;421;422;423;434;435;436;437;438;439;440;441;442;443;444;445;446;447;448;449;450;451;452;453;454;455;456;457;458;469;470;471;472;482;483;484;485;486;487;488;489;490;491;492;493;494
F62022,10,1,1,16414.893655145628,1800.0,14614.893655145628,9,124,124,67,3.4139230251312256,39;40;41;67;68;69;70;71;72;73;74;75;76;87;88;89;108;109;110;122;133;134;135;136;137;138;139;140;141;142;143;144;145;146;147;148;149;150;151;152;153;154;155;156;169;170;171;182;183;184;185;186;187;188;189;190;191;192;193;194;195;196;197;198;199;200;212;213;214;234;235;236;237;238;250;270;271;272;273;274;275;276;277;278;279;280;281;282;283;284;285;296;297;298;299;300;301;302;303;304;305;306;307;308;309;310;311;312;313;314;315;316;317;318;319;331;342;343;344;345;346;408;435;436
F62022,10,2,2,28379.774356971524,1800.0,26579.774356971524,10,116,116,87,3.229274034500122,22;33;34;35;36;37;38;39;40;41;53;54;55;56;57;70;71;72;73;74;75;76;77;78;79;80;81;82;94;105;106;107;108;109;110;111;112;113;114;115;116;117;118;119;120;121;122;123;124;136;179;190;191;192;193;194;195;196;197;198;199;200;201;202;203;204;205;206;207;208;209;210;211;212;213;225;236;237;238;239;240;252;253;254;255;256;257;258;259;277;298;299;300;301;302;303;304;305;306;307;333;334;335;336;337;348;349;350;351;352;353;354;355;356;380;415
F62022,10,3,3,31062.8053579102,1800.0,29262.8053579102,12,204,204,97,5.27121901512146,23;24;36;37;38;39;40;41;42;43;44;45;46;47;48;69;70;92;93;94;95;96;97;98;99;100;101;102;103;104;105;123;124;125;126;127;128;129;130;131;132;133;134;135;136;137;138;139;140;151;152;153;154;155;156;157;158;159;160;161;162;163;164;165;166;167;168;169;170;171;172;173;174;175;176;177;188;189;190;191;192;193;194;195;196;197;198;199;200;201;202;203;204;205;206;207;208;209;210;211;212;213;214;215;216;217;228;229;230;231;232;233;234;235;236;237;238;239;240;241;242;243;244;245;246;247;248;249;250;251;252;265;266;267;268;269;270;271;272;273;274;275;276;277;278;279;280;292;293;304;305;306;307;308;309;310;311;312;313;314;315;316;317;329;330;331;332;333;356;357;358;359;360;361;362;363;364;365;366;367;368;387;388;389;390;391;392;393;394;395;396;397;409;410;421;422;423;424;425;426;427;428;429;458
F62022,10,4,4,25705.02981331409,1800.0,23905.02981331409,9,194,194,93,5.042254686355591,23;45;46;47;48;49;50;51;52;53;54;55;56;57;69;70;81;82;83;84;85;86;87;88;89;90;91;92;93;94;95;96;97;98;99;100;101;102;103;104;105;116;117;118;119;120;121;122;123;124;125;126;127;128;129;130;131;132;133;134;135;136;137;138;139;140;151;152;153;154;155;156;157;158;159;160;161;162;163;164;165;166;167;168;169;170;171;172;173;174;186;197;198;199;200;201;202;203;204;205;206;207;208;209;210;211;212;213;214;215;216;217;218;219;220;232;233;234;245;246;247;248;249;250;251;252;253;254;255;256;257;258;259;260;261;262;263;264;265;266;267;268;269;270;271;294;295;296;297;298;299;300;301;302;303;304;305;306;307;308;319;320;321;322;323;324;336;337;338;339;340;341;342;343;354;355;356;357;358;359;360;361;362;374;423;424;425;426;427;428;429;430;431;432
F62022,10,5,5,22958.506712427465,1800.0,21158.506712427465,9,127,127,58,3.488831043243408,29;30;31;42;43;44;45;46;47;48;49;73;74;75;76;77;78;98;99;115;116;117;137;148;149;150;151;173;184;185;186;187;188;189;190;191;192;193;194;195;196;197;198;199;200;201;202;203;204;205;206;207;208;209;220;221;222;234;235;236;237;238;239;240;241;242;243;244;264;265;266;267;268;269;270;271;272;273;274;275;276;277;278;279;280;281;292;293;294;295;296;297;298;299;300;301;302;303;304;305;306;307;308;309;310;311;312;313;314;315;327;328;329;352;353;354;355;356;357;358;359;360;361;387;388;389;390
F62022,10,6,6,20981.776851702252,1800.0,19181.776851702252,9,138,138,65,3.742136001586914,24;25;26;37;38;39;97;98;113;114;115;116;117;118;119;120;121;122;123;124;125;126;127;128;129;130;131;132;133;134;145;146;147;148;149;150;151;152;164;165;166;167;168;169;170;185;186;187;188;189;190;191;192;193;194;195;196;197;198;199;200;201;202;203;204;205;206;217;218;219;220;221;222;223;224;225;226;227;228;229;230;231;232;233;234;235;236;237;238;239;240;252;263;264;265;266;267;268;269;270;271;272;273;274;275;276;277;278;279;280;281;282;283;284;285;286;300;301;302;303;322;323;335;380;381;406;407;408;409;410;411;412;413;414;415;416;417;418
F62022,10,7,7,16684.216481366595,1800.0,14884.216481366595,11,165,165,93,4.35880708694458,33;34;35;46;47;48;49;50;51;52;53;54;55;56;57;58;59;60;61;62;63;64;65;66;67;68;69;70;81;82;83;84;85;86;87;88;89;90;91;92;93;94;95;96;97;98;99;100;101;102;103;120;131;132;133;134;135;136;137;138;139;140;141;142;143;144;145;146;147;148;149;150;151;152;153;154;166;177;178;179;180;181;182;183;184;185;186;187;188;189;190;191;192;193;194;195;196;197;198;199;200;212;223;224;225;226;227;246;247;259;260;272;273;274;275;276;288;289;290;301;302;303;304;305;306;307;308;309;310;311;312;313;314;315;316;317;318;319;331;332;351;352;353;354;355;356;357;369;385;386;387;388;389;401;402;403;404;416;417;418;419;420;421;440;441
F62022,10,8,8,17200.152272659747,1800.0,15400.152272659747,10,185,185,91,4.827176809310913,20;31;32;44;45;46;64;65;66;77;78;79;80;81;82;83;84;85;86;87;88;89;90;91;92;93;94;95;96;97;98;99;100;101;102;113;114;115;116;117;118;119;120;121;122;123;124;125;126;127;128;129;130;131;132;133;134;135;136;137;151;162;163;164;180;181;182;183;184;185;186;187;188;189;190;191;192;203;204;205;206;207;208;209;210;211;212;213;214;215;216;217;218;219;220;221;222;223;224;225;226;238;249;250;251;252;253;254;255;256;257;258;259;260;261;262;263;264;265;266;267;268;269;270;271;272;284;300;301;302;319;320;321;322;344;345;346;347;348;349;350;351;352;353;354;355;356;357;358;359;370;371;372;373;374;375;376;377;378;379;380;381;382;383;384;385;386;387;388;389;453;464;465;466;467;468;469;470;471;472;473;474;475;476;477
F62022,10,9,9,16080.79584391963,1800.0,14280.79584391963,10,186,186,93,4.841659784317017,19;20;39;40;41;42;43;44;45;59;70;71;72;73;74;75;76;77;78;79;80;81;82;94;95;108;109;110;111;112;113;114;115;116;117;118;119;120;121;122;123;124;125;126;127;128;129;130;131;142;143;144;145;146;147;148;149;150;151;152;153;154;155;156;157;158;159;160;161;162;163;164;165;177;188;189;190;191;192;193;194;195;196;197;198;199;200;201;202;203;204;205;206;207;208;209;210;211;212;213;214;215;233;234;235;236;237;238;239;240;241;242;243;244;245;246;247;248;249;250;251;252;253;269;270;271;272;273;274;275;276;277;278;279;280;281;282;283;284;285;286;287;288;309;310;311;312;313;314;315;316;317;318;319;320;321;322;323;324;325;326;327;328;329;348;349;350;351;352;353;354;355;356;357;358;359;360;361;362;363;364;375;376;377;378;379
F62022,10,10,10,32486.055526179418,1800.0,30686.055526179418,8,159,159,76,4.238809823989868,22;23;36;48;49;50;51;89;90;107;108;120;121;122;123;124;125;136;137;138;139;140;141;142;143;144;145;146;147;148;149;150;151;152;153;154;155;156;157;158;159;160;171;172;173;174;175;176;177;178;179;180;181;182;183;184;185;186;187;188;189;190;191;192;193;194;206;207;208;219;220;221;222;223;224;225;226;227;228;229;230;231;232;233;234;235;236;237;238;239;240;241;242;257;258;269;270;271;272;273;274;275;276;277;278;279;280;281;282;283;284;285;286;287;288;289;290;291;292;293;294;322;323;324;325;326;337;338;339;340;341;342;343;344;345;346;347;348;349;350;376;377;378;379;380;391;392;393;394;395;396;397;398;399;450;451;452;453;454
F62022,10,11,11,45145.90358326384,1800.0,43345.90358326384,9,146,146,83,3.928943157196045,28;40;41;42;43;44;45;46;47;48;49;50;51;52;53;54;55;56;57;58;59;60;61;62;63;74;75;76;77;78;79;101;112;113;114;115;116;117;118;119;120;137;148;149;150;151;152;153;154;155;156;157;158;159;160;161;162;163;164;165;166;167;168;169;170;171;194;205;206;207;208;209;210;211;212;213;214;215;216;217;218;219;220;221;222;236;237;248;249;250;251;252;253;254;255;256;257;258;259;260;261;262;263;264;265;266;267;268;269;270;271;283;294;295;296;297;298;310;311;312;313;314;315;316;317;318;319;333;351;352;353;354;355;371;372;373;374;375;376;377;378;379;380;381;382;406
F62022,10,12,12,28453.6194071894,1800.0,26653.6194071894,10,129,129,78,3.525944948196411,50;61;62;63;64;65;66;67;68;69;70;71;83;84;85;96;97;98;99;100;101;102;103;104;105;106;107;119;120;137;138;139;140;141;142;154;155;156;167;168;169;170;171;172;173;174;175;176;177;178;179;180;181;182;183;184;185;186;187;188;189;190;202;203;204;215;216;217;218;219;220;221;222;223;224;225;226;227;228;229;230;231;232;233;245;264;265;266;267;268;269;270;271;272;273;274;275;276;277;278;279;280;299;300;301;302;303;304;305;306;307;308;309;310;311;312;313;314;315;344;370;371;390;391;392;393;394;395;455
F62022,10,13,13,24772.66411983033,1800.0,22972.66411983033,9,140,140,79,3.775007963180542,47;58;59;60;61;62;63;64;65;66;67;68;69;70;71;72;73;74;75;76;77;78;79;80;81;82;93;94;95;96;97;98;99;100;101;102;103;104;105;106;107;108;120;121;132;133;134;135;136;137;138;139;140;164;197;198;199;200;201;214;215;216;217;218;219;220;221;222;223;224;225;226;227;228;229;230;231;232;233;234;235;236;237;238;256;257;269;270;271;272;273;284;285;286;287;288;289;290;291;292;293;294;295;296;297;328;329;347;348;349;350;351;352;353;354;355;356;357;358;359;360;361;362;363;364;375;376;377;378;379;380;381;393;394;395;396;397;398;399;422
F62022,10,14,14,31206.544592101305,1800.0,29406.544592101305,9,129,129,47,3.530446767807007,15;16;75;86;87;88;89;90;91;92;93;94;95;96;97;98;99;100;101;102;114;115;116;117;131;132;133;134;146;158;169;170;171;172;173;174;175;176;177;178;179;180;181;182;183;184;185;186;187;188;189;190;191;192;204;215;216;217;218;219;220;242;243;244;255;256;257;258;259;260;261;262;263;264;265;266;267;268;269;270;271;272;273;274;275;276;277;278;295;296;297;298;299;300;301;312;313;314;315;316;317;318;319;320;321;322;323;324;325;326;327;328;329;330;331;332;333;334;335;351;352;353;354;355;356;357;358;369;396
F62022,10,15,15,17296.131881650017,1800.0,15496.131881650017,10,189,189,114,4.916918992996216,40;68;69;70;71;72;84;95;96;97;98;99;100;101;102;103;104;105;106;107;108;109;110;111;112;113;114;115;116;117;118;130;131;142;143;144;145;146;147;148;149;150;179;180;191;192;193;194;195;196;197;198;199;200;201;202;203;204;205;206;207;208;209;210;211;212;213;214;226;227;228;239;240;241;242;243;244;245;246;247;248;249;250;251;252;253;254;255;256;257;258;259;260;261;262;263;274;275;276;277;278;279;280;281;282;283;284;285;286;287;288;289;290;291;292;304;320;321;322;323;324;325;326;327;328;329;330;331;332;333;334;335;336;337;338;339;350;351;352;353;354;355;370;371;372;373;374;385;386;387;388;389;390;391;392;393;394;395;396;397;398;399;400;401;402;403;417;428;429;430;431;432;433;434;435;436;437;438;439;440;441;442;443;444;445;446;447;448;449
F62022,10,16,16,28039.938438037465,1800.0,26239.938438037465,9,179,179,95,4.696761131286621,59;60;61;62;80;81;82;83;84;85;86;87;88;89;90;91;92;93;94;95;96;97;108;109;110;111;112;113;114;115;116;117;118;119;120;121;122;123;124;125;126;127;128;129;130;131;132;143;144;145;146;147;148;149;150;151;152;153;154;155;156;157;158;159;160;161;162;163;164;165;166;178;179;190;191;192;193;194;195;196;197;198;199;200;201;202;224;225;236;237;238;239;240;241;242;243;244;245;246;247;248;249;250;251;252;253;254;255;256;257;258;259;271;272;273;274;285;286;287;288;289;290;291;292;293;294;295;296;297;298;299;300;301;302;303;304;305;306;307;308;330;331;332;333;334;335;346;347;348;349;350;362;363;364;365;366;367;368;369;370;385;386;387;388;389;390;391;392;393;394;395;414;441;442;443;444;445;446;447
F62022,10,17,17,32360.5506058695,1800.0,30560.5506058695,10,163,163,76,4.315415143966675,22;33;34;35;36;37;38;39;40;41;42;43;44;45;46;47;48;49;69;80;81;82;83;84;85;86;87;88;89;90;91;92;93;94;95;96;97;98;99;100;101;102;103;104;115;116;117;118;119;120;121;122;123;124;125;126;127;128;129;130;131;132;133;134;135;136;137;138;150;151;177;178;179;180;181;193;204;205;206;207;208;209;210;211;229;240;241;242;243;244;245;246;247;248;249;250;251;252;253;254;255;256;257;269;280;281;282;283;284;285;286;287;288;289;290;291;292;293;294;295;296;297;298;299;300;301;302;303;315;337;338;349;350;351;352;353;354;355;356;357;358;359;360;361;362;363;364;365;366;378;389;390;391;392;393;394;395;396;397;398;421;433;434
F62022,10,18,18,44200.99168437719,1800.0,42400.99168437719,11,140,140,82,3.7953739166259766,18;53;65;66;77;78;79;98;99;100;101;112;113;114;115;116;117;118;119;120;121;122;123;124;125;126;127;128;129;130;131;132;133;134;135;136;147;148;149;150;151;152;153;154;155;156;157;158;159;160;161;162;163;164;165;166;167;168;169;170;182;183;184;212;213;214;215;216;217;218;219;220;221;222;242;243;244;245;246;247;248;249;250;251;252;253;254;255;256;257;268;269;270;271;272;273;274;275;276;277;278;279;280;281;282;283;300;311;312;313;314;315;316;317;318;319;320;321;322;323;324;325;326;327;328;329;330;331;332;333;334;346;347;371;372;386;387;388;422;423
F62022,10,19,19,41646.345686842156,1800.0,39846.345686842156,9,158,158,101,4.212993860244751,65;76;77;78;79;80;81;82;83;84;85;86;87;88;89;90;91;92;93;94;95;96;97;98;99;100;111;112;113;114;115;116;117;118;119;120;121;122;123;124;125;126;127;128;129;130;131;132;133;134;135;136;157;158;159;160;161;162;163;164;165;166;167;168;169;170;171;182;183;184;185;186;187;188;189;190;191;192;193;194;195;196;197;198;199;200;201;202;203;204;205;217;228;229;230;231;232;233;234;235;236;237;238;239;240;241;242;243;244;245;246;247;248;249;250;251;263;274;275;276;290;291;292;293;294;295;296;297;298;299;310;311;312;313;314;315;316;317;318;319;320;354;371;372;373;374;375;376;377;378;379;380;436;447;448;449;450;451
F62022,10,20,20,13883.69151872268,1800.0,12083.69151872268,9,123,123,52,3.3912861347198486,27;44;56;57;58;59;60;89;104;105;106;107;108;109;128;147;148;149;150;151;152;153;154;155;156;157;158;159;160;161;162;163;164;175;191;192;193;194;195;196;197;198;199;200;211;212;213;214;215;216;217;218;219;220;221;222;248;249;250;263;264;265;266;267;268;269;270;271;272;273;274;275;276;277;278;279;280;281;282;283;284;285;286;287;288;289;290;291;292;306;307;308;309;345;346;347;348;349;350;351;362;363;364;365;366;367;368;369;370;371;372;373;374;375;376;377;378;379;392;393;394;405;417
F62022,10,21,21,23171.00600977755,1800.0,21371.00600977755,10,146,146,68,3.9538300037384033,37;52;79;80;81;82;83;84;85;86;87;88;99;115;116;117;118;119;120;121;122;123;139;140;141;142;143;144;145;146;147;148;149;150;151;152;153;154;155;156;157;158;159;170;171;172;173;174;175;176;177;189;190;191;192;193;194;213;214;215;216;217;218;219;220;221;222;223;224;225;226;227;228;229;240;241;242;243;244;245;246;247;248;249;250;251;252;253;254;255;256;257;258;259;260;261;262;263;293;294;295;296;307;308;309;310;323;324;325;326;327;328;329;330;331;332;333;334;345;346;358;359;360;361;362;363;364;365;366;367;368;369;370;371;372;373;394;395;396;397;398;399;426;427;428;429
F62022,10,22,22,12365.173227250823,1800.0,10565.173227250823,8,152,152,51,4.081784009933472,30;46;65;66;67;68;69;70;71;72;73;74;75;97;109;129;130;131;132;133;134;135;136;137;138;139;140;141;142;143;144;163;164;165;166;167;168;169;170;171;172;173;174;175;176;177;178;179;180;181;182;183;194;195;196;197;217;218;219;220;221;222;223;224;235;236;237;238;239;240;241;242;243;244;245;246;247;248;249;250;251;252;253;254;255;256;257;258;279;280;281;292;293;294;295;296;297;298;299;300;301;302;303;304;305;306;307;308;309;310;311;312;313;314;315;327;338;339;340;341;342;343;344;345;346;347;348;349;350;351;352;353;354;355;356;357;358;359;360;361;373;374;375;376;377;378;431;432;445;446;447;448
F62022,10,23,23,33612.526365820864,1800.0,31812.526365820864,11,180,180,102,4.734969854354858,53;68;69;70;71;72;73;74;75;76;77;78;79;80;81;82;83;84;85;86;87;88;99;100;101;117;118;119;120;121;122;123;134;135;136;137;138;139;140;141;142;143;144;145;146;147;148;149;150;151;152;153;154;155;156;157;158;170;171;172;173;174;175;176;177;178;179;180;181;182;183;184;185;186;187;188;189;190;191;192;193;206;207;219;220;221;222;223;224;225;226;227;228;229;240;241;242;243;244;245;246;247;248;249;250;251;252;253;254;255;256;268;269;270;271;282;283;284;285;286;287;288;289;290;291;292;293;294;295;296;297;298;299;300;301;302;303;304;305;317;328;342;343;344;345;346;347;348;349;350;351;352;353;354;355;356;367;368;369;370;371;383;384;385;386;387;388;389;390;391;403;404;405;406;407;408;409;410;411;444
F62022,10,24,24,20904.48749747364,1800.0,19104.48749747364,9,145,145,65,3.8927738666534424,27;28;29;44;56;57;58;59;60;61;62;63;64;65;66;77;78;79;80;81;82;83;84;85;86;87;88;89;90;91;92;93;94;95;96;97;98;99;100;101;120;121;122;123;124;125;126;127;128;129;130;131;132;133;134;135;160;161;162;163;174;175;176;177;178;179;200;211;212;213;214;215;216;217;218;219;220;221;222;223;224;236;237;238;239;250;251;270;271;272;273;274;275;276;277;278;289;290;291;292;293;294;295;296;297;298;299;300;312;313;314;315;326;327;328;329;330;331;332;333;334;335;336;337;338;339;340;341;342;343;344;345;346;347;348;349;361;362;363;387;440;441;442;443;444
F62022,10,25,25,21041.291521025978,1800.0,19241.291521025978,10,179,179,92,4.680626153945923,32;54;55;56;57;58;59;60;61;62;63;64;65;66;67;78;79;80;81;82;83;84;85;86;98;99;111;122;123;124;125;126;127;128;129;130;131;132;133;134;135;136;137;138;139;140;141;142;143;144;145;157;158;159;170;171;172;173;174;175;176;177;178;179;180;181;182;183;184;185;186;187;188;189;190;191;192;193;194;195;206;207;208;209;210;211;212;213;214;215;216;217;218;219;220;221;222;223;224;225;226;227;228;229;230;241;242;243;244;245;246;247;267;278;279;280;281;282;283;284;285;286;287;288;289;290;291;292;293;294;295;307;318;319;320;321;322;323;324;325;326;327;328;329;330;331;332;333;334;335;336;337;338;339;340;341;353;354;366;367;368;397;398;399;400;401;402;403;404;405;406;407;408;409;421;446;447;448;449
F62022,10,26,26,64695.48440808354,1800.0,62895.48440808354,9,163,163,80,4.31817102432251,46;47;62;80;81;82;83;84;85;86;87;88;89;90;91;92;93;94;95;96;97;108;109;110;111;112;113;114;115;116;117;118;119;120;121;122;123;124;125;126;127;128;129;130;131;132;143;144;145;146;147;148;149;150;162;163;164;165;166;167;191;192;193;194;195;196;197;198;210;221;222;223;224;225;226;227;228;229;230;231;232;233;234;235;236;237;238;239;240;241;242;243;244;266;267;268;279;280;281;282;283;284;285;286;287;288;289;290;291;292;293;294;295;296;297;298;299;300;301;302;318;319;330;331;332;333;334;335;336;337;338;339;340;341;342;364;375;376;377;378;379;380;381;382;383;384;385;386;387;388;389;390;391;392;393;394;395;396;397;398;410;411;412
F62022,10,27,27,44302.70894339132,1800.0,42502.70894339132,11,145,145,69,3.8939948081970215,35;46;47;48;49;50;62;63;64;65;66;67;68;69;70;84;85;86;87;88;89;90;91;92;93;94;95;96;115;116;134;135;136;137;138;139;140;141;142;143;144;156;167;168;169;170;171;172;173;174;175;176;177;178;179;180;181;182;183;184;185;186;187;188;189;190;191;214;215;216;217;218;219;220;221;222;223;224;225;226;227;238;239;240;241;242;243;244;245;246;247;248;249;250;251;252;253;254;255;256;257;258;259;260;261;273;274;290;291;292;293;294;295;296;297;298;299;300;312;332;333;334;335;356;357;374;375;376;377;378;379;380;381;382;383;384;385;386;387;388;389;390;391;392;451
F62022,10,28,28,25665.46336062064,1800.0,23865.46336062064,9,151,151,85,4.034343957901001,17;29;30;41;42;43;44;45;46;47;48;49;50;51;52;53;54;55;56;57;58;59;60;72;83;84;85;86;87;88;89;90;91;92;93;94;95;96;108;119;120;121;122;123;124;125;126;127;128;129;130;131;132;133;134;135;136;137;138;139;140;141;142;143;144;145;146;164;165;166;167;168;169;170;171;172;173;174;175;176;177;178;179;180;181;192;193;194;195;196;197;198;199;200;201;202;214;215;216;217;237;238;239;240;241;242;243;244;245;246;247;248;249;250;251;272;283;284;285;286;287;288;289;290;302;303;304;305;306;307;308;319;320;321;322;323;324;325;326;327;328;329;330;331;332;357;358;359;370;371;372
F62022,10,29,29,47591.29096232353,1800.0,45791.29096232353,10,150,150,95,4.013689041137695,37;38;39;63;64;65;66;67;68;69;70;71;72;73;74;85;86;87;88;89;90;91;92;93;94;95;96;116;127;128;129;130;131;132;133;134;135;136;148;149;150;151;162;163;164;165;166;167;168;169;170;171;172;173;174;175;176;177;178;179;180;181;182;183;184;185;202;203;214;215;216;217;218;219;220;221;222;223;224;225;226;227;228;229;230;231;232;233;234;235;236;237;249;260;261;281;282;283;284;295;296;297;298;299;300;338;339;340;354;355;356;357;358;359;360;361;362;363;364;365;366;378;389;390;391;392;393;394;395;396;397;398;399;400;401;413;414;415;416;436;437;438;439;440;441;442;443;444;445;446
F62022,10,30,30,39629.97507526486,1800.0,37829.97507526486,9,150,150,81,4.031078100204468,42;43;62;63;64;65;66;67;68;69;70;71;72;73;74;75;76;77;78;79;90;91;92;93;94;95;96;97;98;99;100;101;116;127;128;129;130;131;132;133;134;135;136;137;138;139;140;141;142;143;144;145;146;147;148;149;150;162;163;174;175;176;177;178;179;180;181;182;183;184;185;186;198;210;211;212;213;235;236;237;238;239;240;241;242;243;244;245;246;247;248;249;250;251;262;263;264;265;266;267;268;269;270;271;272;273;274;275;276;277;278;279;280;281;282;283;284;285;297;298;309;310;311;312;313;314;315;316;338;366;367;368;369;370;371;385;386;387;398;399;400;401;402;403;404;405;406;407;408;409
F72022,10,1,1,2152.38272032919,2000.0,152.38272032918985,6,181,181,29,30.113170862197876,47;48;49;50;51;52;53;54;55;56;57;58;59;60;61;62;63;64;65;66;67;87;88;115;116;117;118;119;120;121;122;123;124;125;126;127;128;129;130;131;132;133;134;135;136;137;138;139;140;141;142;143;144;145;146;169;170;171;172;173;174;175;176;177;178;179;180;181;182;183;184;185;186;187;188;189;201;202;203;204;205;206;207;208;209;210;211;212;213;214;215;216;217;218;219;220;221;222;223;224;225;226;227;228;229;230;231;232;233;234;235;236;237;238;239;240;241;242;243;244;245;246;247;248;249;250;264;265;286;287;299;318;319;320;321;322;323;324;325;340;341;352;353;354;355;356;357;358;359;360;361;362;363;364;365;366;367;368;369;370;371;372;373;374;375;389;390;391;392;393;419;420;421;422;423;424;425;426;427;428;492
F72022,10,2,2,2079.254546653754,2000.0,79.254546653754,10,229,229,81,37.063913106918335,22;23;24;25;26;27;28;29;30;31;32;33;34;35;36;37;38;39;40;52;53;54;66;67;68;69;70;71;72;73;74;75;76;77;78;79;80;81;93;94;95;96;97;98;99;100;101;102;103;104;105;106;107;108;109;110;111;122;123;124;125;126;127;128;129;130;131;132;133;134;135;136;137;138;139;140;141;142;143;144;145;157;158;159;160;161;162;173;174;175;176;177;178;179;180;181;182;194;195;196;197;198;199;200;201;202;203;204;205;216;217;218;219;220;221;222;223;224;225;226;227;228;229;230;231;232;233;234;235;236;237;238;239;251;252;278;279;280;281;282;283;284;285;286;287;288;289;300;301;302;303;304;305;306;307;308;309;310;311;312;313;314;315;316;317;318;319;320;321;322;323;335;346;347;348;349;350;351;352;353;354;355;356;357;358;359;360;361;362;363;364;365;366;367;368;369;381;395;396;397;398;399;400;401;402;403;404;405;406;407;408;409;410;411;412;413;414;415;416;450;451;480;481;482;483;484;485;486;500
F72022,10,3,3,2188.737037310556,2000.0,188.73703731055593,11,164,164,60,27.304358959197998,44;63;64;65;66;67;68;69;70;71;72;73;74;75;95;96;97;98;109;110;111;112;113;114;115;116;117;118;119;120;121;122;123;124;125;126;127;128;129;130;131;132;144;155;156;157;158;159;160;161;162;163;164;165;166;167;180;181;182;193;194;195;196;197;198;199;200;201;202;203;204;205;206;207;208;209;210;211;212;213;214;215;216;229;230;231;242;243;244;245;246;247;248;249;250;251;252;253;254;255;256;257;258;259;260;261;262;263;264;265;281;292;293;294;295;296;297;298;299;300;301;302;303;304;305;306;307;308;309;321;322;323;324;325;326;359;360;361;362;363;364;375;376;377;378;379;380;381;382;383;384;385;386;387;388;400;401;402;403;415;416;417;462;498
F72022,10,4,4,2126.4511598122062,2000.0,126.45115981220624,8,187,187,33,30.837235927581787,21;22;23;24;25;26;27;28;29;30;66;67;68;92;93;94;95;96;97;98;99;100;101;102;103;104;105;106;107;108;109;120;121;122;123;124;125;126;127;128;129;130;131;132;133;134;135;136;137;138;139;140;141;142;143;155;156;157;158;159;160;161;172;173;174;175;176;177;178;179;180;181;182;183;184;185;186;187;188;189;190;191;192;193;194;195;207;208;209;210;211;212;213;214;215;216;217;218;219;220;221;222;223;224;225;226;227;228;229;230;231;232;233;234;235;236;237;238;239;240;241;242;253;254;255;256;257;258;259;260;261;262;263;264;265;266;267;268;269;270;271;272;273;274;275;276;288;289;290;291;315;316;317;318;319;320;321;322;323;324;336;347;348;349;350;351;352;364;384;395;396;397;398;399;400;401;402;403;404;405;406;407;408;409;410;422;487
F72022,10,5,5,2080.48358366794,2000.0,80.48358366793991,10,159,159,44,26.572305917739868,37;67;68;89;100;101;102;103;104;105;106;107;108;109;110;111;112;113;114;115;116;117;118;119;120;121;122;123;144;155;156;157;158;159;160;161;173;174;175;176;177;178;179;180;191;192;193;194;195;196;197;198;199;200;201;202;203;204;205;206;207;208;209;210;211;212;213;214;235;236;237;238;239;240;241;242;243;244;245;246;247;248;249;250;261;262;263;264;265;266;267;268;269;270;271;272;273;274;275;276;277;278;279;280;281;282;283;284;296;297;298;299;300;301;312;313;314;315;316;317;318;319;320;321;322;323;324;325;326;327;328;329;330;331;332;333;334;335;375;387;388;389;390;391;392;393;394;395;396;397;398;399;400;401;402;403;415;453;493
F72022,10,6,6,2067.319067189854,2000.0,67.3190671898542,9,183,183,82,30.169392824172974,47;48;49;50;70;71;72;73;74;75;76;77;78;79;80;81;82;83;84;85;96;97;98;99;100;101;102;103;104;105;106;107;108;109;110;111;112;113;114;115;116;117;118;119;136;157;158;159;160;161;162;163;164;165;166;167;207;208;209;210;221;222;223;224;225;226;227;228;229;230;231;232;233;234;235;236;237;238;239;240;241;242;243;244;263;264;265;266;267;268;269;270;281;282;283;284;285;286;287;288;289;290;291;292;293;294;295;296;297;298;299;300;301;302;303;304;316;317;318;319;330;331;332;333;334;335;347;348;349;350;351;352;353;354;355;356;357;368;369;370;371;372;373;374;375;376;377;378;379;380;381;382;383;384;385;386;387;388;389;390;391;422;423;424;437;468;469;470;471;472;473;474;475;476;477;478;494;495;496;497;498;499;500
F72022,10,7,7,2131.8097475521204,2000.0,131.80974755212037,11,180,180,116,29.658901929855347,35;36;47;48;49;50;51;52;53;54;55;56;57;58;59;60;61;62;74;75;76;77;88;89;90;91;92;93;94;95;96;97;98;99;100;101;102;103;104;105;106;107;108;109;110;111;123;134;135;136;137;138;139;140;141;142;143;144;145;146;147;148;149;150;151;152;153;154;155;156;157;169;170;181;182;183;184;185;186;187;188;189;190;191;192;193;194;195;196;197;198;199;200;201;202;203;204;217;228;229;230;231;232;233;234;235;236;237;238;239;240;241;242;243;244;245;246;247;248;249;250;251;263;274;275;276;277;278;279;280;281;282;283;284;285;286;287;288;289;290;291;292;293;294;295;296;297;320;331;332;333;334;335;336;337;338;339;340;341;342;343;344;356;382;383;384;385;386;387;388;389;390;391;392;459;460;492;493;494;495
F72022,10,8,8,2169.741259556798,2000.0,169.741259556798,11,178,178,44,29.413320064544678,29;50;51;52;53;54;55;56;57;58;59;60;61;62;63;64;65;66;67;68;110;111;112;113;114;115;116;127;128;129;130;131;132;133;134;135;136;137;138;139;140;141;142;143;144;145;146;147;148;149;150;162;163;164;165;166;167;168;169;170;171;172;173;174;175;176;177;178;179;180;181;182;183;184;185;186;187;188;189;202;214;215;216;217;218;219;220;221;222;223;224;225;226;227;228;229;230;231;232;233;234;235;236;237;275;286;298;299;300;301;302;303;304;305;317;328;329;330;342;343;344;345;346;347;348;349;350;351;352;353;364;365;366;367;368;369;370;371;372;373;374;375;376;377;378;379;380;381;382;383;384;385;386;387;399;400;401;412;413;414;415;416;417;418;419;420;421;422;423;424;425;426;427;428;429;430;448;495
F72022,10,9,9,2087.295472900036,2000.0,87.2954729000362,8,127,127,45,21.717996835708618,49;50;51;52;53;54;55;56;57;58;59;60;61;62;63;64;65;66;67;68;69;70;71;72;73;74;89;90;91;92;93;94;95;107;108;109;110;111;123;124;125;126;127;128;129;130;131;160;161;172;197;198;199;215;216;217;218;219;220;221;222;234;245;246;247;248;249;250;251;252;253;254;255;256;257;258;259;260;261;262;274;285;286;287;288;289;290;291;292;293;316;317;328;329;330;331;332;333;334;335;336;337;338;350;351;352;353;354;355;356;367;368;369;370;371;372;373;374;375;376;377;378;390;391;404;405;499
F72022,10,10,10,2117.501627880828,2000.0,117.50162788082798,6,220,220,64,35.6366708278656,22;23;24;25;26;27;28;29;30;31;43;44;45;46;47;48;49;50;51;52;53;54;55;56;57;58;59;60;94;106;107;108;109;110;111;112;113;114;115;116;117;118;119;120;121;122;123;124;125;126;127;128;129;130;131;132;133;134;135;136;137;138;139;140;141;142;143;144;145;146;147;148;149;150;151;152;153;154;155;156;157;158;159;160;161;162;163;164;165;166;167;168;169;170;171;172;173;174;175;176;177;178;179;180;181;182;183;184;185;186;187;188;189;190;191;192;193;194;195;196;197;198;199;200;201;202;203;204;205;217;228;229;230;231;232;233;234;235;236;237;238;239;240;241;242;243;244;245;246;247;248;249;250;251;263;274;275;276;277;278;279;280;281;282;283;284;285;286;287;288;289;290;291;292;293;294;295;296;297;309;348;349;360;361;362;363;364;365;366;367;368;369;370;371;372;373;374;375;376;377;378;379;380;381;382;383;395;406;407;408;409;410;411;412;481;494;495;496;497;498
F72022,10,11,11,2172.091235103499,2000.0,172.091235103499,8,159,159,31,26.473557949066162,15;16;52;63;64;65;66;67;68;69;70;71;72;73;74;75;76;77;78;79;80;81;82;83;84;85;86;108;109;110;111;112;113;114;115;116;117;128;129;130;131;132;133;134;135;136;137;138;139;140;141;142;143;144;145;146;147;148;149;150;151;163;164;165;166;177;178;179;180;181;182;183;184;185;186;187;188;189;190;191;192;193;194;195;196;197;198;199;200;212;213;214;225;226;227;228;229;230;231;232;233;234;235;236;237;238;239;240;241;242;243;259;270;286;287;304;326;342;343;344;345;346;347;348;349;350;351;352;353;354;355;356;357;358;359;360;361;362;363;364;365;366;400;401;402;439;440;441;442;443;444;445;484;485;496;497;498;499;500
F72022,10,12,12,2169.52655065832,2000.0,169.52655065832005,5,288,288,60,45.723023891448975,15;16;17;18;19;20;21;22;23;24;50;51;52;53;54;55;56;57;58;59;60;61;62;63;64;65;66;67;68;69;70;71;72;73;74;75;87;88;89;90;91;92;93;94;95;96;97;98;99;100;101;102;103;104;105;106;107;108;109;110;111;112;113;114;115;116;117;118;119;120;121;122;123;124;125;126;127;128;129;130;131;132;133;134;135;136;137;138;139;140;141;142;143;144;145;146;147;148;149;150;151;152;153;154;155;156;157;158;159;160;161;162;163;164;165;166;167;168;169;170;171;172;173;174;175;176;177;178;179;180;181;182;183;184;185;186;187;188;189;190;191;192;193;194;195;196;197;198;199;200;201;202;203;204;205;206;207;208;209;210;211;212;213;214;215;216;217;218;219;220;221;222;234;235;236;237;238;239;240;241;242;243;244;245;246;247;248;249;250;251;252;253;254;255;256;257;258;259;260;261;262;263;264;265;266;267;268;269;270;271;272;273;274;275;276;277;278;279;280;281;282;283;303;304;305;306;307;308;309;321;322;333;334;335;336;337;338;339;340;341;342;343;344;345;346;347;348;349;350;351;352;353;354;355;356;368;379;380;381;382;383;384;385;386;387;388;389;390;391;392;393;394;395;396;397;398;399;400;415;426;427;428;429;430;477;498;499;500
F72022,10,13,13,2153.909097469114,2000.0,153.90909746911393,8,161,161,112,26.78349995613098,62;82;83;84;85;86;87;88;89;90;91;92;93;94;95;96;97;98;99;110;111;112;113;114;115;116;117;118;119;120;121;122;123;124;125;126;127;128;129;130;131;132;133;145;156;157;158;159;160;161;162;163;164;165;166;167;168;169;170;171;172;173;174;175;176;177;178;179;191;202;203;204;205;206;207;208;209;210;211;212;213;214;215;216;217;218;219;220;221;222;223;224;225;237;248;249;250;251;252;253;254;255;256;257;258;259;260;261;262;263;264;265;266;267;268;269;270;271;283;284;285;296;297;298;299;300;301;302;303;304;305;306;307;308;309;310;311;312;313;314;315;316;317;318;319;344;356;357;358;359;371;372;373;374;375;376;377;378;379;473;474
F72022,10,14,14,2147.038502148248,2000.0,147.03850214824797,9,165,165,68,27.453516960144043,43;44;55;56;57;58;59;60;61;62;63;64;65;66;67;68;69;70;71;72;73;74;75;76;77;78;90;101;102;103;104;105;106;107;108;109;110;111;112;113;114;115;116;117;118;119;120;121;122;123;124;136;137;138;149;150;151;152;153;154;155;156;157;158;159;160;161;162;163;164;165;166;167;168;169;170;171;172;184;185;196;197;198;199;200;201;202;203;204;205;206;207;208;209;210;211;212;213;214;215;216;217;218;219;231;242;243;244;245;246;247;248;249;250;251;252;253;254;255;256;257;258;259;260;261;262;263;264;265;277;288;289;290;291;292;293;294;295;296;297;298;299;300;301;302;303;304;305;306;307;308;309;310;311;332;333;334;355;367;392;393;487;488;499;500
F72022,10,15,15,2158.100699247238,2000.0,158.10069924723803,10,182,182,96,29.89410400390625,29;40;41;68;69;70;71;89;90;91;92;93;94;95;96;97;98;99;100;101;102;103;104;105;106;107;108;109;110;127;128;129;130;131;132;133;134;135;136;137;138;139;140;141;142;143;144;145;156;157;158;159;160;161;162;163;164;165;166;167;168;169;170;182;183;194;195;196;197;198;199;200;201;202;203;204;205;206;207;208;209;210;211;212;213;214;215;216;217;229;230;231;232;233;244;245;246;247;248;249;250;251;252;253;254;255;256;257;258;259;260;261;262;263;264;265;266;267;279;290;291;292;293;294;295;296;297;298;299;300;301;302;303;304;305;306;307;308;309;310;311;312;313;325;336;337;338;339;340;341;342;343;344;345;346;347;348;349;350;365;376;377;378;379;380;381;382;383;384;385;386;387;388;389;390;391;392;393;394;460;497;498
F72022,10,16,16,2059.371476286832,2000.0,59.37147628683215,10,143,143,42,24.214518785476685,28;29;40;53;54;55;56;57;58;59;60;72;73;84;85;86;87;88;89;90;91;92;93;94;95;96;97;98;99;100;101;102;103;104;105;106;107;119;120;131;132;133;134;135;136;137;138;139;140;141;160;161;176;177;178;179;180;192;193;194;195;196;197;198;199;200;201;202;203;204;205;206;207;208;219;220;221;222;223;224;225;226;227;228;229;230;231;232;233;234;235;236;237;238;255;266;267;268;269;270;271;272;273;274;275;276;277;278;279;280;281;282;283;284;285;286;287;288;289;301;302;323;324;325;326;327;328;329;330;331;332;345;356;357;358;373;374;375;376;377;438;490;491
F72022,10,17,17,2052.380133516828,2000.0,52.38013351682821,9,160,160,32,26.6366970539093,31;32;33;34;35;46;47;48;49;50;51;63;75;76;116;117;128;129;130;131;132;133;134;135;136;137;138;139;140;141;142;143;144;145;167;168;169;170;181;182;183;201;202;203;204;205;206;217;218;219;220;221;222;223;224;225;237;238;250;251;252;253;254;255;256;257;258;259;260;261;262;263;264;265;266;267;268;269;270;271;282;283;284;285;286;287;288;289;290;291;292;293;294;295;296;297;298;299;300;301;302;303;304;305;317;318;319;320;321;322;323;324;325;326;337;338;339;340;341;342;343;344;345;346;347;348;349;350;351;352;353;354;355;356;357;358;359;360;372;373;374;391;392;393;394;395;396;417;418;419;431;432;445;446;467;496;497;498;499;500
F72022,10,18,18,2106.9397068744247,2000.0,106.9397068744247,11,182,182,123,29.954435110092163,40;67;68;69;70;71;72;73;74;75;90;91;92;93;94;95;96;97;98;99;100;101;102;103;104;105;106;107;108;109;110;121;122;123;124;125;126;127;128;129;130;131;132;133;134;135;136;137;138;139;140;141;142;143;144;156;167;168;169;170;171;172;173;174;175;176;177;178;179;180;181;182;183;184;185;186;187;188;189;190;202;203;217;218;219;220;221;222;223;224;225;226;227;228;229;230;231;232;233;234;235;236;237;238;249;250;251;252;253;254;255;256;257;258;259;260;261;262;263;264;265;266;267;268;269;270;271;272;288;318;319;320;321;322;323;334;335;336;337;338;339;340;341;342;343;344;345;346;358;359;369;370;381;382;383;384;385;386;387;388;389;390;391;392;393;394;395;396;397;398;399;400;401;402;403;404;416;427;428;429;460;491
F72022,10,19,19,2026.8317294963679,2000.0,26.83172949636787,9,227,227,54,36.664198875427246,27;28;29;30;31;32;33;34;35;36;37;38;39;40;41;64;65;66;67;68;69;70;71;72;73;74;75;76;77;78;79;80;81;82;83;84;85;86;87;88;89;90;91;92;93;94;95;96;115;116;117;118;119;130;131;132;133;134;135;136;137;138;139;140;141;142;143;144;145;146;147;148;149;150;151;152;153;165;166;167;168;169;170;171;172;173;174;175;176;177;178;179;180;181;182;183;184;185;186;197;198;199;200;201;202;203;204;205;206;207;208;209;210;211;212;213;214;215;216;217;218;219;220;232;233;234;235;236;237;238;239;240;241;242;243;254;255;256;257;258;259;260;261;262;263;264;265;266;267;268;269;270;271;272;273;274;275;276;277;289;300;301;302;303;304;305;306;307;308;309;310;311;312;313;314;315;316;317;318;319;320;321;322;334;345;346;347;348;349;350;351;352;353;371;394;395;396;397;398;399;400;401;402;403;404;405;406;417;418;419;420;421;422;423;424;425;426;427;428;429;430;431;443;496;497;498;499
F72022,10,20,20,2139.594238415213,2000.0,139.5942384152131,9,198,198,67,32.41360306739807,19;50;51;52;70;71;72;73;74;75;76;77;78;79;80;81;82;83;84;85;86;87;98;99;100;101;102;103;104;105;106;107;108;109;110;111;112;113;114;115;116;117;118;119;120;121;133;144;145;146;147;148;149;150;151;152;153;154;155;156;157;158;159;160;161;162;163;164;165;166;167;179;190;191;192;193;194;195;196;197;198;199;200;201;202;203;204;205;206;207;208;209;210;211;212;213;225;226;227;228;229;230;231;232;233;245;246;257;258;259;260;261;262;263;264;265;266;267;268;269;270;271;272;273;274;275;276;277;278;279;280;292;293;294;295;296;297;298;299;323;324;325;326;327;341;353;354;355;356;357;358;359;360;361;362;363;364;365;366;367;368;369;370;371;372;373;374;375;376;396;397;398;399;400;401;402;403;404;405;406;407;408;440;441;442;443;444;445;466;467;468;469;481;493;494;495;496;497
F72022,10,21,21,2253.515654954603,2000.0,253.51565495460318,4,225,225,35,36.4423041343689,37;38;39;40;41;42;54;55;56;57;58;59;60;61;62;63;64;65;66;67;79;80;81;82;83;84;85;86;87;99;100;101;102;103;104;105;106;107;108;109;110;111;112;113;114;115;116;117;118;119;120;121;122;123;124;125;126;127;128;129;130;131;132;133;134;135;136;137;138;139;151;152;153;154;155;156;157;158;159;160;161;162;163;164;165;166;189;190;191;192;193;194;195;196;197;198;199;200;201;202;203;204;205;206;207;208;209;210;211;212;213;214;215;216;217;218;219;220;221;222;223;224;225;226;227;228;229;230;231;232;233;234;235;236;237;238;239;240;241;242;243;244;245;246;247;248;249;250;251;252;253;254;255;256;257;258;259;260;261;262;263;264;265;280;281;282;283;298;299;300;301;302;303;304;305;306;307;308;309;310;311;312;313;328;351;352;353;354;355;356;357;358;359;360;361;362;363;364;375;376;377;378;379;380;381;382;383;384;385;386;387;388;389;390;391;392;393;394;395;396;397;398;410;437;500
F72022,10,22,22,2069.553689014563,2000.0,69.55368901456313,9,179,179,16,29.548956871032715,28;29;30;66;67;78;79;80;104;105;106;107;124;135;136;137;138;139;140;141;142;143;144;145;146;147;148;149;150;162;163;164;165;176;177;178;179;180;181;182;183;195;211;212;213;214;215;216;217;218;219;220;221;222;223;224;225;226;227;228;240;241;242;243;244;245;256;257;258;259;260;261;262;263;264;265;266;267;268;269;281;282;293;294;295;296;297;298;299;300;301;302;303;304;305;306;307;308;309;310;311;312;313;314;315;316;328;339;340;341;342;343;344;345;346;347;348;349;350;351;352;353;354;355;356;357;358;359;360;361;362;374;375;376;377;378;379;380;381;382;383;384;385;386;387;388;389;390;391;392;405;406;407;408;409;410;411;412;413;424;425;426;427;428;473;474;475;476;477;478;479;480;481;482;492;493;494;495;496
F72022,10,23,23,2118.0705928742723,2000.0,118.07059287427228,6,209,209,23,34.077802896499634,39;40;41;42;43;44;45;46;47;48;49;50;51;52;53;54;55;56;57;58;59;60;61;62;63;64;65;66;67;68;69;70;71;72;88;89;90;91;92;93;94;95;96;97;98;99;100;101;102;114;115;116;117;118;119;120;121;122;123;124;125;126;127;128;129;130;131;132;133;134;135;136;137;138;139;140;141;142;143;144;145;146;147;148;149;150;151;152;153;154;155;156;157;158;159;160;161;162;163;164;165;166;167;168;169;170;171;172;173;174;175;176;177;178;179;180;181;182;183;184;185;186;187;188;189;190;191;192;193;194;195;196;197;198;199;200;201;202;213;214;215;216;217;218;219;220;221;222;223;224;225;237;238;239;240;253;254;255;256;257;258;259;260;261;262;263;264;265;266;267;268;269;270;271;272;283;284;285;286;287;288;289;290;291;292;293;294;295;307;327;328;329;330;331;332;333;334;335;336;337;380;381;382;383;384;385;450;495;496
F72022,10,24,24,2083.053347777634,2000.0,83.05334777763392,6,281,281,48,44.84268116950989,16;17;18;19;20;21;22;23;24;25;26;27;28;29;40;41;42;43;44;45;46;47;48;49;50;51;52;53;54;55;56;57;58;59;60;61;62;63;78;79;80;81;82;83;98;99;111;112;113;114;115;116;117;118;119;120;121;122;123;124;125;126;127;128;129;130;131;132;133;134;135;136;137;138;139;140;141;142;143;144;145;146;147;148;149;150;151;152;153;154;155;156;157;158;159;160;161;162;163;164;165;166;167;168;169;170;171;172;173;174;175;176;177;178;179;180;181;182;183;184;185;186;187;188;189;190;191;192;193;194;195;196;197;198;199;200;201;202;203;204;205;206;207;208;209;210;211;212;213;214;215;216;217;218;219;220;221;222;223;224;225;226;227;228;229;230;231;232;233;234;235;236;237;238;239;240;241;242;243;244;245;246;247;248;249;250;251;252;253;254;255;256;257;258;259;260;261;262;263;264;265;266;267;268;269;270;271;272;273;274;275;276;277;278;279;280;281;282;283;284;285;286;297;298;299;300;301;302;303;304;305;306;307;308;309;310;311;312;313;314;315;316;317;318;319;320;332;347;348;349;350;351;352;353;354;355;356;357;358;359;360;361;362;363;364;365;366;367;368;369;370;371;404;405;406;417;418;419;420;421;493
F72022,10,25,25,2114.7128184149037,2000.0,114.71281841490372,4,166,166,16,27.55333185195923,29;30;68;69;70;88;89;90;91;92;93;94;95;96;97;98;99;100;112;113;114;115;116;117;118;119;120;121;137;138;139;140;152;153;154;155;156;157;158;159;160;161;162;163;164;165;166;167;168;169;170;171;172;173;185;186;187;188;189;190;191;192;193;194;195;196;197;198;199;200;201;202;203;204;205;206;207;208;209;210;211;212;213;214;215;216;217;218;219;220;221;222;223;224;225;226;227;228;229;230;231;232;233;234;235;236;237;238;239;240;241;242;243;244;245;246;247;248;249;250;251;252;253;254;255;256;257;258;259;260;271;272;273;274;275;276;277;278;279;280;281;282;283;284;285;286;287;288;289;290;291;292;293;305;316;317;318;319;320;321;322;348;359;360;361;399
F72022,10,26,26,2064.027907777629,2000.0,64.02790777762903,8,224,224,34,36.30723810195923,34;35;36;47;48;49;50;51;52;53;54;55;56;57;58;59;60;61;62;63;64;65;66;67;68;69;70;82;83;94;95;96;97;98;99;100;101;102;103;104;105;106;107;108;109;110;111;112;113;114;115;116;117;129;130;131;142;143;144;145;146;147;148;149;150;151;152;153;154;155;156;157;158;159;160;161;162;163;164;165;177;178;179;180;181;182;183;184;185;186;187;188;189;190;191;192;193;194;195;196;197;198;199;200;201;202;203;204;205;206;207;208;209;210;211;212;213;214;215;216;217;218;219;220;221;222;223;224;225;226;227;228;229;230;231;232;233;234;235;236;237;238;239;240;241;242;243;244;245;246;247;248;249;250;251;252;263;264;265;266;267;268;269;270;271;272;273;274;275;276;277;278;279;280;281;282;283;284;285;286;298;299;300;301;302;303;304;305;306;307;308;309;310;330;331;332;333;334;335;336;337;338;339;340;341;342;343;344;345;380;381;382;383;400;401;402;430;431;450;451;497;498;499;500
F72022,10,27,27,2176.0030674874724,2000.0,176.00306748747244,10,153,153,67,25.61749029159546,25;40;56;57;58;59;60;61;62;85;86;87;88;122;133;134;135;136;148;149;150;151;152;153;154;155;156;168;169;182;183;184;185;186;187;188;189;200;201;202;203;204;205;206;207;208;209;210;211;212;213;214;215;216;217;218;219;220;221;222;223;235;236;247;248;249;250;251;252;253;254;255;256;257;258;259;260;261;262;263;264;276;287;288;289;290;291;292;293;294;295;296;297;298;299;300;301;302;303;304;305;306;319;330;331;332;333;334;335;336;337;338;339;340;341;342;343;344;345;346;347;348;349;350;351;352;353;365;366;390;391;392;393;394;395;396;397;398;399;400;401;440;459;460;461;462;484;495;496;497;498;499;500
F72022,10,28,28,2110.9365038703427,2000.0,110.93650387034268,10,198,198,168,32.436930894851685,26;37;38;39;40;41;42;43;55;56;57;58;59;60;61;72;73;74;75;76;77;78;79;80;81;82;83;84;85;86;87;88;89;90;91;92;93;94;95;107;118;119;120;121;122;123;124;125;126;127;128;129;130;131;132;133;134;135;136;137;138;139;140;141;164;178;179;180;181;182;183;184;185;186;187;188;189;190;191;192;193;194;195;196;197;198;199;210;211;212;213;214;215;216;217;218;219;220;221;222;223;224;225;226;227;228;229;230;242;253;254;255;256;257;258;259;260;261;262;263;264;265;266;267;268;269;270;271;272;273;274;275;276;288;299;300;301;302;303;304;305;306;307;308;309;310;311;312;313;314;315;316;317;318;319;320;321;322;334;345;346;347;348;349;350;351;352;364;365;366;367;368;369;380;381;382;383;384;385;386;387;388;389;390;391;392;393;394;395;396;397;398;485;496;497;498;499;500
F72022,10,29,29,2147.4523373474103,2000.0,147.45233734741032,8,163,163,35,27.14037299156189,29;30;31;32;43;44;45;46;47;48;49;50;51;52;53;54;55;56;57;58;70;71;82;83;84;85;86;87;88;89;90;91;92;93;94;95;96;97;98;99;100;101;102;103;104;105;117;118;119;120;121;122;123;124;125;126;127;128;129;130;131;132;133;134;145;146;147;148;149;150;151;152;153;154;155;156;157;158;159;160;161;162;163;164;183;184;185;186;187;188;189;190;191;192;193;194;195;196;197;198;199;200;201;202;203;204;205;206;207;208;209;210;211;212;213;214;215;216;217;218;219;220;221;222;241;261;262;263;264;276;277;288;289;303;304;305;306;307;332;350;351;352;353;354;355;356;357;391;402;403;404;405;406;407;441;463;464;465;466;467;468;469;470
F72022,10,30,30,2041.543563533352,2000.0,41.54356353335197,10,217,217,74,35.23634886741638,20;21;22;23;34;35;36;37;38;39;40;41;42;43;44;45;46;47;48;49;50;51;52;53;54;55;56;57;78;89;90;91;92;93;94;95;96;97;98;99;100;101;102;103;104;105;106;107;108;109;110;111;112;135;136;137;148;149;150;151;152;153;154;155;156;157;158;159;160;161;162;163;164;165;166;167;168;169;170;171;183;184;185;196;197;198;199;200;201;202;203;204;205;206;207;208;209;210;211;212;213;214;215;216;217;218;219;231;232;233;244;245;246;247;248;249;250;251;252;253;254;255;256;257;258;259;260;261;262;263;264;265;266;267;279;280;291;292;293;294;295;296;297;298;299;300;301;302;303;304;305;306;307;329;330;331;332;347;348;349;350;351;352;353;354;374;385;386;387;388;389;390;391;392;393;394;395;396;397;398;399;400;401;402;403;404;405;406;407;408;420;421;422;423;424;425;442;453;454;455;456;457;458;459;460;461;462;463;464;465;466;467;468;469;470;471;490
F82022,10,1,1,2253.6393316921617,2200.0,53.639331692161704,5,186,186,8,40.810264110565186,30;31;32;33;34;35;36;37;38;39;40;41;42;43;44;45;46;47;48;67;68;69;70;71;72;73;74;75;76;77;78;79;80;81;82;83;84;85;86;87;88;89;90;91;92;93;94;95;96;97;98;99;100;101;102;103;104;105;106;107;108;109;110;111;112;113;114;115;127;146;147;163;164;165;166;167;168;169;170;171;172;173;174;175;186;187;188;189;190;191;192;204;205;206;207;208;209;210;211;212;213;214;215;216;270;271;272;273;274;275;276;277;278;279;290;291;292;293;294;295;296;297;298;299;300;301;302;303;304;305;306;307;308;309;310;311;312;313;325;337;338;339;340;341;342;343;372;373;374;386;387;388;400;401;402;403;404;405;406;407;408;409;410;411;412;413;425;426;427;428;429;430;431;432;433;434;435;436;437;438;439;440;441;442;443;500
F82022,10,2,2,2384.0137909369073,2200.0,184.0137909369073,6,106,106,10,25.024359941482544,25;26;27;56;67;68;69;70;71;72;73;74;75;76;77;78;79;80;81;82;83;108;109;110;111;112;113;114;115;116;117;118;119;120;121;122;123;124;125;138;139;140;141;142;143;155;156;157;158;159;160;161;162;163;164;175;176;177;178;179;180;181;182;183;184;185;186;187;188;189;190;191;192;193;194;195;196;197;198;210;211;212;213;233;234;235;236;237;238;239;240;241;242;243;244;245;246;247;248;249;260;261;280;281;498;499
F82022,10,3,3,2332.072802566184,2200.0,132.07280256618378,3,146,146,4,32.88004207611084,34;35;36;37;38;39;40;41;42;43;44;45;46;47;48;49;50;51;52;53;54;55;56;57;58;59;71;72;73;74;75;87;88;89;90;91;92;93;94;95;96;97;98;99;100;101;102;103;104;105;106;107;108;109;110;111;112;113;114;115;116;117;131;132;133;134;170;171;172;184;185;186;187;188;189;190;191;192;193;194;195;196;197;198;199;200;201;202;203;204;205;206;207;208;209;210;211;212;213;214;215;216;217;218;219;220;221;222;223;224;225;226;244;245;246;247;248;249;250;251;252;253;254;255;256;279;280;300;301;302;303;304;305;306;318;319;320;321;322;323;334;335;336;337;338;355
F82022,10,4,4,4036.456043862894,2200.0,1836.4560438628941,5,126,126,5,29.02100110054016,18;19;20;21;22;23;24;25;26;27;28;29;30;31;32;33;34;35;36;37;38;39;40;41;42;43;44;45;62;63;64;86;87;88;99;100;101;102;103;104;105;106;107;108;109;110;111;112;113;114;115;116;117;118;130;131;132;133;134;135;136;137;138;139;140;165;166;167;168;169;170;171;172;173;174;175;176;177;178;179;180;181;182;183;184;185;186;187;188;189;190;191;192;193;194;195;196;197;198;199;200;201;214;215;216;228;259;260;273;274;275;276;277;278;279;280;310;311;312;413;414;415;430;431;432;500
F82022,10,5,5,2312.7020202463395,2200.0,112.70202024633954,3,178,178,4,39.319392919540405,20;21;22;23;24;56;57;58;59;60;61;62;63;64;65;66;67;68;69;70;71;72;73;74;75;76;77;78;79;98;99;100;101;102;103;104;105;106;107;108;109;110;111;112;113;114;115;116;117;118;119;120;121;122;123;124;125;126;127;128;129;130;131;132;133;134;135;136;137;138;139;140;151;152;153;154;155;156;157;158;171;172;173;174;175;176;177;178;179;180;181;182;183;184;185;186;187;188;199;200;201;202;203;204;205;206;207;208;209;210;211;212;213;214;215;216;217;218;219;220;221;222;234;235;236;237;238;239;240;241;242;243;244;245;246;247;248;249;250;251;252;253;254;255;256;257;258;259;260;261;262;263;264;265;266;267;268;269;270;271;272;273;274;275;276;297;298;318;319;332;344;412;413;414;415;416;417;500
F82022,10,6,6,2746.597459758932,2200.0,546.597459758932,2,107,107,2,25.255094051361084,13;14;15;26;27;28;29;30;31;32;33;34;35;36;37;38;39;40;41;42;43;44;45;46;47;48;49;61;62;102;103;104;105;106;107;108;109;110;111;112;113;114;115;116;117;128;129;130;131;132;133;134;135;136;137;138;139;140;141;153;154;175;187;188;189;190;191;192;193;194;195;196;197;198;199;200;225;226;227;228;229;230;231;232;254;255;256;257;258;259;260;261;262;263;264;265;298;299;321;381;382;383;432;433;434;499;500
F82022,10,7,7,2460.57896534494,2200.0,260.5789653449401,3,118,118,4,27.34581995010376,14;15;16;17;18;19;20;21;22;23;24;25;26;27;28;77;78;79;80;81;82;106;107;108;109;110;111;112;113;114;115;116;117;118;119;120;121;122;123;124;125;126;127;128;129;130;131;132;133;134;135;136;137;138;139;140;141;142;143;144;145;146;147;148;168;169;170;171;172;173;174;175;176;177;178;179;180;181;182;183;184;185;186;187;188;202;203;204;205;206;207;208;209;210;211;212;242;243;244;245;246;247;248;249;250;265;266;267;268;287;288;309;434;435;436;437;438;439
F82022,10,8,8,3325.6060783921785,2200.0,1125.6060783921785,7,199,199,16,43.505717039108276,14;15;16;17;18;19;20;21;22;23;24;25;26;27;28;29;30;31;32;33;34;35;36;47;48;49;50;51;52;53;54;55;56;57;58;59;60;61;62;63;64;65;66;67;68;69;70;71;72;73;85;86;87;88;89;90;91;92;93;94;95;96;97;98;99;100;101;102;103;104;105;106;107;108;109;120;121;122;123;124;125;126;127;128;129;130;131;132;133;134;135;136;137;138;139;140;141;142;143;155;156;157;168;169;170;171;172;173;174;175;176;177;178;179;180;181;182;183;184;185;186;187;188;189;190;191;212;213;214;226;227;228;229;230;231;232;233;234;235;236;237;238;239;240;241;278;279;280;281;282;283;284;285;286;287;288;289;290;291;292;293;294;295;296;297;298;348;349;350;351;352;353;354;355;356;357;358;412;413;414;415;416;417;418;419;420;421;422;423;424;425;426;427;428;429;446;476;499;500
F82022,10,9,9,2973.261746679161,2200.0,773.2617466791612,5,125,125,9,28.695220232009888,37;38;39;40;41;42;43;54;55;56;57;58;59;60;61;62;63;64;65;66;67;68;69;70;71;72;73;74;75;76;77;89;90;91;92;93;94;95;96;97;98;99;100;121;122;123;145;146;147;148;149;150;151;152;153;154;155;156;157;158;159;160;171;172;173;174;175;176;177;178;179;180;181;182;183;184;185;186;187;188;189;190;191;192;193;194;206;227;228;229;230;231;232;233;234;235;250;251;252;253;254;255;256;257;258;259;260;272;295;296;297;298;299;310;311;312;313;314;315;316;317;318;319;366;446
F82022,10,10,10,3113.578165975337,2200.0,913.578165975337,4,235,235,4,50.641550064086914,17;18;19;20;21;22;41;42;43;44;45;46;47;48;49;50;51;52;53;54;73;74;75;76;77;78;79;80;81;82;83;84;85;86;87;88;89;90;91;92;93;94;95;96;97;98;99;100;101;102;103;104;105;106;107;108;109;110;111;112;113;114;115;116;117;129;130;131;132;133;134;135;136;137;138;139;140;141;142;143;144;145;146;147;148;149;150;151;152;153;154;155;156;157;158;159;160;161;162;163;164;165;166;167;168;169;170;171;172;173;174;175;176;177;178;179;180;181;182;183;184;185;186;187;188;189;190;191;192;193;194;195;196;197;198;199;200;201;202;203;204;205;206;207;208;209;210;211;212;213;214;215;216;229;230;231;232;233;234;235;236;237;238;239;240;241;242;243;244;245;246;247;248;260;261;262;263;264;265;266;267;268;269;270;271;272;273;274;275;276;277;278;279;280;281;282;283;284;285;296;297;298;299;300;301;302;303;304;305;306;307;308;309;310;311;312;313;314;315;316;317;318;319;342;384;385;386;387;388;421;422;423;424;490;491
F82022,10,11,11,2307.17647709816,2200.0,107.17647709815992,1,203,203,1,44.3549439907074,13;14;15;40;41;42;43;44;45;46;47;48;49;50;51;52;53;54;55;56;57;58;59;60;61;62;63;64;65;66;67;68;69;70;71;72;73;74;75;76;77;78;79;80;81;82;83;84;85;86;87;88;89;90;91;92;93;94;95;96;97;98;99;100;101;102;103;104;105;106;107;108;121;122;123;124;125;126;127;139;140;141;142;143;144;145;146;147;159;160;161;162;163;164;165;166;181;182;183;184;185;186;187;188;189;190;191;192;193;194;195;196;197;198;199;200;201;202;203;204;205;206;207;208;209;210;211;212;213;214;215;216;217;218;219;220;221;222;223;224;225;226;227;228;229;230;231;232;233;234;235;236;237;238;239;240;241;242;243;244;245;246;247;248;249;250;251;252;253;254;255;266;267;268;269;270;297;298;299;300;316;317;318;319;320;375;376;377;378;379;380;381;382;383;384;385;386;387;388;389;430;431;432
F82022,10,12,12,3884.553433813658,2200.0,1684.553433813658,5,145,145,6,32.781352043151855,12;43;44;45;46;47;48;49;50;51;63;64;65;66;67;68;69;70;71;72;73;74;75;76;77;78;79;80;81;82;93;94;95;96;97;98;99;135;136;137;138;149;150;178;179;180;181;182;183;184;185;186;187;188;189;190;191;192;193;194;195;196;197;198;199;200;201;202;203;204;205;206;207;208;209;225;226;238;239;240;241;242;243;244;245;246;247;248;249;250;251;252;253;265;266;288;289;290;291;292;293;294;295;296;297;298;299;300;301;302;303;304;305;306;318;319;320;321;322;323;324;325;326;327;328;329;330;341;342;343;344;345;346;380;396;397;398;399;400;401;402;403;404;405;406
F82022,10,13,13,2237.0690330347297,2200.0,37.06903303472973,3,268,268,3,57.29916596412659,24;25;26;45;46;47;48;64;65;66;67;68;69;70;71;72;73;74;75;76;77;78;79;80;81;82;83;84;85;86;87;88;89;90;91;92;93;94;95;96;97;98;99;100;101;102;103;104;105;106;107;108;109;110;111;112;123;135;136;137;138;139;140;141;142;143;144;145;146;147;148;149;150;151;152;153;154;155;156;157;158;159;160;161;162;163;164;165;166;167;168;169;170;171;172;173;174;175;176;177;178;179;180;181;182;183;195;196;229;230;231;232;233;234;235;236;237;238;249;250;251;252;253;265;266;267;268;269;270;271;272;273;274;275;287;288;289;290;291;292;293;294;295;296;297;298;299;300;301;302;303;304;305;306;307;308;309;310;311;312;313;314;315;316;317;318;319;320;321;322;323;324;325;326;327;328;329;330;331;332;333;334;335;336;337;338;339;340;341;342;343;344;345;346;347;348;349;350;351;352;353;354;355;356;367;368;369;370;371;372;373;374;375;376;377;378;379;380;381;382;383;384;396;397;398;399;400;401;402;403;404;405;406;407;408;409;410;411;412;413;414;415;416;417;418;419;420;421;422;423;424;425;426;427;428;429;430;431;432;433;434;435;436;437;438;439;440;441
F82022,10,14,14,2567.445250851282,2200.0,367.4452508512818,2,181,181,6,39.93695282936096,18;19;20;21;22;23;24;25;26;27;28;39;40;41;42;43;44;45;46;47;48;49;50;51;52;53;54;55;56;57;58;59;60;61;62;74;75;76;77;78;79;80;81;82;83;84;85;106;117;118;119;120;121;122;123;124;125;126;127;128;129;130;131;132;133;168;169;170;171;172;173;174;175;176;177;178;179;180;181;182;183;184;185;186;187;188;189;190;191;192;193;194;195;196;197;198;199;200;201;202;203;215;216;217;218;219;220;232;233;234;235;236;237;258;259;260;261;262;263;264;265;266;267;268;269;270;271;272;273;274;275;276;277;278;279;280;281;282;283;284;285;286;287;288;289;290;302;303;304;305;306;307;308;309;310;311;327;328;329;330;342;400;401;402;403;426;427;428;429;430;431;432;433;434;435;436;437;438;439;499;500
F82022,10,15,15,2534.3258334646434,2200.0,334.32583346464344,4,174,174,7,38.558682918548584,31;32;33;34;51;52;53;54;55;56;57;58;59;60;61;62;74;75;76;77;78;79;80;81;82;83;84;85;86;87;88;89;90;91;92;93;94;95;96;97;98;99;100;101;102;103;104;105;106;107;108;109;110;111;112;113;114;115;116;117;118;119;130;131;132;133;134;135;136;137;138;139;140;141;142;143;144;145;146;147;148;149;150;162;163;164;165;166;167;168;169;170;171;196;197;198;199;200;201;202;203;204;205;206;207;208;209;210;211;212;213;214;215;226;227;228;229;230;231;232;233;234;235;236;237;238;239;240;241;242;243;244;245;246;247;248;249;261;262;263;264;265;266;267;268;269;270;271;307;308;309;310;311;381;382;383;384;385;386;387;388;389;390;405;406;407;408;409;410;411;412;413;414;439
F82022,10,16,16,2254.8739143166113,2200.0,54.87391431661126,2,228,228,3,49.37884712219238,32;33;34;35;36;37;38;39;40;41;42;43;44;45;46;47;48;49;50;61;62;63;64;65;66;67;68;69;70;71;72;73;74;75;76;77;78;79;80;81;82;83;84;85;86;87;88;89;90;91;92;93;94;95;96;97;109;110;111;112;113;114;115;143;144;145;146;147;148;149;161;162;163;164;165;166;167;168;169;170;171;172;173;174;175;176;177;178;179;180;181;182;183;184;185;186;187;224;225;226;227;228;229;230;231;232;233;234;235;247;248;249;250;251;252;253;254;255;256;257;258;259;260;261;262;263;264;265;266;267;268;269;270;271;272;273;274;275;276;277;278;279;280;281;282;283;284;285;286;287;288;289;290;291;292;293;294;295;296;297;298;299;300;311;312;313;314;315;316;317;318;319;320;321;322;323;324;325;326;327;328;329;330;331;332;333;334;346;347;348;383;384;385;386;387;388;389;390;391;392;393;394;395;396;397;398;399;400;401;402;403;404;405;406;407;408;409;410;411;412;454;455;495;496;497;498;499;500
F82022,10,17,17,2258.468647102567,2200.0,58.46864710256705,4,258,258,6,55.25574994087219,20;21;22;23;24;25;26;27;28;29;30;31;75;76;77;78;79;80;81;82;83;84;85;86;87;88;89;90;91;92;93;94;95;96;97;98;99;100;101;102;103;104;105;106;107;108;109;110;111;112;113;114;115;116;117;118;119;120;121;122;123;124;125;137;138;139;140;141;142;143;144;145;156;157;158;159;160;161;162;174;175;176;177;178;179;180;181;182;183;184;185;186;187;188;189;190;191;192;193;194;195;196;197;198;199;200;201;202;203;204;205;206;207;208;220;221;222;223;224;225;226;227;228;229;230;231;232;233;234;235;247;248;249;250;251;252;253;254;255;256;257;258;259;260;261;262;263;264;265;266;277;278;279;280;281;282;283;284;285;286;287;288;289;290;291;292;293;294;295;296;297;298;299;300;312;313;314;315;316;327;328;329;330;331;332;333;334;346;347;348;349;350;351;352;353;354;355;356;357;358;359;360;361;362;363;364;365;366;367;368;369;382;383;384;385;386;387;388;389;390;391;392;393;394;395;396;397;398;399;400;401;402;403;404;405;406;407;408;409;410;411;412;413;425;426;427;428;429;430;431;432;433;434;435;436;437;438;439
F82022,10,18,18,3821.6609556542508,2200.0,1621.6609556542508,5,125,125,7,28.81691312789917,20;21;22;23;24;25;26;27;28;29;40;41;42;43;44;45;46;47;48;49;50;51;67;68;69;70;71;72;73;74;75;76;107;108;109;110;111;130;131;132;133;134;135;136;137;138;139;140;141;142;143;144;145;146;147;158;159;160;161;162;163;164;165;166;167;168;169;191;192;193;194;195;196;197;198;199;227;228;252;253;254;291;292;293;294;295;312;336;337;338;350;351;352;353;354;355;356;357;358;359;360;361;362;363;364;365;366;433;434;435;436;437;462;463;464;491;492;493;494;495;496;497;498;499;500
F82022,10,19,19,2264.004535301118,2200.0,64.00453530111781,8,201,201,12,43.98271369934082,25;26;27;28;29;30;31;32;33;34;53;54;55;56;57;58;59;60;61;62;63;64;65;66;67;68;69;80;81;82;83;84;85;86;87;88;89;90;91;92;93;94;95;96;97;98;110;111;112;113;114;115;116;128;129;130;131;132;133;134;135;136;137;138;139;140;141;142;143;144;145;146;147;148;149;150;151;152;153;154;155;156;157;158;159;160;161;162;163;164;165;166;177;178;179;180;181;182;183;184;185;186;187;188;189;190;191;192;193;194;195;196;197;198;199;200;212;213;214;215;216;217;218;219;230;231;232;233;234;235;236;237;238;239;251;252;253;254;255;256;257;268;269;270;271;301;302;303;304;305;306;322;323;324;325;326;327;348;349;350;351;352;353;354;355;356;357;358;359;360;361;362;363;364;386;387;388;412;413;414;415;416;417;418;419;420;421;422;442;443;472;473;474;475;486;487;488;489;490;491;492
F82022,10,20,20,2272.7037085308093,2200.0,72.70370853080931,3,238,238,3,51.312856674194336,30;45;46;47;48;59;60;61;62;63;64;65;66;67;68;69;70;71;72;73;74;75;76;77;78;79;80;81;82;94;113;114;115;116;117;118;136;137;138;139;140;141;142;143;144;145;157;158;159;160;161;162;163;164;165;166;167;168;169;170;171;172;173;174;175;176;177;178;179;180;181;182;183;184;185;186;187;188;189;190;191;192;193;194;195;196;197;198;199;200;201;202;203;204;205;206;207;208;209;210;211;212;213;214;215;216;217;218;219;220;221;222;223;224;225;226;227;228;229;230;231;232;233;234;235;236;237;238;239;240;241;242;243;244;245;246;247;248;249;250;251;252;253;254;255;256;257;258;259;260;261;262;263;264;265;266;267;268;269;270;271;272;273;274;298;299;300;315;316;317;318;319;320;321;322;323;324;325;326;327;328;329;330;331;332;333;334;335;336;337;338;339;340;341;342;343;344;345;346;347;348;349;360;361;362;363;364;365;366;367;368;369;370;371;372;373;386;387;388;389;390;391;392;393;394;395;396;397;398;399;400;401;402;403;404;416;499;500
F82022,10,21,21,2271.475145447924,2200.0,71.4751454479242,3,169,169,4,37.54829001426697,14;15;16;17;18;19;20;21;22;23;75;76;77;78;79;80;81;82;83;84;85;86;87;104;105;106;107;108;109;110;111;112;113;114;115;116;129;130;131;132;143;144;145;146;147;148;149;150;151;165;166;167;168;169;180;181;182;183;184;185;186;187;188;189;190;191;192;193;194;195;196;197;198;199;221;222;223;224;225;226;227;228;229;230;231;232;233;234;235;236;237;238;239;240;241;242;243;244;256;257;258;259;260;261;262;263;264;265;266;267;268;269;270;271;272;273;274;275;276;277;278;279;280;281;282;283;284;285;286;287;288;289;290;291;292;293;294;295;296;314;315;316;317;318;319;320;321;322;323;324;325;347;348;361;362;363;364;410;411;412;413;414;415;416;417;429;430;462;463
F82022,10,22,22,2527.844512682942,2200.0,327.84451268294197,2,208,208,3,45.39246106147766,22;23;24;25;26;27;28;29;30;31;32;33;34;35;36;37;38;39;40;41;54;55;56;57;58;59;60;61;62;63;64;65;66;67;68;69;70;71;72;73;74;75;76;77;78;79;80;81;82;83;84;85;86;116;117;118;119;120;121;132;133;134;135;136;137;138;139;151;152;153;154;155;156;157;158;159;160;161;162;163;164;165;166;167;168;169;170;171;172;173;174;175;176;177;178;179;180;181;182;183;184;185;186;187;188;189;190;191;192;193;194;195;196;197;198;199;200;201;202;203;204;205;206;207;208;209;210;211;212;213;214;215;216;217;218;219;220;221;222;223;224;225;226;227;228;229;230;231;232;233;234;245;246;247;248;249;250;251;252;253;254;255;256;257;258;259;260;261;262;263;264;265;266;267;268;280;281;282;283;284;285;286;303;304;305;306;307;308;309;310;311;312;313;375;376;377;378;379;380;381;382;420;421;422;423;424;425;426
F82022,10,23,23,2343.3484566956586,2200.0,143.34845669565857,1,113,113,1,26.3300199508667,21;22;23;24;25;26;27;28;29;30;31;32;33;34;35;36;37;38;39;40;41;42;43;67;99;116;117;118;119;120;121;122;123;124;125;126;127;128;129;130;131;132;133;134;135;136;137;138;139;152;153;170;171;172;173;174;175;176;177;178;179;180;181;182;199;200;212;213;214;215;216;217;218;219;220;221;222;223;241;242;243;244;245;246;258;259;260;261;294;295;296;297;298;299;312;313;314;315;316;317;417;418;419;420;421;422;423;424;443;444;445;446;447
F82022,10,24,24,2445.5041011143685,2200.0,245.5041011143685,6,133,133,8,30.246766090393066,27;28;29;30;41;42;43;44;45;46;47;48;49;50;51;52;53;54;55;56;57;58;70;71;72;73;74;75;86;87;88;89;90;91;92;93;94;95;96;97;98;99;100;101;102;103;104;105;106;107;108;109;121;122;123;124;135;136;137;138;150;151;152;153;165;177;178;179;180;191;192;193;194;195;196;197;198;199;200;201;202;203;204;205;206;207;208;209;210;211;212;213;214;231;263;264;265;266;267;268;289;290;291;292;293;294;295;296;297;298;299;300;301;302;303;304;305;306;307;342;343;417;466;467;468;469;470;471;472;473;474;475;476
F82022,10,25,25,4002.7927550176482,2200.0,1802.7927550176482,7,203,203,20,44.35166096687317,31;32;33;34;35;36;37;38;39;50;51;52;53;54;55;56;57;58;59;60;61;62;63;64;65;66;67;68;69;70;71;72;73;85;86;87;88;89;101;102;113;114;115;116;117;118;119;120;121;122;123;124;125;126;127;128;129;130;131;132;133;134;135;136;148;149;160;161;162;163;164;165;166;167;168;169;170;171;172;173;174;175;176;177;178;179;180;181;182;183;205;206;207;208;219;220;221;222;223;224;225;226;227;228;229;230;231;232;233;234;235;236;237;238;239;240;241;242;254;255;256;257;258;259;260;261;262;263;264;265;266;267;291;292;293;294;295;296;297;298;299;310;322;323;324;325;326;327;328;329;330;331;332;333;334;345;346;347;348;349;350;351;352;353;354;355;356;357;358;359;360;361;362;363;364;365;366;367;368;380;381;382;383;384;385;386;387;388;389;390;391;392;393;394;395;421;422;435;436;437;438;439;500
F82022,10,26,26,4138.282404615691,2200.0,1938.2824046156911,4,213,213,8,46.295961141586304,59;60;61;62;63;64;65;66;83;84;85;86;87;88;89;90;91;92;93;94;95;96;108;109;110;111;122;123;124;125;126;127;128;129;130;131;132;133;134;135;136;137;138;139;140;141;142;143;144;145;157;158;170;171;172;173;174;175;176;177;178;179;180;181;182;183;184;185;186;187;188;189;190;191;192;193;194;195;196;197;198;199;200;201;202;203;204;205;206;207;208;209;210;211;212;213;214;215;226;227;228;229;230;231;232;233;234;235;236;237;238;239;240;241;242;243;244;245;246;247;248;249;261;272;273;274;275;276;277;278;279;280;281;282;283;300;321;322;323;324;325;326;327;328;329;330;331;332;333;334;335;336;337;338;339;340;352;371;372;373;374;375;376;377;389;390;391;392;393;394;395;396;408;409;410;411;412;413;414;415;416;417;418;419;420;421;422;423;424;425;426;427;428;429;430;431;432;433;434;435;436;437;438;439;440;441;442;443;444;445;446;447;448
F82022,10,27,27,2508.738742272889,2200.0,308.7387422728889,5,105,105,5,24.779592037200928,28;29;30;31;32;33;34;55;56;57;58;59;60;61;62;63;64;65;66;67;79;80;81;82;83;84;85;86;87;98;99;100;101;102;103;104;105;106;107;108;109;110;111;112;113;114;115;135;136;137;138;139;140;141;142;189;190;191;192;193;194;195;207;208;209;210;211;212;213;214;215;216;217;218;219;220;221;222;223;224;225;226;227;228;229;249;250;267;268;269;270;271;272;273;274;334;391;392;393;394;395;396;397;398;399
F82022,10,28,28,2416.3421144135646,2200.0,216.34211441356456,2,158,158,2,35.42624878883362,20;21;22;23;34;46;47;48;49;50;51;52;53;54;55;56;68;69;70;71;72;73;74;75;76;77;78;79;80;81;82;83;84;85;86;87;88;89;90;91;92;93;94;95;96;97;98;99;100;101;128;129;130;131;132;133;134;135;136;137;138;139;140;141;142;143;144;145;146;147;148;149;150;172;173;184;185;186;187;188;189;190;191;192;214;215;216;217;218;219;237;238;239;240;241;242;273;274;275;276;277;278;279;280;281;282;283;284;285;286;287;288;289;316;317;318;319;320;321;322;352;392;393;394;395;396;397;398;399;400;401;402;403;404;405;406;407;408;409;410;411;412;413;414;415;416;417;418;443;444;445;446;447;448;449;450;451;452
F82022,10,29,29,2882.044247068113,2200.0,682.0442470681128,3,83,83,4,20.342965841293335,39;40;41;42;43;44;45;46;47;48;59;72;73;74;75;76;77;78;79;80;81;82;83;84;85;86;87;88;89;90;91;115;116;117;118;119;120;121;122;123;124;125;165;166;167;168;169;170;171;172;173;174;175;194;195;196;197;198;199;221;222;236;237;253;254;255;256;257;258;259;260;295;296;297;298;299;300;330;331;332;333;334;357
F82022,10,30,30,3949.592724286677,2200.0,1749.592724286677,6,163,163,8,36.29399800300598,30;31;32;44;45;46;47;59;60;61;62;63;64;65;66;67;68;69;70;71;72;73;74;75;76;77;78;89;106;107;108;109;110;111;112;113;114;115;116;117;118;119;120;131;132;133;134;135;136;137;158;159;160;161;162;163;164;165;166;167;168;169;170;171;172;173;174;175;176;177;178;179;180;181;182;183;184;185;216;217;229;230;231;249;250;251;252;253;254;255;256;257;258;269;270;271;272;273;274;275;276;277;278;279;280;281;282;283;284;285;286;287;288;289;290;291;292;308;309;310;311;312;313;314;315;316;317;318;319;320;321;322;371;372;383;384;385;386;387;388;389;401;402;403;404;405;406;407;408;409;410;411;412;413;475;476;477;478;479;480;481;496;497
F92022,10,1,1,2797.5203417878647,2300.0,497.5203417878647,6,47,47,30,3.625361919403076,71;124;135;136;137;138;139;140;141;142;143;144;145;157;158;159;160;161;186;187;200;215;216;217;218;219;220;221;222;223;224;225;226;227;228;229;230;231;253;264;265;289;310;311;312;313;314
F92022,10,2,2,2337.953724100499,2300.0,37.95372410049913,7,38,38,36,3.1459219455718994,37;86;118;119;120;121;141;142;143;144;145;146;147;185;198;199;200;201;202;203;226;254;255;256;257;258;270;284;285;286;287;288;289;290;478;489;490;491
F92022,10,3,3,2870.3645241600725,2300.0,570.3645241600725,7,36,36,16,3.0400209426879883,63;64;99;100;111;147;148;149;197;208;209;210;211;212;213;214;215;216;239;240;268;269;270;271;272;273;274;275;276;277;278;279;312;313;314;315
F92022,10,4,4,2332.118459133001,2300.0,32.118459133001124,8,39,39,26,3.2051031589508057,89;126;155;156;157;158;159;160;161;178;179;180;181;182;183;184;196;197;216;217;218;219;220;221;222;223;299;300;311;312;360;398;480;481;492;493;494;495;496
F92022,10,5,5,2818.765863277581,2300.0,518.765863277581,7,25,25,18,2.4496216773986816,29;63;64;65;84;115;116;117;134;156;157;158;159;171;172;194;195;216;270;293;294;295;296;297;331
F92022,10,6,6,2811.3352322497103,2300.0,511.3352322497103,10,92,92,45,6.056446075439453,56;57;95;106;107;108;109;110;111;112;181;192;204;205;206;207;208;209;210;211;212;213;214;215;216;217;231;232;233;234;298;314;315;316;317;318;341;353;354;355;356;357;358;359;360;361;373;374;375;376;377;378;410;411;412;413;425;454;455;456;457;458;459;460;461;462;473;474;475;476;477;478;479;480;481;482;483;484;485;486;487;488;489;490;491;492;493;494;495;496;497;498
F92022,10,7,7,2336.778850276989,2300.0,36.77885027698903,8,99,99,68,6.415225982666016,45;46;57;58;59;60;61;62;63;64;65;66;67;102;103;104;115;116;117;118;119;120;121;122;123;124;125;126;127;128;129;130;131;132;133;134;135;136;137;138;157;158;178;179;180;181;182;183;184;185;186;187;188;203;224;225;226;227;228;229;230;261;289;290;291;292;293;305;340;351;352;353;354;355;356;357;358;359;360;361;362;363;364;365;366;367;368;479;490;491;492;493;494;495;496;497;498;499;500
F92022,10,8,8,2343.731385424881,2300.0,43.731385424880955,6,45,45,31,3.5324008464813232,69;70;81;82;83;84;85;97;98;99;100;101;102;103;104;105;116;117;118;119;120;121;122;123;124;136;137;138;151;152;153;154;166;167;168;243;244;257;269;270;271;272;273;288;495
F92022,10,9,9,2750.834921369565,2300.0,450.8349213695651,8,73,73,24,5.018095016479492,30;31;91;112;113;114;115;116;117;118;119;120;121;122;123;124;125;126;127;128;144;145;146;147;148;149;150;151;152;153;154;155;156;157;158;159;160;161;174;175;186;187;188;189;190;191;192;193;194;195;196;197;198;199;200;228;229;245;266;282;283;284;285;286;287;288;289;311;312;491;492;493;494
F92022,10,10,10,2823.706535114249,2300.0,523.7065351142492,10,111,111,49,7.0613439083099365,60;61;72;73;74;75;76;77;78;79;80;81;82;83;84;85;86;98;122;123;135;136;137;138;139;140;141;142;165;166;229;230;231;242;243;244;245;246;247;248;249;250;267;288;289;290;291;303;304;315;332;333;334;335;336;337;338;339;350;351;352;353;354;355;356;357;358;359;360;361;362;363;364;365;366;367;368;369;370;371;372;373;424;441;442;443;444;445;446;447;448;449;450;451;452;453;454;455;456;457;458;459;460;488;489;490;491;492;493;494;495
F92022,10,11,11,2679.426347736966,2300.0,379.4263477369659,5,61,61,33,4.374119997024536,17;18;19;20;21;22;23;37;38;39;40;41;42;43;44;94;105;106;107;108;109;110;111;112;124;125;126;127;128;129;130;141;142;143;144;145;146;147;148;149;150;151;152;153;154;155;156;157;158;159;160;161;162;197;234;235;236;237;238;255;340
F92022,10,12,12,2965.118248929973,2300.0,665.1182489299731,9,55,55,22,4.060590982437134,30;31;75;76;77;78;109;110;111;112;113;114;127;149;150;151;152;153;154;155;156;157;158;159;160;161;184;185;244;245;278;279;280;323;324;325;326;327;387;388;389;390;473;474;475;486;487;488;489;490;491;492;493;494;495
F92022,10,13,13,2782.855246545997,2300.0,482.85524654599703,10,166,166,87,10.002172708511353,44;62;63;74;75;76;77;78;79;80;81;93;94;95;96;97;98;115;116;117;118;119;120;121;122;123;124;125;126;127;128;129;130;131;132;133;153;154;155;156;157;158;159;160;161;162;163;164;165;166;167;168;182;183;184;185;186;187;188;189;190;191;192;204;215;216;217;218;230;231;232;233;234;235;236;237;238;239;240;241;242;253;254;255;256;268;269;270;271;272;273;274;275;276;277;278;279;280;281;282;293;294;295;296;297;298;299;300;301;302;303;304;305;306;307;308;309;310;311;312;313;314;315;316;317;318;319;320;321;322;333;345;346;347;348;349;350;351;352;353;354;355;356;357;384;385;386;387;388;399;400;401;402;403;404;405;406;407;408;409;421;422;445;460;476;477
F92022,10,14,14,2754.463785938062,2300.0,454.46378593806185,9,86,86,38,5.715676307678223,21;22;51;52;53;54;55;56;57;95;106;107;108;109;110;130;148;149;150;151;152;153;154;155;156;157;158;159;160;161;162;163;164;165;185;186;187;188;189;190;191;192;193;194;195;196;197;198;199;200;216;217;218;219;220;221;222;223;224;225;226;227;228;253;264;265;266;278;279;280;281;282;283;284;285;286;287;299;300;311;312;342;492;493;494;495
F92022,10,15,15,2821.8329229741876,2300.0,521.8329229741876,9,109,109,57,6.939956903457642,47;48;59;73;74;75;76;77;78;79;80;81;82;83;84;103;104;105;106;107;108;109;121;142;143;144;145;146;147;148;149;150;151;152;153;154;155;170;182;183;184;185;197;198;199;200;201;202;203;204;205;206;223;224;225;226;227;228;229;230;231;243;257;258;259;260;261;262;263;264;265;266;267;268;269;270;271;272;273;274;275;276;277;278;293;294;295;296;297;298;299;300;301;302;303;304;305;306;307;308;309;310;311;312;313;314;394;416;489
F92022,10,16,16,2841.5293274626797,2300.0,541.5293274626797,9,59,59,45,4.267942905426025,34;45;46;47;48;62;63;75;94;95;96;111;112;113;114;137;138;139;140;141;142;143;144;145;146;147;148;149;171;172;173;174;186;198;199;200;201;202;203;204;222;233;256;257;283;284;285;286;287;288;306;307;308;491;492;493;494;495;496
F92022,10,17,17,2747.423680621179,2300.0,447.42368062117885,6,56,56,17,4.105886936187744,71;72;83;84;85;86;87;88;89;90;91;92;93;94;95;96;97;98;99;100;101;102;103;104;105;106;136;137;158;182;193;194;195;196;197;198;199;221;256;257;272;273;274;275;276;277;278;279;280;281;282;283;284;325;326;327
F92022,10,18,18,2317.9098203544454,2300.0,17.9098203544454,7,50,50,28,3.7970237731933594,60;71;72;73;74;75;76;77;78;79;80;81;82;83;104;115;116;117;118;119;131;132;172;173;200;201;202;203;204;205;217;218;219;245;246;247;248;249;250;251;252;253;254;292;293;294;295;367;487;488
F92022,10,19,19,2796.2524470272547,2300.0,496.2524470272547,8,43,43,32,3.412371873855591,23;43;44;45;108;120;121;133;134;135;136;137;138;139;151;152;153;165;166;167;168;169;170;171;172;173;174;175;176;177;178;179;236;263;264;265;266;278;279;280;338;401;481
F92022,10,20,20,2314.1188467911466,2300.0,14.118846791146552,4,43,43,22,3.406100034713745,121;132;133;134;135;136;137;138;139;151;152;153;154;155;156;157;176;177;178;179;180;181;182;183;184;196;197;198;218;219;220;221;247;263;264;386;486;487;488;489;490;491;492
F92022,10,21,21,2852.531855325684,2300.0,552.5318553256839,7,74,74,39,5.081540822982788,59;80;81;82;83;84;85;86;87;88;89;90;91;92;93;94;105;106;107;108;109;110;111;112;113;114;115;116;117;118;119;120;121;122;123;124;125;126;127;128;178;179;190;191;192;193;213;214;215;216;217;232;233;234;235;236;237;238;239;240;241;258;259;270;271;272;273;274;275;276;309;310;490;491
F92022,10,22,22,2801.3002020072017,2300.0,501.30020200720173,9,135,135,33,8.35781192779541,40;41;42;43;114;138;139;140;141;142;143;144;145;146;147;148;149;150;151;152;153;154;155;156;157;158;169;170;171;172;173;174;175;176;188;189;190;191;192;193;194;195;212;213;214;215;216;217;218;219;220;221;222;223;224;225;226;227;228;229;230;231;232;233;234;235;236;237;238;239;240;241;242;243;244;245;246;247;248;249;261;262;263;264;295;296;297;298;299;300;301;302;303;304;305;318;319;320;321;322;323;324;343;359;375;376;377;378;379;380;413;414;470;471;472;473;474;475;476;477;478;479;480;481;482;483;484;485;486;487;488;489;490;491;492
F92022,10,23,23,2306.543496606501,2300.0,6.543496606500867,7,67,67,42,4.6915411949157715,54;73;74;75;76;77;78;79;80;81;82;83;102;113;114;115;116;117;129;130;131;132;133;134;135;136;156;157;158;169;170;171;172;173;174;175;176;177;178;179;180;181;182;183;184;185;186;187;188;189;190;191;192;211;212;223;224;225;226;227;228;247;248;249;308;309;492
F92022,10,24,24,2787.2665029717627,2300.0,487.26650297176275,6,68,68,33,4.783127069473267,42;43;99;100;101;115;116;117;118;119;120;121;122;123;124;125;126;145;146;147;148;149;150;178;196;197;198;199;200;201;202;203;204;205;206;207;208;209;210;248;259;260;261;262;263;264;265;266;267;268;269;270;271;272;292;339;431;432;433;434;483;484;495;496;497;498;499;500
F92022,10,25,25,2305.5812378790847,2300.0,5.581237879084711,6,48,48,30,3.713623046875,102;103;174;199;200;201;202;203;204;205;206;207;208;209;210;229;230;231;232;233;234;235;236;237;238;239;240;252;253;283;284;285;379;476;477;488;489;490;491;492;493;494;495;496;497;498;499;500
F92022,10,26,26,2331.689511201426,2300.0,31.68951120142583,6,55,55,28,4.06670880317688,50;71;101;102;103;104;105;106;124;125;126;127;140;141;142;143;144;145;146;147;148;149;150;162;179;180;181;182;201;235;236;263;274;275;276;277;289;290;291;292;293;294;295;296;297;309;310;479;480;495;496;497;498;499;500
F92022,10,27,27,2784.2739418459723,2300.0,484.27394184597233,10,93,93,54,6.104726076126099,59;60;61;77;78;79;80;81;82;83;84;106;107;108;109;110;124;125;126;127;128;129;130;131;132;133;134;135;136;137;138;139;140;141;142;143;144;145;146;157;158;159;171;172;173;174;175;176;177;178;179;191;192;203;204;205;206;207;208;209;210;211;223;224;225;226;227;247;248;249;250;251;252;253;254;266;277;311;312;313;314;315;349;350;420;421;422;485;486;487;498;499;500
F92022,10,28,28,2313.3305932299127,2300.0,13.330593229912665,8,33,33,27,2.877152919769287,84;106;107;108;109;110;111;112;113;125;154;155;156;157;158;159;160;200;201;232;244;255;256;285;314;315;316;317;318;319;339;340;485
F92022,10,29,29,2757.246000465092,2300.0,457.24600046509204,5,38,38,18,3.144700288772583,39;40;41;62;63;84;85;97;98;99;118;130;131;132;133;134;146;147;148;149;162;163;164;165;166;167;177;178;179;180;181;182;183;184;185;186;187;289
F92022,10,30,30,2317.8701869829442,2300.0,17.870186982944233,8,52,52,26,3.890861988067627,33;34;46;57;97;98;114;115;116;117;118;119;120;121;122;123;124;125;126;127;128;129;130;142;153;154;155;156;157;171;172;173;174;175;176;177;217;218;219;220;251;252;253;254;267;290;291;292;293;334;482;494
F102022,10,1,1,1155.4475779774057,2400.0,-1244.5524220225943,10,151,151,112,10.03750491142273,13;14;15;16;35;36;37;68;79;80;81;82;83;84;85;86;87;88;89;90;91;92;93;94;95;96;97;98;99;100;101;102;114;115;116;127;128;129;130;131;132;133;134;135;136;137;138;139;140;141;142;143;144;145;146;147;148;149;150;151;162;163;164;165;166;167;168;169;170;171;172;173;174;175;176;177;178;179;180;181;182;183;184;185;197;208;209;210;211;212;213;214;215;216;217;218;219;220;221;222;223;224;225;226;244;255;256;257;258;259;260;261;262;263;264;265;266;267;283;294;295;307;308;309;329;340;341;342;343;344;345;346;347;348;349;350;351;352;353;354;355;356;357;358;359;360;361;362;363;401;495
F102022,10,2,2,2634.8229628323556,2400.0,234.82296283235564,10,138,138,121,9.296941995620728,21;72;83;84;85;86;87;88;89;90;91;92;93;94;95;96;97;98;99;100;101;102;103;104;105;106;127;128;149;150;151;152;153;154;155;156;157;158;159;160;161;162;177;188;189;190;191;192;193;194;195;196;197;198;199;200;201;202;203;204;205;206;207;208;209;210;211;229;240;241;242;243;244;245;246;247;248;249;250;251;252;253;254;255;256;257;258;259;260;261;262;263;275;286;287;288;289;290;302;303;304;305;306;307;308;309;310;321;322;323;324;325;326;327;328;329;330;331;332;333;334;335;336;337;338;339;340;341;342;343;344;359;407;418;419;488;499;500
F102022,10,3,3,2735.327178472533,2400.0,335.327178472533,10,133,133,83,9.000427961349487,23;24;25;36;37;38;39;40;41;42;43;44;69;84;85;86;87;88;89;90;91;92;93;94;95;96;97;98;99;100;101;102;103;104;115;116;117;118;130;131;132;133;134;135;136;137;138;139;154;155;156;157;158;159;160;161;162;163;164;165;166;167;168;169;170;171;172;173;174;175;186;187;188;189;190;191;192;193;194;195;196;197;209;210;211;222;223;224;225;226;227;228;229;230;231;232;233;234;235;236;237;238;239;240;241;242;243;244;245;261;262;276;277;278;303;317;318;319;320;321;322;323;324;325;326;327;328;329;341;342;490;491;492
F102022,10,4,4,2040.010473707727,2400.0,-359.989526292273,10,117,117,104,7.847710132598877,37;48;49;50;51;52;53;54;55;74;87;88;89;90;91;92;93;94;95;96;97;98;99;100;101;102;103;104;105;106;107;108;109;120;121;122;123;124;125;126;127;128;129;130;131;132;133;134;135;136;137;138;139;140;141;142;143;155;166;167;168;169;170;171;172;173;174;175;176;177;178;207;218;219;220;221;222;223;224;225;226;227;228;229;230;231;232;244;272;273;274;275;276;277;278;279;290;291;292;293;294;295;296;297;298;299;300;301;302;303;304;316;327;328;362;396;498
F102022,10,5,5,2553.954582067529,2400.0,153.95458206752892,11,164,164,155,10.796530961990356,15;36;37;38;39;40;41;42;43;55;68;69;70;71;72;73;74;75;76;77;78;79;80;81;82;83;84;85;86;87;88;89;90;101;102;103;116;117;118;119;120;121;122;123;124;125;136;137;138;139;140;141;142;143;144;145;146;147;148;149;150;151;152;153;154;155;156;157;158;159;160;171;172;173;174;175;176;177;178;179;180;181;182;183;184;185;186;187;188;189;190;191;192;193;194;195;206;207;208;209;210;211;212;213;214;215;216;217;218;219;220;221;222;223;224;225;226;227;228;229;241;259;260;261;262;263;264;265;266;267;268;269;270;271;284;295;296;297;298;299;300;301;302;303;304;305;306;307;308;309;310;311;312;313;328;351;352;353;354;355;356;369;381;490
F102022,10,6,6,1502.8491315260726,2400.0,-897.1508684739274,9,116,116,90,7.819777011871338,82;93;94;95;96;97;98;99;100;101;102;103;104;105;106;107;108;109;110;111;112;113;114;115;116;128;145;146;147;148;149;150;151;152;153;154;155;156;157;158;159;160;161;162;163;174;175;176;177;178;179;180;181;182;183;184;185;186;187;188;189;190;191;192;193;194;195;196;197;209;220;221;222;223;224;225;226;227;228;229;230;242;243;244;266;267;268;269;270;271;272;273;274;294;305;306;307;308;309;310;311;312;313;314;315;316;317;318;345;358;359;360;361;362;390;500
F102022,10,7,7,2541.1538839078403,2400.0,141.15388390784028,9,110,110,108,7.66166615486145,46;57;58;59;60;61;62;63;64;65;66;67;68;69;70;71;72;73;74;75;76;77;78;79;80;92;93;104;116;117;118;119;120;121;122;123;124;125;126;127;128;139;140;141;142;143;144;145;146;147;148;149;150;151;152;153;154;155;156;157;158;159;160;161;162;185;196;197;198;199;200;201;202;203;204;205;206;207;208;209;210;211;212;213;214;215;216;217;218;219;220;259;279;280;281;282;283;284;285;286;287;288;289;290;291;292;293;294;361;495
F102022,10,8,8,2722.5785965579685,2400.0,322.57859655796847,11,109,109,81,7.5940210819244385,19;20;73;74;75;86;87;88;89;90;91;92;93;110;121;122;123;124;125;126;127;128;129;130;131;132;133;134;135;136;137;162;163;164;175;176;177;178;190;191;192;193;194;195;196;197;198;199;210;211;212;213;214;215;216;217;218;219;220;221;222;223;224;225;250;251;262;263;264;265;266;267;279;280;281;282;283;284;285;286;298;299;331;332;333;334;357;358;359;360;361;362;363;364;365;366;367;368;369;438;457;483;494;495;496;497;498;499;500
F102022,10,9,9,1759.8867322232109,2400.0,-640.1132677767891,8,146,146,71,9.484776973724365,24;25;26;45;46;47;48;49;50;51;52;53;54;55;56;57;58;59;60;61;62;63;64;65;66;67;68;69;70;71;72;73;85;86;87;88;89;90;91;92;93;94;95;96;97;98;99;100;112;113;114;115;116;117;118;119;120;121;122;133;134;135;136;137;138;139;140;141;142;143;144;145;146;147;148;149;150;151;152;153;154;155;156;168;169;190;191;192;193;194;195;196;197;198;199;200;201;202;203;204;215;216;217;218;219;220;221;222;223;224;225;226;227;228;229;230;231;232;233;234;235;236;237;249;260;261;262;263;264;265;266;267;268;269;270;271;272;273;274;275;276;277;289;341;364;497
F102022,10,10,10,2613.0353307872087,2400.0,213.03533078720875,9,119,119,105,8.197543144226074,24;35;36;37;38;39;40;60;61;62;73;74;75;76;77;78;79;80;81;82;83;84;85;86;87;88;89;90;102;113;114;115;116;117;118;119;120;121;122;123;124;125;126;127;128;129;130;131;132;133;134;135;136;137;148;149;150;151;152;153;154;155;156;157;158;159;160;161;162;163;164;165;166;167;168;169;170;171;172;193;194;195;196;197;198;210;221;222;223;224;225;226;227;228;229;230;231;232;233;234;235;236;237;238;239;240;241;242;243;244;256;267;268;269;364;392;393;394;481
F102022,10,11,11,2711.611447423556,2400.0,311.611447423556,8,77,77,61,5.728033065795898,17;66;77;78;79;80;81;82;83;84;85;86;87;88;89;90;91;92;93;94;95;96;97;98;99;100;129;130;141;142;143;144;145;146;147;159;160;188;199;200;201;202;203;204;205;206;207;208;209;210;211;212;243;275;276;277;292;322;323;324;325;326;327;364;365;479;480;481;492;493;494;495;496;497;498;499;500
F102022,10,12,12,2747.9976065299306,2400.0,347.99760652993064,10,142,142,105,9.513288736343384,47;58;73;74;75;76;77;78;79;80;81;82;83;94;95;96;97;98;110;111;112;113;114;115;116;117;118;129;130;131;132;133;134;135;136;137;138;139;140;141;142;143;144;145;146;158;169;170;171;172;173;174;175;176;177;178;179;180;181;182;194;205;206;207;208;209;210;211;212;213;214;215;216;217;218;219;220;221;222;223;224;225;226;227;228;229;240;241;242;243;244;245;246;247;248;272;283;284;285;286;287;288;328;348;383;384;431;442;443;444;445;446;447;448;449;450;451;466;477;478;479;480;481;482;483;484;485;486;487;488;489;490;491;492;493;494;495;496;497;498;499;500
F102022,10,13,13,2635.6740823782166,2400.0,235.67408237821655,10,114,114,75,7.874732971191406,19;30;42;43;44;45;46;47;48;60;82;83;84;85;86;87;88;89;90;91;92;93;94;95;96;97;98;109;110;111;112;113;114;115;116;117;118;119;120;121;122;123;124;125;126;127;128;129;130;131;132;149;150;151;152;153;164;165;166;167;168;169;170;171;172;173;174;175;176;177;178;179;180;181;182;183;184;185;186;187;199;210;211;212;213;214;215;216;217;218;219;220;221;222;223;224;225;226;227;228;229;230;231;232;233;267;268;304;350;387;482;493;494;495
F102022,10,14,14,2771.5379311255583,2400.0,371.5379311255583,9,147,147,88,9.769098043441772,21;22;23;24;25;26;27;28;41;42;43;44;45;46;47;48;64;65;76;77;78;79;80;81;82;83;84;85;86;87;88;89;90;91;92;93;94;95;96;97;98;99;111;122;123;124;125;126;127;128;129;130;131;132;133;145;146;157;158;159;160;161;162;163;164;165;166;167;168;169;170;171;172;173;174;175;176;177;178;179;180;192;203;204;205;206;207;208;209;210;211;212;213;214;215;216;217;218;219;220;221;222;223;224;225;226;252;263;264;265;266;267;268;269;270;271;272;273;274;275;276;288;299;300;301;302;303;304;305;306;307;308;309;310;311;312;313;314;315;397;398;485;496;497;498;499;500
F102022,10,15,15,2714.3086644831587,2400.0,314.30866448315874,9,94,94,77,6.7097249031066895,22;23;37;38;39;40;41;42;43;44;45;46;47;48;49;50;51;63;74;99;116;117;118;119;120;133;134;145;146;147;148;149;150;151;152;153;154;155;156;157;158;159;160;161;162;163;164;165;166;167;168;195;223;224;225;226;227;228;229;230;241;242;268;279;280;281;282;283;284;285;286;287;288;289;290;291;292;386;397;398;399;400;401;402;403;404;405;406;407;408;409;410;411;457
F102022,10,16,16,-102.63607486233877,2400.0,-2502.636074862339,8,83,83,57,6.082744121551514,41;42;43;44;45;46;47;48;49;61;72;73;74;75;76;77;78;79;80;81;82;94;95;96;107;108;109;110;111;112;140;151;152;153;154;155;156;157;158;159;160;161;181;210;211;212;213;214;215;216;242;243;244;245;246;247;248;249;250;251;262;263;264;265;266;267;268;269;270;271;272;273;274;300;311;312;313;314;330;331;332;333;497
F102022,10,17,17,2619.966757503334,2400.0,219.96675750333407,9,134,134,85,9.049595832824707,24;25;44;45;56;57;58;59;60;72;73;74;75;76;77;78;79;80;81;82;83;104;105;106;107;108;109;110;111;112;113;114;115;116;117;118;139;140;141;142;143;144;145;146;147;148;149;150;151;152;153;164;165;166;167;168;169;170;171;172;173;174;175;176;177;178;179;180;181;182;183;184;185;186;187;199;200;201;202;213;214;215;216;217;218;219;220;221;222;223;224;225;226;227;228;229;230;231;232;233;234;235;236;248;265;266;267;268;269;270;271;272;273;274;275;276;277;278;279;280;281;282;283;294;295;296;297;311;312;313;314;340;388;496
F102022,10,18,18,2632.8775454723345,2400.0,232.87754547233453,9,85,85,77,6.185040235519409,43;55;67;68;69;70;71;72;73;74;75;76;77;78;79;80;122;133;134;135;136;137;138;139;140;141;142;143;144;145;146;147;148;149;161;191;192;193;205;217;218;219;220;221;222;223;224;225;226;227;228;229;230;231;232;233;234;235;236;254;271;272;273;274;275;276;277;278;290;396;397;475;476;477;478;479;492;493;494;495;496;497;498;499;500
F102022,10,19,19,1338.270000537758,2400.0,-1061.729999462242,9,155,155,109,10.00733494758606,52;53;54;55;56;67;68;69;70;71;72;73;74;75;76;77;78;79;80;81;82;83;84;85;86;87;88;89;90;91;92;93;94;95;96;97;98;119;120;121;122;123;124;136;137;138;171;172;173;184;185;186;187;188;189;190;191;192;193;194;195;196;197;198;199;200;201;202;203;204;205;206;207;219;230;231;232;233;234;235;236;237;238;239;240;241;242;243;244;245;246;247;248;249;250;251;252;253;254;277;278;279;280;281;282;283;284;285;286;287;288;289;308;309;310;311;312;313;314;315;316;317;318;319;320;321;322;323;324;335;336;337;338;339;340;341;342;343;344;345;346;347;348;349;350;351;352;353;354;355;356;357;358;370;390
F102022,10,20,20,2629.149342594123,2400.0,229.14934259412303,10,98,98,46,6.922611951828003,30;31;32;33;34;35;36;55;56;57;58;59;60;61;62;63;64;65;66;67;68;69;70;71;89;90;91;92;93;94;95;96;97;98;99;100;101;102;103;104;105;106;107;136;137;138;139;140;159;160;178;179;180;181;182;183;184;185;186;187;188;189;190;191;192;193;194;195;196;207;208;209;241;261;262;263;264;265;266;267;268;269;270;271;283;320;356;468;469;470;471;472;484;485;486;487;488;500
F102022,10,21,21,1442.936899917699,2400.0,-957.0631000823009,9,108,108,37,7.537665128707886,19;20;21;22;23;24;46;47;48;49;66;67;68;69;80;81;82;83;84;85;86;87;88;89;90;91;92;93;94;95;96;97;98;99;100;101;102;103;115;116;117;118;119;120;121;122;123;124;125;126;127;128;143;144;145;146;147;148;149;150;151;152;153;154;155;156;157;158;159;160;161;162;163;164;175;176;177;189;190;191;192;193;194;195;196;197;198;199;200;201;202;213;214;215;216;250;272;273;304;315;316;340;363;364;365;366;367;455
F102022,10,22,22,2292.369378374183,2400.0,-107.63062162581718,10,113,113,95,7.823723077774048,28;53;54;55;56;57;58;59;60;61;62;63;85;86;87;88;89;90;91;92;93;94;95;96;97;109;120;121;122;123;124;125;126;127;128;129;130;131;132;133;152;163;164;165;166;167;184;185;186;187;214;226;246;247;248;249;250;251;252;253;254;255;256;257;258;259;260;261;272;273;274;275;276;277;278;279;280;281;282;283;284;285;286;287;288;289;290;291;292;293;294;295;307;318;319;320;321;322;323;324;325;326;327;328;329;330;331;332;333;334;335;347;385
F102022,10,23,23,2342.316287603441,2400.0,-57.6837123965588,9,177,177,80,11.48804497718811,14;15;16;17;18;19;20;21;22;23;24;25;26;27;28;29;30;42;43;44;45;46;47;48;49;50;51;52;53;54;55;56;57;58;59;60;61;62;63;64;65;66;67;68;69;70;71;72;73;74;75;76;77;78;79;80;81;82;83;84;85;86;87;88;109;110;111;112;113;114;115;116;117;118;119;120;121;122;123;124;125;126;127;139;140;141;142;143;144;145;163;174;175;176;177;178;179;180;181;182;183;184;185;186;187;188;208;227;228;229;230;231;232;233;234;235;236;237;238;239;240;241;242;243;254;255;256;257;258;259;260;261;262;263;264;265;266;267;268;269;270;271;272;273;274;275;276;277;289;300;301;302;303;304;305;306;307;308;309;310;322;323;324;343;344;345;346;347;348;349;350;351;352;353;354;391;500
F102022,10,24,24,2777.7887535784203,2400.0,377.78875357842026,10,140,140,105,9.405458927154541,51;73;74;75;76;77;78;79;80;81;82;83;84;85;86;97;98;99;100;101;102;103;104;105;106;107;108;109;110;111;112;113;114;115;116;117;118;119;120;132;151;152;153;154;155;156;157;169;170;171;182;183;184;185;186;187;188;189;190;191;192;193;194;195;207;218;219;220;221;222;223;224;225;226;227;228;229;230;231;232;233;234;235;236;237;238;239;240;241;305;316;317;318;319;320;321;322;323;324;325;326;327;328;329;330;331;332;333;334;335;336;337;338;339;340;376;377;433;434;458;471;482;483;484;485;486;487;488;489;490;491;492;493;494;495;496;497;498;499;500
F102022,10,25,25,2591.955641014,2400.0,191.95564101399987,8,87,87,67,6.3104681968688965,29;30;41;42;43;44;45;46;47;48;49;72;86;87;88;89;90;91;92;93;94;95;96;97;98;99;100;101;102;103;104;105;106;107;122;123;124;125;126;127;128;129;130;131;132;133;134;135;136;137;138;139;140;141;153;164;165;166;167;168;169;181;182;183;184;185;186;187;188;199;200;201;202;203;204;223;256;257;283;316;317;485;496;497;498;499;500
F102022,10,26,26,2566.3132949406117,2400.0,166.31329494061174,8,105,105,81,7.3330299854278564,51;62;63;64;65;66;67;68;69;70;71;72;73;74;75;76;77;78;103;114;115;116;117;118;119;120;121;122;123;124;125;126;127;128;129;130;131;132;133;134;135;136;137;149;150;161;162;163;164;165;166;167;168;169;170;171;172;173;174;175;194;205;206;207;208;209;210;211;212;213;214;215;216;217;218;219;220;221;222;223;224;225;226;274;294;295;296;297;298;299;300;301;302;303;304;305;306;307;308;309;362;374;494;495;496
F102022,10,27,27,1996.9862655132026,2400.0,-403.0137344867974,8,117,117,93,7.868884086608887,18;19;20;21;22;23;24;25;26;27;28;29;30;54;55;56;67;91;114;115;116;117;118;119;120;121;122;123;124;125;126;127;145;146;147;148;149;150;151;171;182;183;184;185;186;187;188;189;190;191;192;193;194;195;196;197;198;199;200;201;202;203;204;205;220;231;232;233;234;235;236;237;238;239;240;241;242;243;244;245;246;247;248;249;250;251;252;253;254;266;277;278;279;280;281;282;283;284;285;286;287;288;289;290;291;292;293;294;295;296;297;298;299;300;312;335;494
F102022,10,28,28,2060.4395825453257,2400.0,-339.5604174546743,7,135,135,70,9.11823296546936,25;26;27;28;29;30;31;60;61;62;63;64;65;66;67;68;69;70;71;72;73;74;124;125;126;127;128;129;130;131;132;133;134;135;136;137;138;139;140;141;142;143;144;145;156;157;158;159;160;161;162;163;164;165;166;167;168;169;170;171;172;173;174;175;176;177;178;179;191;192;193;194;205;206;207;208;209;210;211;212;213;214;215;216;217;218;219;220;221;222;223;224;225;226;258;274;275;276;277;289;290;291;292;293;304;305;306;307;308;309;310;311;312;313;314;315;316;317;318;319;320;321;322;323;324;325;326;327;340;371;372;373;374;375;498
F102022,10,29,29,2735.752083856552,2400.0,335.75208385655196,9,92,92,48,6.562006711959839,24;25;36;37;38;39;40;41;42;81;92;93;94;95;96;97;98;99;100;101;102;103;104;105;106;107;108;109;110;111;112;113;114;115;133;144;145;146;147;148;149;161;162;163;164;165;166;167;168;179;180;181;182;183;184;185;197;198;199;200;201;202;203;225;226;227;228;229;230;231;253;254;265;266;312;323;324;325;326;387;479;490;491;492;493;494;495;496;497;498;499;500
F102022,10,30,30,376.3932658585368,2400.0,-2023.6067341414632,10,161,161,94,10.666396856307983,12;13;14;26;27;28;29;40;41;42;43;44;45;46;47;48;49;50;51;52;53;54;55;56;57;58;59;60;61;62;63;64;75;76;77;78;79;80;81;82;83;84;85;86;87;88;89;90;91;92;93;94;95;96;97;98;110;111;112;113;114;115;126;127;128;129;130;131;132;133;134;135;136;137;138;139;140;141;142;143;144;145;146;147;148;149;161;162;173;174;175;176;177;178;179;180;181;182;183;184;185;186;187;188;189;190;191;192;193;194;195;196;197;219;220;235;250;251;252;253;254;255;256;257;258;259;260;261;262;263;264;265;266;267;268;269;270;281;282;283;284;285;286;287;288;289;290;306;372;383;384;385;386;387;388;389;390;391;392;393;479
F112022,10,1,1,2603.2071601001517,2600.0,3.2071601001516683,5,80,80,10,8.83991813659668,31;32;33;34;35;36;37;38;39;40;41;42;43;44;45;46;47;48;49;50;51;52;53;54;55;99;122;123;124;125;126;137;138;139;140;141;142;143;144;145;146;147;148;149;150;151;152;153;154;155;156;157;158;159;160;161;162;163;164;165;166;167;168;169;170;184;185;186;187;188;189;190;191;245;257;258;270;487;488;489
F112022,10,2,2,2742.962715478152,2600.0,142.96271547815195,8,143,143,42,14.391687154769897,24;25;26;27;47;48;49;50;51;52;53;54;55;56;57;58;59;60;61;62;63;64;65;66;67;68;69;70;71;82;83;84;85;86;87;88;89;90;91;92;93;94;95;96;97;98;99;100;101;102;103;104;105;117;118;119;130;131;132;133;134;135;136;137;138;139;140;141;142;143;144;145;146;147;148;167;168;183;184;185;186;187;188;189;190;191;192;193;194;195;196;211;230;241;242;243;244;245;246;247;248;249;250;251;252;253;271;272;273;274;275;291;292;293;294;295;296;297;298;299;300;301;302;303;304;316;317;318;344;345;346;358;480;491;492;493;494;495;496;497;498;499;500
F112022,10,3,3,2935.743278978739,2600.0,335.743278978739,7,112,112,22,11.660161018371582,53;54;55;56;57;58;59;60;61;62;74;75;76;77;78;79;80;81;82;83;84;85;86;106;107;129;130;131;132;133;134;135;136;137;138;139;140;141;142;143;144;145;146;147;158;159;160;161;162;163;164;165;166;167;168;169;170;171;172;173;174;175;176;177;178;179;180;181;193;194;195;196;197;198;199;200;211;212;213;214;215;216;217;218;219;220;221;222;223;224;225;226;227;228;229;230;231;232;233;234;235;236;294;295;296;322;323;324;325;326;497;498
F112022,10,4,4,2731.067230105339,2600.0,131.06723010533915,3,77,77,9,8.569467067718506,23;24;25;54;55;56;57;58;59;60;90;91;92;104;105;106;107;108;109;110;111;112;113;114;115;116;127;128;129;130;131;132;133;134;135;136;137;138;139;140;141;161;173;174;175;176;177;178;179;180;181;216;217;218;256;272;273;274;275;276;277;346;347;472;473;474;490;491;492;493;494;495;496;497;498;499;500
F112022,10,5,5,2665.476001469018,2600.0,65.47600146901777,6,78,78,17,8.645945072174072,88;119;130;131;132;170;181;182;183;184;185;186;187;188;205;206;217;218;219;220;221;222;223;224;225;226;227;228;229;230;231;232;233;234;235;236;237;238;239;240;241;242;243;244;245;246;296;297;298;373;374;375;376;377;467;468;469;480;481;482;483;484;485;486;487;488;489;490;491;492;493;494;495;496;497;498;499;500
F112022,10,6,6,2642.098343117216,2600.0,42.09834311721579,6,111,111,9,11.56942629814148,49;50;51;52;53;54;55;56;57;58;59;60;61;62;63;64;65;66;67;68;86;87;98;99;100;101;102;103;104;105;106;107;108;109;110;111;112;113;114;115;116;117;118;119;120;121;122;123;124;125;136;137;149;150;151;152;153;154;155;156;157;158;159;160;161;162;163;164;165;166;167;168;169;170;181;182;183;184;196;197;198;199;200;201;202;203;204;205;206;207;218;219;231;232;233;234;251;252;265;266;267;268;269;270;271;486;487;488;489;490;491
F112022,10,7,7,2606.2863458286542,2600.0,6.286345828654248,3,78,78,7,8.609031200408936,61;62;63;64;78;79;80;81;82;83;115;116;117;118;119;120;121;122;123;140;141;142;143;155;156;167;168;169;170;171;172;173;174;175;176;177;178;179;180;181;211;212;223;224;225;226;227;228;229;230;231;232;233;234;246;468;469;470;481;482;483;484;485;486;487;488;489;490;491;492;493;494;495;496;497;498;499;500
F112022,10,8,8,2606.6317792915656,2600.0,6.6317792915656355,2,67,67,3,7.665076971054077,22;23;24;25;121;122;134;135;136;137;138;139;140;176;177;178;179;180;181;182;183;184;185;186;187;188;200;201;202;203;204;205;249;250;261;262;263;264;265;266;267;268;294;295;296;297;298;340;341;342;343;344;345;346;347;348;349;350;351;352;353;495;496;497;498;499;500
F112022,10,9,9,2613.9435021639365,2600.0,13.9435021639365,3,101,101,5,10.712528705596924,38;49;50;51;52;53;54;55;56;57;58;59;60;61;62;63;64;65;66;67;68;86;87;116;117;118;119;131;132;133;134;155;167;168;187;188;189;190;191;192;193;194;195;224;225;226;227;228;229;230;231;232;233;244;245;246;247;248;249;250;251;252;253;254;255;256;257;258;259;260;261;262;263;264;265;266;267;315;316;317;318;480;481;482;483;484;485;486;487;488;489;490;491;492;493;494;495;496;497;498;499
F112022,10,10,10,2640.925278728965,2600.0,40.92527872896517,8,154,154,28,15.351090908050537,24;25;53;54;55;56;57;58;59;60;61;62;63;64;65;77;78;91;92;93;94;95;96;97;98;99;100;101;102;103;104;105;106;107;108;109;110;111;112;113;114;115;116;117;118;119;120;131;132;133;134;135;136;137;138;139;140;141;142;143;144;145;146;147;148;149;150;151;152;164;165;199;200;201;212;213;214;215;216;217;218;219;220;221;222;223;224;225;226;227;228;229;230;231;232;233;234;235;247;248;249;278;279;280;281;282;283;284;285;296;297;298;299;300;301;302;303;304;305;306;307;308;309;310;311;312;313;314;315;316;317;318;319;336;337;338;339;340;341;342;343;344;345;346;347;369;392;489;490;491;492;493;494;495
F112022,10,11,11,2664.785065443216,2600.0,64.7850654432159,4,81,81,11,8.90047001838684,17;18;72;73;74;75;76;87;88;89;90;91;92;93;94;95;96;154;155;166;167;168;169;170;171;172;173;174;175;176;177;178;179;180;181;182;183;184;185;186;187;188;189;240;241;242;243;244;245;246;247;269;270;271;272;273;274;324;325;326;458;459;470;471;472;473;474;475;476;477;478;479;480;481;482;483;484;485;486;487;499
F112022,10,12,12,2693.180031272775,2600.0,93.18003127277507,7,108,108,20,11.300242900848389,64;65;66;67;68;69;70;71;72;73;96;108;109;110;111;127;128;129;130;152;153;154;155;156;157;158;159;160;161;162;163;164;165;166;167;168;183;184;185;186;187;188;189;190;191;192;217;228;229;230;231;232;233;234;235;236;237;238;239;240;241;242;243;244;245;246;247;248;260;261;283;284;285;286;287;288;289;290;291;292;293;294;295;296;297;298;299;300;301;302;303;304;305;317;318;319;320;321;322;323;324;325;326;327;328;329;489;500
F112022,10,13,13,2608.2233843315776,2600.0,8.223384331577563,2,41,41,2,5.393582105636597,80;81;82;115;116;117;118;119;120;121;122;123;124;125;126;127;128;129;130;131;132;133;134;174;175;176;177;178;223;224;313;475;476;477;478;479;480;481;482;483;499
F112022,10,14,14,2604.9187393005095,2600.0,4.918739300509515,6,110,110,8,11.420948028564453,37;38;39;40;41;42;43;44;45;46;47;48;49;50;51;52;68;69;70;71;72;91;92;93;94;95;96;97;98;99;100;112;113;114;115;116;117;118;119;120;121;122;123;124;125;126;127;128;129;130;131;132;133;134;145;146;147;148;149;150;151;172;189;190;191;221;232;233;234;235;236;237;238;239;240;241;253;254;318;319;320;336;337;338;339;340;341;342;343;344;409;472;473;474;475;476;477;478;479;490;491;492;493;494;495;496;497;498;499;500
F112022,10,15,15,2839.2362530803603,2600.0,239.23625308036026,6,105,105,16,11.118453979492188,28;61;62;63;81;82;83;84;85;86;87;88;89;90;91;92;93;105;106;107;118;119;120;121;122;123;124;125;126;127;128;129;130;131;132;133;134;135;136;137;138;139;140;141;153;190;191;192;193;194;195;206;207;208;209;210;211;212;213;214;215;216;217;218;219;220;221;222;223;224;225;226;227;228;229;230;247;258;259;260;261;262;263;275;276;277;278;279;280;281;282;283;296;325;326;327;351;352;353;354;355;356;357;358;359
F112022,10,16,16,2616.557694953057,2600.0,16.557694953056853,3,59,59,9,6.985837697982788,67;68;69;70;71;72;73;74;75;76;77;78;79;80;81;82;114;115;127;128;129;130;131;143;154;155;156;168;169;170;171;172;186;187;188;189;190;191;192;193;194;205;206;207;219;220;221;222;223;224;271;272;273;274;275;276;277;306;307
F112022,10,17,17,2606.641182853271,2600.0,6.641182853270948,5,96,96,9,10.249269008636475,47;48;49;50;51;52;53;54;55;56;57;83;84;123;124;125;126;127;128;148;149;150;151;152;187;188;189;190;191;192;193;194;195;196;197;198;199;213;214;215;216;217;218;219;220;221;222;223;224;225;226;248;249;250;251;252;253;254;255;256;270;271;272;273;274;275;276;287;288;289;290;291;292;293;294;295;296;297;298;299;300;301;337;338;339;340;341;476;477;478;479;490;491;492;493;494
F112022,10,18,18,2630.1010076632856,2600.0,30.1010076632856,4,65,65,15,7.521761894226074,79;91;92;93;94;95;96;97;108;109;110;111;112;113;114;126;127;139;140;141;152;153;154;155;156;157;158;159;160;161;162;174;175;176;177;178;179;193;204;205;206;207;208;209;210;211;212;213;214;215;216;217;218;219;220;221;222;223;224;225;226;296;403;495;496
F112022,10,19,19,2615.288492371962,2600.0,15.288492371962093,5,70,70,12,7.953627109527588,61;89;90;101;102;103;104;105;106;107;108;109;110;111;112;113;114;115;116;117;118;119;120;121;122;123;124;125;146;147;148;149;150;151;152;153;154;155;156;157;158;159;186;187;248;249;284;285;286;304;316;317;318;319;320;321;322;323;342;480;481;492;493;494;495;496;497;498;499;500
F112022,10,20,20,2602.529647254937,2600.0,2.5296472549371174,5,112,112,11,11.538746118545532,30;62;63;83;84;85;86;87;88;117;118;119;120;121;122;123;124;125;126;127;128;129;130;131;132;133;134;135;136;137;138;139;140;141;185;186;187;206;236;237;238;249;250;251;252;253;265;266;267;268;269;270;271;272;273;274;275;276;277;278;279;295;296;297;298;299;300;301;302;303;304;305;306;307;308;309;310;311;312;313;350;351;352;353;354;355;356;357;358;359;432;433;479;480;481;482;483;484;485;486;487;488;489;490;491;492;493;494;495;496;497;498
F112022,10,21,21,2606.120348679057,2600.0,6.12034867905686,4,118,118,13,12.143408060073853,46;47;48;49;50;51;52;53;54;55;56;57;58;59;60;61;62;63;64;65;66;67;68;69;70;71;72;73;84;85;86;87;88;89;90;91;92;93;94;95;96;97;98;99;100;101;102;103;104;105;106;107;119;120;121;122;123;134;135;136;137;138;139;140;141;142;143;144;145;146;147;148;149;150;151;152;153;154;155;156;157;169;170;171;172;173;174;175;176;177;178;179;180;181;182;183;199;200;201;202;203;204;205;206;207;208;209;210;211;212;213;214;240;241;474;475;486;487
F112022,10,22,22,2617.949458597258,2600.0,17.949458597257944,3,137,137,4,13.837092161178589,25;26;27;28;29;30;54;55;56;57;74;75;76;91;92;93;94;95;96;97;108;109;110;111;112;113;114;115;116;117;118;119;120;121;122;123;124;125;126;127;128;129;141;142;143;144;145;146;147;148;149;150;151;152;174;175;176;177;178;179;180;191;192;193;194;206;207;208;209;210;211;212;213;214;215;216;217;218;219;220;221;222;223;224;225;243;244;245;246;258;259;260;261;262;263;264;265;266;267;268;269;270;271;272;273;274;275;276;277;278;279;280;281;282;283;284;285;297;298;299;300;314;315;316;317;318;319;320;321;322;323;324;343;344;475;476;477
F112022,10,23,23,2608.707975552234,2600.0,8.707975552234075,2,89,89,6,9.62954592704773,36;37;38;39;40;41;42;43;44;45;46;47;48;49;50;106;107;108;109;110;111;123;124;125;126;127;128;129;130;131;132;133;134;135;181;182;193;194;195;196;197;198;199;200;259;260;261;262;263;264;265;266;267;268;269;270;271;272;273;274;275;276;288;289;290;291;309;310;311;312;313;473;484;485;486;487;488;489;490;491;492;493;494;495;496;497;498;499;500
F112022,10,24,24,2617.0540396681076,2600.0,17.054039668107634,5,49,49,10,6.101037979125977,54;55;152;153;154;155;156;157;158;169;170;171;172;173;174;175;176;177;178;179;180;208;209;235;236;237;238;239;240;241;242;293;294;295;296;297;298;299;319;320;361;362;363;364;365;488;489;490;491
F112022,10,25,25,2603.5552089035236,2600.0,3.555208903523635,3,37,37,5,4.983202934265137,28;29;30;31;175;200;228;229;230;231;232;233;234;235;236;288;299;300;301;302;303;304;466;467;468;479;480;481;482;483;484;485;496;497;498;499;500
F112022,10,26,26,2605.653666110044,2600.0,5.653666110044014,4,65,65,4,7.4139723777771,20;21;22;54;100;156;157;158;159;160;161;162;163;164;165;166;167;201;202;203;204;205;206;237;238;239;272;273;274;287;288;289;290;291;348;349;350;351;427;428;457;458;459;460;472;473;474;475;476;477;478;479;480;481;482;483;484;485;486;487;488;489;490;491;492
F112022,10,27,27,2613.214677793036,2600.0,13.214677793036117,4,65,65,11,7.500201225280762,62;63;64;65;66;67;68;92;130;131;132;145;146;147;148;149;150;151;152;153;154;155;167;168;169;170;171;172;173;174;175;176;177;210;221;222;223;224;236;237;238;239;240;241;242;254;255;256;257;279;280;281;282;283;284;285;286;287;288;289;290;291;292;474;475
F112022,10,28,28,2650.8035635979013,2600.0,50.8035635979013,6,84,84,14,9.193253755569458,42;43;44;85;97;98;109;110;111;112;113;114;130;131;132;133;134;135;136;137;138;139;177;192;193;194;195;196;197;198;199;200;201;202;203;204;205;206;207;235;236;237;238;239;240;241;242;243;244;245;260;261;262;263;264;265;278;279;280;281;292;305;306;307;308;309;310;311;312;325;326;327;353;354;475;476;477;478;479;480;481;482;483;494
F112022,10,29,29,3622.309230212396,2600.0,1022.309230212396,9,213,213,16,20.94645094871521,50;51;52;63;64;65;66;67;68;69;70;71;72;73;74;75;76;77;78;79;80;81;82;83;84;85;86;98;99;100;101;102;103;104;105;106;107;119;130;131;132;133;134;135;136;137;138;139;140;141;142;143;144;145;146;147;148;149;150;151;152;153;165;166;167;168;169;170;171;182;183;184;185;186;187;188;189;190;191;192;193;194;195;196;197;198;199;200;201;202;203;204;205;217;218;219;230;231;232;233;234;235;236;237;238;239;240;241;242;243;244;245;246;247;248;249;250;251;252;253;265;266;267;268;269;270;289;290;309;310;311;312;313;314;315;327;328;329;330;331;332;333;334;345;346;347;360;361;362;363;364;365;366;367;368;369;370;371;372;373;374;375;376;377;378;379;380;381;392;393;394;395;396;397;398;399;400;401;402;403;404;405;406;407;408;409;410;411;412;413;414;415;427;428;429;430;431;432;433;434;435;436;437;451;452;453;454;455;456;492;493;494;495
F112022,10,30,30,2621.310321829655,2600.0,21.310321829655095,4,101,101,4,10.65934419631958,24;25;26;27;28;29;30;72;73;74;75;76;77;91;92;93;94;95;110;111;112;113;114;115;116;127;128;129;130;154;165;166;167;168;169;170;171;172;173;174;175;176;177;178;179;180;181;193;194;195;196;197;198;199;200;201;202;214;232;233;234;235;236;237;238;239;240;252;253;254;255;256;257;322;323;324;325;326;327;328;329;330;331;332;333;475;476;477;478;479;480;481;482;483;484;485;486;487;488;489;500
F122022,10,1,1,2896.147714659636,2700.0,196.14771465963622,10,171,171,78,17.728019952774048,14;15;29;30;31;32;33;34;35;36;37;38;39;40;41;42;43;55;56;67;68;69;70;71;72;73;74;75;76;77;78;79;80;81;93;104;105;106;107;108;109;110;111;112;113;114;115;116;117;118;119;120;121;122;123;124;125;137;138;139;140;151;152;153;154;155;156;157;183;184;185;186;202;203;204;205;206;207;208;209;210;211;212;213;214;215;216;217;218;219;220;221;222;223;224;235;236;237;238;239;240;241;242;243;244;245;246;247;248;249;250;251;252;253;254;255;256;257;258;270;281;282;283;284;285;297;298;299;300;301;302;303;304;305;316;317;318;319;320;321;322;323;324;325;326;327;328;329;330;331;332;333;334;335;336;337;338;339;340;351;352;387;388;389;488;489;490;491;492;493;494
F122022,10,2,2,2870.8173194945607,2700.0,170.8173194945607,11,133,133,103,14.123986959457397,37;48;49;50;51;52;53;54;55;56;57;58;59;60;61;62;63;64;65;77;99;100;101;102;103;104;105;106;118;129;130;131;132;133;134;135;136;137;138;139;140;141;142;143;144;145;146;147;148;149;150;151;152;164;175;176;177;178;179;195;196;197;198;199;218;219;220;221;222;223;224;225;226;227;228;229;230;231;232;233;234;247;248;249;250;251;252;253;254;255;256;257;258;259;260;261;273;299;300;301;302;303;304;305;306;307;308;343;359;360;361;362;363;364;365;366;367;368;369;370;371;372;373;374;375;376;377;378;379;403;404;405;497
F122022,10,3,3,2891.6148638075488,2700.0,191.61486380754877,10,136,136,41,14.647908926010132,32;33;34;35;47;48;49;50;51;62;63;64;65;66;67;68;69;70;71;72;73;74;75;76;77;78;79;80;81;82;83;84;85;97;108;109;110;111;112;113;114;115;116;117;118;130;131;132;143;144;145;146;147;148;149;150;151;152;153;154;155;156;157;158;159;160;161;162;163;164;165;166;178;179;180;181;182;183;194;195;196;197;198;199;200;201;202;203;204;205;206;207;208;209;210;211;212;213;214;215;216;217;238;270;271;272;273;274;285;286;287;288;289;326;327;328;371;382;383;405;406;407;408;420;421;422;481;482;483;484;485;486;487;498;499;500
F122022,10,4,4,2876.693499029511,2700.0,176.6934990295108,10,159,159,102,16.646749019622803,14;35;36;37;38;39;40;41;42;43;44;45;46;47;48;49;60;61;62;63;64;65;66;67;68;69;70;71;72;73;74;75;76;77;78;79;80;81;82;83;84;95;96;97;98;99;100;101;102;103;104;105;106;107;108;109;110;111;126;137;138;139;140;141;142;143;159;160;161;172;173;174;175;176;177;178;179;180;181;182;183;184;185;186;187;188;189;190;191;192;193;194;195;207;208;209;220;221;222;223;224;225;226;227;228;229;230;231;232;233;234;235;236;237;238;239;240;241;242;243;255;275;276;277;278;279;280;281;282;283;284;285;286;287;312;313;314;315;326;327;340;352;353;364;365;366;367;368;369;370;371;372;373;374;375;376;488;499;500
F122022,10,5,5,2897.7398994986775,2700.0,197.73989949867746,10,161,161,74,16.973226070404053,29;45;46;47;48;49;50;51;52;67;68;81;82;83;84;85;86;87;88;89;90;91;92;93;94;95;96;97;98;99;100;101;102;103;114;115;116;117;118;119;120;121;122;123;124;125;126;127;128;129;130;131;132;133;134;135;136;137;149;162;163;164;165;166;167;168;169;170;171;172;173;174;175;176;177;178;179;180;181;182;183;184;185;186;187;188;189;200;201;202;203;204;205;206;207;208;209;210;211;212;213;214;215;216;217;218;219;220;221;222;223;224;225;236;237;238;239;240;241;242;243;244;245;246;247;248;249;250;251;252;253;254;255;256;257;258;259;260;261;273;284;285;286;287;288;289;290;291;292;293;294;295;296;297;322;323;364;365;489;490;491
F122022,10,6,6,2925.2664735955086,2700.0,225.26647359550861,12,157,157,66,16.62209415435791,26;56;57;58;59;60;61;62;63;74;75;76;77;78;79;80;81;93;94;95;96;97;98;99;100;111;112;113;114;115;116;117;118;119;120;121;122;134;135;146;147;148;149;150;151;152;153;154;155;167;168;169;170;181;182;183;184;185;186;187;188;189;190;191;192;193;194;195;196;197;198;199;200;201;202;203;204;205;216;217;218;219;232;233;234;235;236;237;238;239;240;268;269;270;271;272;273;274;286;297;298;299;300;301;302;303;304;305;306;307;308;309;310;311;312;313;314;315;316;317;318;319;320;337;366;367;368;369;370;371;372;444;445;456;457;458;459;460;461;462;463;464;465;466;467;468;469;470;471;472;473;474;475;487;488;499;500
F122022,10,7,7,2887.5825654074815,2700.0,187.58256540748152,9,109,109,51,11.930982112884521,13;61;62;63;64;65;66;87;88;89;90;91;92;93;94;95;96;97;98;99;100;101;102;103;104;105;106;107;118;119;120;121;122;123;152;163;164;165;166;167;179;180;181;182;183;184;185;186;187;188;199;200;201;202;203;204;205;206;207;208;209;210;211;212;213;214;215;216;217;218;219;220;221;222;223;224;235;236;237;238;239;240;241;242;243;244;245;246;247;248;249;291;302;303;304;305;306;318;319;320;321;341;342;372;399;400;498;499;500
F122022,10,8,8,2935.123809832003,2700.0,235.1238098320032,11,131,131,47,13.944154024124146,24;25;45;46;47;48;49;50;51;52;53;54;55;56;57;58;59;60;87;88;89;90;91;92;93;94;95;96;139;140;141;142;143;155;156;157;168;169;170;171;172;173;174;175;176;177;178;179;180;181;182;194;195;196;197;208;209;210;211;212;213;214;215;216;217;218;219;220;221;222;223;224;225;226;227;228;229;230;231;232;233;246;247;248;249;250;251;252;253;254;255;256;257;258;259;260;261;262;263;264;265;266;267;268;279;280;281;282;283;284;285;306;317;318;319;320;321;322;338;339;340;341;342;343;403;404;486;497;498;499;500
F122022,10,9,9,2964.034636452548,2700.0,264.03463645254806,11,150,150,127,15.931641101837158,27;60;61;62;63;74;75;76;77;78;79;80;81;82;83;84;85;86;87;88;89;90;91;92;93;94;95;108;119;120;121;122;123;124;125;126;127;128;129;130;131;132;133;134;135;136;137;138;159;170;171;172;173;174;175;176;177;178;179;180;181;182;183;184;185;186;187;188;189;190;191;192;193;211;212;213;214;227;228;229;230;231;232;233;234;235;236;237;238;239;240;241;242;243;244;245;246;247;248;249;260;261;262;263;264;265;266;267;268;269;270;271;272;273;274;275;276;277;278;279;280;281;282;283;303;304;344;407;429;430;431;432;433;434;435;445;456;457;458;459;460;461;462;463;464;465;477;478;479;480
F122022,10,10,10,2862.557796845115,2700.0,162.5577968451148,10,147,147,68,15.407796859741211,48;59;60;61;62;63;64;65;66;67;68;69;70;71;72;73;74;75;76;77;78;79;80;81;93;94;95;96;97;108;109;110;111;112;113;114;115;116;117;118;119;120;121;122;123;124;125;126;127;128;129;130;131;143;144;155;156;157;158;159;160;161;162;163;164;165;166;167;168;169;170;171;172;173;174;175;176;177;178;206;217;218;219;220;221;222;223;235;236;237;238;239;240;241;242;253;254;255;256;257;258;259;260;261;262;263;264;265;277;278;279;280;281;292;293;305;306;307;308;309;310;311;312;313;314;315;316;317;337;338;339;340;341;342;343;344;345;346;347;359;412;413;414;495;496;497;498
F122022,10,11,11,2873.8094943347737,2700.0,173.80949433477372,10,146,146,62,15.61043095588684,15;16;34;35;54;66;67;79;80;91;92;93;94;95;96;97;98;99;100;101;102;103;104;105;106;107;108;109;110;111;112;113;114;115;126;138;139;140;141;142;143;144;145;146;147;148;149;150;151;162;163;164;179;180;181;182;183;184;185;186;198;199;200;201;202;203;204;205;206;207;208;209;210;211;212;213;214;215;216;217;218;219;220;221;232;233;234;235;236;237;238;239;240;241;242;243;244;245;246;247;248;270;286;287;302;303;304;305;316;317;318;319;320;321;322;323;324;325;326;327;328;329;330;331;332;333;334;335;336;337;338;350;351;352;353;354;355;482;483;484;485;486;487;488;489;500
F122022,10,12,12,2883.572212780523,2700.0,183.57221278052293,8,153,153,76,16.046884059906006,17;35;36;37;38;39;40;57;68;69;70;71;72;73;74;75;76;77;78;79;80;81;82;83;84;85;86;87;88;89;90;91;92;93;94;105;106;107;108;109;110;111;112;113;114;115;116;117;118;119;120;121;122;123;124;125;126;152;153;184;185;186;187;188;199;200;201;202;203;204;205;206;207;208;209;210;211;212;213;214;215;216;217;218;219;220;221;222;245;256;257;258;259;260;261;262;263;264;265;266;267;268;269;270;271;272;273;274;275;276;277;278;279;308;309;310;311;322;323;324;325;326;327;328;329;330;331;332;333;334;335;336;337;338;339;340;341;342;343;344;345;357;358;373;374;375;376;377;378;379;380;400;401
F122022,10,13,13,2894.4780151901778,2700.0,194.47801519017776,9,164,164,103,17.242840051651,25;26;42;43;44;45;62;75;76;77;78;79;80;81;82;83;84;85;86;87;88;89;90;91;92;93;94;95;96;97;108;109;110;111;112;113;114;115;116;117;118;119;120;121;122;123;124;125;126;127;128;129;130;131;147;158;159;160;161;162;163;164;165;166;167;168;169;170;171;172;173;174;175;176;177;178;179;180;181;193;194;195;196;207;208;209;210;222;223;224;225;226;227;228;229;230;231;242;243;244;245;246;247;248;249;250;251;252;253;254;255;256;257;258;259;260;261;262;263;264;265;277;278;289;290;291;292;293;294;295;296;297;298;299;300;301;302;303;304;305;306;307;308;309;310;311;312;332;348;349;350;351;352;353;354;355;356;357;358;370;381;382;383;384
F122022,10,14,14,3012.988671925979,2700.0,312.9886719259789,9,140,140,71,14.975436925888062,15;37;50;51;52;53;54;68;69;70;71;72;83;84;85;86;98;99;100;101;102;103;104;105;106;107;118;119;120;121;122;123;124;136;137;138;139;140;141;142;153;154;155;156;168;169;170;171;172;173;174;175;176;177;188;189;190;191;192;193;194;195;196;197;198;199;200;201;202;203;204;205;206;207;208;209;210;211;223;224;225;226;248;249;250;251;270;271;272;273;274;275;276;277;278;279;280;281;282;283;284;285;286;287;298;299;300;301;302;303;304;305;306;307;319;320;321;345;359;360;361;362;363;364;365;366;367;368;400;401;402;482;483;494;495;496;497;498;499;500
F122022,10,15,15,3046.3585501474204,2700.0,346.3585501474204,10,96,96,56,10.903332710266113,65;80;81;82;83;84;85;86;87;88;89;101;112;113;114;115;134;135;136;137;138;149;150;151;152;153;165;166;167;168;169;170;171;172;173;184;185;186;187;188;189;190;202;203;204;205;206;207;208;219;220;221;222;223;224;236;237;238;239;240;241;242;243;244;245;256;257;258;259;260;261;262;263;264;265;266;267;268;269;270;271;272;273;274;275;276;277;278;279;291;327;375;400;488;499;500
F122022,10,16,16,2873.7675025715344,2700.0,173.76750257153435,9,120,120,51,13.055711030960083,13;62;73;74;75;76;77;78;79;80;81;82;83;84;85;86;87;88;100;111;112;113;114;115;116;117;118;119;120;121;122;123;124;125;126;127;128;129;130;131;132;133;134;146;157;158;159;160;161;162;163;164;165;166;167;168;169;170;171;172;173;174;175;176;177;178;179;191;192;193;204;205;249;250;251;252;253;267;268;269;281;282;283;284;285;286;287;288;299;300;301;302;303;304;305;306;307;308;309;310;311;312;313;314;315;316;317;329;330;331;332;333;334;355;374;386;387;388;389;500
F122022,10,17,17,2865.7491358131974,2700.0,165.74913581319743,8,114,114,28,12.591499090194702,33;34;35;46;47;59;60;61;62;63;64;65;66;67;68;69;70;85;86;87;88;89;90;91;92;93;94;95;114;115;127;138;139;140;152;153;154;155;156;157;158;159;160;161;162;163;164;183;184;185;186;187;188;189;201;213;214;215;216;217;218;219;220;221;232;233;234;235;236;237;249;250;251;252;253;254;255;271;272;273;284;285;286;287;288;300;301;302;303;304;305;306;307;308;309;320;332;333;379;380;381;382;383;384;471;482;483;484;485;486;487;488;489;490
F122022,10,18,18,2918.690585411163,2700.0,218.69058541116283,9,135,135,73,14.6025710105896,41;42;61;62;63;64;65;66;67;68;69;70;71;72;89;100;101;102;125;136;137;138;139;140;141;142;143;144;145;146;147;148;149;150;151;152;153;154;155;156;157;158;159;171;182;183;184;185;186;187;188;189;190;191;192;193;194;195;196;197;198;199;200;201;219;230;231;232;233;234;235;236;237;238;239;240;241;242;243;244;245;246;247;248;249;250;251;252;253;265;266;277;278;279;280;281;282;283;298;299;300;301;302;303;304;321;322;341;342;343;344;345;346;347;348;349;350;351;352;353;354;355;389;400;401;402;422;423;468;469;470;490;491;492;493
F122022,10,19,19,2869.231518841302,2700.0,169.2315188413022,10,141,141,89,14.94832468032837,46;57;58;59;74;75;76;77;78;79;80;81;92;93;94;95;96;97;98;99;100;101;102;103;104;105;106;107;108;109;110;111;112;113;114;115;116;135;136;137;138;139;140;141;142;143;144;145;146;147;148;160;188;189;190;191;192;193;194;195;196;208;219;220;221;222;223;224;225;226;227;228;229;230;231;232;233;234;235;236;237;238;239;240;241;242;254;265;266;267;268;269;270;271;272;273;274;275;276;277;278;279;280;281;282;283;284;285;286;287;288;311;325;336;337;338;339;340;341;342;343;344;345;346;347;348;349;350;351;352;353;354;355;356;357;358;359;383;416;437;493
F122022,10,20,20,2846.9976437661553,2700.0,146.9976437661553,7,130,130,59,14.006577968597412,23;45;46;47;48;49;50;51;52;53;54;55;67;68;69;70;82;83;84;85;86;87;88;89;90;91;92;93;123;124;125;126;127;128;129;140;141;142;143;144;145;146;147;148;149;150;151;152;153;154;155;156;157;158;159;160;161;162;163;198;199;210;222;223;224;225;226;227;228;229;230;231;249;260;261;262;263;264;265;266;267;268;269;270;271;272;273;274;275;276;277;278;279;280;281;282;283;296;297;308;309;310;311;312;313;314;315;316;317;318;319;320;321;322;323;324;325;326;327;328;329;330;331;359;486;487;488;489;490;491
F122022,10,21,21,2884.504853240618,2700.0,184.5048532406181,8,106,106,30,11.645723104476929,52;53;54;79;80;81;82;121;122;123;124;125;126;137;138;139;140;141;142;143;144;145;146;147;148;149;150;151;152;153;154;177;190;191;192;193;194;195;196;197;198;199;200;201;202;223;224;225;226;227;228;229;230;231;232;233;234;235;236;247;248;260;261;262;263;264;265;277;298;299;300;301;302;303;304;305;306;307;308;309;310;311;312;313;314;315;316;374;375;376;393;476;477;488;489;490;491;492;493;494;495;496;497;498;499;500
F122022,10,22,22,2896.7739615298306,2700.0,196.77396152983056,10,141,141,79,15.08190107345581,20;54;55;56;73;74;75;76;77;78;79;80;81;82;83;84;85;86;87;88;89;90;91;92;93;104;105;106;107;108;109;110;111;112;113;114;115;116;117;118;119;120;121;122;123;124;125;126;127;157;158;169;170;171;172;173;174;175;176;177;178;179;180;181;182;183;184;185;186;187;188;189;190;191;192;193;212;213;214;215;216;217;218;219;220;221;222;223;224;225;226;227;228;239;240;241;242;243;265;283;284;285;286;287;288;289;290;291;303;304;331;332;333;334;335;336;337;338;339;350;351;352;353;354;355;356;357;358;359;360;412;429;430;431;432;433;434;435;436;437;438
F122022,10,23,23,2902.9773319899655,2700.0,202.97733198996548,6,123,123,51,13.278808116912842,48;49;60;61;62;63;64;65;66;67;68;69;70;71;72;73;74;75;76;77;78;79;80;92;104;105;106;127;128;129;130;131;132;133;134;135;147;158;159;160;172;173;174;175;176;177;178;179;180;181;182;183;194;195;196;197;198;199;200;201;202;203;204;205;206;207;208;209;210;211;212;213;214;215;216;217;218;219;231;232;233;234;235;236;237;238;239;240;241;242;243;244;245;246;247;248;249;250;251;252;264;265;278;295;308;309;321;322;323;324;325;326;327;379;380;493;494;495;496;497;498;499;500
F122022,10,24,24,2892.0045195923626,2700.0,192.0045195923626,9,142,142,57,15.06942892074585,20;31;32;33;34;35;36;37;38;39;40;41;42;43;44;45;46;47;48;49;50;51;52;53;54;67;78;79;80;81;82;83;84;85;86;87;88;89;90;91;92;93;94;95;96;97;98;99;100;101;117;118;119;120;121;122;134;135;136;137;138;139;154;155;156;157;158;159;160;161;162;163;164;165;166;167;168;169;170;171;172;173;200;201;202;203;237;238;249;250;251;279;280;281;292;293;294;295;296;297;298;299;300;301;302;303;304;305;306;307;308;309;310;311;312;313;314;315;327;328;329;343;344;355;356;357;358;359;360;361;362;363;364;376;377;378;379;380;381;382;383;495
F122022,10,25,25,2919.40251468322,2700.0,219.40251468322003,11,169,169,82,17.750720977783203,31;53;54;55;67;68;88;89;90;91;92;93;94;95;107;108;109;120;121;122;123;124;125;126;127;128;129;130;131;132;133;134;135;136;137;138;139;140;141;142;143;155;156;157;168;169;170;171;172;173;174;175;176;177;178;179;180;181;193;194;205;206;207;208;209;210;211;212;213;214;215;216;217;218;219;220;221;222;223;224;225;226;227;228;240;254;255;256;257;258;259;260;261;262;263;264;265;266;267;268;269;270;271;272;273;274;275;286;287;288;289;290;291;292;293;294;295;296;297;298;299;300;301;302;303;304;305;306;307;308;309;332;333;334;335;352;353;354;355;356;357;358;359;360;361;362;374;390;391;392;393;394;395;396;397;398;399;441;442;453;454;455;456;457;486;487;488;499;500
F122022,10,26,26,2894.8206225847607,2700.0,194.8206225847607,7,118,118,42,12.946773290634155,21;35;36;37;38;39;40;63;75;76;77;78;79;90;91;92;93;94;95;96;97;98;99;100;101;102;103;104;105;106;107;108;109;110;111;112;113;114;125;126;127;128;169;170;171;172;173;186;205;206;207;208;209;210;211;212;213;214;215;216;228;229;230;241;242;243;244;245;246;247;248;249;250;251;252;253;254;255;256;257;258;259;260;261;262;263;264;304;322;334;335;336;337;358;359;360;372;373;374;375;376;377;378;379;380;381;382;383;401;482;483;484;485;486;487;488;489;490
F122022,10,27,27,2972.743635523927,2700.0,272.74363552392697,9,150,150,101,15.975442886352539,23;24;25;26;27;38;39;40;41;42;43;44;45;46;47;48;49;50;51;52;53;54;55;56;57;58;59;60;61;73;84;85;86;87;88;89;90;91;92;93;94;95;96;97;98;99;100;101;102;103;104;105;106;107;119;120;135;136;137;138;139;140;141;142;143;144;145;146;147;148;149;150;151;152;153;154;155;167;178;179;180;181;182;183;184;185;186;187;188;189;190;191;192;193;194;195;196;197;198;199;200;201;213;214;226;227;228;229;241;242;243;244;245;246;247;248;249;250;261;262;263;264;265;266;267;268;269;270;271;272;273;274;275;276;277;278;279;280;281;282;283;284;302;303;339;350;351;372;373;374
F122022,10,28,28,2907.757455148314,2700.0,207.75745514831397,10,129,129,53,13.963175296783447,73;74;75;76;97;98;99;100;101;102;103;104;105;106;107;108;109;110;111;128;129;130;131;132;133;134;135;136;137;138;139;140;141;142;143;144;145;146;158;159;171;172;173;174;175;176;177;178;179;180;181;182;193;194;195;196;197;198;199;200;201;202;203;204;205;206;207;208;209;210;211;212;213;214;215;216;228;229;243;244;245;246;247;263;264;265;276;277;278;279;280;281;282;283;284;285;286;287;288;289;290;291;292;293;294;295;296;297;298;299;311;312;313;314;345;346;347;348;349;350;374;375;376;436;437;438;439;440;484
F122022,10,29,29,2899.586446740077,2700.0,199.586446740077,9,107,107,47,11.896316289901733,40;51;52;53;54;55;56;57;58;59;60;61;62;63;64;65;66;67;68;69;70;89;90;102;103;104;130;131;132;144;168;169;170;171;172;173;174;175;176;177;178;179;191;192;193;194;205;206;207;208;209;210;211;212;213;214;215;216;217;218;219;220;221;222;263;264;285;286;287;288;289;290;291;292;293;294;295;296;297;298;299;300;338;403;462;463;480;481;482;483;484;485;486;487;488;489;490;491;492;493;494;495;496;497;498;499;500
F122022,10,30,30,2823.611601976406,2700.0,123.61160197640584,7,136,136,81,14.386287927627563,14;15;40;41;42;43;44;45;46;57;58;59;60;61;62;63;64;65;66;67;68;69;70;71;72;73;74;75;76;77;78;79;80;92;103;104;105;106;107;108;109;110;111;112;113;114;115;116;117;118;119;120;121;122;123;124;125;126;147;158;159;160;161;162;163;164;165;166;167;168;169;170;171;172;173;174;175;176;177;178;179;180;181;182;183;184;197;198;199;200;201;202;203;204;205;219;230;231;232;233;234;235;236;237;238;239;240;241;242;243;244;245;246;247;248;249;250;251;252;253;254;265;266;267;268;269;270;271;272;273;274;275;276;318;331;332
