function,dimension,run_id,seed,best_fitness,global_optimum,error_to_optimum,rescues_applied,diagnostics_invoked,diagnostics_invocation_count,positive_diagnosis_count,runtime_sec,diagnostics_invocation_iterations
1.instancia_simple,6,1,1,89.0,nan,nan,20,331,331,299,7.2312798500061035,10;19;20;21;22;23;24;25;26;27;28;29;30;31;32;33;34;35;44;45;46;47;48;49;50;51;52;53;54;55;56;57;58;59;60;69;70;71;72;73;74;75;76;77;78;79;80;81;82;83;84;85;94;95;96;97;98;99;100;101;102;103;104;105;106;107;108;109;110;119;120;121;122;123;124;125;126;127;128;129;130;131;132;133;134;135;144;145;146;147;148;149;150;151;152;153;154;155;156;157;158;159;160;169;170;171;172;173;174;175;176;177;178;179;180;181;182;183;184;185;194;195;196;197;198;199;200;201;202;203;204;205;206;207;208;209;210;219;220;221;222;223;224;225;226;227;228;229;230;231;232;233;234;235;244;245;246;247;248;249;250;251;252;253;254;255;256;257;258;259;260;269;270;271;272;273;274;275;276;277;278;279;280;281;282;283;284;285;294;295;296;297;298;299;300;301;302;303;304;305;306;307;308;309;310;319;320;321;322;323;324;325;326;327;328;329;330;331;332;333;334;335;336;337;346;347;348;349;350;351;352;353;354;355;356;357;358;359;360;361;362;371;372;373;374;375;376;377;378;379;380;381;382;383;384;385;386;387;396;397;398;399;400;401;402;403;404;405;406;407;408;409;410;411;412;421;422;423;424;425;426;427;428;429;430;431;432;433;434;435;436;437;446;447;448;449;450;451;452;453;454;455;456;457;458;459;460;461;462;471;472;473;474;475;476;477;478;479;480;481;482;483;484;485;486;487;496;497;498;499;500
1.instancia_simple,6,2,2,89.0,nan,nan,20,331,331,311,5.8942999839782715,10;19;20;21;22;23;24;25;26;27;28;29;30;31;32;33;34;35;44;45;46;47;48;49;50;51;52;53;54;55;56;57;58;59;60;69;70;71;72;73;74;75;76;77;78;79;80;81;82;83;84;85;94;95;96;97;98;99;100;101;102;103;104;105;106;107;108;109;110;119;120;121;122;123;124;125;126;127;128;129;130;131;132;133;134;135;144;145;146;147;148;149;150;151;152;153;154;155;156;157;158;159;160;169;170;171;172;173;174;175;176;177;178;179;180;181;182;183;184;185;194;195;196;197;198;199;200;201;202;203;204;205;206;207;208;209;210;219;220;221;222;223;224;225;226;227;228;229;230;231;232;233;234;235;244;245;246;247;248;249;250;251;252;253;254;255;256;257;258;259;260;269;270;271;272;273;274;275;276;277;278;279;280;281;282;283;284;285;294;295;296;297;298;299;300;301;302;303;304;305;306;307;308;309;310;319;320;321;322;323;324;325;326;327;328;329;330;331;332;333;334;335;344;345;346;347;348;349;350;351;352;353;354;355;356;357;358;359;360;369;370;371;372;373;374;375;376;377;378;379;380;381;382;383;384;385;394;395;396;397;398;399;400;401;402;403;404;405;406;407;408;409;410;419;420;421;422;423;424;425;426;427;428;429;430;431;432;433;434;435;436;437;446;447;448;449;450;451;452;453;454;455;456;457;458;459;460;461;462;471;472;473;474;475;476;477;478;479;480;481;482;483;484;485;486;487;496;497;498;499;500
1.instancia_simple,6,3,3,89.0,nan,nan,20,331,331,206,5.899161100387573,10;19;20;21;22;23;24;25;26;27;28;29;30;31;32;33;34;35;44;45;46;47;48;49;50;51;52;53;54;55;56;57;58;59;60;69;70;71;72;73;74;75;76;77;78;79;80;81;82;83;84;85;94;95;96;97;98;99;100;101;102;103;104;105;106;107;108;109;110;111;120;121;122;123;124;125;126;127;128;129;130;131;132;133;134;135;136;137;138;139;148;149;150;151;152;153;154;155;156;157;158;159;160;161;162;163;164;173;174;175;176;177;178;179;180;181;182;183;184;185;186;187;188;189;198;199;200;201;202;203;204;205;206;207;208;209;210;211;212;213;214;223;224;225;226;227;228;229;230;231;232;233;234;235;236;237;238;239;248;249;250;251;252;253;254;255;256;257;258;259;260;261;262;263;264;273;274;275;276;277;278;279;280;281;282;283;284;285;286;287;288;289;298;299;300;301;302;303;304;305;306;307;308;309;310;311;312;313;314;315;324;325;326;327;328;329;330;331;332;333;334;335;336;337;338;339;340;341;350;351;352;353;354;355;356;357;358;359;360;361;362;363;364;365;366;375;376;377;378;379;380;381;382;383;384;385;386;387;388;389;390;391;400;401;402;403;404;405;406;407;408;409;410;411;412;413;414;415;416;425;426;427;428;429;430;431;432;433;434;435;436;437;438;439;440;441;450;451;452;453;454;455;456;457;458;459;460;461;462;463;464;465;466;467;476;477;478;479;480;481;482;483;484;485;486;487;488;489;490;491;492
1.instancia_simple,6,4,4,89.0,nan,nan,20,331,331,285,5.903350114822388,10;19;20;21;22;23;24;25;26;27;28;29;30;31;32;33;34;35;44;45;46;47;48;49;50;51;52;53;54;55;56;57;58;59;60;69;70;71;72;73;74;75;76;77;78;79;80;81;82;83;84;85;94;95;96;97;98;99;100;101;102;103;104;105;106;107;108;109;110;119;120;121;122;123;124;125;126;127;128;129;130;131;132;133;134;135;144;145;146;147;148;149;150;151;152;153;154;155;156;157;158;159;160;161;170;171;172;173;174;175;176;177;178;179;180;181;182;183;184;185;186;195;196;197;198;199;200;201;202;203;204;205;206;207;208;209;210;211;220;221;222;223;224;225;226;227;228;229;230;231;232;233;234;235;236;237;246;247;248;249;250;251;252;253;254;255;256;257;258;259;260;261;262;271;272;273;274;275;276;277;278;279;280;281;282;283;284;285;286;287;296;297;298;299;300;301;302;303;304;305;306;307;308;309;310;311;312;321;322;323;324;325;326;327;328;329;330;331;332;333;334;335;336;337;346;347;348;349;350;351;352;353;354;355;356;357;358;359;360;361;362;371;372;373;374;375;376;377;378;379;380;381;382;383;384;385;386;387;396;397;398;399;400;401;402;403;404;405;406;407;408;409;410;411;412;421;422;423;424;425;426;427;428;429;430;431;432;433;434;435;436;437;446;447;448;449;450;451;452;453;454;455;456;457;458;459;460;461;462;471;472;473;474;475;476;477;478;479;480;481;482;483;484;485;486;487;496;497;498;499;500
1.instancia_simple,6,5,5,89.0,nan,nan,19,339,339,213,6.010021686553955,10;19;20;21;22;23;24;25;26;27;28;29;30;31;32;33;34;35;36;37;46;47;48;49;50;51;52;53;54;55;56;57;58;59;60;61;62;71;72;73;74;75;76;77;78;79;80;81;82;83;84;85;86;87;88;89;90;99;100;101;102;103;104;105;106;107;108;109;110;111;112;113;114;115;124;125;126;127;128;129;130;131;132;133;134;135;136;137;138;139;140;141;142;143;144;153;154;155;156;157;158;159;160;161;162;163;164;165;166;167;168;169;178;179;180;181;182;183;184;185;186;187;188;189;190;191;192;193;194;203;204;205;206;207;208;209;210;211;212;213;214;215;216;217;218;219;228;229;230;231;232;233;234;235;236;237;238;239;240;241;242;243;244;245;246;247;248;249;250;259;260;261;262;263;264;265;266;267;268;269;270;271;272;273;274;275;284;285;286;287;288;289;290;291;292;293;294;295;296;297;298;299;300;301;310;311;312;313;314;315;316;317;318;319;320;321;322;323;324;325;326;335;336;337;338;339;340;341;342;343;344;345;346;347;348;349;350;351;360;361;362;363;364;365;366;367;368;369;370;371;372;373;374;375;376;385;386;387;388;389;390;391;392;393;394;395;396;397;398;399;400;401;402;403;404;405;414;415;416;417;418;419;420;421;422;423;424;425;426;427;428;429;430;439;440;441;442;443;444;445;446;447;448;449;450;451;452;453;454;455;456;465;466;467;468;469;470;471;472;473;474;475;476;477;478;479;480;481;490;491;492;493;494;495;496;497;498;499;500
1.instancia_simple,6,6,6,89.0,nan,nan,20,331,331,294,5.903142213821411,10;19;20;21;22;23;24;25;26;27;28;29;30;31;32;33;34;35;44;45;46;47;48;49;50;51;52;53;54;55;56;57;58;59;60;69;70;71;72;73;74;75;76;77;78;79;80;81;82;83;84;85;94;95;96;97;98;99;100;101;102;103;104;105;106;107;108;109;110;119;120;121;122;123;124;125;126;127;128;129;130;131;132;133;134;135;144;145;146;147;148;149;150;151;152;153;154;155;156;157;158;159;160;169;170;171;172;173;174;175;176;177;178;179;180;181;182;183;184;185;194;195;196;197;198;199;200;201;202;203;204;205;206;207;208;209;210;219;220;221;222;223;224;225;226;227;228;229;230;231;232;233;234;235;244;245;246;247;248;249;250;251;252;253;254;255;256;257;258;259;260;269;270;271;272;273;274;275;276;277;278;279;280;281;282;283;284;285;294;295;296;297;298;299;300;301;302;303;304;305;306;307;308;309;310;311;320;321;322;323;324;325;326;327;328;329;330;331;332;333;334;335;336;337;338;347;348;349;350;351;352;353;354;355;356;357;358;359;360;361;362;363;372;373;374;375;376;377;378;379;380;381;382;383;384;385;386;387;388;389;398;399;400;401;402;403;404;405;406;407;408;409;410;411;412;413;414;415;424;425;426;427;428;429;430;431;432;433;434;435;436;437;438;439;440;449;450;451;452;453;454;455;456;457;458;459;460;461;462;463;464;465;474;475;476;477;478;479;480;481;482;483;484;485;486;487;488;489;490;499;500
1.instancia_simple,6,7,7,89.0,nan,nan,20,332,332,245,5.919512987136841,10;11;22;23;24;25;26;27;28;29;30;31;32;33;34;35;36;37;38;47;48;49;50;51;52;53;54;55;56;57;58;59;60;61;62;63;72;73;74;75;76;77;78;79;80;81;82;83;84;85;86;87;88;97;98;99;100;101;102;103;104;105;106;107;108;109;110;111;112;113;122;123;124;125;126;127;128;129;130;131;132;133;134;135;136;137;138;147;148;149;150;151;152;153;154;155;156;157;158;159;160;161;162;163;172;173;174;175;176;177;178;179;180;181;182;183;184;185;186;187;188;197;198;199;200;201;202;203;204;205;206;207;208;209;210;211;212;213;214;215;224;225;226;227;228;229;230;231;232;233;234;235;236;237;238;239;240;241;242;243;252;253;254;255;256;257;258;259;260;261;262;263;264;265;266;267;268;277;278;279;280;281;282;283;284;285;286;287;288;289;290;291;292;293;302;303;304;305;306;307;308;309;310;311;312;313;314;315;316;317;318;327;328;329;330;331;332;333;334;335;336;337;338;339;340;341;342;343;344;353;354;355;356;357;358;359;360;361;362;363;364;365;366;367;368;369;378;379;380;381;382;383;384;385;386;387;388;389;390;391;392;393;394;403;404;405;406;407;408;409;410;411;412;413;414;415;416;417;418;419;428;429;430;431;432;433;434;435;436;437;438;439;440;441;442;443;444;445;454;455;456;457;458;459;460;461;462;463;464;465;466;467;468;469;470;479;480;481;482;483;484;485;486;487;488;489;490;491;492;493;494;495
1.instancia_simple,6,8,8,89.0,nan,nan,20,326,326,305,5.813945770263672,10;24;25;26;27;28;29;30;31;32;33;34;35;44;45;46;47;48;49;50;51;52;53;54;55;56;57;58;59;60;69;70;71;72;73;74;75;76;77;78;79;80;81;82;83;84;85;94;95;96;97;98;99;100;101;102;103;104;105;106;107;108;109;110;119;120;121;122;123;124;125;126;127;128;129;130;131;132;133;134;135;144;145;146;147;148;149;150;151;152;153;154;155;156;157;158;159;160;169;170;171;172;173;174;175;176;177;178;179;180;181;182;183;184;185;194;195;196;197;198;199;200;201;202;203;204;205;206;207;208;209;210;219;220;221;222;223;224;225;226;227;228;229;230;231;232;233;234;235;244;245;246;247;248;249;250;251;252;253;254;255;256;257;258;259;260;269;270;271;272;273;274;275;276;277;278;279;280;281;282;283;284;285;294;295;296;297;298;299;300;301;302;303;304;305;306;307;308;309;310;319;320;321;322;323;324;325;326;327;328;329;330;331;332;333;334;335;344;345;346;347;348;349;350;351;352;353;354;355;356;357;358;359;360;369;370;371;372;373;374;375;376;377;378;379;380;381;382;383;384;385;394;395;396;397;398;399;400;401;402;403;404;405;406;407;408;409;410;419;420;421;422;423;424;425;426;427;428;429;430;431;432;433;434;435;444;445;446;447;448;449;450;451;452;453;454;455;456;457;458;459;460;469;470;471;472;473;474;475;476;477;478;479;480;481;482;483;484;485;486;495;496;497;498;499;500
1.instancia_simple,6,9,9,89.0,nan,nan,20,331,331,238,5.85979700088501,10;11;20;21;22;23;24;25;26;27;28;29;30;31;32;33;34;35;36;45;46;47;48;49;50;51;52;53;54;55;56;57;58;59;60;61;70;71;72;73;74;75;76;77;78;79;80;81;82;83;84;85;86;95;96;97;98;99;100;101;102;103;104;105;106;107;108;109;110;111;120;121;122;123;124;125;126;127;128;129;130;131;132;133;134;135;136;137;146;147;148;149;150;151;152;153;154;155;156;157;158;159;160;161;162;171;172;173;174;175;176;177;178;179;180;181;182;183;184;185;186;187;196;197;198;199;200;201;202;203;204;205;206;207;208;209;210;211;212;221;222;223;224;225;226;227;228;229;230;231;232;233;234;235;236;237;246;247;248;249;250;251;252;253;254;255;256;257;258;259;260;261;262;271;272;273;274;275;276;277;278;279;280;281;282;283;284;285;286;287;296;297;298;299;300;301;302;303;304;305;306;307;308;309;310;311;312;321;322;323;324;325;326;327;328;329;330;331;332;333;334;335;336;337;346;347;348;349;350;351;352;353;354;355;356;357;358;359;360;361;362;371;372;373;374;375;376;377;378;379;380;381;382;383;384;385;386;387;388;389;390;399;400;401;402;403;404;405;406;407;408;409;410;411;412;413;414;415;424;425;426;427;428;429;430;431;432;433;434;435;436;437;438;439;440;449;450;451;452;453;454;455;456;457;458;459;460;461;462;463;464;465;474;475;476;477;478;479;480;481;482;483;484;485;486;487;488;489;490;499;500
1.instancia_simple,6,10,10,89.0,nan,nan,20,337,337,237,5.9661359786987305,10;19;20;21;22;23;24;25;26;27;28;29;30;31;32;33;34;35;36;45;46;47;48;49;50;51;52;53;54;55;56;57;58;59;60;61;62;63;64;65;74;75;76;77;78;79;80;81;82;83;84;85;86;87;88;89;90;91;92;101;102;103;104;105;106;107;108;109;110;111;112;113;114;115;116;117;126;127;128;129;130;131;132;133;134;135;136;137;138;139;140;141;142;151;152;153;154;155;156;157;158;159;160;161;162;163;164;165;166;167;176;177;178;179;180;181;182;183;184;185;186;187;188;189;190;191;192;193;202;203;204;205;206;207;208;209;210;211;212;213;214;215;216;217;218;219;220;221;230;231;232;233;234;235;236;237;238;239;240;241;242;243;244;245;246;255;256;257;258;259;260;261;262;263;264;265;266;267;268;269;270;271;280;281;282;283;284;285;286;287;288;289;290;291;292;293;294;295;296;305;306;307;308;309;310;311;312;313;314;315;316;317;318;319;320;321;322;331;332;333;334;335;336;337;338;339;340;341;342;343;344;345;346;347;356;357;358;359;360;361;362;363;364;365;366;367;368;369;370;371;372;381;382;383;384;385;386;387;388;389;390;391;392;393;394;395;396;397;406;407;408;409;410;411;412;413;414;415;416;417;418;419;420;421;422;431;432;433;434;435;436;437;438;439;440;441;442;443;444;445;446;447;456;457;458;459;460;461;462;463;464;465;466;467;468;469;470;471;472;473;482;483;484;485;486;487;488;489;490;491;492;493;494;495;496;497;498
1.instancia_simple,6,11,11,89.0,nan,nan,20,334,334,257,5.921066045761108,12;21;22;23;24;25;26;27;28;29;30;31;32;33;34;35;36;37;46;47;48;49;50;51;52;53;54;55;56;57;58;59;60;61;62;63;64;65;66;75;76;77;78;79;80;81;82;83;84;85;86;87;88;89;90;91;100;101;102;103;104;105;106;107;108;109;110;111;112;113;114;115;116;117;118;127;128;129;130;131;132;133;134;135;136;137;138;139;140;141;142;143;144;153;154;155;156;157;158;159;160;161;162;163;164;165;166;167;168;169;178;179;180;181;182;183;184;185;186;187;188;189;190;191;192;193;194;203;204;205;206;207;208;209;210;211;212;213;214;215;216;217;218;219;228;229;230;231;232;233;234;235;236;237;238;239;240;241;242;243;244;253;254;255;256;257;258;259;260;261;262;263;264;265;266;267;268;269;278;279;280;281;282;283;284;285;286;287;288;289;290;291;292;293;294;303;304;305;306;307;308;309;310;311;312;313;314;315;316;317;318;319;328;329;330;331;332;333;334;335;336;337;338;339;340;341;342;343;344;353;354;355;356;357;358;359;360;361;362;363;364;365;366;367;368;369;378;379;380;381;382;383;384;385;386;387;388;389;390;391;392;393;394;403;404;405;406;407;408;409;410;411;412;413;414;415;416;417;418;419;428;429;430;431;432;433;434;435;436;437;438;439;440;441;442;443;444;445;454;455;456;457;458;459;460;461;462;463;464;465;466;467;468;469;470;479;480;481;482;483;484;485;486;487;488;489;490;491;492;493;494;495;496;497
1.instancia_simple,6,12,12,89.0,nan,nan,20,333,333,231,5.881124019622803,10;19;20;21;22;23;24;25;26;27;28;29;30;31;32;33;34;35;36;45;46;47;48;49;50;51;52;53;54;55;56;57;58;59;60;61;70;71;72;73;74;75;76;77;78;79;80;81;82;83;84;85;86;95;96;97;98;99;100;101;102;103;104;105;106;107;108;109;110;111;120;121;122;123;124;125;126;127;128;129;130;131;132;133;134;135;136;145;146;147;148;149;150;151;152;153;154;155;156;157;158;159;160;161;162;171;172;173;174;175;176;177;178;179;180;181;182;183;184;185;186;187;196;197;198;199;200;201;202;203;204;205;206;207;208;209;210;211;212;213;214;223;224;225;226;227;228;229;230;231;232;233;234;235;236;237;238;239;248;249;250;251;252;253;254;255;256;257;258;259;260;261;262;263;264;273;274;275;276;277;278;279;280;281;282;283;284;285;286;287;288;289;298;299;300;301;302;303;304;305;306;307;308;309;310;311;312;313;314;323;324;325;326;327;328;329;330;331;332;333;334;335;336;337;338;339;340;341;350;351;352;353;354;355;356;357;358;359;360;361;362;363;364;365;366;375;376;377;378;379;380;381;382;383;384;385;386;387;388;389;390;391;392;401;402;403;404;405;406;407;408;409;410;411;412;413;414;415;416;417;426;427;428;429;430;431;432;433;434;435;436;437;438;439;440;441;442;451;452;453;454;455;456;457;458;459;460;461;462;463;464;465;466;467;468;477;478;479;480;481;482;483;484;485;486;487;488;489;490;491;492;493;494
1.instancia_simple,6,13,13,89.0,nan,nan,20,324,324,287,5.74501895904541,10;26;27;28;29;30;31;32;33;34;35;44;45;46;47;48;49;50;51;52;53;54;55;56;57;58;59;60;69;70;71;72;73;74;75;76;77;78;79;80;81;82;83;84;85;94;95;96;97;98;99;100;101;102;103;104;105;106;107;108;109;110;119;120;121;122;123;124;125;126;127;128;129;130;131;132;133;134;135;144;145;146;147;148;149;150;151;152;153;154;155;156;157;158;159;160;169;170;171;172;173;174;175;176;177;178;179;180;181;182;183;184;185;194;195;196;197;198;199;200;201;202;203;204;205;206;207;208;209;210;219;220;221;222;223;224;225;226;227;228;229;230;231;232;233;234;235;244;245;246;247;248;249;250;251;252;253;254;255;256;257;258;259;260;269;270;271;272;273;274;275;276;277;278;279;280;281;282;283;284;285;286;287;296;297;298;299;300;301;302;303;304;305;306;307;308;309;310;311;312;313;322;323;324;325;326;327;328;329;330;331;332;333;334;335;336;337;338;339;348;349;350;351;352;353;354;355;356;357;358;359;360;361;362;363;364;373;374;375;376;377;378;379;380;381;382;383;384;385;386;387;388;389;398;399;400;401;402;403;404;405;406;407;408;409;410;411;412;413;414;423;424;425;426;427;428;429;430;431;432;433;434;435;436;437;438;439;440;441;442;451;452;453;454;455;456;457;458;459;460;461;462;463;464;465;466;467;476;477;478;479;480;481;482;483;484;485;486;487;488;489;490;491;492
1.instancia_simple,6,14,14,89.0,nan,nan,20,334,334,235,5.931501865386963,12;21;22;23;24;25;26;27;28;29;30;31;32;33;34;35;36;37;46;47;48;49;50;51;52;53;54;55;56;57;58;59;60;61;62;71;72;73;74;75;76;77;78;79;80;81;82;83;84;85;86;87;96;97;98;99;100;101;102;103;104;105;106;107;108;109;110;111;112;121;122;123;124;125;126;127;128;129;130;131;132;133;134;135;136;137;138;147;148;149;150;151;152;153;154;155;156;157;158;159;160;161;162;163;172;173;174;175;176;177;178;179;180;181;182;183;184;185;186;187;188;189;190;191;192;201;202;203;204;205;206;207;208;209;210;211;212;213;214;215;216;217;226;227;228;229;230;231;232;233;234;235;236;237;238;239;240;241;242;243;252;253;254;255;256;257;258;259;260;261;262;263;264;265;266;267;268;277;278;279;280;281;282;283;284;285;286;287;288;289;290;291;292;293;302;303;304;305;306;307;308;309;310;311;312;313;314;315;316;317;318;319;328;329;330;331;332;333;334;335;336;337;338;339;340;341;342;343;344;353;354;355;356;357;358;359;360;361;362;363;364;365;366;367;368;369;378;379;380;381;382;383;384;385;386;387;388;389;390;391;392;393;394;395;404;405;406;407;408;409;410;411;412;413;414;415;416;417;418;419;420;421;430;431;432;433;434;435;436;437;438;439;440;441;442;443;444;445;446;455;456;457;458;459;460;461;462;463;464;465;466;467;468;469;470;471;472;481;482;483;484;485;486;487;488;489;490;491;492;493;494;495;496;497
1.instancia_simple,6,15,15,89.0,nan,nan,20,330,330,307,5.865397214889526,11;20;21;22;23;24;25;26;27;28;29;30;31;32;33;34;35;36;45;46;47;48;49;50;51;52;53;54;55;56;57;58;59;60;61;70;71;72;73;74;75;76;77;78;79;80;81;82;83;84;85;86;95;96;97;98;99;100;101;102;103;104;105;106;107;108;109;110;111;120;121;122;123;124;125;126;127;128;129;130;131;132;133;134;135;136;145;146;147;148;149;150;151;152;153;154;155;156;157;158;159;160;161;170;171;172;173;174;175;176;177;178;179;180;181;182;183;184;185;186;195;196;197;198;199;200;201;202;203;204;205;206;207;208;209;210;211;220;221;222;223;224;225;226;227;228;229;230;231;232;233;234;235;236;245;246;247;248;249;250;251;252;253;254;255;256;257;258;259;260;261;270;271;272;273;274;275;276;277;278;279;280;281;282;283;284;285;286;295;296;297;298;299;300;301;302;303;304;305;306;307;308;309;310;311;320;321;322;323;324;325;326;327;328;329;330;331;332;333;334;335;336;345;346;347;348;349;350;351;352;353;354;355;356;357;358;359;360;361;370;371;372;373;374;375;376;377;378;379;380;381;382;383;384;385;386;395;396;397;398;399;400;401;402;403;404;405;406;407;408;409;410;411;420;421;422;423;424;425;426;427;428;429;430;431;432;433;434;435;436;445;446;447;448;449;450;451;452;453;454;455;456;457;458;459;460;461;470;471;472;473;474;475;476;477;478;479;480;481;482;483;484;485;486;495;496;497;498;499;500
1.instancia_simple,6,16,16,89.0,nan,nan,20,332,332,247,5.897187948226929,10;19;20;21;22;23;24;25;26;27;28;29;30;31;32;33;34;35;44;45;46;47;48;49;50;51;52;53;54;55;56;57;58;59;60;69;70;71;72;73;74;75;76;77;78;79;80;81;82;83;84;85;94;95;96;97;98;99;100;101;102;103;104;105;106;107;108;109;110;119;120;121;122;123;124;125;126;127;128;129;130;131;132;133;134;135;144;145;146;147;148;149;150;151;152;153;154;155;156;157;158;159;160;161;162;171;172;173;174;175;176;177;178;179;180;181;182;183;184;185;186;187;188;197;198;199;200;201;202;203;204;205;206;207;208;209;210;211;212;213;222;223;224;225;226;227;228;229;230;231;232;233;234;235;236;237;238;247;248;249;250;251;252;253;254;255;256;257;258;259;260;261;262;263;272;273;274;275;276;277;278;279;280;281;282;283;284;285;286;287;288;297;298;299;300;301;302;303;304;305;306;307;308;309;310;311;312;313;314;323;324;325;326;327;328;329;330;331;332;333;334;335;336;337;338;339;348;349;350;351;352;353;354;355;356;357;358;359;360;361;362;363;364;365;374;375;376;377;378;379;380;381;382;383;384;385;386;387;388;389;390;391;400;401;402;403;404;405;406;407;408;409;410;411;412;413;414;415;416;425;426;427;428;429;430;431;432;433;434;435;436;437;438;439;440;441;450;451;452;453;454;455;456;457;458;459;460;461;462;463;464;465;466;467;476;477;478;479;480;481;482;483;484;485;486;487;488;489;490;491;492;493
1.instancia_simple,6,17,17,89.0,nan,nan,20,331,331,284,5.859020709991455,10;19;20;21;22;23;24;25;26;27;28;29;30;31;32;33;34;35;36;45;46;47;48;49;50;51;52;53;54;55;56;57;58;59;60;61;70;71;72;73;74;75;76;77;78;79;80;81;82;83;84;85;86;87;96;97;98;99;100;101;102;103;104;105;106;107;108;109;110;111;112;121;122;123;124;125;126;127;128;129;130;131;132;133;134;135;136;137;146;147;148;149;150;151;152;153;154;155;156;157;158;159;160;161;162;171;172;173;174;175;176;177;178;179;180;181;182;183;184;185;186;187;196;197;198;199;200;201;202;203;204;205;206;207;208;209;210;211;212;221;222;223;224;225;226;227;228;229;230;231;232;233;234;235;236;237;246;247;248;249;250;251;252;253;254;255;256;257;258;259;260;261;262;271;272;273;274;275;276;277;278;279;280;281;282;283;284;285;286;287;288;297;298;299;300;301;302;303;304;305;306;307;308;309;310;311;312;313;322;323;324;325;326;327;328;329;330;331;332;333;334;335;336;337;338;347;348;349;350;351;352;353;354;355;356;357;358;359;360;361;362;363;372;373;374;375;376;377;378;379;380;381;382;383;384;385;386;387;388;397;398;399;400;401;402;403;404;405;406;407;408;409;410;411;412;413;414;423;424;425;426;427;428;429;430;431;432;433;434;435;436;437;438;439;448;449;450;451;452;453;454;455;456;457;458;459;460;461;462;463;464;473;474;475;476;477;478;479;480;481;482;483;484;485;486;487;488;489;498;499;500
1.instancia_simple,6,18,18,89.0,nan,nan,20,328,328,280,5.816373825073242,10;11;23;24;25;26;27;28;29;30;31;32;33;34;35;36;45;46;47;48;49;50;51;52;53;54;55;56;57;58;59;60;61;70;71;72;73;74;75;76;77;78;79;80;81;82;83;84;85;86;95;96;97;98;99;100;101;102;103;104;105;106;107;108;109;110;111;120;121;122;123;124;125;126;127;128;129;130;131;132;133;134;135;136;145;146;147;148;149;150;151;152;153;154;155;156;157;158;159;160;161;170;171;172;173;174;175;176;177;178;179;180;181;182;183;184;185;186;195;196;197;198;199;200;201;202;203;204;205;206;207;208;209;210;211;220;221;222;223;224;225;226;227;228;229;230;231;232;233;234;235;236;245;246;247;248;249;250;251;252;253;254;255;256;257;258;259;260;261;262;271;272;273;274;275;276;277;278;279;280;281;282;283;284;285;286;287;296;297;298;299;300;301;302;303;304;305;306;307;308;309;310;311;312;321;322;323;324;325;326;327;328;329;330;331;332;333;334;335;336;337;346;347;348;349;350;351;352;353;354;355;356;357;358;359;360;361;362;363;372;373;374;375;376;377;378;379;380;381;382;383;384;385;386;387;388;397;398;399;400;401;402;403;404;405;406;407;408;409;410;411;412;413;422;423;424;425;426;427;428;429;430;431;432;433;434;435;436;437;438;447;448;449;450;451;452;453;454;455;456;457;458;459;460;461;462;463;464;473;474;475;476;477;478;479;480;481;482;483;484;485;486;487;488;489;490;491;500
1.instancia_simple,6,19,19,89.0,nan,nan,20,327,327,308,5.791315078735352,14;23;24;25;26;27;28;29;30;31;32;33;34;35;36;37;38;39;48;49;50;51;52;53;54;55;56;57;58;59;60;61;62;63;64;73;74;75;76;77;78;79;80;81;82;83;84;85;86;87;88;89;98;99;100;101;102;103;104;105;106;107;108;109;110;111;112;113;114;123;124;125;126;127;128;129;130;131;132;133;134;135;136;137;138;139;148;149;150;151;152;153;154;155;156;157;158;159;160;161;162;163;164;173;174;175;176;177;178;179;180;181;182;183;184;185;186;187;188;189;198;199;200;201;202;203;204;205;206;207;208;209;210;211;212;213;214;223;224;225;226;227;228;229;230;231;232;233;234;235;236;237;238;239;248;249;250;251;252;253;254;255;256;257;258;259;260;261;262;263;264;265;274;275;276;277;278;279;280;281;282;283;284;285;286;287;288;289;290;299;300;301;302;303;304;305;306;307;308;309;310;311;312;313;314;315;324;325;326;327;328;329;330;331;332;333;334;335;336;337;338;339;340;349;350;351;352;353;354;355;356;357;358;359;360;361;362;363;364;365;374;375;376;377;378;379;380;381;382;383;384;385;386;387;388;389;390;399;400;401;402;403;404;405;406;407;408;409;410;411;412;413;414;415;416;425;426;427;428;429;430;431;432;433;434;435;436;437;438;439;440;441;450;451;452;453;454;455;456;457;458;459;460;461;462;463;464;465;466;475;476;477;478;479;480;481;482;483;484;485;486;487;488;489;490;491;500
1.instancia_simple,6,20,20,89.0,nan,nan,20,326,326,207,5.784040927886963,10;19;29;30;31;32;33;34;35;44;45;46;47;48;49;50;51;52;53;54;55;56;57;58;59;60;61;70;71;72;73;74;75;76;77;78;79;80;81;82;83;84;85;86;95;96;97;98;99;100;101;102;103;104;105;106;107;108;109;110;111;120;121;122;123;124;125;126;127;128;129;130;131;132;133;134;135;136;145;146;147;148;149;150;151;152;153;154;155;156;157;158;159;160;161;170;171;172;173;174;175;176;177;178;179;180;181;182;183;184;185;186;187;188;189;198;199;200;201;202;203;204;205;206;207;208;209;210;211;212;213;214;215;216;225;226;227;228;229;230;231;232;233;234;235;236;237;238;239;240;241;250;251;252;253;254;255;256;257;258;259;260;261;262;263;264;265;266;275;276;277;278;279;280;281;282;283;284;285;286;287;288;289;290;291;300;301;302;303;304;305;306;307;308;309;310;311;312;313;314;315;316;317;318;327;328;329;330;331;332;333;334;335;336;337;338;339;340;341;342;343;352;353;354;355;356;357;358;359;360;361;362;363;364;365;366;367;368;377;378;379;380;381;382;383;384;385;386;387;388;389;390;391;392;393;394;395;404;405;406;407;408;409;410;411;412;413;414;415;416;417;418;419;420;429;430;431;432;433;434;435;436;437;438;439;440;441;442;443;444;445;454;455;456;457;458;459;460;461;462;463;464;465;466;467;468;469;470;471;480;481;482;483;484;485;486;487;488;489;490;491;492;493;494;495;496
1.instancia_simple,6,21,21,89.0,nan,nan,20,330,330,266,5.85454797744751,10;22;23;24;25;26;27;28;29;30;31;32;33;34;35;44;45;46;47;48;49;50;51;52;53;54;55;56;57;58;59;60;61;70;71;72;73;74;75;76;77;78;79;80;81;82;83;84;85;86;95;96;97;98;99;100;101;102;103;104;105;106;107;108;109;110;111;112;121;122;123;124;125;126;127;128;129;130;131;132;133;134;135;136;137;146;147;148;149;150;151;152;153;154;155;156;157;158;159;160;161;162;171;172;173;174;175;176;177;178;179;180;181;182;183;184;185;186;187;188;189;198;199;200;201;202;203;204;205;206;207;208;209;210;211;212;213;214;215;216;217;218;227;228;229;230;231;232;233;234;235;236;237;238;239;240;241;242;243;252;253;254;255;256;257;258;259;260;261;262;263;264;265;266;267;268;277;278;279;280;281;282;283;284;285;286;287;288;289;290;291;292;293;302;303;304;305;306;307;308;309;310;311;312;313;314;315;316;317;318;327;328;329;330;331;332;333;334;335;336;337;338;339;340;341;342;343;352;353;354;355;356;357;358;359;360;361;362;363;364;365;366;367;368;369;378;379;380;381;382;383;384;385;386;387;388;389;390;391;392;393;394;403;404;405;406;407;408;409;410;411;412;413;414;415;416;417;418;419;428;429;430;431;432;433;434;435;436;437;438;439;440;441;442;443;444;453;454;455;456;457;458;459;460;461;462;463;464;465;466;467;468;469;478;479;480;481;482;483;484;485;486;487;488;489;490;491;492;493;494
1.instancia_simple,6,22,22,89.0,nan,nan,20,327,327,299,5.8224937915802,14;23;24;25;26;27;28;29;30;31;32;33;34;35;36;37;38;39;48;49;50;51;52;53;54;55;56;57;58;59;60;61;62;63;64;73;74;75;76;77;78;79;80;81;82;83;84;85;86;87;88;89;98;99;100;101;102;103;104;105;106;107;108;109;110;111;112;113;114;123;124;125;126;127;128;129;130;131;132;133;134;135;136;137;138;139;148;149;150;151;152;153;154;155;156;157;158;159;160;161;162;163;164;173;174;175;176;177;178;179;180;181;182;183;184;185;186;187;188;189;198;199;200;201;202;203;204;205;206;207;208;209;210;211;212;213;214;215;224;225;226;227;228;229;230;231;232;233;234;235;236;237;238;239;240;249;250;251;252;253;254;255;256;257;258;259;260;261;262;263;264;265;274;275;276;277;278;279;280;281;282;283;284;285;286;287;288;289;290;299;300;301;302;303;304;305;306;307;308;309;310;311;312;313;314;315;324;325;326;327;328;329;330;331;332;333;334;335;336;337;338;339;340;349;350;351;352;353;354;355;356;357;358;359;360;361;362;363;364;365;374;375;376;377;378;379;380;381;382;383;384;385;386;387;388;389;390;391;400;401;402;403;404;405;406;407;408;409;410;411;412;413;414;415;416;425;426;427;428;429;430;431;432;433;434;435;436;437;438;439;440;441;450;451;452;453;454;455;456;457;458;459;460;461;462;463;464;465;466;475;476;477;478;479;480;481;482;483;484;485;486;487;488;489;490;491;492
1.instancia_simple,6,23,23,89.0,nan,nan,20,334,334,252,5.923014163970947,10;19;20;21;22;23;24;25;26;27;28;29;30;31;32;33;34;35;36;45;46;47;48;49;50;51;52;53;54;55;56;57;58;59;60;61;70;71;72;73;74;75;76;77;78;79;80;81;82;83;84;85;86;95;96;97;98;99;100;101;102;103;104;105;106;107;108;109;110;111;120;121;122;123;124;125;126;127;128;129;130;131;132;133;134;135;136;145;146;147;148;149;150;151;152;153;154;155;156;157;158;159;160;161;170;171;172;173;174;175;176;177;178;179;180;181;182;183;184;185;186;187;196;197;198;199;200;201;202;203;204;205;206;207;208;209;210;211;212;213;214;215;216;217;226;227;228;229;230;231;232;233;234;235;236;237;238;239;240;241;242;251;252;253;254;255;256;257;258;259;260;261;262;263;264;265;266;267;276;277;278;279;280;281;282;283;284;285;286;287;288;289;290;291;292;293;302;303;304;305;306;307;308;309;310;311;312;313;314;315;316;317;318;327;328;329;330;331;332;333;334;335;336;337;338;339;340;341;342;343;352;353;354;355;356;357;358;359;360;361;362;363;364;365;366;367;368;377;378;379;380;381;382;383;384;385;386;387;388;389;390;391;392;393;402;403;404;405;406;407;408;409;410;411;412;413;414;415;416;417;418;427;428;429;430;431;432;433;434;435;436;437;438;439;440;441;442;443;452;453;454;455;456;457;458;459;460;461;462;463;464;465;466;467;468;477;478;479;480;481;482;483;484;485;486;487;488;489;490;491;492;493;494;495
1.instancia_simple,6,24,24,89.0,nan,nan,20,331,331,242,5.87222695350647,12;13;22;23;24;25;26;27;28;29;30;31;32;33;34;35;36;37;38;39;48;49;50;51;52;53;54;55;56;57;58;59;60;61;62;63;64;65;74;75;76;77;78;79;80;81;82;83;84;85;86;87;88;89;90;99;100;101;102;103;104;105;106;107;108;109;110;111;112;113;114;115;124;125;126;127;128;129;130;131;132;133;134;135;136;137;138;139;140;149;150;151;152;153;154;155;156;157;158;159;160;161;162;163;164;165;174;175;176;177;178;179;180;181;182;183;184;185;186;187;188;189;190;191;200;201;202;203;204;205;206;207;208;209;210;211;212;213;214;215;216;225;226;227;228;229;230;231;232;233;234;235;236;237;238;239;240;241;250;251;252;253;254;255;256;257;258;259;260;261;262;263;264;265;266;275;276;277;278;279;280;281;282;283;284;285;286;287;288;289;290;291;300;301;302;303;304;305;306;307;308;309;310;311;312;313;314;315;316;317;318;327;328;329;330;331;332;333;334;335;336;337;338;339;340;341;342;343;352;353;354;355;356;357;358;359;360;361;362;363;364;365;366;367;368;377;378;379;380;381;382;383;384;385;386;387;388;389;390;391;392;393;394;403;404;405;406;407;408;409;410;411;412;413;414;415;416;417;418;419;428;429;430;431;432;433;434;435;436;437;438;439;440;441;442;443;444;453;454;455;456;457;458;459;460;461;462;463;464;465;466;467;468;469;478;479;480;481;482;483;484;485;486;487;488;489;490;491;492;493;494
1.instancia_simple,6,25,25,89.0,nan,nan,20,339,339,219,6.000874042510986,10;11;12;13;14;15;16;17;26;27;28;29;30;31;32;33;34;35;36;37;38;39;40;41;42;51;52;53;54;55;56;57;58;59;60;61;62;63;64;65;66;67;76;77;78;79;80;81;82;83;84;85;86;87;88;89;90;91;92;101;102;103;104;105;106;107;108;109;110;111;112;113;114;115;116;117;126;127;128;129;130;131;132;133;134;135;136;137;138;139;140;141;142;143;152;153;154;155;156;157;158;159;160;161;162;163;164;165;166;167;168;169;170;179;180;181;182;183;184;185;186;187;188;189;190;191;192;193;194;195;204;205;206;207;208;209;210;211;212;213;214;215;216;217;218;219;220;229;230;231;232;233;234;235;236;237;238;239;240;241;242;243;244;245;246;247;256;257;258;259;260;261;262;263;264;265;266;267;268;269;270;271;272;281;282;283;284;285;286;287;288;289;290;291;292;293;294;295;296;297;298;307;308;309;310;311;312;313;314;315;316;317;318;319;320;321;322;323;332;333;334;335;336;337;338;339;340;341;342;343;344;345;346;347;348;357;358;359;360;361;362;363;364;365;366;367;368;369;370;371;372;373;382;383;384;385;386;387;388;389;390;391;392;393;394;395;396;397;398;399;408;409;410;411;412;413;414;415;416;417;418;419;420;421;422;423;424;433;434;435;436;437;438;439;440;441;442;443;444;445;446;447;448;449;458;459;460;461;462;463;464;465;466;467;468;469;470;471;472;473;474;475;484;485;486;487;488;489;490;491;492;493;494;495;496;497;498;499;500
1.instancia_simple,6,26,26,89.0,nan,nan,20,331,331,308,5.878748893737793,10;19;20;21;22;23;24;25;26;27;28;29;30;31;32;33;34;35;44;45;46;47;48;49;50;51;52;53;54;55;56;57;58;59;60;69;70;71;72;73;74;75;76;77;78;79;80;81;82;83;84;85;94;95;96;97;98;99;100;101;102;103;104;105;106;107;108;109;110;119;120;121;122;123;124;125;126;127;128;129;130;131;132;133;134;135;144;145;146;147;148;149;150;151;152;153;154;155;156;157;158;159;160;169;170;171;172;173;174;175;176;177;178;179;180;181;182;183;184;185;194;195;196;197;198;199;200;201;202;203;204;205;206;207;208;209;210;219;220;221;222;223;224;225;226;227;228;229;230;231;232;233;234;235;244;245;246;247;248;249;250;251;252;253;254;255;256;257;258;259;260;261;270;271;272;273;274;275;276;277;278;279;280;281;282;283;284;285;286;287;296;297;298;299;300;301;302;303;304;305;306;307;308;309;310;311;312;321;322;323;324;325;326;327;328;329;330;331;332;333;334;335;336;337;346;347;348;349;350;351;352;353;354;355;356;357;358;359;360;361;362;371;372;373;374;375;376;377;378;379;380;381;382;383;384;385;386;387;396;397;398;399;400;401;402;403;404;405;406;407;408;409;410;411;412;421;422;423;424;425;426;427;428;429;430;431;432;433;434;435;436;437;446;447;448;449;450;451;452;453;454;455;456;457;458;459;460;461;462;471;472;473;474;475;476;477;478;479;480;481;482;483;484;485;486;487;496;497;498;499;500
1.instancia_simple,6,27,27,89.0,nan,nan,20,331,331,251,5.8697991371154785,10;11;20;21;22;23;24;25;26;27;28;29;30;31;32;33;34;35;36;45;46;47;48;49;50;51;52;53;54;55;56;57;58;59;60;61;62;71;72;73;74;75;76;77;78;79;80;81;82;83;84;85;86;87;96;97;98;99;100;101;102;103;104;105;106;107;108;109;110;111;112;121;122;123;124;125;126;127;128;129;130;131;132;133;134;135;136;137;138;147;148;149;150;151;152;153;154;155;156;157;158;159;160;161;162;163;172;173;174;175;176;177;178;179;180;181;182;183;184;185;186;187;188;189;198;199;200;201;202;203;204;205;206;207;208;209;210;211;212;213;214;223;224;225;226;227;228;229;230;231;232;233;234;235;236;237;238;239;248;249;250;251;252;253;254;255;256;257;258;259;260;261;262;263;264;273;274;275;276;277;278;279;280;281;282;283;284;285;286;287;288;289;298;299;300;301;302;303;304;305;306;307;308;309;310;311;312;313;314;323;324;325;326;327;328;329;330;331;332;333;334;335;336;337;338;339;348;349;350;351;352;353;354;355;356;357;358;359;360;361;362;363;364;365;374;375;376;377;378;379;380;381;382;383;384;385;386;387;388;389;390;391;400;401;402;403;404;405;406;407;408;409;410;411;412;413;414;415;416;425;426;427;428;429;430;431;432;433;434;435;436;437;438;439;440;441;450;451;452;453;454;455;456;457;458;459;460;461;462;463;464;465;466;467;476;477;478;479;480;481;482;483;484;485;486;487;488;489;490;491;492
1.instancia_simple,6,28,28,89.0,nan,nan,20,333,333,241,5.920055866241455,10;19;20;21;22;23;24;25;26;27;28;29;30;31;32;33;34;35;44;45;46;47;48;49;50;51;52;53;54;55;56;57;58;59;60;69;70;71;72;73;74;75;76;77;78;79;80;81;82;83;84;85;94;95;96;97;98;99;100;101;102;103;104;105;106;107;108;109;110;119;120;121;122;123;124;125;126;127;128;129;130;131;132;133;134;135;144;145;146;147;148;149;150;151;152;153;154;155;156;157;158;159;160;169;170;171;172;173;174;175;176;177;178;179;180;181;182;183;184;185;186;187;188;189;198;199;200;201;202;203;204;205;206;207;208;209;210;211;212;213;214;223;224;225;226;227;228;229;230;231;232;233;234;235;236;237;238;239;248;249;250;251;252;253;254;255;256;257;258;259;260;261;262;263;264;273;274;275;276;277;278;279;280;281;282;283;284;285;286;287;288;289;298;299;300;301;302;303;304;305;306;307;308;309;310;311;312;313;314;315;324;325;326;327;328;329;330;331;332;333;334;335;336;337;338;339;340;341;342;351;352;353;354;355;356;357;358;359;360;361;362;363;364;365;366;367;368;377;378;379;380;381;382;383;384;385;386;387;388;389;390;391;392;393;402;403;404;405;406;407;408;409;410;411;412;413;414;415;416;417;418;419;428;429;430;431;432;433;434;435;436;437;438;439;440;441;442;443;444;453;454;455;456;457;458;459;460;461;462;463;464;465;466;467;468;469;478;479;480;481;482;483;484;485;486;487;488;489;490;491;492;493;494
1.instancia_simple,6,29,29,89.0,nan,nan,20,331,331,234,5.869561195373535,10;19;20;21;22;23;24;25;26;27;28;29;30;31;32;33;34;35;44;45;46;47;48;49;50;51;52;53;54;55;56;57;58;59;60;61;70;71;72;73;74;75;76;77;78;79;80;81;82;83;84;85;86;95;96;97;98;99;100;101;102;103;104;105;106;107;108;109;110;111;120;121;122;123;124;125;126;127;128;129;130;131;132;133;134;135;136;145;146;147;148;149;150;151;152;153;154;155;156;157;158;159;160;161;162;171;172;173;174;175;176;177;178;179;180;181;182;183;184;185;186;187;196;197;198;199;200;201;202;203;204;205;206;207;208;209;210;211;212;221;222;223;224;225;226;227;228;229;230;231;232;233;234;235;236;237;238;239;248;249;250;251;252;253;254;255;256;257;258;259;260;261;262;263;264;265;274;275;276;277;278;279;280;281;282;283;284;285;286;287;288;289;290;299;300;301;302;303;304;305;306;307;308;309;310;311;312;313;314;315;324;325;326;327;328;329;330;331;332;333;334;335;336;337;338;339;340;349;350;351;352;353;354;355;356;357;358;359;360;361;362;363;364;365;374;375;376;377;378;379;380;381;382;383;384;385;386;387;388;389;390;399;400;401;402;403;404;405;406;407;408;409;410;411;412;413;414;415;424;425;426;427;428;429;430;431;432;433;434;435;436;437;438;439;440;441;450;451;452;453;454;455;456;457;458;459;460;461;462;463;464;465;466;475;476;477;478;479;480;481;482;483;484;485;486;487;488;489;490;491;500
1.instancia_simple,6,30,30,89.0,nan,nan,20,330,330,309,5.853716850280762,11;20;21;22;23;24;25;26;27;28;29;30;31;32;33;34;35;36;45;46;47;48;49;50;51;52;53;54;55;56;57;58;59;60;61;70;71;72;73;74;75;76;77;78;79;80;81;82;83;84;85;86;95;96;97;98;99;100;101;102;103;104;105;106;107;108;109;110;111;120;121;122;123;124;125;126;127;128;129;130;131;132;133;134;135;136;145;146;147;148;149;150;151;152;153;154;155;156;157;158;159;160;161;170;171;172;173;174;175;176;177;178;179;180;181;182;183;184;185;186;195;196;197;198;199;200;201;202;203;204;205;206;207;208;209;210;211;220;221;222;223;224;225;226;227;228;229;230;231;232;233;234;235;236;245;246;247;248;249;250;251;252;253;254;255;256;257;258;259;260;261;262;271;272;273;274;275;276;277;278;279;280;281;282;283;284;285;286;287;288;297;298;299;300;301;302;303;304;305;306;307;308;309;310;311;312;313;322;323;324;325;326;327;328;329;330;331;332;333;334;335;336;337;338;347;348;349;350;351;352;353;354;355;356;357;358;359;360;361;362;363;372;373;374;375;376;377;378;379;380;381;382;383;384;385;386;387;388;397;398;399;400;401;402;403;404;405;406;407;408;409;410;411;412;413;422;423;424;425;426;427;428;429;430;431;432;433;434;435;436;437;438;447;448;449;450;451;452;453;454;455;456;457;458;459;460;461;462;463;464;473;474;475;476;477;478;479;480;481;482;483;484;485;486;487;488;489;498;499;500
2.instancia_mediana,12,1,1,154.0,nan,nan,20,316,316,308,9.205918312072754,22;31;32;33;34;35;36;37;38;39;40;41;42;43;44;45;46;47;56;57;58;59;60;61;62;63;64;65;66;67;68;69;70;71;72;81;82;83;84;85;86;87;88;89;90;91;92;93;94;95;96;97;106;107;108;109;110;111;112;113;114;115;116;117;118;119;120;121;122;131;132;133;134;135;136;137;138;139;140;141;142;143;144;145;146;147;156;157;158;159;160;161;162;163;164;165;166;167;168;169;170;171;172;181;182;183;184;185;186;187;188;189;190;191;192;193;194;195;196;197;206;207;208;209;210;211;212;213;214;215;216;217;218;219;220;221;222;231;232;233;234;235;236;237;238;239;240;241;242;243;244;245;246;247;256;257;258;259;260;261;262;263;264;265;266;267;268;269;270;271;272;289;290;291;292;293;294;295;296;297;306;307;308;309;310;311;312;313;314;315;316;317;318;319;320;321;322;331;332;333;334;335;336;337;338;339;340;341;342;343;344;345;346;347;356;357;358;359;360;361;362;363;364;365;366;367;368;369;370;371;372;381;382;383;384;385;386;387;388;389;390;391;392;393;394;395;396;397;406;407;408;409;410;411;412;413;414;415;416;417;418;419;420;421;422;431;432;433;434;435;436;437;438;439;440;441;442;443;444;445;446;447;456;457;458;459;460;461;462;463;464;465;466;467;468;469;470;471;472;481;482;483;484;485;486;487;488;489;490;491;492;493;494;495;496;497
2.instancia_mediana,12,2,2,158.0,nan,nan,20,318,318,317,9.316036939620972,10;19;29;30;31;32;33;34;35;44;45;46;47;48;49;50;51;52;53;54;55;56;57;58;59;60;73;74;75;76;77;78;79;80;81;82;83;84;85;94;95;96;97;98;99;100;101;102;103;104;105;106;107;108;109;110;119;120;121;122;123;124;125;126;127;128;129;130;131;132;133;134;135;144;145;146;147;148;149;150;151;152;153;154;155;156;157;158;159;160;169;170;171;172;173;174;175;176;177;178;179;180;181;182;183;184;185;194;195;196;197;198;199;200;201;202;203;204;205;206;207;208;209;210;219;220;221;222;223;224;225;226;227;228;229;230;231;232;233;234;235;244;245;246;247;248;249;250;251;252;253;254;255;256;257;258;259;260;269;270;271;272;273;274;275;276;277;278;279;280;281;282;283;284;285;294;295;296;297;298;299;300;301;302;303;304;305;306;307;308;309;310;319;320;321;322;323;324;325;326;327;328;329;330;331;332;333;334;335;344;345;346;347;348;349;350;351;352;353;354;355;356;357;358;359;360;369;370;371;372;373;374;375;376;377;378;379;380;381;382;383;384;385;394;395;396;397;398;399;400;401;402;403;404;405;406;407;408;409;410;419;420;421;422;423;424;425;426;427;428;429;430;431;432;433;434;435;444;445;446;447;448;449;450;451;452;453;454;455;456;457;458;459;460;469;470;471;472;473;474;475;476;477;478;479;480;481;482;483;484;485;494;495;496;497;498;499;500
2.instancia_mediana,12,3,3,156.0,nan,nan,20,324,324,320,9.474421977996826,19;28;29;30;31;32;33;34;35;36;37;38;39;40;41;42;43;44;53;54;55;56;57;58;59;60;61;62;63;64;65;66;67;68;69;78;79;80;81;82;83;84;85;86;87;88;89;90;91;92;93;94;103;104;105;106;107;108;109;110;111;112;113;114;115;116;117;118;119;128;129;130;131;132;133;134;135;136;137;138;139;140;141;142;143;144;153;154;155;156;157;158;159;160;161;162;163;164;165;166;167;168;169;178;179;180;181;182;183;184;185;186;187;188;189;190;191;192;193;194;203;204;205;206;207;208;209;210;211;212;213;214;215;216;217;218;219;228;229;230;231;232;233;234;235;236;237;238;239;240;241;242;243;244;253;254;255;256;257;258;259;260;261;262;263;264;265;266;267;268;269;278;279;280;281;282;283;284;285;286;287;288;289;290;291;292;293;294;303;304;305;306;307;308;309;310;311;312;313;314;315;316;317;318;319;328;329;330;331;332;333;334;335;336;337;338;339;340;341;342;343;344;353;354;355;356;357;358;359;360;361;362;363;364;365;366;367;368;369;378;379;380;381;382;383;384;385;386;387;388;389;390;391;392;393;394;403;404;405;406;407;408;409;410;411;412;413;414;415;416;417;418;419;428;429;430;431;432;433;434;435;436;437;438;439;440;441;442;443;444;453;454;455;456;457;458;459;460;461;462;463;464;465;466;467;468;469;478;479;480;481;482;483;484;485;486;487;488;489;490;491;492;493;494
2.instancia_mediana,12,4,4,158.0,nan,nan,20,317,317,308,9.3019278049469,19;28;29;30;31;32;33;34;35;36;37;38;39;40;41;42;43;44;53;54;55;56;57;58;59;60;61;62;63;64;65;66;67;68;69;78;79;80;81;82;83;84;85;86;87;88;89;90;91;92;93;94;110;111;112;113;114;115;116;117;118;119;128;129;130;131;132;133;134;135;136;137;138;139;140;141;142;143;144;153;154;155;156;157;158;159;160;161;162;163;164;165;166;167;168;169;178;179;180;181;182;183;184;185;186;187;188;189;190;191;192;193;194;203;204;205;206;207;208;209;210;211;212;213;214;215;216;217;218;219;228;229;230;231;232;233;234;235;236;237;238;239;240;241;242;243;244;253;254;255;256;257;258;259;260;261;262;263;264;265;266;267;268;269;278;279;280;281;282;283;284;285;286;287;288;289;290;291;292;293;294;303;304;305;306;307;308;309;310;311;312;313;314;315;316;317;318;319;328;329;330;331;332;333;334;335;336;337;338;339;340;341;342;343;344;353;354;355;356;357;358;359;360;361;362;363;364;365;366;367;368;369;378;379;380;381;382;383;384;385;386;387;388;389;390;391;392;393;394;403;404;405;406;407;408;409;410;411;412;413;414;415;416;417;418;419;428;429;430;431;432;433;434;435;436;437;438;439;440;441;442;443;444;453;454;455;456;457;458;459;460;461;462;463;464;465;466;467;468;469;478;479;480;481;482;483;484;485;486;487;488;489;490;491;492;493;494
2.instancia_mediana,12,5,5,154.0,nan,nan,20,321,321,297,9.385483026504517,10;24;25;26;27;28;29;30;31;32;33;34;35;44;45;46;47;48;49;50;51;52;53;54;55;56;57;58;59;60;69;70;71;72;73;74;75;76;77;78;79;80;81;82;83;84;85;99;100;101;102;103;104;105;106;107;108;109;110;111;112;121;122;123;124;125;126;127;128;129;130;131;132;133;134;135;136;137;146;147;148;149;150;151;152;153;154;155;156;157;158;159;160;161;162;171;172;173;174;175;176;177;178;179;180;181;182;183;184;185;186;187;196;197;198;199;200;201;202;203;204;205;206;207;208;209;210;211;212;221;222;223;224;225;226;227;228;229;230;231;232;233;234;235;236;237;246;247;248;249;250;251;252;253;254;255;256;257;258;259;260;261;262;271;272;273;274;275;276;277;278;279;280;281;282;283;284;285;286;287;296;297;298;299;300;301;302;303;304;305;306;307;308;309;310;311;312;321;322;323;324;325;326;327;328;329;330;331;332;333;334;335;336;337;346;347;348;349;350;351;352;353;354;355;356;357;358;359;360;361;362;371;372;373;374;375;376;377;378;379;380;381;382;383;384;385;386;387;396;397;398;399;400;401;402;403;404;405;406;407;408;409;410;411;412;421;422;423;424;425;426;427;428;429;430;431;432;433;434;435;436;437;446;447;448;449;450;451;452;453;454;455;456;457;458;459;460;461;462;471;472;473;474;475;476;477;478;479;480;481;482;483;484;485;486;487;496;497;498;499;500
2.instancia_mediana,12,6,6,159.0,nan,nan,20,325,325,285,9.488588809967041,18;27;28;29;30;31;32;33;34;35;36;37;38;39;40;41;42;43;52;53;54;55;56;57;58;59;60;61;62;63;64;65;66;67;68;69;78;79;80;81;82;83;84;85;86;87;88;89;90;91;92;93;94;103;104;105;106;107;108;109;110;111;112;113;114;115;116;117;118;119;128;129;130;131;132;133;134;135;136;137;138;139;140;141;142;143;144;153;154;155;156;157;158;159;160;161;162;163;164;165;166;167;168;169;178;179;180;181;182;183;184;185;186;187;188;189;190;191;192;193;194;203;204;205;206;207;208;209;210;211;212;213;214;215;216;217;218;219;228;229;230;231;232;233;234;235;236;237;238;239;240;241;242;243;244;253;254;255;256;257;258;259;260;261;262;263;264;265;266;267;268;269;278;279;280;281;282;283;284;285;286;287;288;289;290;291;292;293;294;303;304;305;306;307;308;309;310;311;312;313;314;315;316;317;318;319;328;329;330;331;332;333;334;335;336;337;338;339;340;341;342;343;344;353;354;355;356;357;358;359;360;361;362;363;364;365;366;367;368;369;378;379;380;381;382;383;384;385;386;387;388;389;390;391;392;393;394;403;404;405;406;407;408;409;410;411;412;413;414;415;416;417;418;419;428;429;430;431;432;433;434;435;436;437;438;439;440;441;442;443;444;453;454;455;456;457;458;459;460;461;462;463;464;465;466;467;468;469;478;479;480;481;482;483;484;485;486;487;488;489;490;491;492;493;494
2.instancia_mediana,12,7,7,158.0,nan,nan,20,299,299,285,8.732882976531982,12;28;29;30;31;32;33;34;35;36;37;46;47;48;49;50;51;52;62;71;72;73;74;89;98;99;100;101;102;103;104;105;106;107;108;109;110;111;112;113;114;123;124;125;126;127;128;129;130;131;132;133;134;135;136;137;138;139;140;149;150;151;152;153;154;155;156;157;158;159;160;161;162;163;164;165;174;175;176;177;178;179;180;181;182;183;184;185;186;187;188;189;190;199;200;201;202;203;204;205;206;207;208;209;210;211;212;213;214;215;224;225;226;227;228;229;230;231;232;233;234;235;236;237;238;239;240;249;250;251;252;253;254;255;256;257;258;259;260;261;262;263;264;265;274;275;276;277;278;279;280;281;282;283;284;285;286;287;288;289;290;299;300;301;302;303;304;305;306;307;308;309;310;311;312;313;314;315;324;325;326;327;328;329;330;331;332;333;334;335;336;337;338;339;340;349;350;351;352;353;354;355;356;357;358;359;360;361;362;363;364;365;374;375;376;377;378;379;380;381;382;383;384;385;386;387;388;389;390;399;400;401;402;403;404;405;406;407;408;409;410;411;412;413;414;415;424;425;426;427;428;429;430;431;432;433;434;435;436;437;438;439;440;449;450;451;452;453;454;455;456;457;458;459;460;461;462;463;464;465;474;475;476;477;478;479;480;481;482;483;484;485;486;487;488;489;490;499;500
2.instancia_mediana,12,8,8,159.0,nan,nan,20,329,329,295,9.615218877792358,18;27;28;29;30;31;32;33;34;35;36;37;38;39;40;41;42;43;52;53;54;55;56;57;58;59;60;61;62;63;64;65;66;67;68;77;78;79;80;81;82;83;84;85;86;87;88;89;90;91;92;93;102;103;104;105;106;107;108;109;110;111;112;113;114;115;116;117;118;127;128;129;130;131;132;133;134;135;136;137;138;139;140;141;142;143;152;153;154;155;156;157;158;159;160;161;162;163;164;165;166;167;168;177;178;179;180;181;182;183;184;185;186;187;188;189;190;191;192;193;202;203;204;205;206;207;208;209;210;211;212;213;214;215;216;217;218;227;228;229;230;231;232;233;234;235;236;237;238;239;240;241;242;243;244;245;246;255;256;257;258;259;260;261;262;263;264;265;266;267;268;269;270;271;280;281;282;283;284;285;286;287;288;289;290;291;292;293;294;295;296;305;306;307;308;309;310;311;312;313;314;315;316;317;318;319;320;321;330;331;332;333;334;335;336;337;338;339;340;341;342;343;344;345;346;355;356;357;358;359;360;361;362;363;364;365;366;367;368;369;370;371;380;381;382;383;384;385;386;387;388;389;390;391;392;393;394;395;396;405;406;407;408;409;410;411;412;413;414;415;416;417;418;419;420;421;430;431;432;433;434;435;436;437;438;439;440;441;442;443;444;445;446;447;448;457;458;459;460;461;462;463;464;465;466;467;468;469;470;471;472;473;482;483;484;485;486;487;488;489;490;491;492;493;494;495;496;497;498
2.instancia_mediana,12,9,9,161.0,nan,nan,20,331,331,313,9.669497966766357,10;11;20;21;22;23;24;25;26;27;28;29;30;31;32;33;34;35;36;45;46;47;48;49;50;51;52;53;54;55;56;57;58;59;60;61;70;71;72;73;74;75;76;77;78;79;80;81;82;83;84;85;86;95;96;97;98;99;100;101;102;103;104;105;106;107;108;109;110;111;120;121;122;123;124;125;126;127;128;129;130;131;132;133;134;135;136;145;146;147;148;149;150;151;152;153;154;155;156;157;158;159;160;161;170;171;172;173;174;175;176;177;178;179;180;181;182;183;184;185;186;195;196;197;198;199;200;201;202;203;204;205;206;207;208;209;210;211;220;221;222;223;224;225;226;227;228;229;230;231;232;233;234;235;236;245;246;247;248;249;250;251;252;253;254;255;256;257;258;259;260;261;270;271;272;273;274;275;276;277;278;279;280;281;282;283;284;285;286;295;296;297;298;299;300;301;302;303;304;305;306;307;308;309;310;311;320;321;322;323;324;325;326;327;328;329;330;331;332;333;334;335;336;345;346;347;348;349;350;351;352;353;354;355;356;357;358;359;360;361;370;371;372;373;374;375;376;377;378;379;380;381;382;383;384;385;386;395;396;397;398;399;400;401;402;403;404;405;406;407;408;409;410;411;420;421;422;423;424;425;426;427;428;429;430;431;432;433;434;435;436;445;446;447;448;449;450;451;452;453;454;455;456;457;458;459;460;461;470;471;472;473;474;475;476;477;478;479;480;481;482;483;484;485;486;487;496;497;498;499;500
2.instancia_mediana,12,10,10,152.0,nan,nan,19,302,302,194,8.889096975326538,10;11;12;13;14;15;33;34;35;36;37;38;39;40;49;50;51;52;53;54;55;56;57;58;59;60;61;62;63;64;65;66;77;78;79;80;81;82;83;84;85;86;87;88;89;90;91;92;93;102;103;104;105;106;107;108;109;110;111;124;133;134;135;136;137;138;139;140;141;142;143;144;145;146;147;148;149;150;151;160;161;162;163;164;165;166;167;168;169;170;171;172;173;174;175;176;177;178;179;180;181;190;191;192;193;194;195;196;197;198;199;200;201;202;203;204;205;206;207;208;209;210;211;220;221;222;223;224;225;226;227;228;229;230;231;232;233;234;235;236;237;238;239;240;249;250;251;252;253;254;255;256;257;258;259;260;261;262;263;264;265;266;267;276;277;278;279;280;281;282;283;284;285;286;287;288;289;290;291;292;301;302;303;304;305;306;307;308;309;310;311;312;313;314;315;316;317;326;327;328;329;330;331;332;333;334;335;336;337;338;339;340;341;342;351;352;353;354;355;356;357;358;359;360;361;362;363;364;365;366;367;385;386;387;388;389;390;391;392;401;402;403;404;405;406;407;408;409;410;411;412;413;414;415;416;417;431;432;433;434;435;436;437;438;439;440;441;442;451;452;453;454;455;456;457;458;459;460;461;462;463;464;465;466;467;476;477;478;479;480;481;482;483;484;485;486;487;488;489;490;491;492
2.instancia_mediana,12,11,11,152.0,nan,nan,19,321,321,226,9.46756100654602,11;12;21;22;23;24;25;26;27;28;29;30;31;32;33;34;35;36;37;38;39;40;41;42;43;52;53;54;55;56;57;58;59;60;61;62;63;64;65;66;67;68;69;78;79;80;81;82;83;84;85;86;87;88;89;90;91;92;93;94;103;104;105;106;107;108;109;110;111;112;113;114;115;116;117;118;119;128;129;130;131;132;133;134;135;136;137;138;139;140;141;142;143;144;153;154;155;156;157;158;159;160;161;162;163;164;165;166;167;168;169;170;179;180;181;182;183;184;185;186;187;188;189;190;191;192;193;194;195;204;205;206;207;208;209;210;211;212;213;214;215;216;217;218;219;220;229;230;231;232;233;234;235;236;237;238;239;240;241;242;243;244;245;254;255;256;257;258;259;260;261;262;263;264;265;266;267;268;269;270;279;280;281;282;283;284;285;286;287;288;289;290;291;292;293;294;295;304;305;306;307;308;309;310;311;312;313;314;315;316;317;318;319;320;321;322;331;332;333;334;335;336;337;338;339;340;341;342;343;344;345;346;347;348;349;350;359;360;361;362;363;364;365;366;367;368;369;370;371;372;373;374;375;384;385;386;387;405;414;415;416;417;418;419;420;421;422;423;424;425;426;427;428;429;430;439;440;441;442;443;444;445;446;447;448;449;450;451;452;453;454;455;464;465;466;467;468;469;470;471;472;473;474;475;476;477;478;479;480;489;490;491;492;493;494;495;496;497;498;499;500
2.instancia_mediana,12,12,12,159.0,nan,nan,20,327,327,238,9.583797931671143,10;19;20;21;22;23;24;25;26;27;28;29;30;31;32;33;34;35;44;45;46;47;48;49;50;51;52;53;54;55;56;57;58;59;60;69;70;71;72;73;74;75;76;77;78;79;80;81;82;83;84;85;94;95;96;97;98;99;100;101;102;103;104;105;106;107;108;109;110;119;120;121;122;123;124;125;126;127;128;129;130;131;132;133;134;135;144;145;146;147;148;149;150;151;152;153;154;155;156;157;158;159;160;169;170;171;172;173;174;175;176;177;178;179;180;181;182;183;184;185;186;187;188;197;198;199;200;201;202;203;204;205;206;207;208;209;210;211;212;213;214;223;224;225;226;227;228;229;230;231;232;233;234;235;236;237;238;239;248;249;250;251;252;253;254;255;256;257;258;259;260;261;262;263;264;273;274;275;276;277;278;279;280;281;282;283;284;285;286;287;288;289;298;299;300;301;302;303;304;305;306;307;308;309;310;311;312;313;314;323;324;325;326;327;328;329;330;331;332;333;334;335;336;337;338;339;348;349;350;351;352;353;354;355;356;357;358;359;360;361;362;363;364;365;366;375;376;377;378;379;380;381;382;383;384;385;386;387;388;389;390;391;392;401;402;403;404;405;406;407;408;409;410;411;412;422;431;432;433;434;435;436;437;438;439;440;441;442;443;444;445;446;447;456;457;458;459;460;461;462;463;464;465;466;467;468;469;470;471;472;481;482;483;484;485;486;487;488;489;490;491;492;493;494;495;496;497
2.instancia_mediana,12,13,13,159.0,nan,nan,20,312,312,295,9.078709840774536,10;11;20;21;32;33;34;35;36;45;46;47;57;58;59;60;61;70;71;72;73;74;75;76;77;78;79;80;81;82;83;84;85;86;95;96;97;98;99;100;101;102;103;104;105;106;107;108;109;110;111;120;121;122;123;124;125;126;127;128;129;130;131;132;133;134;135;136;145;146;147;148;149;150;151;152;153;154;155;156;157;158;159;160;161;170;171;172;173;174;175;176;177;178;179;180;181;182;183;184;185;186;195;196;197;198;199;200;201;202;203;204;205;206;207;208;209;210;211;220;221;222;223;224;225;226;227;228;229;230;231;232;233;234;235;236;245;246;247;248;249;250;251;252;253;254;255;256;257;258;259;260;261;270;271;272;273;274;275;276;277;278;279;280;281;282;283;284;285;286;295;296;297;298;299;300;301;302;303;304;305;306;307;308;309;310;311;320;321;322;323;324;325;326;327;328;329;330;331;332;333;334;335;336;345;346;347;348;349;350;351;352;353;354;355;356;357;358;359;360;361;370;371;372;373;374;375;376;377;378;379;380;381;382;383;384;385;386;395;396;397;398;399;400;401;402;403;404;405;406;407;408;409;410;411;420;421;422;423;424;425;426;427;428;429;430;431;432;433;434;435;436;445;446;447;448;449;450;451;452;453;454;455;456;457;458;459;460;461;470;471;472;473;474;475;476;477;478;479;480;481;482;483;484;485;486;495;496;497;498;499;500
2.instancia_mediana,12,14,14,161.0,nan,nan,20,330,330,307,9.622933149337769,10;19;20;21;22;23;24;25;26;27;28;29;30;31;32;33;34;35;45;46;47;48;49;50;51;52;53;54;55;56;57;58;59;60;69;70;71;72;73;74;75;76;77;78;79;80;81;82;83;84;85;94;95;96;97;98;99;100;101;102;103;104;105;106;107;108;109;110;119;120;121;122;123;124;125;126;127;128;129;130;131;132;133;134;135;144;145;146;147;148;149;150;151;152;153;154;155;156;157;158;159;160;169;170;171;172;173;174;175;176;177;178;179;180;181;182;183;184;185;194;195;196;197;198;199;200;201;202;203;204;205;206;207;208;209;210;219;220;221;222;223;224;225;226;227;228;229;230;231;232;233;234;235;244;245;246;247;248;249;250;251;252;253;254;255;256;257;258;259;260;269;270;271;272;273;274;275;276;277;278;279;280;281;282;283;284;285;294;295;296;297;298;299;300;301;302;303;304;305;306;307;308;309;310;319;320;321;322;323;324;325;326;327;328;329;330;331;332;333;334;335;344;345;346;347;348;349;350;351;352;353;354;355;356;357;358;359;360;369;370;371;372;373;374;375;376;377;378;379;380;381;382;383;384;385;394;395;396;397;398;399;400;401;402;403;404;405;406;407;408;409;410;411;420;421;422;423;424;425;426;427;428;429;430;431;432;433;434;435;436;437;446;447;448;449;450;451;452;453;454;455;456;457;458;459;460;461;462;471;472;473;474;475;476;477;478;479;480;481;482;483;484;485;486;487;488;497;498;499;500
2.instancia_mediana,12,15,15,158.0,nan,nan,20,327,327,320,9.604131698608398,14;23;24;25;26;27;28;29;30;31;32;33;34;35;36;37;38;39;48;49;50;51;52;53;54;55;56;57;58;59;60;61;62;63;64;73;74;75;76;77;78;79;80;81;82;83;84;85;86;87;88;89;98;99;100;101;102;103;104;105;106;107;108;109;110;111;112;113;114;123;124;125;126;127;128;129;130;131;132;133;134;135;136;137;138;139;148;149;150;151;152;153;154;155;156;157;158;159;160;161;162;163;164;173;174;175;176;177;178;179;180;181;182;183;184;185;186;187;188;189;198;199;200;201;202;203;204;205;206;207;208;209;210;211;212;213;214;223;224;225;226;227;228;229;230;231;232;233;234;235;236;237;238;239;248;249;250;251;252;253;254;255;256;257;258;259;260;261;262;263;264;273;274;275;276;277;278;279;280;281;282;283;284;285;286;287;288;289;298;299;300;301;302;303;304;305;306;307;308;309;310;311;312;313;314;323;324;325;326;327;328;329;330;331;332;333;334;335;336;337;338;339;348;349;350;351;352;353;354;355;356;357;358;359;360;361;362;363;364;373;374;375;376;377;378;379;380;381;382;383;384;385;386;387;388;389;398;399;400;401;402;403;404;405;406;407;408;409;410;411;412;413;414;423;424;425;426;427;428;429;430;431;432;433;434;435;436;437;438;439;448;449;450;451;452;453;454;455;456;457;458;459;460;461;462;463;464;473;474;475;476;477;478;479;480;481;482;483;484;485;486;487;488;489;498;499;500
2.instancia_mediana,12,16,16,161.0,nan,nan,19,320,320,252,9.382844924926758,20;29;30;31;32;33;34;35;36;37;38;39;40;41;42;43;44;45;54;55;56;57;58;59;60;61;62;63;64;65;66;67;68;69;79;88;89;90;91;92;93;94;95;96;97;98;99;100;101;102;103;104;105;114;115;116;117;118;119;120;121;122;123;124;125;126;127;128;129;130;139;140;141;142;143;144;145;146;147;148;149;150;151;152;153;154;155;164;165;166;167;168;169;170;171;172;173;174;175;176;177;178;179;180;189;190;191;192;193;194;195;196;197;198;199;200;201;202;203;204;205;206;215;216;217;218;219;220;221;222;223;224;225;226;227;228;229;230;231;240;241;242;243;244;245;246;247;248;249;250;251;252;253;254;255;256;265;266;267;268;269;270;271;272;273;274;275;276;277;278;279;280;281;290;291;292;293;294;295;296;297;298;299;300;301;302;303;304;305;306;315;316;317;318;319;320;321;322;323;324;325;326;327;328;329;330;331;332;341;342;343;344;345;346;347;348;349;350;351;352;353;354;355;356;357;366;367;368;369;370;371;372;373;374;375;376;377;378;379;380;381;382;383;392;393;394;395;396;397;398;399;400;401;402;403;404;405;406;407;408;417;418;419;420;421;422;423;424;425;426;427;428;429;430;431;432;433;442;443;444;445;446;447;448;449;450;451;452;453;454;455;456;457;458;467;468;469;470;471;472;473;474;475;476;477;478;479;480;481;482;483;492;493;494;495;496;497;498;499;500
2.instancia_mediana,12,17,17,158.0,nan,nan,20,317,317,308,9.355757236480713,10;11;25;26;27;28;38;47;48;49;50;51;52;53;54;55;56;57;58;59;60;61;62;63;72;73;74;75;76;77;78;79;80;81;82;83;84;85;86;87;88;97;98;99;100;101;102;103;104;105;106;107;108;109;110;111;112;113;122;123;124;125;126;127;128;129;130;131;132;133;134;135;136;137;138;147;148;149;150;151;152;153;154;155;156;157;158;159;160;161;162;163;172;173;174;175;176;177;178;179;180;181;182;183;184;185;186;187;188;197;198;199;200;201;202;203;204;205;206;207;208;209;210;211;212;213;222;223;224;225;226;227;228;229;230;231;232;233;234;235;236;237;238;247;248;249;250;251;252;253;254;255;256;257;258;259;260;261;262;263;272;273;274;275;276;277;278;279;280;281;282;283;284;285;286;287;288;297;298;299;300;301;302;303;304;305;306;307;308;309;310;311;312;313;322;323;324;325;326;327;328;329;330;331;332;333;334;335;336;337;338;347;348;349;350;351;352;353;354;355;356;357;358;359;360;361;362;363;372;373;374;375;376;377;378;379;380;381;382;383;384;385;386;387;388;397;398;399;400;401;402;403;404;405;406;407;408;409;410;411;412;413;422;423;424;425;426;427;428;429;430;431;432;433;434;435;436;437;438;447;448;449;450;451;452;453;454;455;456;457;458;459;460;461;462;463;472;473;474;475;476;477;478;479;480;481;482;483;484;485;486;487;488;497;498;499;500
2.instancia_mediana,12,18,18,154.0,nan,nan,20,307,307,295,9.029729127883911,11;20;21;22;23;24;25;26;27;28;29;30;31;32;33;34;35;36;45;46;47;48;49;50;51;52;53;54;55;56;57;58;59;60;61;70;71;72;73;74;75;76;77;78;79;89;98;99;100;101;102;103;104;105;106;107;108;109;110;111;112;113;114;115;124;125;126;127;128;129;130;131;132;133;134;135;136;137;138;139;140;149;150;151;152;153;154;155;156;157;158;159;160;161;162;163;164;165;174;175;176;177;178;179;180;181;182;183;184;185;186;187;188;189;190;199;200;201;202;203;204;205;206;207;208;209;210;211;212;213;214;215;224;225;226;227;228;229;230;231;232;233;234;235;236;237;238;239;240;249;250;251;252;253;254;255;256;257;258;259;260;261;262;263;264;265;274;275;276;277;278;279;280;281;282;283;284;285;286;287;288;289;290;304;305;306;307;317;326;327;328;329;330;331;332;333;334;335;336;337;338;339;340;341;342;351;352;353;354;355;356;357;358;359;360;361;362;363;364;365;366;367;376;377;378;379;380;381;382;383;384;385;386;387;388;389;390;391;392;401;402;403;404;405;406;407;408;409;410;411;412;413;414;415;416;417;426;427;428;429;430;431;432;433;434;435;436;437;438;439;440;441;442;451;452;453;454;455;456;457;458;459;460;461;462;463;464;465;466;467;476;477;478;479;480;481;482;483;484;485;486;487;488;489;490;491;492
2.instancia_mediana,12,19,19,161.0,nan,nan,20,322,322,283,9.34419584274292,10;19;20;21;31;32;33;34;35;36;45;46;47;48;49;50;51;52;53;54;55;56;57;58;59;60;61;62;71;72;73;74;75;76;77;78;79;80;81;82;83;84;85;86;87;96;97;98;99;100;101;102;103;104;105;106;107;108;109;110;111;112;121;122;123;124;125;126;127;128;129;130;131;132;133;134;135;136;137;146;147;148;149;150;151;152;153;154;155;156;157;158;159;160;161;162;171;172;173;174;175;176;177;178;179;180;181;182;183;184;185;186;187;196;197;198;199;200;201;202;203;204;205;206;207;208;209;210;211;212;221;222;223;224;225;226;227;228;229;230;231;232;233;234;235;236;237;246;247;248;249;250;251;252;253;254;255;256;257;258;259;260;261;262;271;272;273;274;275;276;277;278;279;280;281;282;283;284;285;286;287;296;297;298;299;300;301;302;303;304;305;306;307;308;309;310;311;312;321;322;323;324;325;326;327;328;329;330;331;332;333;334;335;336;337;346;347;348;349;350;351;352;353;354;355;356;357;358;359;360;361;362;371;372;373;374;375;376;377;378;379;380;381;382;383;384;385;386;387;396;397;398;399;400;401;402;403;404;405;406;407;408;409;410;411;412;421;422;423;424;425;426;427;428;429;430;431;432;433;434;435;436;437;446;447;448;449;450;451;452;453;454;455;456;457;458;459;460;461;462;471;472;473;474;475;476;477;478;479;480;481;482;483;484;485;486;487;496;497;498;499;500
2.instancia_mediana,12,20,20,156.0,nan,nan,20,321,321,311,9.36748719215393,11;20;21;22;23;24;25;26;27;28;29;30;31;32;33;34;35;36;45;46;47;48;49;50;51;52;53;54;55;56;57;58;59;60;61;70;71;72;73;74;75;76;77;78;79;80;81;82;83;84;85;86;95;96;97;98;99;100;101;102;103;104;105;106;107;108;109;110;111;120;121;122;123;124;125;126;127;128;129;130;131;132;133;134;135;136;154;155;156;157;158;159;160;161;170;171;172;173;174;175;176;177;178;179;180;181;182;183;184;185;186;195;196;197;198;199;200;201;202;203;204;205;206;207;208;209;210;211;220;221;222;223;224;225;226;227;228;229;230;231;232;233;234;235;236;245;246;247;248;249;250;251;252;253;254;255;256;257;258;259;260;261;270;271;272;273;274;275;276;277;278;279;280;281;282;283;284;285;286;295;296;297;298;299;300;301;302;303;304;305;306;307;308;309;310;311;320;321;322;323;324;325;326;327;328;329;330;331;332;333;334;335;336;345;346;347;348;349;350;351;352;353;354;355;356;357;358;359;360;361;370;371;372;373;374;375;376;377;378;379;380;381;382;383;384;385;386;395;396;397;398;399;400;401;402;403;404;405;406;407;408;409;410;411;420;421;422;423;424;425;426;427;428;429;430;431;432;433;434;435;436;445;446;447;448;449;450;451;452;453;454;455;456;457;458;459;460;461;470;471;472;473;474;475;476;477;478;479;480;481;482;483;484;485;486;495;496;497;498;499;500
2.instancia_mediana,12,21,21,161.0,nan,nan,20,330,330,304,9.613285064697266,11;20;21;22;23;24;25;26;27;28;29;30;31;32;33;34;35;36;45;46;47;48;49;50;51;52;53;54;55;56;57;58;59;60;61;70;71;72;73;74;75;76;77;78;79;80;81;82;83;84;85;86;95;96;97;98;99;100;101;102;103;104;105;106;107;108;109;110;111;120;121;122;123;124;125;126;127;128;129;130;131;132;133;134;135;136;145;146;147;148;149;150;151;152;153;154;155;156;157;158;159;160;161;170;171;172;173;174;175;176;177;178;179;180;181;182;183;184;185;186;195;196;197;198;199;200;201;202;203;204;205;206;207;208;209;210;211;220;221;222;223;224;225;226;227;228;229;230;231;232;233;234;235;236;245;246;247;248;249;250;251;252;253;254;255;256;257;258;259;260;261;270;271;272;273;274;275;276;277;278;279;280;281;282;283;284;285;286;295;296;297;298;299;300;301;302;303;304;305;306;307;308;309;310;311;320;321;322;323;324;325;326;327;328;329;330;331;332;333;334;335;336;345;346;347;348;349;350;351;352;353;354;355;356;357;358;359;360;361;370;371;372;373;374;375;376;377;378;379;380;381;382;383;384;385;386;395;396;397;398;399;400;401;402;403;404;405;406;407;408;409;410;411;420;421;422;423;424;425;426;427;428;429;430;431;432;433;434;435;436;445;446;447;448;449;450;451;452;453;454;455;456;457;458;459;460;461;470;471;472;473;474;475;476;477;478;479;480;481;482;483;484;485;486;495;496;497;498;499;500
2.instancia_mediana,12,22,22,159.0,nan,nan,20,331,331,324,9.704070091247559,10;19;20;21;22;23;24;25;26;27;28;29;30;31;32;33;34;35;44;45;46;47;48;49;50;51;52;53;54;55;56;57;58;59;60;69;70;71;72;73;74;75;76;77;78;79;80;81;82;83;84;85;94;95;96;97;98;99;100;101;102;103;104;105;106;107;108;109;110;119;120;121;122;123;124;125;126;127;128;129;130;131;132;133;134;135;144;145;146;147;148;149;150;151;152;153;154;155;156;157;158;159;160;169;170;171;172;173;174;175;176;177;178;179;180;181;182;183;184;185;194;195;196;197;198;199;200;201;202;203;204;205;206;207;208;209;210;219;220;221;222;223;224;225;226;227;228;229;230;231;232;233;234;235;244;245;246;247;248;249;250;251;252;253;254;255;256;257;258;259;260;269;270;271;272;273;274;275;276;277;278;279;280;281;282;283;284;285;294;295;296;297;298;299;300;301;302;303;304;305;306;307;308;309;310;319;320;321;322;323;324;325;326;327;328;329;330;331;332;333;334;335;344;345;346;347;348;349;350;351;352;353;354;355;356;357;358;359;360;369;370;371;372;373;374;375;376;377;378;379;380;381;382;383;384;385;394;395;396;397;398;399;400;401;402;403;404;405;406;407;408;409;410;419;420;421;422;423;424;425;426;427;428;429;430;431;432;433;434;435;444;445;446;447;448;449;450;451;452;453;454;455;456;457;458;459;460;469;470;471;472;473;474;475;476;477;478;479;480;481;482;483;484;485;494;495;496;497;498;499;500
2.instancia_mediana,12,23,23,154.0,nan,nan,20,318,318,304,9.26680302619934,11;20;21;22;23;24;25;26;27;28;29;30;31;32;33;34;35;36;45;46;47;48;49;50;51;52;53;54;64;76;77;78;79;80;81;82;83;84;85;86;87;88;89;98;99;100;101;102;103;104;105;106;107;108;109;110;111;112;113;114;123;124;125;126;127;128;129;130;131;132;133;134;135;136;137;138;139;148;149;150;151;152;153;154;155;156;157;158;159;160;161;162;163;164;173;174;175;176;177;178;179;180;181;182;183;184;185;186;187;188;189;198;199;200;201;202;203;204;205;206;207;208;209;210;211;212;213;214;223;224;225;226;227;228;229;230;231;232;233;234;235;236;237;238;239;248;249;250;251;252;253;254;255;256;257;258;259;260;261;262;263;264;273;274;275;276;277;278;279;280;281;282;283;284;285;286;287;288;289;298;299;300;301;302;303;304;305;306;307;308;309;310;311;312;313;314;323;324;325;326;327;328;329;330;331;332;333;334;335;336;337;338;339;348;349;350;351;352;353;354;355;356;357;358;359;360;361;362;363;364;365;374;375;376;377;378;379;380;381;382;383;384;385;386;387;388;389;390;399;400;401;402;403;404;405;406;407;408;409;410;411;412;413;414;415;424;425;426;427;428;429;430;431;432;433;434;435;436;437;438;439;440;449;450;451;452;453;454;455;456;457;458;459;460;461;462;463;464;465;466;475;476;477;478;479;480;481;482;483;484;485;486;487;488;489;490;491;500
2.instancia_mediana,12,24,24,159.0,nan,nan,20,324,324,288,9.484357118606567,18;31;32;33;34;35;36;37;38;39;40;41;42;43;44;53;54;55;56;57;58;59;60;61;62;63;64;65;66;67;68;69;78;79;80;81;82;83;84;85;86;87;88;89;90;91;92;93;94;103;104;105;106;107;108;109;110;111;112;113;114;115;116;117;118;119;128;129;130;131;132;133;134;135;136;137;138;139;140;141;142;143;144;153;154;155;156;157;158;159;160;161;162;163;164;165;166;167;168;169;178;179;180;181;182;183;184;185;186;187;188;189;190;191;192;193;194;195;204;205;206;207;208;209;210;211;212;213;214;215;216;217;218;219;220;229;230;231;232;233;234;235;236;237;238;239;240;241;242;243;244;245;246;255;256;257;258;259;260;261;262;263;264;265;266;267;268;269;270;271;280;281;282;283;284;285;286;287;288;289;290;291;292;293;294;295;296;305;306;307;308;309;310;311;312;313;314;315;316;317;318;319;320;321;330;331;332;333;334;335;336;337;338;339;340;341;342;343;344;345;346;355;356;357;358;359;360;361;362;363;364;365;366;367;368;369;370;371;380;381;382;383;384;385;386;387;388;389;390;391;392;393;394;395;396;397;406;407;408;409;410;411;412;413;414;415;416;417;418;419;420;421;422;431;432;433;434;435;436;437;438;439;440;441;442;443;444;445;446;447;456;457;458;459;460;461;462;463;464;465;466;467;468;469;470;471;472;481;482;483;484;485;486;487;488;489;490;491;492;493;494;495;496;497
2.instancia_mediana,12,25,25,162.0,nan,nan,20,321,321,304,9.404494047164917,14;23;24;25;26;27;28;29;30;31;32;33;34;35;36;37;38;39;48;49;50;51;52;53;54;55;56;57;58;59;60;61;62;63;64;73;74;75;76;77;78;79;80;81;82;83;84;85;95;104;105;106;107;108;109;110;111;112;113;114;115;116;117;118;119;120;129;130;131;132;133;134;135;136;137;138;139;140;141;142;143;144;145;154;155;156;157;158;159;160;161;162;163;164;165;166;167;168;169;170;179;180;181;182;183;184;185;186;187;188;189;190;191;192;193;194;195;204;205;206;207;208;209;210;211;212;213;214;215;216;217;218;219;220;229;230;231;232;233;234;235;236;237;238;239;240;241;242;243;244;245;254;255;256;257;258;259;260;261;262;263;264;265;266;267;268;269;270;279;280;281;282;283;284;285;286;287;288;289;290;291;292;293;294;295;304;305;306;307;308;309;310;311;312;313;314;315;316;317;318;319;320;329;330;331;332;333;334;335;336;337;338;339;340;341;342;343;344;345;354;355;356;357;358;359;360;361;362;363;364;365;366;367;368;369;370;379;380;381;382;383;384;385;386;387;388;389;390;391;392;393;394;395;404;405;406;407;408;409;410;411;412;413;414;415;416;417;418;419;420;429;430;431;432;433;434;435;436;437;438;439;440;441;442;443;444;445;454;455;456;457;458;459;460;461;462;463;464;465;466;467;468;469;470;479;480;481;482;483;484;485;486;487;488;489;490;491;492;493;494;495
2.instancia_mediana,12,26,26,151.0,nan,nan,19,294,294,291,8.622658967971802,17;26;27;28;29;39;40;41;42;51;52;53;54;55;56;57;58;59;60;61;62;63;64;65;66;67;76;77;78;79;80;81;82;83;84;85;86;87;88;89;90;91;92;105;106;107;108;109;110;111;112;113;114;115;116;117;126;127;128;129;130;131;132;133;134;135;136;137;138;139;140;141;142;151;152;153;154;155;156;157;158;159;160;161;162;163;164;165;166;167;176;177;178;179;180;181;182;183;184;185;186;187;188;189;190;191;192;201;202;203;204;205;206;207;208;209;210;211;212;213;223;232;233;234;235;236;237;238;239;240;241;242;243;244;245;246;247;248;257;258;259;260;261;262;263;264;265;266;267;268;269;270;271;272;273;282;283;284;285;286;287;288;289;290;291;292;293;294;295;296;297;298;307;308;309;310;311;312;313;314;315;316;317;318;319;320;321;322;323;332;333;334;335;336;337;338;339;340;341;342;343;344;345;346;347;357;366;367;368;369;370;371;372;373;374;375;376;377;378;379;380;381;382;391;392;393;394;395;396;397;398;399;400;401;402;403;404;405;406;407;423;424;425;426;427;428;429;430;431;432;433;442;443;444;445;446;447;448;449;450;451;452;453;454;455;456;457;458;467;468;469;470;471;472;473;474;475;476;477;478;479;480;481;482;483;492;493;494;495;496;497;498;499;500
2.instancia_mediana,12,27,27,159.0,nan,nan,20,330,330,313,9.670660972595215,11;20;21;22;23;24;25;26;27;28;29;30;31;32;33;34;35;36;45;46;47;48;49;50;51;52;53;54;55;56;57;58;59;60;61;70;71;72;73;74;75;76;77;78;79;80;81;82;83;84;85;86;95;96;97;98;99;100;101;102;103;104;105;106;107;108;109;110;111;120;121;122;123;124;125;126;127;128;129;130;131;132;133;134;135;136;145;146;147;148;149;150;151;152;153;154;155;156;157;158;159;160;161;170;171;172;173;174;175;176;177;178;179;180;181;182;183;184;185;186;195;196;197;198;199;200;201;202;203;204;205;206;207;208;209;210;211;220;221;222;223;224;225;226;227;228;229;230;231;232;233;234;235;236;245;246;247;248;249;250;251;252;253;254;255;256;257;258;259;260;261;270;271;272;273;274;275;276;277;278;279;280;281;282;283;284;285;286;295;296;297;298;299;300;301;302;303;304;305;306;307;308;309;310;311;320;321;322;323;324;325;326;327;328;329;330;331;332;333;334;335;336;345;346;347;348;349;350;351;352;353;354;355;356;357;358;359;360;361;370;371;372;373;374;375;376;377;378;379;380;381;382;383;384;385;386;395;396;397;398;399;400;401;402;403;404;405;406;407;408;409;410;411;420;421;422;423;424;425;426;427;428;429;430;431;432;433;434;435;436;445;446;447;448;449;450;451;452;453;454;455;456;457;458;459;460;461;470;471;472;473;474;475;476;477;478;479;480;481;482;483;484;485;486;495;496;497;498;499;500
2.instancia_mediana,12,28,28,165.0,nan,nan,19,337,337,173,9.82027792930603,12;21;22;23;24;25;26;27;28;29;30;31;32;33;34;35;36;37;38;47;48;49;50;51;52;53;54;55;56;57;58;59;60;61;62;63;72;73;74;75;76;77;78;79;80;81;82;83;84;85;86;87;88;97;98;99;100;101;102;103;104;105;106;107;108;109;110;111;112;113;114;115;116;117;118;119;120;121;122;123;124;125;126;127;128;129;130;131;140;141;142;143;144;145;146;147;148;149;150;151;152;153;154;155;156;157;166;167;168;169;170;171;172;173;174;175;176;177;178;179;180;181;182;183;192;193;194;195;196;197;198;199;200;201;202;203;204;205;206;207;208;209;210;219;220;221;222;223;224;225;226;227;228;229;230;231;232;233;234;235;244;245;246;247;248;249;250;251;252;253;254;255;256;257;258;259;260;269;270;271;272;273;274;275;276;277;278;279;280;281;282;283;284;285;286;295;296;297;298;299;300;301;302;303;304;305;306;307;308;309;310;311;312;313;322;323;324;325;326;327;328;329;330;331;332;333;334;335;336;337;338;339;340;349;350;351;352;353;354;355;356;357;358;359;360;361;362;363;364;365;366;375;376;377;378;379;380;381;382;383;384;385;386;387;388;389;390;391;400;401;402;403;404;405;406;407;408;409;410;411;412;413;414;415;416;425;426;427;428;429;430;431;432;433;434;435;436;437;438;439;440;441;450;451;452;453;454;455;456;457;458;459;460;461;462;463;464;465;466;475;476;477;478;479;480;481;482;483;484;485;486;487;488;489;490;491;500
2.instancia_mediana,12,29,29,159.0,nan,nan,20,322,322,298,9.382123947143555,10;19;20;21;22;23;24;25;26;27;28;29;30;31;32;33;34;35;36;37;38;47;48;49;50;51;52;53;54;55;56;57;58;59;60;61;62;63;72;73;74;75;76;77;78;79;80;81;82;83;84;85;86;87;88;97;98;99;100;101;102;103;104;105;106;107;108;109;110;111;112;113;122;123;124;125;126;127;128;129;130;131;132;142;151;152;153;154;155;156;157;158;159;160;161;162;163;164;165;166;167;176;177;178;179;180;181;182;183;184;185;186;187;188;189;190;191;192;201;202;203;204;205;206;207;208;209;210;211;212;213;214;215;216;217;226;227;228;229;230;231;232;233;234;235;236;237;238;239;240;241;242;251;252;253;254;255;256;257;258;259;260;261;262;263;264;265;266;267;276;277;278;279;280;281;282;283;284;285;286;287;288;289;290;291;292;301;302;303;304;305;306;307;308;309;310;311;312;313;314;315;316;317;326;327;328;329;330;331;332;333;334;335;336;337;338;339;340;341;342;351;352;353;354;355;356;357;358;359;360;361;362;363;364;365;366;367;376;377;378;379;380;381;382;383;384;385;386;387;388;389;390;391;392;401;402;403;404;405;406;407;408;409;410;411;412;413;414;415;416;417;426;427;428;429;430;431;432;433;434;435;436;437;438;439;440;441;442;451;452;453;454;455;456;457;458;459;460;461;462;463;464;465;466;467;476;477;478;479;480;481;482;483;484;485;486;487;488;489;490;491;492
2.instancia_mediana,12,30,30,159.0,nan,nan,20,326,326,303,9.563498258590698,15;24;25;26;27;28;29;30;31;32;33;34;35;36;37;38;39;40;49;50;51;52;53;54;55;56;57;58;59;60;61;62;63;64;65;74;75;76;77;78;79;80;81;82;83;84;85;86;87;88;89;90;99;100;101;102;103;104;105;106;107;108;109;110;111;112;113;114;115;124;125;126;127;128;129;130;131;132;133;134;135;136;137;138;139;140;149;150;151;152;153;154;155;156;157;158;159;160;161;162;163;164;165;174;175;176;177;178;179;180;181;182;183;184;185;186;187;188;189;190;199;200;201;202;203;204;205;206;207;208;209;210;211;212;213;214;215;224;225;226;227;228;229;230;231;232;233;234;235;236;237;238;239;240;249;250;251;252;253;254;255;256;257;258;259;260;261;262;263;264;265;274;275;276;277;278;279;280;281;282;283;284;285;286;287;288;289;290;291;300;301;302;303;304;305;306;307;308;309;310;311;312;313;314;315;316;325;326;327;328;329;330;331;332;333;334;335;336;337;338;339;340;341;350;351;352;353;354;355;356;357;358;359;360;361;362;363;364;365;366;375;376;377;378;379;380;381;382;383;384;385;386;387;388;389;390;391;392;401;402;403;404;405;406;407;408;409;410;411;412;413;414;415;416;417;426;427;428;429;430;431;432;433;434;435;436;437;438;439;440;441;442;451;452;453;454;455;456;457;458;459;460;461;462;463;464;465;466;467;476;477;478;479;480;481;482;483;484;485;486;487;488;489;490;491;492
3.instancia_dura,24,1,1,315.0,nan,nan,20,329,329,325,19.45982313156128,12;21;22;23;24;25;26;27;28;29;30;31;32;33;34;35;36;37;46;47;48;49;50;51;52;53;54;55;56;57;58;59;60;61;62;71;72;73;74;75;76;77;78;79;80;81;82;83;84;85;86;87;96;97;98;99;100;101;102;103;104;105;106;107;108;109;110;111;112;121;122;123;124;125;126;127;128;129;130;131;132;133;134;135;136;137;146;147;148;149;150;151;152;153;154;155;156;157;158;159;160;161;162;171;172;173;174;175;176;177;178;179;180;181;182;183;184;185;186;187;196;197;198;199;200;201;202;203;204;205;206;207;208;209;210;211;212;221;222;223;224;225;226;227;228;229;230;231;232;233;234;235;236;237;246;247;248;249;250;251;252;253;254;255;256;257;258;259;260;261;262;271;272;273;274;275;276;277;278;279;280;281;282;283;284;285;286;287;296;297;298;299;300;301;302;303;304;305;306;307;308;309;310;311;312;321;322;323;324;325;326;327;328;329;330;331;332;333;334;335;336;337;346;347;348;349;350;351;352;353;354;355;356;357;358;359;360;361;362;371;372;373;374;375;376;377;378;379;380;381;382;383;384;385;386;387;396;397;398;399;400;401;402;403;404;405;406;407;408;409;410;411;412;421;422;423;424;425;426;427;428;429;430;431;432;433;434;435;436;437;446;447;448;449;450;451;452;453;454;455;456;457;458;459;460;461;462;471;472;473;474;475;476;477;478;479;480;481;482;483;484;485;486;487;496;497;498;499;500
3.instancia_dura,24,2,2,315.0,nan,nan,20,324,324,315,19.031737804412842,17;26;27;28;29;30;31;32;33;34;35;36;37;38;39;40;41;42;51;52;53;54;55;56;57;58;59;60;61;62;63;64;65;66;67;76;77;78;79;80;81;82;83;84;85;86;87;88;89;90;91;92;101;102;103;104;105;106;107;108;109;110;111;112;113;114;115;116;117;126;127;128;129;130;131;132;133;134;135;136;137;138;139;140;141;142;151;152;153;154;155;156;157;158;159;160;161;162;163;164;165;166;167;176;177;178;179;180;181;182;183;184;185;186;187;188;189;190;191;192;201;202;203;204;205;206;207;208;209;210;211;212;213;214;215;216;217;226;227;228;229;230;231;232;233;234;235;236;237;238;239;240;241;242;251;252;253;254;255;256;257;258;259;260;261;262;263;264;265;266;267;276;277;278;279;280;281;282;283;284;285;286;287;288;289;290;291;292;301;302;303;304;305;306;307;308;309;310;311;312;313;314;315;316;317;326;327;328;329;330;331;332;333;334;335;336;337;338;339;340;341;342;351;352;353;354;355;356;357;358;359;360;361;362;363;364;365;366;367;376;377;378;379;380;381;382;383;384;385;386;387;388;389;390;391;392;401;402;403;404;405;406;407;408;409;410;411;412;413;414;415;416;417;426;427;428;429;430;431;432;433;434;435;436;437;438;439;440;441;442;451;452;453;454;455;456;457;458;459;460;461;462;463;464;465;466;467;476;477;478;479;480;481;482;483;484;485;486;487;488;489;490;491;492
3.instancia_dura,24,3,3,311.0,nan,nan,20,327,327,309,19.18462896347046,14;23;24;25;26;27;28;29;30;31;32;33;34;35;36;37;38;39;48;49;50;51;52;53;54;55;56;57;58;59;60;61;62;63;64;73;74;75;76;77;78;79;80;81;82;83;84;85;86;87;88;89;98;99;100;101;102;103;104;105;106;107;108;109;110;111;112;113;114;123;124;125;126;127;128;129;130;131;132;133;134;135;136;137;138;139;148;149;150;151;152;153;154;155;156;157;158;159;160;161;162;163;164;173;174;175;176;177;178;179;180;181;182;183;184;185;186;187;188;189;198;199;200;201;202;203;204;205;206;207;208;209;210;211;212;213;214;215;224;225;226;227;228;229;230;231;232;233;234;235;236;237;238;239;240;241;250;251;252;253;254;255;256;257;258;259;260;261;262;263;264;265;266;275;276;277;278;279;280;281;282;283;284;285;286;287;288;289;290;291;300;301;302;303;304;305;306;307;308;309;310;311;312;313;314;315;316;325;326;327;328;329;330;331;332;333;334;335;336;337;338;339;340;341;350;351;352;353;354;355;356;357;358;359;360;361;362;363;364;365;366;375;376;377;378;379;380;381;382;383;384;385;386;387;388;389;390;391;400;401;402;403;404;405;406;407;408;409;410;411;412;413;414;415;416;425;426;427;428;429;430;431;432;433;434;435;436;437;438;439;440;441;450;451;452;453;454;455;456;457;458;459;460;461;462;463;464;465;466;475;476;477;478;479;480;481;482;483;484;485;486;487;488;489;490;491;500
3.instancia_dura,24,4,4,299.0,nan,nan,20,322,322,320,19.121710777282715,10;19;20;21;22;23;24;25;26;27;28;29;30;31;32;33;34;35;44;45;46;47;48;49;50;51;52;53;54;55;56;57;58;59;60;69;70;71;72;73;74;75;76;77;78;79;80;81;82;83;84;85;94;95;96;97;98;99;100;101;102;103;104;105;106;107;108;109;110;119;120;121;122;123;124;125;126;127;128;129;130;131;132;133;134;135;144;145;146;147;148;149;150;151;152;153;154;155;156;157;158;159;160;169;170;171;172;173;174;175;176;177;178;179;180;181;182;183;184;185;194;195;196;197;198;199;200;201;202;203;204;205;206;207;208;209;210;219;220;221;222;223;224;225;235;244;245;246;247;248;249;250;251;252;253;254;255;256;257;258;259;260;269;270;271;272;273;274;275;276;277;278;279;280;281;282;283;284;285;294;295;296;297;298;299;300;301;302;303;304;305;306;307;308;309;310;319;320;321;322;323;324;325;326;327;328;329;330;331;332;333;334;335;344;345;346;347;348;349;350;351;352;353;354;355;356;357;358;359;360;369;370;371;372;373;374;375;376;377;378;379;380;381;382;383;384;385;394;395;396;397;398;399;400;401;402;403;404;405;406;407;408;409;410;419;420;421;422;423;424;425;426;427;428;429;430;431;432;433;434;435;444;445;446;447;448;449;450;451;452;453;454;455;456;457;458;459;460;469;470;471;472;473;474;475;476;477;478;479;480;481;482;483;484;485;494;495;496;497;498;499;500
3.instancia_dura,24,5,5,307.0,nan,nan,20,315,315,313,18.662537813186646,22;31;32;33;34;35;36;37;38;39;40;41;42;43;44;45;46;47;56;57;58;59;60;61;62;63;64;65;66;67;68;69;70;71;72;81;82;83;84;85;86;87;88;89;90;91;92;93;94;95;96;97;106;107;117;118;119;120;121;122;131;132;133;134;135;136;137;138;139;140;141;142;143;144;145;146;147;156;157;158;159;160;161;162;163;164;165;166;167;168;169;170;171;172;181;182;183;184;185;186;187;188;189;190;191;192;193;194;195;196;197;206;207;208;209;210;211;212;213;214;215;216;217;218;219;220;221;222;231;232;233;234;235;236;237;238;239;240;241;242;243;244;245;246;247;256;257;258;259;260;261;262;263;264;265;266;267;268;269;270;271;272;281;282;283;284;285;286;287;288;289;290;291;292;293;294;295;296;297;306;307;308;309;310;311;312;313;314;315;316;317;318;319;320;321;322;331;332;333;334;335;336;337;338;339;340;341;342;343;344;345;346;347;356;357;358;359;360;361;362;363;364;365;366;367;368;369;370;371;372;381;382;383;384;385;386;387;388;389;390;391;392;393;394;395;396;397;406;407;408;409;410;411;412;413;414;415;416;417;418;419;420;421;422;431;432;433;434;435;436;437;438;439;440;441;442;443;444;445;446;447;456;457;458;459;460;461;462;463;464;465;466;467;468;469;470;471;472;481;482;483;484;485;486;487;488;489;490;491;492;493;494;495;496;497
3.instancia_dura,24,6,6,311.0,nan,nan,20,313,313,300,18.454866886138916,16;17;18;27;28;29;30;31;32;33;34;35;36;37;38;39;40;41;42;43;52;53;67;68;77;78;79;80;81;82;83;84;85;86;87;88;89;90;91;92;93;102;103;104;105;106;107;108;109;110;111;112;113;114;115;116;117;118;127;128;129;130;131;132;133;134;135;136;137;138;139;140;141;142;143;152;153;154;155;156;157;158;159;160;161;162;163;164;165;166;167;168;177;178;179;180;181;182;183;184;185;186;187;188;189;190;191;192;193;202;203;204;205;206;207;208;209;210;211;212;213;214;215;216;217;218;227;228;229;230;231;232;233;234;235;236;237;238;239;240;241;242;243;252;253;254;255;256;257;258;259;260;261;262;263;264;265;266;267;268;277;278;279;280;281;282;283;284;285;286;287;288;289;290;291;292;293;302;303;304;305;306;307;308;309;310;311;312;313;314;315;316;317;318;327;328;329;330;331;332;333;334;335;336;337;338;339;340;341;342;343;352;353;354;355;356;357;358;359;360;361;362;363;364;365;366;367;368;377;378;379;380;381;382;383;384;385;386;387;388;389;390;391;392;393;402;403;404;405;406;407;408;409;410;411;412;413;414;415;416;417;418;427;428;429;430;431;432;433;434;435;436;437;438;439;440;441;442;443;452;453;454;455;456;457;458;459;460;461;462;463;464;465;466;467;468;477;478;479;480;481;482;483;484;485;486;487;488;489;490;491;492;493
3.instancia_dura,24,7,7,313.0,nan,nan,20,317,317,289,18.616754055023193,10;19;20;21;22;23;24;25;26;27;28;29;30;31;32;33;43;52;53;54;55;56;57;58;59;60;61;62;63;64;65;66;67;68;77;78;79;80;81;82;83;84;85;86;87;88;89;90;91;92;93;102;103;104;105;106;107;108;109;110;120;129;130;131;132;133;134;135;136;137;138;139;140;141;142;143;144;145;154;155;156;157;158;159;160;161;162;163;164;165;166;167;168;169;170;179;180;181;182;183;184;185;186;187;188;189;190;191;192;193;194;195;204;205;206;207;208;209;210;211;212;213;214;215;216;217;218;219;220;229;230;231;232;233;234;235;236;237;238;239;240;241;242;243;244;245;246;255;256;257;258;259;260;261;262;263;264;265;266;267;268;269;270;271;280;281;282;283;284;285;286;287;288;289;290;291;292;293;294;295;296;305;306;307;308;309;310;311;312;313;314;315;316;317;318;319;320;321;330;331;332;333;334;335;336;337;338;339;340;341;342;343;344;345;346;355;356;357;358;359;360;361;362;363;364;365;366;367;368;369;370;371;380;381;382;383;384;385;386;387;388;389;390;391;392;393;394;395;396;405;406;407;408;409;410;411;412;413;414;415;416;417;418;419;420;421;430;431;432;433;434;435;436;437;438;439;440;441;442;443;444;445;446;455;456;457;458;459;460;461;462;463;464;465;466;467;468;469;470;471;480;481;482;483;484;485;486;487;488;489;490;491;492;493;494;495;496
3.instancia_dura,24,8,8,310.0,nan,nan,20,318,318,314,18.684566020965576,20;29;30;31;32;33;34;35;36;37;38;39;40;41;42;43;44;45;54;55;56;57;58;59;60;61;62;63;64;65;66;67;68;69;70;79;80;81;82;83;84;85;86;87;88;89;90;91;92;93;94;95;104;105;106;107;108;109;110;111;112;113;114;115;116;117;118;119;120;129;130;131;132;133;134;135;136;137;138;139;140;141;142;143;144;145;154;155;156;157;158;159;160;161;162;163;164;165;166;167;168;169;170;179;180;181;182;183;184;185;186;187;188;189;190;191;192;193;194;195;204;205;206;207;208;209;210;211;212;213;223;232;233;234;235;236;237;238;239;240;241;242;243;244;245;246;247;248;257;258;259;260;261;262;263;264;265;266;267;268;269;270;271;272;273;282;283;284;285;286;287;288;289;290;291;292;293;294;295;296;297;298;307;308;309;310;311;312;313;314;315;316;317;318;319;320;321;322;323;332;333;334;335;336;337;338;339;340;341;342;343;344;345;346;347;348;357;358;359;360;361;362;363;364;365;366;367;368;369;370;371;372;373;382;383;384;385;386;387;388;389;390;391;392;393;394;395;396;397;398;407;408;409;410;411;412;413;414;415;416;417;418;419;420;421;422;423;432;433;434;435;436;437;438;439;440;441;442;443;444;445;446;447;448;457;458;459;460;461;462;463;464;465;466;467;468;469;470;471;472;473;482;483;484;485;486;487;488;489;490;491;492;493;494;495;496;497;498
3.instancia_dura,24,9,9,308.0,nan,nan,19,315,315,301,18.706167221069336,11;12;13;22;23;24;25;26;27;28;29;30;54;63;64;65;66;67;68;69;70;71;72;73;74;75;76;77;78;79;88;89;90;91;92;93;94;95;96;97;98;99;100;101;102;103;104;113;114;115;116;117;118;119;120;121;122;123;124;125;126;127;128;129;138;139;140;141;142;143;144;145;146;147;148;149;150;151;152;153;154;163;164;165;166;167;168;169;170;171;172;173;174;175;176;177;178;179;188;189;190;191;192;193;194;195;196;197;198;199;200;201;202;203;204;213;214;215;216;217;218;219;220;221;222;223;224;225;226;227;228;229;238;239;240;241;242;243;244;245;246;247;248;249;250;251;252;253;254;263;264;265;266;267;268;269;270;271;272;273;274;275;276;277;278;279;288;289;290;291;292;293;294;295;296;297;298;299;300;301;302;303;304;313;314;315;316;317;318;319;320;321;322;323;324;325;326;327;328;329;338;339;340;341;342;343;344;345;346;347;348;349;350;351;352;353;354;363;364;365;366;367;368;369;370;371;372;373;374;375;376;377;378;379;388;389;390;391;392;393;394;395;396;397;398;399;400;401;402;403;404;413;414;415;416;417;418;419;420;421;422;423;424;425;426;427;428;429;438;439;440;441;442;443;444;445;446;447;448;449;450;451;452;453;454;463;464;465;466;467;468;469;470;471;472;473;474;475;476;477;478;479;488;489;490;491;492;493;494;495;496;497;498;499;500
3.instancia_dura,24,10,10,310.0,nan,nan,20,303,303,298,17.88068199157715,11;20;21;22;32;33;34;35;36;45;46;47;48;49;50;51;52;53;54;55;56;57;58;59;60;61;70;71;72;73;74;75;76;77;78;79;80;81;82;83;84;85;86;95;96;97;98;99;100;101;102;103;104;105;106;107;108;109;110;111;120;121;122;123;124;125;126;127;128;129;130;131;132;133;134;135;136;145;146;147;157;158;159;160;161;170;171;172;173;174;175;176;177;178;179;180;181;182;183;184;185;186;195;196;197;198;199;200;201;202;203;204;205;206;207;208;209;210;211;220;221;222;223;224;225;226;227;228;229;230;231;232;233;234;235;236;245;246;247;248;249;250;251;252;253;254;255;256;257;258;259;260;261;270;271;272;273;274;275;276;277;278;279;280;281;282;283;284;285;286;295;296;297;298;299;300;301;302;303;304;305;306;307;308;309;310;311;320;321;322;323;324;325;326;327;328;329;330;331;332;333;334;335;336;345;346;347;348;349;350;351;352;353;354;355;356;357;358;359;360;361;370;371;372;373;374;375;376;377;378;379;380;381;382;383;384;385;386;395;396;397;398;399;400;401;402;403;404;405;406;407;408;409;410;411;420;421;422;423;424;425;426;427;428;429;430;431;432;433;434;435;436;445;446;447;448;449;450;451;452;453;454;455;456;457;458;459;460;461;470;471;472;473;474;475;476;477;478;479;480;481;491;500
3.instancia_dura,24,11,11,298.0,nan,nan,20,306,306,285,18.257840871810913,11;20;21;22;23;24;25;26;27;28;29;30;31;32;33;34;35;36;45;46;47;48;49;50;51;52;53;54;55;56;57;58;59;60;61;70;71;72;73;74;75;76;77;78;79;80;81;82;83;84;85;86;95;96;97;98;99;100;101;102;103;104;105;106;107;108;109;110;111;120;121;122;123;124;125;126;127;128;129;130;131;132;133;134;135;136;149;150;151;152;153;154;155;156;157;158;159;160;161;162;163;172;173;174;175;176;177;178;179;180;181;182;183;184;185;186;187;188;197;198;210;211;212;213;222;223;224;225;226;227;228;229;230;231;232;233;234;235;236;237;238;247;248;249;250;251;252;253;254;255;256;257;258;259;260;261;262;263;272;273;274;275;276;277;278;279;280;281;282;283;284;285;286;287;288;297;298;299;300;301;302;303;304;305;306;307;308;309;310;311;312;313;322;323;324;325;326;327;328;329;330;331;332;333;334;335;336;337;338;347;348;349;350;351;352;353;354;355;365;374;375;376;377;378;379;380;381;382;383;384;385;386;387;388;389;390;399;400;401;402;403;404;405;406;407;408;409;410;411;412;413;414;415;424;425;426;427;428;429;430;431;432;433;434;435;436;437;438;439;440;449;450;451;452;453;454;455;456;457;458;459;460;461;462;463;464;465;474;475;476;477;478;479;480;481;482;483;484;485;486;487;488;489;490;499;500
3.instancia_dura,24,12,12,314.0,nan,nan,20,329,329,326,19.34749698638916,12;21;22;23;24;25;26;27;28;29;30;31;32;33;34;35;36;37;46;47;48;49;50;51;52;53;54;55;56;57;58;59;60;61;62;71;72;73;74;75;76;77;78;79;80;81;82;83;84;85;86;87;96;97;98;99;100;101;102;103;104;105;106;107;108;109;110;111;112;121;122;123;124;125;126;127;128;129;130;131;132;133;134;135;136;137;146;147;148;149;150;151;152;153;154;155;156;157;158;159;160;161;162;171;172;173;174;175;176;177;178;179;180;181;182;183;184;185;186;187;196;197;198;199;200;201;202;203;204;205;206;207;208;209;210;211;212;221;222;223;224;225;226;227;228;229;230;231;232;233;234;235;236;237;246;247;248;249;250;251;252;253;254;255;256;257;258;259;260;261;262;271;272;273;274;275;276;277;278;279;280;281;282;283;284;285;286;287;296;297;298;299;300;301;302;303;304;305;306;307;308;309;310;311;312;321;322;323;324;325;326;327;328;329;330;331;332;333;334;335;336;337;346;347;348;349;350;351;352;353;354;355;356;357;358;359;360;361;362;371;372;373;374;375;376;377;378;379;380;381;382;383;384;385;386;387;396;397;398;399;400;401;402;403;404;405;406;407;408;409;410;411;412;421;422;423;424;425;426;427;428;429;430;431;432;433;434;435;436;437;446;447;448;449;450;451;452;453;454;455;456;457;458;459;460;461;462;471;472;473;474;475;476;477;478;479;480;481;482;483;484;485;486;487;496;497;498;499;500
3.instancia_dura,24,13,13,315.0,nan,nan,20,324,324,316,19.01375102996826,17;26;27;28;29;30;31;32;33;34;35;36;37;38;39;40;41;42;51;52;53;54;55;56;57;58;59;60;61;62;63;64;65;66;67;76;77;78;79;80;81;82;83;84;85;86;87;88;89;90;91;92;101;102;103;104;105;106;107;108;109;110;111;112;113;114;115;116;117;126;127;128;129;130;131;132;133;134;135;136;137;138;139;140;141;142;151;152;153;154;155;156;157;158;159;160;161;162;163;164;165;166;167;176;177;178;179;180;181;182;183;184;185;186;187;188;189;190;191;192;201;202;203;204;205;206;207;208;209;210;211;212;213;214;215;216;217;226;227;228;229;230;231;232;233;234;235;236;237;238;239;240;241;242;251;252;253;254;255;256;257;258;259;260;261;262;263;264;265;266;267;276;277;278;279;280;281;282;283;284;285;286;287;288;289;290;291;292;301;302;303;304;305;306;307;308;309;310;311;312;313;314;315;316;317;326;327;328;329;330;331;332;333;334;335;336;337;338;339;340;341;342;351;352;353;354;355;356;357;358;359;360;361;362;363;364;365;366;367;376;377;378;379;380;381;382;383;384;385;386;387;388;389;390;391;392;401;402;403;404;405;406;407;408;409;410;411;412;413;414;415;416;417;426;427;428;429;430;431;432;433;434;435;436;437;438;439;440;441;442;451;452;453;454;455;456;457;458;459;460;461;462;463;464;465;466;467;476;477;478;479;480;481;482;483;484;485;486;487;488;489;490;491;492
3.instancia_dura,24,14,14,309.0,nan,nan,20,312,312,306,18.503082036972046,10;19;20;21;22;23;24;25;26;27;28;29;30;31;32;33;34;35;44;45;46;47;48;49;50;51;52;53;54;55;56;57;58;59;60;69;79;80;81;82;83;84;85;94;95;96;97;98;99;100;101;102;103;104;105;106;107;108;109;110;119;120;121;122;123;124;125;126;127;128;129;130;131;132;133;134;135;145;146;147;148;149;150;151;152;153;154;155;156;157;158;159;160;169;170;171;172;173;174;175;176;177;178;179;180;181;182;183;184;185;194;195;196;197;198;199;200;201;202;203;204;205;206;207;208;209;210;219;220;221;222;223;224;225;226;227;228;229;230;231;232;233;234;235;244;245;246;247;248;249;250;251;252;253;254;255;256;257;258;259;260;269;270;271;272;273;274;275;276;277;278;279;280;281;282;283;284;285;294;295;296;297;298;299;300;301;302;303;304;305;306;307;308;309;310;319;320;321;322;323;324;334;335;344;345;346;347;348;349;350;351;352;353;354;355;356;357;358;359;360;369;370;371;372;373;374;375;376;377;378;379;380;381;382;383;384;385;394;395;396;397;398;399;400;401;402;403;404;405;406;407;408;409;410;419;420;421;422;423;424;425;426;427;428;429;430;431;432;433;434;435;444;445;446;447;448;449;450;451;452;453;454;455;456;457;458;459;460;469;470;471;472;473;474;475;476;477;478;479;480;481;482;483;484;485;494;495;496;497;498;499;500
3.instancia_dura,24,15,15,307.0,nan,nan,20,313,313,313,18.742018938064575,14;23;24;25;26;27;28;29;30;31;32;33;34;35;36;37;38;39;48;49;50;51;52;53;54;55;56;57;58;59;60;61;62;63;64;73;74;75;76;77;78;79;80;81;82;83;84;85;86;87;88;89;98;99;100;101;102;103;104;105;106;107;108;109;110;111;121;130;131;132;133;134;144;145;146;155;156;157;158;159;160;161;162;163;164;165;166;167;168;169;170;171;180;181;182;183;184;185;186;187;188;189;190;191;192;193;194;195;196;205;206;207;208;209;210;211;212;213;214;215;216;217;218;219;220;221;230;231;232;233;234;235;236;237;238;239;240;241;242;243;244;245;246;255;256;257;258;259;260;261;262;263;264;265;266;267;268;269;270;271;280;281;282;283;284;285;286;287;288;289;290;291;292;293;294;295;296;305;306;307;308;309;310;311;312;313;314;315;316;317;318;319;320;321;330;331;332;333;334;335;336;337;338;339;340;341;342;343;344;345;346;355;356;357;358;359;360;361;362;363;364;365;366;367;368;369;370;371;380;381;382;383;384;385;386;387;388;389;390;391;392;393;394;395;396;405;406;407;408;409;410;411;412;413;414;415;416;417;418;419;420;421;430;431;432;433;434;435;436;437;438;439;440;441;442;443;444;445;446;455;456;457;458;459;460;461;462;463;464;465;466;467;468;469;470;471;480;481;482;483;484;485;486;487;488;489;490;491;492;493;494;495;496
3.instancia_dura,24,16,16,312.0,nan,nan,20,319,319,312,18.73576021194458,20;29;30;31;32;33;34;35;36;37;38;39;40;41;42;43;44;45;54;55;56;57;58;59;60;61;62;63;64;65;66;67;68;69;70;79;80;81;82;83;84;85;86;87;88;89;90;91;92;93;94;95;104;105;106;107;108;109;110;111;112;113;114;115;116;117;118;119;120;134;135;136;137;138;139;140;141;142;143;144;145;154;155;156;157;158;159;160;161;162;163;164;165;166;167;168;169;170;179;180;181;182;183;184;185;186;187;188;189;190;191;192;193;194;195;204;205;206;207;208;209;210;211;212;213;214;215;216;217;218;219;220;229;230;231;232;233;234;235;236;237;238;239;240;241;242;243;244;245;254;255;256;257;258;259;260;261;262;263;264;265;266;267;268;269;270;279;280;281;282;283;284;285;286;287;288;289;290;291;292;293;294;295;304;305;306;307;308;309;310;311;312;313;314;315;316;317;318;319;320;329;330;331;332;333;334;335;336;337;338;339;340;341;342;343;344;345;354;355;356;357;358;359;360;361;362;363;364;365;366;367;368;369;370;379;380;381;382;383;384;385;386;387;388;389;390;391;392;393;394;395;404;405;406;407;408;409;410;411;412;413;414;415;416;417;418;419;420;429;430;431;432;433;434;435;436;437;438;439;440;441;442;443;444;445;454;455;456;457;458;459;460;461;462;463;464;465;466;467;468;469;470;479;480;481;482;483;484;485;486;487;488;489;490;491;492;493;494;495
3.instancia_dura,24,17,17,310.0,nan,nan,20,321,321,314,19.08248782157898,11;20;21;22;23;24;25;26;27;28;29;30;31;32;33;34;35;36;54;55;56;57;58;59;60;61;70;71;72;73;74;75;76;77;78;79;80;81;82;83;84;85;86;95;96;97;98;99;100;101;102;103;104;105;106;107;108;109;110;111;120;121;122;123;124;125;126;127;128;129;130;131;132;133;134;135;136;145;146;147;148;149;150;151;152;153;154;155;156;157;158;159;160;161;170;171;172;173;174;175;176;177;178;179;180;181;182;183;184;185;186;195;196;197;198;199;200;201;202;203;204;205;206;207;208;209;210;211;220;221;222;223;224;225;226;227;228;229;230;231;232;233;234;235;236;245;246;247;248;249;250;251;252;253;254;255;256;257;258;259;260;261;270;271;272;273;274;275;276;277;278;279;280;281;282;283;284;285;286;295;296;297;298;299;300;301;302;303;304;305;306;307;308;309;310;311;320;321;322;323;324;325;326;327;328;329;330;331;332;333;334;335;336;345;346;347;348;349;350;351;352;353;354;355;356;357;358;359;360;361;370;371;372;373;374;375;376;377;378;379;380;381;382;383;384;385;386;395;396;397;398;399;400;401;402;403;404;405;406;407;408;409;410;411;420;421;422;423;424;425;426;427;428;429;430;431;432;433;434;435;436;445;446;447;448;449;450;451;452;453;454;455;456;457;458;459;460;461;470;471;472;473;474;475;476;477;478;479;480;481;482;483;484;485;486;495;496;497;498;499;500
3.instancia_dura,24,18,18,314.0,nan,nan,20,312,312,284,18.28398323059082,10;26;27;28;29;30;31;32;33;34;35;44;45;46;47;48;49;50;51;52;53;54;55;56;57;58;59;60;69;70;71;72;73;74;75;76;77;78;88;97;98;99;100;101;102;103;104;105;106;107;108;109;110;111;112;113;122;123;124;125;126;127;128;129;130;131;132;133;134;135;136;137;138;147;148;149;150;151;152;153;154;155;156;157;158;159;160;161;162;163;172;173;174;175;176;177;178;179;180;181;182;183;184;185;186;187;188;197;198;199;200;201;202;203;204;205;206;207;208;209;210;211;212;213;222;223;224;225;226;227;228;229;230;231;232;233;234;235;236;237;238;247;248;249;250;251;252;253;254;255;256;257;258;259;260;261;262;263;272;273;274;275;276;277;278;279;280;281;282;283;284;285;286;287;288;297;298;299;300;301;302;303;304;305;306;307;308;309;310;311;312;313;322;323;324;325;326;327;328;329;330;331;332;333;334;335;336;337;338;347;348;349;350;351;352;353;354;355;356;357;358;359;360;361;362;363;372;373;374;375;376;377;378;379;380;381;382;383;384;385;386;387;388;389;398;399;400;401;402;403;404;405;406;407;408;409;410;411;412;413;414;423;424;425;426;427;428;429;430;431;432;433;434;435;436;437;438;439;448;449;450;451;452;453;454;455;456;457;458;459;460;461;462;463;464;473;474;475;476;477;478;479;480;481;482;483;484;485;486;487;488;489
3.instancia_dura,24,19,19,309.0,nan,nan,20,316,316,309,18.71628212928772,18;37;38;39;40;41;42;43;44;53;54;55;56;57;58;59;60;61;62;63;64;65;66;67;68;69;70;79;80;81;82;83;84;85;86;87;88;89;90;91;92;93;94;95;104;105;106;107;108;109;110;111;112;113;114;115;116;117;118;119;120;129;130;131;132;133;134;135;136;137;138;139;140;141;142;143;144;145;154;155;156;157;158;159;160;161;162;163;164;165;166;167;168;169;170;179;180;181;182;183;184;185;186;187;188;189;190;191;192;193;194;195;204;205;206;207;208;209;210;211;212;213;214;215;216;217;218;219;220;229;230;231;232;233;234;235;236;237;238;239;240;241;242;243;244;245;254;255;256;257;258;259;260;261;262;263;264;265;266;267;268;269;270;279;280;281;282;283;284;285;286;287;288;289;290;291;292;293;294;295;304;305;306;307;308;309;310;311;312;313;314;315;316;317;318;319;320;329;330;331;332;333;334;335;336;337;338;339;340;341;342;343;344;345;354;355;356;357;358;359;360;361;362;363;364;365;366;367;368;369;370;379;380;381;382;383;384;385;386;387;388;389;390;391;392;393;394;395;404;405;406;407;408;409;410;411;412;413;414;415;416;417;418;419;420;429;430;431;432;433;434;435;436;437;438;439;440;441;442;443;444;445;454;455;456;457;458;459;460;461;462;463;464;465;466;467;468;469;470;479;480;481;482;483;484;485;486;487;488;489;490;491;492;493;494;495
3.instancia_dura,24,20,20,311.0,nan,nan,20,319,319,307,18.89227795600891,13;22;23;24;25;26;27;28;29;30;40;49;50;51;52;53;54;55;56;57;58;59;60;61;62;63;64;65;66;75;76;77;78;79;80;81;82;83;84;85;86;87;88;89;90;91;100;101;102;103;104;105;106;107;108;109;110;111;112;113;114;115;116;125;126;127;128;129;130;131;132;133;134;135;136;137;138;139;140;141;150;151;152;153;154;155;156;157;158;159;160;161;162;163;164;165;166;175;176;177;178;179;180;181;182;183;184;185;186;187;188;189;190;191;200;201;202;203;204;205;206;207;208;209;210;211;212;213;214;215;216;225;226;227;228;229;230;231;232;233;234;235;236;237;238;239;240;241;250;251;252;253;254;255;256;257;258;259;260;261;262;263;264;265;266;275;276;277;278;279;280;281;282;283;284;285;286;287;288;289;290;291;300;301;302;303;304;305;306;307;308;309;310;311;312;313;314;315;316;325;326;327;328;329;330;331;332;333;334;335;336;337;338;339;340;341;350;351;352;353;354;355;356;357;358;359;360;361;362;363;364;365;366;375;376;377;378;379;380;381;382;383;384;385;386;387;388;389;390;391;400;401;402;403;404;405;406;407;408;409;410;411;412;413;414;415;416;425;426;427;428;429;430;431;432;433;434;435;436;437;438;439;440;441;450;451;452;453;454;455;456;457;458;459;460;461;462;463;464;465;466;475;476;477;478;479;480;481;482;483;484;485;486;487;488;489;490;491;500
3.instancia_dura,24,21,21,311.0,nan,nan,19,305,305,257,18.32186794281006,18;27;28;29;30;31;32;33;34;35;36;37;38;39;40;41;42;43;52;53;54;55;56;57;75;84;85;86;87;88;89;90;91;92;93;94;95;96;97;98;99;100;101;102;103;112;113;114;115;116;117;118;119;120;121;122;123;124;125;126;127;128;129;138;139;140;141;142;143;144;145;146;147;148;149;150;151;152;153;154;163;164;165;166;167;168;169;170;171;172;173;174;175;176;177;178;179;188;189;190;191;192;193;194;195;196;197;198;199;200;201;202;203;204;205;214;215;216;217;218;219;220;221;222;223;224;225;226;227;228;229;230;239;240;241;242;243;244;245;246;247;248;249;250;251;252;253;254;255;264;265;266;267;268;269;270;271;272;273;274;275;276;277;278;279;280;289;290;291;292;293;294;304;305;314;315;316;317;318;319;320;321;322;323;324;325;326;327;328;329;330;339;340;341;342;343;344;345;346;347;348;349;350;351;352;353;354;355;364;365;366;367;368;369;370;371;372;373;374;375;376;377;378;379;380;389;390;391;392;393;394;395;396;397;398;399;400;401;402;403;404;405;414;415;416;417;418;419;420;421;422;423;424;425;426;427;428;429;430;439;440;441;442;443;444;445;446;447;448;449;450;451;452;453;454;455;464;465;466;467;468;469;470;471;472;473;474;475;476;477;478;479;480;489;490;491;492;493;494;495;496;497;498;499;500
3.instancia_dura,24,22,22,311.0,nan,nan,20,329,329,324,19.47971510887146,12;21;22;23;24;25;26;27;28;29;30;31;32;33;34;35;36;37;46;47;48;49;50;51;52;53;54;55;56;57;58;59;60;61;62;71;72;73;74;75;76;77;78;79;80;81;82;83;84;85;86;87;96;97;98;99;100;101;102;103;104;105;106;107;108;109;110;111;112;121;122;123;124;125;126;127;128;129;130;131;132;133;134;135;136;137;146;147;148;149;150;151;152;153;154;155;156;157;158;159;160;161;162;171;172;173;174;175;176;177;178;179;180;181;182;183;184;185;186;187;196;197;198;199;200;201;202;203;204;205;206;207;208;209;210;211;212;221;222;223;224;225;226;227;228;229;230;231;232;233;234;235;236;237;246;247;248;249;250;251;252;253;254;255;256;257;258;259;260;261;262;271;272;273;274;275;276;277;278;279;280;281;282;283;284;285;286;287;296;297;298;299;300;301;302;303;304;305;306;307;308;309;310;311;312;321;322;323;324;325;326;327;328;329;330;331;332;333;334;335;336;337;346;347;348;349;350;351;352;353;354;355;356;357;358;359;360;361;362;371;372;373;374;375;376;377;378;379;380;381;382;383;384;385;386;387;396;397;398;399;400;401;402;403;404;405;406;407;408;409;410;411;412;421;422;423;424;425;426;427;428;429;430;431;432;433;434;435;436;437;446;447;448;449;450;451;452;453;454;455;456;457;458;459;460;461;462;471;472;473;474;475;476;477;478;479;480;481;482;483;484;485;486;487;496;497;498;499;500
3.instancia_dura,24,23,23,308.0,nan,nan,20,331,331,329,19.851452112197876,10;19;20;21;22;23;24;25;26;27;28;29;30;31;32;33;34;35;44;45;46;47;48;49;50;51;52;53;54;55;56;57;58;59;60;69;70;71;72;73;74;75;76;77;78;79;80;81;82;83;84;85;94;95;96;97;98;99;100;101;102;103;104;105;106;107;108;109;110;119;120;121;122;123;124;125;126;127;128;129;130;131;132;133;134;135;144;145;146;147;148;149;150;151;152;153;154;155;156;157;158;159;160;169;170;171;172;173;174;175;176;177;178;179;180;181;182;183;184;185;194;195;196;197;198;199;200;201;202;203;204;205;206;207;208;209;210;219;220;221;222;223;224;225;226;227;228;229;230;231;232;233;234;235;244;245;246;247;248;249;250;251;252;253;254;255;256;257;258;259;260;269;270;271;272;273;274;275;276;277;278;279;280;281;282;283;284;285;294;295;296;297;298;299;300;301;302;303;304;305;306;307;308;309;310;319;320;321;322;323;324;325;326;327;328;329;330;331;332;333;334;335;344;345;346;347;348;349;350;351;352;353;354;355;356;357;358;359;360;369;370;371;372;373;374;375;376;377;378;379;380;381;382;383;384;385;394;395;396;397;398;399;400;401;402;403;404;405;406;407;408;409;410;419;420;421;422;423;424;425;426;427;428;429;430;431;432;433;434;435;444;445;446;447;448;449;450;451;452;453;454;455;456;457;458;459;460;469;470;471;472;473;474;475;476;477;478;479;480;481;482;483;484;485;494;495;496;497;498;499;500
3.instancia_dura,24,24,24,305.0,nan,nan,20,315,315,302,18.796447277069092,18;27;28;29;30;31;32;33;34;35;36;37;38;39;40;41;42;43;44;45;54;55;56;57;58;59;60;61;62;63;64;65;66;67;68;69;70;79;80;81;82;83;84;85;86;87;88;89;90;91;92;93;94;95;104;105;106;107;108;109;110;111;112;113;114;115;116;117;118;119;120;129;130;131;132;133;134;135;136;137;138;139;140;141;142;143;144;145;154;155;156;157;158;159;160;161;162;163;164;165;166;167;168;169;170;179;180;181;182;183;184;185;186;187;188;189;190;191;192;193;194;195;204;205;206;207;208;209;210;211;212;213;214;215;216;217;218;219;220;229;230;231;232;233;234;235;236;237;238;239;240;241;242;243;244;245;254;255;256;257;258;259;260;261;262;263;264;265;266;267;268;269;270;279;280;281;282;283;284;285;286;287;288;289;290;291;292;293;294;295;304;305;306;307;308;309;310;311;312;313;314;315;316;317;318;319;320;329;330;331;332;333;334;335;336;337;338;339;340;341;342;343;344;345;354;355;356;357;358;359;360;361;362;363;364;365;366;367;368;369;370;379;380;381;382;383;384;385;386;387;388;389;390;391;392;393;394;395;404;405;406;407;408;409;410;411;412;413;414;415;416;417;418;419;420;429;430;431;432;433;448;457;458;459;460;461;462;463;464;465;466;467;468;469;470;471;472;473;482;483;484;485;486;487;488;489;490;491;492;493;494;495;496;497;498
3.instancia_dura,24,25,25,312.0,nan,nan,19,309,309,309,18.332345008850098,12;21;22;23;24;25;26;27;28;29;30;31;32;33;34;35;36;37;46;47;48;49;50;51;52;53;54;55;56;57;58;59;60;61;62;71;72;73;74;75;76;77;78;79;80;81;82;83;84;85;86;87;96;97;98;99;100;101;102;103;104;105;116;125;126;127;128;129;130;131;132;133;134;135;136;137;138;139;140;141;150;151;152;153;154;155;156;157;158;159;169;178;179;180;181;182;183;184;185;186;187;188;189;190;191;192;193;194;203;204;205;206;207;208;209;210;211;212;213;214;215;216;217;218;219;228;229;230;231;232;233;234;235;236;237;238;239;240;241;242;243;244;253;254;255;256;257;258;259;260;261;262;263;264;265;266;267;268;269;278;279;280;281;282;283;284;285;286;287;288;289;290;291;292;302;311;312;313;314;315;316;317;318;319;320;321;322;323;324;325;326;327;336;337;338;339;340;341;342;343;344;345;346;347;348;349;350;351;352;361;362;363;364;365;366;367;368;369;370;371;372;373;374;375;376;377;386;387;388;389;390;391;392;393;394;395;396;397;398;399;400;401;402;411;412;413;414;415;416;417;418;419;420;421;422;423;424;425;426;427;436;437;438;439;440;441;442;443;444;445;446;447;448;449;450;451;452;461;462;463;464;465;466;467;468;469;470;471;472;473;474;475;476;477;486;487;488;489;490;491;492;493;494;495;496;497;498;499;500
3.instancia_dura,24,26,26,314.0,nan,nan,20,317,317,313,18.687652111053467,11;25;26;27;28;29;30;31;32;33;34;35;36;53;54;55;56;57;58;59;60;61;70;71;72;73;74;75;76;77;78;79;80;81;82;83;84;85;86;95;96;97;98;99;100;101;102;103;104;105;106;107;108;109;110;111;120;121;122;123;124;125;126;127;128;129;130;131;132;133;134;135;136;145;146;147;148;149;150;151;152;153;154;155;156;157;158;159;160;161;170;171;172;173;174;175;176;177;178;179;180;181;182;183;184;185;186;195;196;197;198;199;200;201;202;203;204;205;206;207;208;209;210;211;220;221;222;223;224;225;226;227;228;229;230;231;232;233;234;235;236;245;246;247;248;249;250;251;252;253;254;255;256;257;258;259;260;261;270;271;272;273;274;275;276;277;278;279;280;281;282;283;284;285;286;295;296;297;298;299;300;301;302;303;304;305;306;307;308;309;310;311;320;321;322;323;324;325;326;327;328;329;330;331;332;333;334;335;336;345;346;347;348;349;350;351;352;353;354;355;356;357;358;359;360;361;370;371;372;373;374;375;376;377;378;379;380;381;382;383;384;385;386;395;396;397;398;399;400;401;402;403;404;405;406;407;408;409;410;411;420;421;422;423;424;425;426;427;428;429;430;431;432;433;434;435;436;445;446;447;448;449;450;451;452;453;454;455;456;457;458;459;460;461;470;471;472;473;474;475;476;477;478;479;480;481;482;483;484;485;486;495;496;497;498;499;500
3.instancia_dura,24,27,27,313.0,nan,nan,20,324,324,319,19.218671798706055,14;23;24;25;26;27;28;29;30;31;32;33;34;35;36;37;38;39;48;49;50;51;52;53;54;55;56;57;58;59;60;61;62;63;64;73;74;75;76;77;78;79;80;81;82;83;84;85;86;87;88;89;98;99;100;101;102;103;104;105;106;107;108;109;110;111;112;113;114;123;124;125;126;127;128;129;130;131;132;133;134;135;136;137;138;139;148;149;150;151;152;153;154;155;156;157;158;159;160;161;162;163;164;173;174;175;176;177;178;179;180;181;182;183;184;185;186;187;188;189;198;199;200;201;202;203;204;205;206;207;208;209;210;211;212;213;223;232;233;234;235;236;237;238;239;240;241;242;243;244;245;246;247;248;257;258;259;260;261;262;263;264;265;266;267;268;269;270;271;272;273;282;283;284;285;286;287;288;289;290;291;292;293;294;295;296;297;298;307;308;309;310;311;312;313;314;315;316;317;318;319;320;321;322;323;332;333;334;335;336;337;338;339;340;341;342;343;344;345;346;347;348;357;358;359;360;361;362;363;364;365;366;367;368;369;370;371;372;373;382;383;384;385;386;387;388;389;390;391;392;393;394;395;396;397;398;407;408;409;410;411;412;413;414;415;416;417;418;419;420;421;422;423;432;433;434;435;436;437;438;439;440;441;442;443;444;445;446;447;448;457;458;459;460;461;462;463;464;465;466;467;468;469;470;471;472;473;482;483;484;485;486;487;488;489;490;491;492;493;494;495;496;497;498
3.instancia_dura,24,28,28,312.0,nan,nan,20,319,319,317,18.780611991882324,16;25;26;27;28;29;30;31;32;33;34;35;36;37;38;39;40;41;50;51;52;53;54;55;56;57;58;59;60;61;62;63;64;65;66;75;76;77;78;79;80;81;82;83;84;85;86;87;88;89;90;91;100;101;102;103;104;105;106;107;108;109;110;111;112;113;114;115;116;125;126;127;128;129;130;131;132;133;134;135;136;137;138;139;140;141;150;151;152;153;154;155;156;157;158;159;160;161;162;163;164;165;166;175;176;177;178;179;180;181;182;183;184;185;186;187;188;189;190;191;200;201;202;203;204;205;206;207;208;209;210;211;212;213;214;215;216;225;226;227;228;229;230;231;232;233;234;235;236;237;238;239;240;241;250;251;252;253;254;255;256;257;258;259;260;270;279;280;281;282;283;284;285;286;287;288;289;290;291;292;293;294;295;304;305;306;307;308;309;310;311;312;313;314;315;316;317;318;319;320;329;330;331;332;333;334;335;336;337;338;339;340;341;342;343;344;345;354;355;356;357;358;359;360;361;362;363;364;365;366;367;368;369;370;379;380;381;382;383;384;385;386;387;388;389;390;391;392;393;394;395;404;405;406;407;408;409;410;411;412;413;414;415;416;417;418;419;420;429;430;431;432;433;434;435;436;437;438;439;440;441;442;443;444;445;454;455;456;457;458;459;460;461;462;463;464;465;466;467;468;469;470;479;480;481;482;483;484;485;486;487;488;489;490;491;492;493;494;495
3.instancia_dura,24,29,29,309.0,nan,nan,20,326,326,318,19.247878074645996,15;16;25;26;27;28;29;30;31;32;33;34;35;36;37;38;39;40;41;50;51;52;53;54;55;56;57;58;59;60;61;62;63;64;65;66;75;76;77;78;79;80;81;82;83;84;85;86;87;88;89;90;91;100;101;102;103;104;105;106;107;108;109;110;111;112;113;114;115;116;125;126;127;128;129;130;131;132;133;134;135;136;137;138;139;140;141;150;151;152;153;154;155;156;157;158;159;160;161;162;163;164;165;166;175;176;177;178;179;180;181;182;183;184;185;186;187;188;189;190;191;200;201;202;203;204;205;206;207;208;209;210;211;212;213;214;215;216;217;226;227;228;229;230;231;232;233;234;235;236;237;238;239;240;241;242;251;252;253;254;255;256;257;258;259;260;261;262;263;264;265;266;267;276;277;278;279;280;281;282;283;284;285;286;287;288;289;290;291;292;301;302;303;304;305;306;307;308;309;310;311;312;313;314;315;316;317;326;327;328;329;330;331;332;333;334;335;336;337;338;339;340;341;342;351;352;353;354;355;356;357;358;359;360;361;362;363;364;365;366;367;376;377;378;379;380;381;382;383;384;385;386;387;388;389;390;391;392;401;402;403;404;405;406;407;408;409;410;411;412;413;414;415;416;417;426;427;428;429;430;431;432;433;434;435;436;437;438;439;440;441;442;451;452;453;454;455;456;457;458;459;460;461;462;463;464;465;466;467;476;477;478;479;480;481;482;483;484;485;486;487;488;489;490;491;492
3.instancia_dura,24,30,30,310.0,nan,nan,20,328,328,324,19.442590951919556,13;22;23;24;25;26;27;28;29;30;31;32;33;34;35;36;37;38;47;48;49;50;51;52;53;54;55;56;57;58;59;60;61;62;63;72;73;74;75;76;77;78;79;80;81;82;83;84;85;86;87;88;97;98;99;100;101;102;103;104;105;106;107;108;109;110;111;112;113;122;123;124;125;126;127;128;129;130;131;132;133;134;135;136;137;138;147;148;149;150;151;152;153;154;155;156;157;158;159;160;161;162;163;172;173;174;175;176;177;178;179;180;181;182;183;184;185;186;187;188;197;198;199;200;201;202;203;204;205;206;207;208;209;210;211;212;213;222;223;224;225;226;227;228;229;230;231;232;233;234;235;236;237;238;247;248;249;250;251;252;253;254;255;256;257;258;259;260;261;262;263;272;273;274;275;276;277;278;279;280;281;282;283;284;285;286;287;288;297;298;299;300;301;302;303;304;305;306;307;308;309;310;311;312;313;322;323;324;325;326;327;328;329;330;331;332;333;334;335;336;337;338;347;348;349;350;351;352;353;354;355;356;357;358;359;360;361;362;363;372;373;374;375;376;377;378;379;380;381;382;383;384;385;386;387;388;397;398;399;400;401;402;403;404;405;406;407;408;409;410;411;412;413;422;423;424;425;426;427;428;429;430;431;432;433;434;435;436;437;438;447;448;449;450;451;452;453;454;455;456;457;458;459;460;461;462;463;472;473;474;475;476;477;478;479;480;481;482;483;484;485;486;487;488;497;498;499;500
4.instancia_very_large_500_hubs,500,1,1,55839.0,nan,nan,20,326,326,305,2577.4477519989014,10;11;21;30;31;32;33;34;35;36;37;38;39;40;41;42;43;44;45;46;55;56;57;58;59;60;61;62;63;64;65;66;67;68;69;70;71;80;81;82;83;84;85;86;87;88;89;90;91;92;93;94;95;96;105;106;107;108;109;110;111;112;113;114;115;116;117;118;119;120;121;130;131;132;133;134;135;136;137;138;139;140;141;142;143;144;145;146;155;156;157;158;159;160;161;162;163;164;165;166;167;168;169;170;171;180;181;182;183;184;185;186;187;188;189;190;191;192;193;194;195;196;205;206;207;208;209;210;211;212;213;214;215;216;217;218;219;220;221;230;231;232;233;234;235;236;237;238;239;240;241;242;243;244;245;246;255;256;257;258;259;260;261;262;263;264;265;266;267;268;269;270;271;280;281;282;283;284;285;286;287;288;289;290;291;292;293;294;295;296;305;306;307;308;309;310;311;312;313;314;315;316;317;318;319;320;321;330;331;332;333;334;335;336;337;338;339;340;341;342;343;344;345;346;355;356;357;358;359;360;361;362;363;364;365;366;367;368;369;370;371;380;381;382;383;384;385;386;387;388;389;390;391;392;393;394;395;396;405;406;407;408;409;410;411;412;413;414;415;416;417;418;419;420;421;430;431;432;433;434;435;436;437;438;439;440;441;442;443;444;445;446;455;456;457;458;459;460;461;462;463;464;465;466;467;468;469;470;471;480;481;482;483;484;485;486;487;488;489;490;491;492;493;494;495;496
4.instancia_very_large_500_hubs,500,2,2,1000000000.0,nan,nan,0,491,491,0,3639.1178629398346,10;11;12;13;14;15;16;17;18;19;20;21;22;23;24;25;26;27;28;29;30;31;32;33;34;35;36;37;38;39;40;41;42;43;44;45;46;47;48;49;50;51;52;53;54;55;56;57;58;59;60;61;62;63;64;65;66;67;68;69;70;71;72;73;74;75;76;77;78;79;80;81;82;83;84;85;86;87;88;89;90;91;92;93;94;95;96;97;98;99;100;101;102;103;104;105;106;107;108;109;110;111;112;113;114;115;116;117;118;119;120;121;122;123;124;125;126;127;128;129;130;131;132;133;134;135;136;137;138;139;140;141;142;143;144;145;146;147;148;149;150;151;152;153;154;155;156;157;158;159;160;161;162;163;164;165;166;167;168;169;170;171;172;173;174;175;176;177;178;179;180;181;182;183;184;185;186;187;188;189;190;191;192;193;194;195;196;197;198;199;200;201;202;203;204;205;206;207;208;209;210;211;212;213;214;215;216;217;218;219;220;221;222;223;224;225;226;227;228;229;230;231;232;233;234;235;236;237;238;239;240;241;242;243;244;245;246;247;248;249;250;251;252;253;254;255;256;257;258;259;260;261;262;263;264;265;266;267;268;269;270;271;272;273;274;275;276;277;278;279;280;281;282;283;284;285;286;287;288;289;290;291;292;293;294;295;296;297;298;299;300;301;302;303;304;305;306;307;308;309;310;311;312;313;314;315;316;317;318;319;320;321;322;323;324;325;326;327;328;329;330;331;332;333;334;335;336;337;338;339;340;341;342;343;344;345;346;347;348;349;350;351;352;353;354;355;356;357;358;359;360;361;362;363;364;365;366;367;368;369;370;371;372;373;374;375;376;377;378;379;380;381;382;383;384;385;386;387;388;389;390;391;392;393;394;395;396;397;398;399;400;401;402;403;404;405;406;407;408;409;410;411;412;413;414;415;416;417;418;419;420;421;422;423;424;425;426;427;428;429;430;431;432;433;434;435;436;437;438;439;440;441;442;443;444;445;446;447;448;449;450;451;452;453;454;455;456;457;458;459;460;461;462;463;464;465;466;467;468;469;470;471;472;473;474;475;476;477;478;479;480;481;482;483;484;485;486;487;488;489;490;491;492;493;494;495;496;497;498;499;500
4.instancia_very_large_500_hubs,500,3,3,1000000000.0,nan,nan,0,491,491,0,3642.299059867859,10;11;12;13;14;15;16;17;18;19;20;21;22;23;24;25;26;27;28;29;30;31;32;33;34;35;36;37;38;39;40;41;42;43;44;45;46;47;48;49;50;51;52;53;54;55;56;57;58;59;60;61;62;63;64;65;66;67;68;69;70;71;72;73;74;75;76;77;78;79;80;81;82;83;84;85;86;87;88;89;90;91;92;93;94;95;96;97;98;99;100;101;102;103;104;105;106;107;108;109;110;111;112;113;114;115;116;117;118;119;120;121;122;123;124;125;126;127;128;129;130;131;132;133;134;135;136;137;138;139;140;141;142;143;144;145;146;147;148;149;150;151;152;153;154;155;156;157;158;159;160;161;162;163;164;165;166;167;168;169;170;171;172;173;174;175;176;177;178;179;180;181;182;183;184;185;186;187;188;189;190;191;192;193;194;195;196;197;198;199;200;201;202;203;204;205;206;207;208;209;210;211;212;213;214;215;216;217;218;219;220;221;222;223;224;225;226;227;228;229;230;231;232;233;234;235;236;237;238;239;240;241;242;243;244;245;246;247;248;249;250;251;252;253;254;255;256;257;258;259;260;261;262;263;264;265;266;267;268;269;270;271;272;273;274;275;276;277;278;279;280;281;282;283;284;285;286;287;288;289;290;291;292;293;294;295;296;297;298;299;300;301;302;303;304;305;306;307;308;309;310;311;312;313;314;315;316;317;318;319;320;321;322;323;324;325;326;327;328;329;330;331;332;333;334;335;336;337;338;339;340;341;342;343;344;345;346;347;348;349;350;351;352;353;354;355;356;357;358;359;360;361;362;363;364;365;366;367;368;369;370;371;372;373;374;375;376;377;378;379;380;381;382;383;384;385;386;387;388;389;390;391;392;393;394;395;396;397;398;399;400;401;402;403;404;405;406;407;408;409;410;411;412;413;414;415;416;417;418;419;420;421;422;423;424;425;426;427;428;429;430;431;432;433;434;435;436;437;438;439;440;441;442;443;444;445;446;447;448;449;450;451;452;453;454;455;456;457;458;459;460;461;462;463;464;465;466;467;468;469;470;471;472;473;474;475;476;477;478;479;480;481;482;483;484;485;486;487;488;489;490;491;492;493;494;495;496;497;498;499;500
4.instancia_very_large_500_hubs,500,4,4,1000000000.0,nan,nan,0,491,491,0,3638.7770841121674,10;11;12;13;14;15;16;17;18;19;20;21;22;23;24;25;26;27;28;29;30;31;32;33;34;35;36;37;38;39;40;41;42;43;44;45;46;47;48;49;50;51;52;53;54;55;56;57;58;59;60;61;62;63;64;65;66;67;68;69;70;71;72;73;74;75;76;77;78;79;80;81;82;83;84;85;86;87;88;89;90;91;92;93;94;95;96;97;98;99;100;101;102;103;104;105;106;107;108;109;110;111;112;113;114;115;116;117;118;119;120;121;122;123;124;125;126;127;128;129;130;131;132;133;134;135;136;137;138;139;140;141;142;143;144;145;146;147;148;149;150;151;152;153;154;155;156;157;158;159;160;161;162;163;164;165;166;167;168;169;170;171;172;173;174;175;176;177;178;179;180;181;182;183;184;185;186;187;188;189;190;191;192;193;194;195;196;197;198;199;200;201;202;203;204;205;206;207;208;209;210;211;212;213;214;215;216;217;218;219;220;221;222;223;224;225;226;227;228;229;230;231;232;233;234;235;236;237;238;239;240;241;242;243;244;245;246;247;248;249;250;251;252;253;254;255;256;257;258;259;260;261;262;263;264;265;266;267;268;269;270;271;272;273;274;275;276;277;278;279;280;281;282;283;284;285;286;287;288;289;290;291;292;293;294;295;296;297;298;299;300;301;302;303;304;305;306;307;308;309;310;311;312;313;314;315;316;317;318;319;320;321;322;323;324;325;326;327;328;329;330;331;332;333;334;335;336;337;338;339;340;341;342;343;344;345;346;347;348;349;350;351;352;353;354;355;356;357;358;359;360;361;362;363;364;365;366;367;368;369;370;371;372;373;374;375;376;377;378;379;380;381;382;383;384;385;386;387;388;389;390;391;392;393;394;395;396;397;398;399;400;401;402;403;404;405;406;407;408;409;410;411;412;413;414;415;416;417;418;419;420;421;422;423;424;425;426;427;428;429;430;431;432;433;434;435;436;437;438;439;440;441;442;443;444;445;446;447;448;449;450;451;452;453;454;455;456;457;458;459;460;461;462;463;464;465;466;467;468;469;470;471;472;473;474;475;476;477;478;479;480;481;482;483;484;485;486;487;488;489;490;491;492;493;494;495;496;497;498;499;500
4.instancia_very_large_500_hubs,500,5,5,1000000000.0,nan,nan,0,491,491,0,3643.1237959861755,10;11;12;13;14;15;16;17;18;19;20;21;22;23;24;25;26;27;28;29;30;31;32;33;34;35;36;37;38;39;40;41;42;43;44;45;46;47;48;49;50;51;52;53;54;55;56;57;58;59;60;61;62;63;64;65;66;67;68;69;70;71;72;73;74;75;76;77;78;79;80;81;82;83;84;85;86;87;88;89;90;91;92;93;94;95;96;97;98;99;100;101;102;103;104;105;106;107;108;109;110;111;112;113;114;115;116;117;118;119;120;121;122;123;124;125;126;127;128;129;130;131;132;133;134;135;136;137;138;139;140;141;142;143;144;145;146;147;148;149;150;151;152;153;154;155;156;157;158;159;160;161;162;163;164;165;166;167;168;169;170;171;172;173;174;175;176;177;178;179;180;181;182;183;184;185;186;187;188;189;190;191;192;193;194;195;196;197;198;199;200;201;202;203;204;205;206;207;208;209;210;211;212;213;214;215;216;217;218;219;220;221;222;223;224;225;226;227;228;229;230;231;232;233;234;235;236;237;238;239;240;241;242;243;244;245;246;247;248;249;250;251;252;253;254;255;256;257;258;259;260;261;262;263;264;265;266;267;268;269;270;271;272;273;274;275;276;277;278;279;280;281;282;283;284;285;286;287;288;289;290;291;292;293;294;295;296;297;298;299;300;301;302;303;304;305;306;307;308;309;310;311;312;313;314;315;316;317;318;319;320;321;322;323;324;325;326;327;328;329;330;331;332;333;334;335;336;337;338;339;340;341;342;343;344;345;346;347;348;349;350;351;352;353;354;355;356;357;358;359;360;361;362;363;364;365;366;367;368;369;370;371;372;373;374;375;376;377;378;379;380;381;382;383;384;385;386;387;388;389;390;391;392;393;394;395;396;397;398;399;400;401;402;403;404;405;406;407;408;409;410;411;412;413;414;415;416;417;418;419;420;421;422;423;424;425;426;427;428;429;430;431;432;433;434;435;436;437;438;439;440;441;442;443;444;445;446;447;448;449;450;451;452;453;454;455;456;457;458;459;460;461;462;463;464;465;466;467;468;469;470;471;472;473;474;475;476;477;478;479;480;481;482;483;484;485;486;487;488;489;490;491;492;493;494;495;496;497;498;499;500
4.instancia_very_large_500_hubs,500,6,6,1000000000.0,nan,nan,0,491,491,0,3639.779282808304,10;11;12;13;14;15;16;17;18;19;20;21;22;23;24;25;26;27;28;29;30;31;32;33;34;35;36;37;38;39;40;41;42;43;44;45;46;47;48;49;50;51;52;53;54;55;56;57;58;59;60;61;62;63;64;65;66;67;68;69;70;71;72;73;74;75;76;77;78;79;80;81;82;83;84;85;86;87;88;89;90;91;92;93;94;95;96;97;98;99;100;101;102;103;104;105;106;107;108;109;110;111;112;113;114;115;116;117;118;119;120;121;122;123;124;125;126;127;128;129;130;131;132;133;134;135;136;137;138;139;140;141;142;143;144;145;146;147;148;149;150;151;152;153;154;155;156;157;158;159;160;161;162;163;164;165;166;167;168;169;170;171;172;173;174;175;176;177;178;179;180;181;182;183;184;185;186;187;188;189;190;191;192;193;194;195;196;197;198;199;200;201;202;203;204;205;206;207;208;209;210;211;212;213;214;215;216;217;218;219;220;221;222;223;224;225;226;227;228;229;230;231;232;233;234;235;236;237;238;239;240;241;242;243;244;245;246;247;248;249;250;251;252;253;254;255;256;257;258;259;260;261;262;263;264;265;266;267;268;269;270;271;272;273;274;275;276;277;278;279;280;281;282;283;284;285;286;287;288;289;290;291;292;293;294;295;296;297;298;299;300;301;302;303;304;305;306;307;308;309;310;311;312;313;314;315;316;317;318;319;320;321;322;323;324;325;326;327;328;329;330;331;332;333;334;335;336;337;338;339;340;341;342;343;344;345;346;347;348;349;350;351;352;353;354;355;356;357;358;359;360;361;362;363;364;365;366;367;368;369;370;371;372;373;374;375;376;377;378;379;380;381;382;383;384;385;386;387;388;389;390;391;392;393;394;395;396;397;398;399;400;401;402;403;404;405;406;407;408;409;410;411;412;413;414;415;416;417;418;419;420;421;422;423;424;425;426;427;428;429;430;431;432;433;434;435;436;437;438;439;440;441;442;443;444;445;446;447;448;449;450;451;452;453;454;455;456;457;458;459;460;461;462;463;464;465;466;467;468;469;470;471;472;473;474;475;476;477;478;479;480;481;482;483;484;485;486;487;488;489;490;491;492;493;494;495;496;497;498;499;500
4.instancia_very_large_500_hubs,500,7,7,55839.0,nan,nan,20,328,328,309,2594.663328886032,13;22;23;24;25;26;27;28;29;30;31;32;33;34;35;36;37;38;47;48;49;50;51;52;53;54;55;56;57;58;59;60;61;62;63;72;73;74;75;76;77;78;79;80;81;82;83;84;85;86;87;88;97;98;99;100;101;102;103;104;105;106;107;108;109;110;111;112;113;122;123;124;125;126;127;128;129;130;131;132;133;134;135;136;137;138;147;148;149;150;151;152;153;154;155;156;157;158;159;160;161;162;163;172;173;174;175;176;177;178;179;180;181;182;183;184;185;186;187;188;197;198;199;200;201;202;203;204;205;206;207;208;209;210;211;212;213;222;223;224;225;226;227;228;229;230;231;232;233;234;235;236;237;238;239;248;249;250;251;252;253;254;255;256;257;258;259;260;261;262;263;264;273;274;275;276;277;278;279;280;281;282;283;284;285;286;287;288;289;298;299;300;301;302;303;304;305;306;307;308;309;310;311;312;313;314;323;324;325;326;327;328;329;330;331;332;333;334;335;336;337;338;339;348;349;350;351;352;353;354;355;356;357;358;359;360;361;362;363;364;373;374;375;376;377;378;379;380;381;382;383;384;385;386;387;388;389;398;399;400;401;402;403;404;405;406;407;408;409;410;411;412;413;414;423;424;425;426;427;428;429;430;431;432;433;434;435;436;437;438;439;448;449;450;451;452;453;454;455;456;457;458;459;460;461;462;463;464;473;474;475;476;477;478;479;480;481;482;483;484;485;486;487;488;489;498;499;500
4.instancia_very_large_500_hubs,500,8,8,1000000000.0,nan,nan,0,491,491,0,3656.9902110099792,10;11;12;13;14;15;16;17;18;19;20;21;22;23;24;25;26;27;28;29;30;31;32;33;34;35;36;37;38;39;40;41;42;43;44;45;46;47;48;49;50;51;52;53;54;55;56;57;58;59;60;61;62;63;64;65;66;67;68;69;70;71;72;73;74;75;76;77;78;79;80;81;82;83;84;85;86;87;88;89;90;91;92;93;94;95;96;97;98;99;100;101;102;103;104;105;106;107;108;109;110;111;112;113;114;115;116;117;118;119;120;121;122;123;124;125;126;127;128;129;130;131;132;133;134;135;136;137;138;139;140;141;142;143;144;145;146;147;148;149;150;151;152;153;154;155;156;157;158;159;160;161;162;163;164;165;166;167;168;169;170;171;172;173;174;175;176;177;178;179;180;181;182;183;184;185;186;187;188;189;190;191;192;193;194;195;196;197;198;199;200;201;202;203;204;205;206;207;208;209;210;211;212;213;214;215;216;217;218;219;220;221;222;223;224;225;226;227;228;229;230;231;232;233;234;235;236;237;238;239;240;241;242;243;244;245;246;247;248;249;250;251;252;253;254;255;256;257;258;259;260;261;262;263;264;265;266;267;268;269;270;271;272;273;274;275;276;277;278;279;280;281;282;283;284;285;286;287;288;289;290;291;292;293;294;295;296;297;298;299;300;301;302;303;304;305;306;307;308;309;310;311;312;313;314;315;316;317;318;319;320;321;322;323;324;325;326;327;328;329;330;331;332;333;334;335;336;337;338;339;340;341;342;343;344;345;346;347;348;349;350;351;352;353;354;355;356;357;358;359;360;361;362;363;364;365;366;367;368;369;370;371;372;373;374;375;376;377;378;379;380;381;382;383;384;385;386;387;388;389;390;391;392;393;394;395;396;397;398;399;400;401;402;403;404;405;406;407;408;409;410;411;412;413;414;415;416;417;418;419;420;421;422;423;424;425;426;427;428;429;430;431;432;433;434;435;436;437;438;439;440;441;442;443;444;445;446;447;448;449;450;451;452;453;454;455;456;457;458;459;460;461;462;463;464;465;466;467;468;469;470;471;472;473;474;475;476;477;478;479;480;481;482;483;484;485;486;487;488;489;490;491;492;493;494;495;496;497;498;499;500
4.instancia_very_large_500_hubs,500,9,9,55839.0,nan,nan,19,330,330,298,2606.695863008499,10;11;12;13;14;15;16;26;35;36;37;38;39;40;41;42;43;44;45;46;47;48;49;50;51;60;61;62;63;64;65;66;67;68;69;70;71;72;73;74;75;76;85;86;87;88;89;90;91;92;93;94;95;96;97;98;99;100;101;110;111;112;113;114;115;116;117;118;119;120;121;122;123;124;125;126;135;136;137;138;139;140;141;142;143;144;145;146;147;148;149;150;151;160;161;162;163;164;165;166;167;168;169;170;171;172;173;174;175;176;185;186;187;188;189;190;191;192;193;194;195;196;197;198;199;200;201;210;211;212;213;214;215;216;217;218;219;220;221;222;223;224;225;226;235;236;237;238;239;240;241;242;243;244;245;246;247;248;249;250;251;260;261;262;263;264;265;266;267;268;269;270;271;272;273;274;275;276;277;286;287;288;289;290;291;292;293;294;295;296;297;298;299;300;301;302;311;312;313;314;315;316;317;318;319;320;321;322;323;324;325;326;327;336;337;338;339;340;341;342;343;344;345;346;347;348;349;350;351;352;361;362;363;364;365;366;367;368;369;370;371;372;373;374;375;376;377;386;387;388;389;390;391;392;393;394;395;396;397;398;399;400;401;402;411;412;413;414;415;416;417;418;419;420;421;422;423;424;425;426;427;436;437;438;439;440;441;442;443;444;445;446;447;448;449;450;451;452;461;462;463;464;465;466;467;468;469;470;471;472;473;474;475;476;477;486;487;488;489;490;491;492;493;494;495;496;497;498;499;500
4.instancia_very_large_500_hubs,500,10,10,1000000000.0,nan,nan,0,491,491,0,3641.9441080093384,10;11;12;13;14;15;16;17;18;19;20;21;22;23;24;25;26;27;28;29;30;31;32;33;34;35;36;37;38;39;40;41;42;43;44;45;46;47;48;49;50;51;52;53;54;55;56;57;58;59;60;61;62;63;64;65;66;67;68;69;70;71;72;73;74;75;76;77;78;79;80;81;82;83;84;85;86;87;88;89;90;91;92;93;94;95;96;97;98;99;100;101;102;103;104;105;106;107;108;109;110;111;112;113;114;115;116;117;118;119;120;121;122;123;124;125;126;127;128;129;130;131;132;133;134;135;136;137;138;139;140;141;142;143;144;145;146;147;148;149;150;151;152;153;154;155;156;157;158;159;160;161;162;163;164;165;166;167;168;169;170;171;172;173;174;175;176;177;178;179;180;181;182;183;184;185;186;187;188;189;190;191;192;193;194;195;196;197;198;199;200;201;202;203;204;205;206;207;208;209;210;211;212;213;214;215;216;217;218;219;220;221;222;223;224;225;226;227;228;229;230;231;232;233;234;235;236;237;238;239;240;241;242;243;244;245;246;247;248;249;250;251;252;253;254;255;256;257;258;259;260;261;262;263;264;265;266;267;268;269;270;271;272;273;274;275;276;277;278;279;280;281;282;283;284;285;286;287;288;289;290;291;292;293;294;295;296;297;298;299;300;301;302;303;304;305;306;307;308;309;310;311;312;313;314;315;316;317;318;319;320;321;322;323;324;325;326;327;328;329;330;331;332;333;334;335;336;337;338;339;340;341;342;343;344;345;346;347;348;349;350;351;352;353;354;355;356;357;358;359;360;361;362;363;364;365;366;367;368;369;370;371;372;373;374;375;376;377;378;379;380;381;382;383;384;385;386;387;388;389;390;391;392;393;394;395;396;397;398;399;400;401;402;403;404;405;406;407;408;409;410;411;412;413;414;415;416;417;418;419;420;421;422;423;424;425;426;427;428;429;430;431;432;433;434;435;436;437;438;439;440;441;442;443;444;445;446;447;448;449;450;451;452;453;454;455;456;457;458;459;460;461;462;463;464;465;466;467;468;469;470;471;472;473;474;475;476;477;478;479;480;481;482;483;484;485;486;487;488;489;490;491;492;493;494;495;496;497;498;499;500
4.instancia_very_large_500_hubs,500,11,11,1000000000.0,nan,nan,0,491,491,0,3643.0230000019073,10;11;12;13;14;15;16;17;18;19;20;21;22;23;24;25;26;27;28;29;30;31;32;33;34;35;36;37;38;39;40;41;42;43;44;45;46;47;48;49;50;51;52;53;54;55;56;57;58;59;60;61;62;63;64;65;66;67;68;69;70;71;72;73;74;75;76;77;78;79;80;81;82;83;84;85;86;87;88;89;90;91;92;93;94;95;96;97;98;99;100;101;102;103;104;105;106;107;108;109;110;111;112;113;114;115;116;117;118;119;120;121;122;123;124;125;126;127;128;129;130;131;132;133;134;135;136;137;138;139;140;141;142;143;144;145;146;147;148;149;150;151;152;153;154;155;156;157;158;159;160;161;162;163;164;165;166;167;168;169;170;171;172;173;174;175;176;177;178;179;180;181;182;183;184;185;186;187;188;189;190;191;192;193;194;195;196;197;198;199;200;201;202;203;204;205;206;207;208;209;210;211;212;213;214;215;216;217;218;219;220;221;222;223;224;225;226;227;228;229;230;231;232;233;234;235;236;237;238;239;240;241;242;243;244;245;246;247;248;249;250;251;252;253;254;255;256;257;258;259;260;261;262;263;264;265;266;267;268;269;270;271;272;273;274;275;276;277;278;279;280;281;282;283;284;285;286;287;288;289;290;291;292;293;294;295;296;297;298;299;300;301;302;303;304;305;306;307;308;309;310;311;312;313;314;315;316;317;318;319;320;321;322;323;324;325;326;327;328;329;330;331;332;333;334;335;336;337;338;339;340;341;342;343;344;345;346;347;348;349;350;351;352;353;354;355;356;357;358;359;360;361;362;363;364;365;366;367;368;369;370;371;372;373;374;375;376;377;378;379;380;381;382;383;384;385;386;387;388;389;390;391;392;393;394;395;396;397;398;399;400;401;402;403;404;405;406;407;408;409;410;411;412;413;414;415;416;417;418;419;420;421;422;423;424;425;426;427;428;429;430;431;432;433;434;435;436;437;438;439;440;441;442;443;444;445;446;447;448;449;450;451;452;453;454;455;456;457;458;459;460;461;462;463;464;465;466;467;468;469;470;471;472;473;474;475;476;477;478;479;480;481;482;483;484;485;486;487;488;489;490;491;492;493;494;495;496;497;498;499;500
4.instancia_very_large_500_hubs,500,12,12,55839.0,nan,nan,19,334,334,292,2628.640332221985,10;11;12;13;14;15;16;17;18;19;20;21;22;23;24;25;26;27;28;29;30;31;32;33;34;35;36;46;55;56;57;58;59;60;61;62;63;64;65;66;67;68;69;70;71;80;81;82;83;84;85;86;87;88;89;90;91;92;93;94;95;96;105;106;107;108;109;110;111;112;113;114;115;116;117;118;119;120;121;130;131;132;133;134;135;136;137;138;139;140;141;142;143;144;145;146;155;156;157;158;159;160;161;162;163;164;165;166;167;168;169;170;171;180;181;182;183;184;185;186;187;188;189;190;191;192;193;194;195;196;205;206;207;208;209;210;211;212;213;214;215;216;217;218;219;220;221;230;231;232;233;234;235;236;237;238;239;240;241;242;243;244;245;246;255;256;257;258;259;260;261;262;263;264;265;266;267;268;269;270;271;280;281;282;283;284;285;286;287;288;289;290;291;292;293;294;295;296;305;306;307;308;309;310;311;312;313;314;315;316;317;318;319;320;321;330;331;332;333;334;335;336;337;338;339;340;341;342;343;344;345;346;355;356;357;358;359;360;361;362;363;364;365;366;367;368;369;370;371;380;381;382;383;384;385;386;387;388;389;390;391;392;393;394;395;396;405;406;407;408;409;410;411;412;413;414;415;416;417;418;419;420;421;430;431;432;433;434;435;436;437;438;439;440;441;442;443;444;445;446;455;456;457;458;459;460;461;462;463;464;465;466;467;468;469;470;471;480;481;482;483;484;485;486;487;488;489;490;491;492;493;494;495;496
4.instancia_very_large_500_hubs,500,13,13,1000000000.0,nan,nan,0,491,491,0,3642.862601995468,10;11;12;13;14;15;16;17;18;19;20;21;22;23;24;25;26;27;28;29;30;31;32;33;34;35;36;37;38;39;40;41;42;43;44;45;46;47;48;49;50;51;52;53;54;55;56;57;58;59;60;61;62;63;64;65;66;67;68;69;70;71;72;73;74;75;76;77;78;79;80;81;82;83;84;85;86;87;88;89;90;91;92;93;94;95;96;97;98;99;100;101;102;103;104;105;106;107;108;109;110;111;112;113;114;115;116;117;118;119;120;121;122;123;124;125;126;127;128;129;130;131;132;133;134;135;136;137;138;139;140;141;142;143;144;145;146;147;148;149;150;151;152;153;154;155;156;157;158;159;160;161;162;163;164;165;166;167;168;169;170;171;172;173;174;175;176;177;178;179;180;181;182;183;184;185;186;187;188;189;190;191;192;193;194;195;196;197;198;199;200;201;202;203;204;205;206;207;208;209;210;211;212;213;214;215;216;217;218;219;220;221;222;223;224;225;226;227;228;229;230;231;232;233;234;235;236;237;238;239;240;241;242;243;244;245;246;247;248;249;250;251;252;253;254;255;256;257;258;259;260;261;262;263;264;265;266;267;268;269;270;271;272;273;274;275;276;277;278;279;280;281;282;283;284;285;286;287;288;289;290;291;292;293;294;295;296;297;298;299;300;301;302;303;304;305;306;307;308;309;310;311;312;313;314;315;316;317;318;319;320;321;322;323;324;325;326;327;328;329;330;331;332;333;334;335;336;337;338;339;340;341;342;343;344;345;346;347;348;349;350;351;352;353;354;355;356;357;358;359;360;361;362;363;364;365;366;367;368;369;370;371;372;373;374;375;376;377;378;379;380;381;382;383;384;385;386;387;388;389;390;391;392;393;394;395;396;397;398;399;400;401;402;403;404;405;406;407;408;409;410;411;412;413;414;415;416;417;418;419;420;421;422;423;424;425;426;427;428;429;430;431;432;433;434;435;436;437;438;439;440;441;442;443;444;445;446;447;448;449;450;451;452;453;454;455;456;457;458;459;460;461;462;463;464;465;466;467;468;469;470;471;472;473;474;475;476;477;478;479;480;481;482;483;484;485;486;487;488;489;490;491;492;493;494;495;496;497;498;499;500
4.instancia_very_large_500_hubs,500,14,14,55823.0,nan,nan,18,334,334,253,2629.5387330055237,10;11;12;13;14;15;16;17;18;19;20;21;22;23;24;25;26;27;28;29;30;31;32;33;34;35;36;37;38;39;40;41;51;64;65;66;67;68;69;70;71;72;73;74;75;76;85;86;87;88;89;90;91;92;93;94;95;96;97;98;99;100;101;110;111;112;113;114;115;116;117;118;119;120;121;122;123;124;125;126;135;136;137;138;139;140;141;142;143;144;145;146;147;148;149;150;151;160;161;162;163;164;165;166;167;168;169;170;171;172;173;174;175;176;185;186;187;188;189;190;191;192;193;194;195;196;197;198;199;200;201;210;211;212;213;214;215;216;217;218;219;220;221;222;223;224;225;226;235;236;237;238;239;240;241;242;243;244;245;246;247;248;249;250;251;260;261;262;263;264;265;266;267;268;269;270;271;272;273;274;275;276;285;286;287;288;289;290;291;292;293;294;295;296;297;298;299;300;301;310;311;312;313;314;315;316;317;318;319;320;321;322;323;324;325;326;335;336;337;338;339;340;341;342;343;344;345;346;347;348;349;350;351;360;361;362;363;364;365;366;367;368;369;370;371;372;373;374;375;376;377;386;387;388;389;390;391;392;393;394;395;396;397;398;399;400;401;402;403;412;413;414;415;416;417;418;419;420;421;422;423;424;425;426;427;428;437;438;439;440;441;442;443;444;445;446;447;448;449;450;451;452;453;454;463;464;465;466;467;468;469;470;471;472;473;474;475;476;477;478;479;488;489;490;491;492;493;494;495;496;497;498;499;500
4.instancia_very_large_500_hubs,500,15,15,1000000000.0,nan,nan,0,491,491,0,3644.957442998886,10;11;12;13;14;15;16;17;18;19;20;21;22;23;24;25;26;27;28;29;30;31;32;33;34;35;36;37;38;39;40;41;42;43;44;45;46;47;48;49;50;51;52;53;54;55;56;57;58;59;60;61;62;63;64;65;66;67;68;69;70;71;72;73;74;75;76;77;78;79;80;81;82;83;84;85;86;87;88;89;90;91;92;93;94;95;96;97;98;99;100;101;102;103;104;105;106;107;108;109;110;111;112;113;114;115;116;117;118;119;120;121;122;123;124;125;126;127;128;129;130;131;132;133;134;135;136;137;138;139;140;141;142;143;144;145;146;147;148;149;150;151;152;153;154;155;156;157;158;159;160;161;162;163;164;165;166;167;168;169;170;171;172;173;174;175;176;177;178;179;180;181;182;183;184;185;186;187;188;189;190;191;192;193;194;195;196;197;198;199;200;201;202;203;204;205;206;207;208;209;210;211;212;213;214;215;216;217;218;219;220;221;222;223;224;225;226;227;228;229;230;231;232;233;234;235;236;237;238;239;240;241;242;243;244;245;246;247;248;249;250;251;252;253;254;255;256;257;258;259;260;261;262;263;264;265;266;267;268;269;270;271;272;273;274;275;276;277;278;279;280;281;282;283;284;285;286;287;288;289;290;291;292;293;294;295;296;297;298;299;300;301;302;303;304;305;306;307;308;309;310;311;312;313;314;315;316;317;318;319;320;321;322;323;324;325;326;327;328;329;330;331;332;333;334;335;336;337;338;339;340;341;342;343;344;345;346;347;348;349;350;351;352;353;354;355;356;357;358;359;360;361;362;363;364;365;366;367;368;369;370;371;372;373;374;375;376;377;378;379;380;381;382;383;384;385;386;387;388;389;390;391;392;393;394;395;396;397;398;399;400;401;402;403;404;405;406;407;408;409;410;411;412;413;414;415;416;417;418;419;420;421;422;423;424;425;426;427;428;429;430;431;432;433;434;435;436;437;438;439;440;441;442;443;444;445;446;447;448;449;450;451;452;453;454;455;456;457;458;459;460;461;462;463;464;465;466;467;468;469;470;471;472;473;474;475;476;477;478;479;480;481;482;483;484;485;486;487;488;489;490;491;492;493;494;495;496;497;498;499;500
4.instancia_very_large_500_hubs,500,16,16,1000000000.0,nan,nan,0,491,491,0,3641.7171437740326,10;11;12;13;14;15;16;17;18;19;20;21;22;23;24;25;26;27;28;29;30;31;32;33;34;35;36;37;38;39;40;41;42;43;44;45;46;47;48;49;50;51;52;53;54;55;56;57;58;59;60;61;62;63;64;65;66;67;68;69;70;71;72;73;74;75;76;77;78;79;80;81;82;83;84;85;86;87;88;89;90;91;92;93;94;95;96;97;98;99;100;101;102;103;104;105;106;107;108;109;110;111;112;113;114;115;116;117;118;119;120;121;122;123;124;125;126;127;128;129;130;131;132;133;134;135;136;137;138;139;140;141;142;143;144;145;146;147;148;149;150;151;152;153;154;155;156;157;158;159;160;161;162;163;164;165;166;167;168;169;170;171;172;173;174;175;176;177;178;179;180;181;182;183;184;185;186;187;188;189;190;191;192;193;194;195;196;197;198;199;200;201;202;203;204;205;206;207;208;209;210;211;212;213;214;215;216;217;218;219;220;221;222;223;224;225;226;227;228;229;230;231;232;233;234;235;236;237;238;239;240;241;242;243;244;245;246;247;248;249;250;251;252;253;254;255;256;257;258;259;260;261;262;263;264;265;266;267;268;269;270;271;272;273;274;275;276;277;278;279;280;281;282;283;284;285;286;287;288;289;290;291;292;293;294;295;296;297;298;299;300;301;302;303;304;305;306;307;308;309;310;311;312;313;314;315;316;317;318;319;320;321;322;323;324;325;326;327;328;329;330;331;332;333;334;335;336;337;338;339;340;341;342;343;344;345;346;347;348;349;350;351;352;353;354;355;356;357;358;359;360;361;362;363;364;365;366;367;368;369;370;371;372;373;374;375;376;377;378;379;380;381;382;383;384;385;386;387;388;389;390;391;392;393;394;395;396;397;398;399;400;401;402;403;404;405;406;407;408;409;410;411;412;413;414;415;416;417;418;419;420;421;422;423;424;425;426;427;428;429;430;431;432;433;434;435;436;437;438;439;440;441;442;443;444;445;446;447;448;449;450;451;452;453;454;455;456;457;458;459;460;461;462;463;464;465;466;467;468;469;470;471;472;473;474;475;476;477;478;479;480;481;482;483;484;485;486;487;488;489;490;491;492;493;494;495;496;497;498;499;500
4.instancia_very_large_500_hubs,500,17,17,1000000000.0,nan,nan,0,491,491,0,3640.8670411109924,10;11;12;13;14;15;16;17;18;19;20;21;22;23;24;25;26;27;28;29;30;31;32;33;34;35;36;37;38;39;40;41;42;43;44;45;46;47;48;49;50;51;52;53;54;55;56;57;58;59;60;61;62;63;64;65;66;67;68;69;70;71;72;73;74;75;76;77;78;79;80;81;82;83;84;85;86;87;88;89;90;91;92;93;94;95;96;97;98;99;100;101;102;103;104;105;106;107;108;109;110;111;112;113;114;115;116;117;118;119;120;121;122;123;124;125;126;127;128;129;130;131;132;133;134;135;136;137;138;139;140;141;142;143;144;145;146;147;148;149;150;151;152;153;154;155;156;157;158;159;160;161;162;163;164;165;166;167;168;169;170;171;172;173;174;175;176;177;178;179;180;181;182;183;184;185;186;187;188;189;190;191;192;193;194;195;196;197;198;199;200;201;202;203;204;205;206;207;208;209;210;211;212;213;214;215;216;217;218;219;220;221;222;223;224;225;226;227;228;229;230;231;232;233;234;235;236;237;238;239;240;241;242;243;244;245;246;247;248;249;250;251;252;253;254;255;256;257;258;259;260;261;262;263;264;265;266;267;268;269;270;271;272;273;274;275;276;277;278;279;280;281;282;283;284;285;286;287;288;289;290;291;292;293;294;295;296;297;298;299;300;301;302;303;304;305;306;307;308;309;310;311;312;313;314;315;316;317;318;319;320;321;322;323;324;325;326;327;328;329;330;331;332;333;334;335;336;337;338;339;340;341;342;343;344;345;346;347;348;349;350;351;352;353;354;355;356;357;358;359;360;361;362;363;364;365;366;367;368;369;370;371;372;373;374;375;376;377;378;379;380;381;382;383;384;385;386;387;388;389;390;391;392;393;394;395;396;397;398;399;400;401;402;403;404;405;406;407;408;409;410;411;412;413;414;415;416;417;418;419;420;421;422;423;424;425;426;427;428;429;430;431;432;433;434;435;436;437;438;439;440;441;442;443;444;445;446;447;448;449;450;451;452;453;454;455;456;457;458;459;460;461;462;463;464;465;466;467;468;469;470;471;472;473;474;475;476;477;478;479;480;481;482;483;484;485;486;487;488;489;490;491;492;493;494;495;496;497;498;499;500
4.instancia_very_large_500_hubs,500,18,18,1000000000.0,nan,nan,0,491,491,0,3652.4715819358826,10;11;12;13;14;15;16;17;18;19;20;21;22;23;24;25;26;27;28;29;30;31;32;33;34;35;36;37;38;39;40;41;42;43;44;45;46;47;48;49;50;51;52;53;54;55;56;57;58;59;60;61;62;63;64;65;66;67;68;69;70;71;72;73;74;75;76;77;78;79;80;81;82;83;84;85;86;87;88;89;90;91;92;93;94;95;96;97;98;99;100;101;102;103;104;105;106;107;108;109;110;111;112;113;114;115;116;117;118;119;120;121;122;123;124;125;126;127;128;129;130;131;132;133;134;135;136;137;138;139;140;141;142;143;144;145;146;147;148;149;150;151;152;153;154;155;156;157;158;159;160;161;162;163;164;165;166;167;168;169;170;171;172;173;174;175;176;177;178;179;180;181;182;183;184;185;186;187;188;189;190;191;192;193;194;195;196;197;198;199;200;201;202;203;204;205;206;207;208;209;210;211;212;213;214;215;216;217;218;219;220;221;222;223;224;225;226;227;228;229;230;231;232;233;234;235;236;237;238;239;240;241;242;243;244;245;246;247;248;249;250;251;252;253;254;255;256;257;258;259;260;261;262;263;264;265;266;267;268;269;270;271;272;273;274;275;276;277;278;279;280;281;282;283;284;285;286;287;288;289;290;291;292;293;294;295;296;297;298;299;300;301;302;303;304;305;306;307;308;309;310;311;312;313;314;315;316;317;318;319;320;321;322;323;324;325;326;327;328;329;330;331;332;333;334;335;336;337;338;339;340;341;342;343;344;345;346;347;348;349;350;351;352;353;354;355;356;357;358;359;360;361;362;363;364;365;366;367;368;369;370;371;372;373;374;375;376;377;378;379;380;381;382;383;384;385;386;387;388;389;390;391;392;393;394;395;396;397;398;399;400;401;402;403;404;405;406;407;408;409;410;411;412;413;414;415;416;417;418;419;420;421;422;423;424;425;426;427;428;429;430;431;432;433;434;435;436;437;438;439;440;441;442;443;444;445;446;447;448;449;450;451;452;453;454;455;456;457;458;459;460;461;462;463;464;465;466;467;468;469;470;471;472;473;474;475;476;477;478;479;480;481;482;483;484;485;486;487;488;489;490;491;492;493;494;495;496;497;498;499;500
4.instancia_very_large_500_hubs,500,19,19,55839.0,nan,nan,19,330,330,273,2607.0367980003357,10;11;12;13;14;15;25;34;35;36;37;38;39;40;41;42;43;44;45;46;47;48;49;50;59;60;61;62;63;64;65;66;67;68;69;70;71;72;73;74;75;84;85;86;87;88;89;90;91;92;93;94;95;96;97;98;99;100;109;110;111;112;113;114;115;116;117;118;119;120;121;122;123;124;125;134;135;136;137;138;139;140;141;142;143;144;145;146;147;148;149;150;159;160;161;162;163;164;165;166;167;168;169;170;171;172;173;174;175;184;185;186;187;188;189;190;191;192;193;194;195;196;197;198;199;200;209;210;211;212;213;214;215;216;217;218;219;220;221;222;223;224;225;234;235;236;237;238;239;240;241;242;243;244;245;246;247;248;249;250;259;260;261;262;263;264;265;266;267;268;269;270;271;272;273;274;275;284;285;286;287;288;289;290;291;292;293;294;295;296;297;298;299;300;301;310;311;312;313;314;315;316;317;318;319;320;321;322;323;324;325;326;335;336;337;338;339;340;341;342;343;344;345;346;347;348;349;350;351;360;361;362;363;364;365;366;367;368;369;370;371;372;373;374;375;376;385;386;387;388;389;390;391;392;393;394;395;396;397;398;399;400;401;410;411;412;413;414;415;416;417;418;419;420;421;422;423;424;425;426;435;436;437;438;439;440;441;442;443;444;445;446;447;448;449;450;451;460;461;462;463;464;465;466;467;468;469;470;471;472;473;474;475;476;485;486;487;488;489;490;491;492;493;494;495;496;497;498;499;500
4.instancia_very_large_500_hubs,500,20,20,1000000000.0,nan,nan,0,491,491,0,3657.871532201767,10;11;12;13;14;15;16;17;18;19;20;21;22;23;24;25;26;27;28;29;30;31;32;33;34;35;36;37;38;39;40;41;42;43;44;45;46;47;48;49;50;51;52;53;54;55;56;57;58;59;60;61;62;63;64;65;66;67;68;69;70;71;72;73;74;75;76;77;78;79;80;81;82;83;84;85;86;87;88;89;90;91;92;93;94;95;96;97;98;99;100;101;102;103;104;105;106;107;108;109;110;111;112;113;114;115;116;117;118;119;120;121;122;123;124;125;126;127;128;129;130;131;132;133;134;135;136;137;138;139;140;141;142;143;144;145;146;147;148;149;150;151;152;153;154;155;156;157;158;159;160;161;162;163;164;165;166;167;168;169;170;171;172;173;174;175;176;177;178;179;180;181;182;183;184;185;186;187;188;189;190;191;192;193;194;195;196;197;198;199;200;201;202;203;204;205;206;207;208;209;210;211;212;213;214;215;216;217;218;219;220;221;222;223;224;225;226;227;228;229;230;231;232;233;234;235;236;237;238;239;240;241;242;243;244;245;246;247;248;249;250;251;252;253;254;255;256;257;258;259;260;261;262;263;264;265;266;267;268;269;270;271;272;273;274;275;276;277;278;279;280;281;282;283;284;285;286;287;288;289;290;291;292;293;294;295;296;297;298;299;300;301;302;303;304;305;306;307;308;309;310;311;312;313;314;315;316;317;318;319;320;321;322;323;324;325;326;327;328;329;330;331;332;333;334;335;336;337;338;339;340;341;342;343;344;345;346;347;348;349;350;351;352;353;354;355;356;357;358;359;360;361;362;363;364;365;366;367;368;369;370;371;372;373;374;375;376;377;378;379;380;381;382;383;384;385;386;387;388;389;390;391;392;393;394;395;396;397;398;399;400;401;402;403;404;405;406;407;408;409;410;411;412;413;414;415;416;417;418;419;420;421;422;423;424;425;426;427;428;429;430;431;432;433;434;435;436;437;438;439;440;441;442;443;444;445;446;447;448;449;450;451;452;453;454;455;456;457;458;459;460;461;462;463;464;465;466;467;468;469;470;471;472;473;474;475;476;477;478;479;480;481;482;483;484;485;486;487;488;489;490;491;492;493;494;495;496;497;498;499;500
4.instancia_very_large_500_hubs,500,21,21,55839.0,nan,nan,7,431,431,12,3364.9430179595947,10;11;12;22;23;24;25;26;27;28;37;38;39;40;41;42;43;44;45;46;47;48;49;50;51;52;53;54;55;56;57;58;59;60;61;62;63;64;65;66;67;68;69;70;71;72;73;74;75;76;77;78;79;80;81;82;83;84;85;86;87;88;89;90;91;92;101;102;103;104;105;106;107;108;109;110;111;112;113;114;115;116;117;118;119;120;121;122;123;124;125;126;135;136;137;138;139;140;141;142;143;144;145;146;147;148;149;150;151;152;153;154;155;156;157;158;159;160;161;162;163;164;165;166;167;168;169;170;171;172;173;174;175;176;177;178;179;180;181;182;183;184;193;194;195;196;197;198;199;200;201;202;203;204;205;206;207;208;209;210;211;212;213;214;215;216;217;218;219;220;221;222;223;224;225;226;227;228;229;230;231;232;233;234;235;236;237;238;239;240;241;242;243;244;245;246;247;248;249;250;251;252;253;254;255;256;257;258;259;260;261;262;263;264;265;266;267;268;269;270;271;272;273;274;275;276;277;278;279;280;281;282;283;284;285;286;287;288;289;290;291;292;293;294;295;296;297;298;299;300;301;302;303;304;305;306;307;308;309;310;311;312;313;314;315;316;317;318;319;320;321;322;323;324;325;326;327;328;329;330;331;332;333;334;335;336;337;338;339;340;341;342;343;344;345;346;347;348;349;350;351;352;353;354;355;356;357;358;359;360;361;362;363;364;365;366;367;368;369;370;371;372;373;374;375;376;377;378;379;380;381;382;383;384;385;386;387;388;389;390;391;392;393;394;395;396;397;398;399;400;401;402;403;404;405;406;407;408;409;410;411;412;413;414;415;416;417;418;419;420;421;422;423;424;425;426;427;428;429;430;431;432;433;434;435;436;437;438;439;440;441;450;451;452;453;454;455;456;457;458;459;460;461;462;463;464;465;466;467;476;477;478;479;480;481;482;483;484;485;486;487;488;489;490;491;492;493;494;495;496;497
4.instancia_very_large_500_hubs,500,22,22,1000000000.0,nan,nan,0,491,491,0,3669.3328201770782,10;11;12;13;14;15;16;17;18;19;20;21;22;23;24;25;26;27;28;29;30;31;32;33;34;35;36;37;38;39;40;41;42;43;44;45;46;47;48;49;50;51;52;53;54;55;56;57;58;59;60;61;62;63;64;65;66;67;68;69;70;71;72;73;74;75;76;77;78;79;80;81;82;83;84;85;86;87;88;89;90;91;92;93;94;95;96;97;98;99;100;101;102;103;104;105;106;107;108;109;110;111;112;113;114;115;116;117;118;119;120;121;122;123;124;125;126;127;128;129;130;131;132;133;134;135;136;137;138;139;140;141;142;143;144;145;146;147;148;149;150;151;152;153;154;155;156;157;158;159;160;161;162;163;164;165;166;167;168;169;170;171;172;173;174;175;176;177;178;179;180;181;182;183;184;185;186;187;188;189;190;191;192;193;194;195;196;197;198;199;200;201;202;203;204;205;206;207;208;209;210;211;212;213;214;215;216;217;218;219;220;221;222;223;224;225;226;227;228;229;230;231;232;233;234;235;236;237;238;239;240;241;242;243;244;245;246;247;248;249;250;251;252;253;254;255;256;257;258;259;260;261;262;263;264;265;266;267;268;269;270;271;272;273;274;275;276;277;278;279;280;281;282;283;284;285;286;287;288;289;290;291;292;293;294;295;296;297;298;299;300;301;302;303;304;305;306;307;308;309;310;311;312;313;314;315;316;317;318;319;320;321;322;323;324;325;326;327;328;329;330;331;332;333;334;335;336;337;338;339;340;341;342;343;344;345;346;347;348;349;350;351;352;353;354;355;356;357;358;359;360;361;362;363;364;365;366;367;368;369;370;371;372;373;374;375;376;377;378;379;380;381;382;383;384;385;386;387;388;389;390;391;392;393;394;395;396;397;398;399;400;401;402;403;404;405;406;407;408;409;410;411;412;413;414;415;416;417;418;419;420;421;422;423;424;425;426;427;428;429;430;431;432;433;434;435;436;437;438;439;440;441;442;443;444;445;446;447;448;449;450;451;452;453;454;455;456;457;458;459;460;461;462;463;464;465;466;467;468;469;470;471;472;473;474;475;476;477;478;479;480;481;482;483;484;485;486;487;488;489;490;491;492;493;494;495;496;497;498;499;500
4.instancia_very_large_500_hubs,500,23,23,1000000000.0,nan,nan,0,491,491,0,3654.0897920131683,10;11;12;13;14;15;16;17;18;19;20;21;22;23;24;25;26;27;28;29;30;31;32;33;34;35;36;37;38;39;40;41;42;43;44;45;46;47;48;49;50;51;52;53;54;55;56;57;58;59;60;61;62;63;64;65;66;67;68;69;70;71;72;73;74;75;76;77;78;79;80;81;82;83;84;85;86;87;88;89;90;91;92;93;94;95;96;97;98;99;100;101;102;103;104;105;106;107;108;109;110;111;112;113;114;115;116;117;118;119;120;121;122;123;124;125;126;127;128;129;130;131;132;133;134;135;136;137;138;139;140;141;142;143;144;145;146;147;148;149;150;151;152;153;154;155;156;157;158;159;160;161;162;163;164;165;166;167;168;169;170;171;172;173;174;175;176;177;178;179;180;181;182;183;184;185;186;187;188;189;190;191;192;193;194;195;196;197;198;199;200;201;202;203;204;205;206;207;208;209;210;211;212;213;214;215;216;217;218;219;220;221;222;223;224;225;226;227;228;229;230;231;232;233;234;235;236;237;238;239;240;241;242;243;244;245;246;247;248;249;250;251;252;253;254;255;256;257;258;259;260;261;262;263;264;265;266;267;268;269;270;271;272;273;274;275;276;277;278;279;280;281;282;283;284;285;286;287;288;289;290;291;292;293;294;295;296;297;298;299;300;301;302;303;304;305;306;307;308;309;310;311;312;313;314;315;316;317;318;319;320;321;322;323;324;325;326;327;328;329;330;331;332;333;334;335;336;337;338;339;340;341;342;343;344;345;346;347;348;349;350;351;352;353;354;355;356;357;358;359;360;361;362;363;364;365;366;367;368;369;370;371;372;373;374;375;376;377;378;379;380;381;382;383;384;385;386;387;388;389;390;391;392;393;394;395;396;397;398;399;400;401;402;403;404;405;406;407;408;409;410;411;412;413;414;415;416;417;418;419;420;421;422;423;424;425;426;427;428;429;430;431;432;433;434;435;436;437;438;439;440;441;442;443;444;445;446;447;448;449;450;451;452;453;454;455;456;457;458;459;460;461;462;463;464;465;466;467;468;469;470;471;472;473;474;475;476;477;478;479;480;481;482;483;484;485;486;487;488;489;490;491;492;493;494;495;496;497;498;499;500
4.instancia_very_large_500_hubs,500,24,24,1000000000.0,nan,nan,0,491,491,0,3647.0002698898315,10;11;12;13;14;15;16;17;18;19;20;21;22;23;24;25;26;27;28;29;30;31;32;33;34;35;36;37;38;39;40;41;42;43;44;45;46;47;48;49;50;51;52;53;54;55;56;57;58;59;60;61;62;63;64;65;66;67;68;69;70;71;72;73;74;75;76;77;78;79;80;81;82;83;84;85;86;87;88;89;90;91;92;93;94;95;96;97;98;99;100;101;102;103;104;105;106;107;108;109;110;111;112;113;114;115;116;117;118;119;120;121;122;123;124;125;126;127;128;129;130;131;132;133;134;135;136;137;138;139;140;141;142;143;144;145;146;147;148;149;150;151;152;153;154;155;156;157;158;159;160;161;162;163;164;165;166;167;168;169;170;171;172;173;174;175;176;177;178;179;180;181;182;183;184;185;186;187;188;189;190;191;192;193;194;195;196;197;198;199;200;201;202;203;204;205;206;207;208;209;210;211;212;213;214;215;216;217;218;219;220;221;222;223;224;225;226;227;228;229;230;231;232;233;234;235;236;237;238;239;240;241;242;243;244;245;246;247;248;249;250;251;252;253;254;255;256;257;258;259;260;261;262;263;264;265;266;267;268;269;270;271;272;273;274;275;276;277;278;279;280;281;282;283;284;285;286;287;288;289;290;291;292;293;294;295;296;297;298;299;300;301;302;303;304;305;306;307;308;309;310;311;312;313;314;315;316;317;318;319;320;321;322;323;324;325;326;327;328;329;330;331;332;333;334;335;336;337;338;339;340;341;342;343;344;345;346;347;348;349;350;351;352;353;354;355;356;357;358;359;360;361;362;363;364;365;366;367;368;369;370;371;372;373;374;375;376;377;378;379;380;381;382;383;384;385;386;387;388;389;390;391;392;393;394;395;396;397;398;399;400;401;402;403;404;405;406;407;408;409;410;411;412;413;414;415;416;417;418;419;420;421;422;423;424;425;426;427;428;429;430;431;432;433;434;435;436;437;438;439;440;441;442;443;444;445;446;447;448;449;450;451;452;453;454;455;456;457;458;459;460;461;462;463;464;465;466;467;468;469;470;471;472;473;474;475;476;477;478;479;480;481;482;483;484;485;486;487;488;489;490;491;492;493;494;495;496;497;498;499;500
4.instancia_very_large_500_hubs,500,25,25,1000000000.0,nan,nan,0,491,491,0,3645.151433944702,10;11;12;13;14;15;16;17;18;19;20;21;22;23;24;25;26;27;28;29;30;31;32;33;34;35;36;37;38;39;40;41;42;43;44;45;46;47;48;49;50;51;52;53;54;55;56;57;58;59;60;61;62;63;64;65;66;67;68;69;70;71;72;73;74;75;76;77;78;79;80;81;82;83;84;85;86;87;88;89;90;91;92;93;94;95;96;97;98;99;100;101;102;103;104;105;106;107;108;109;110;111;112;113;114;115;116;117;118;119;120;121;122;123;124;125;126;127;128;129;130;131;132;133;134;135;136;137;138;139;140;141;142;143;144;145;146;147;148;149;150;151;152;153;154;155;156;157;158;159;160;161;162;163;164;165;166;167;168;169;170;171;172;173;174;175;176;177;178;179;180;181;182;183;184;185;186;187;188;189;190;191;192;193;194;195;196;197;198;199;200;201;202;203;204;205;206;207;208;209;210;211;212;213;214;215;216;217;218;219;220;221;222;223;224;225;226;227;228;229;230;231;232;233;234;235;236;237;238;239;240;241;242;243;244;245;246;247;248;249;250;251;252;253;254;255;256;257;258;259;260;261;262;263;264;265;266;267;268;269;270;271;272;273;274;275;276;277;278;279;280;281;282;283;284;285;286;287;288;289;290;291;292;293;294;295;296;297;298;299;300;301;302;303;304;305;306;307;308;309;310;311;312;313;314;315;316;317;318;319;320;321;322;323;324;325;326;327;328;329;330;331;332;333;334;335;336;337;338;339;340;341;342;343;344;345;346;347;348;349;350;351;352;353;354;355;356;357;358;359;360;361;362;363;364;365;366;367;368;369;370;371;372;373;374;375;376;377;378;379;380;381;382;383;384;385;386;387;388;389;390;391;392;393;394;395;396;397;398;399;400;401;402;403;404;405;406;407;408;409;410;411;412;413;414;415;416;417;418;419;420;421;422;423;424;425;426;427;428;429;430;431;432;433;434;435;436;437;438;439;440;441;442;443;444;445;446;447;448;449;450;451;452;453;454;455;456;457;458;459;460;461;462;463;464;465;466;467;468;469;470;471;472;473;474;475;476;477;478;479;480;481;482;483;484;485;486;487;488;489;490;491;492;493;494;495;496;497;498;499;500
4.instancia_very_large_500_hubs,500,26,26,1000000000.0,nan,nan,0,491,491,0,3646.533592224121,10;11;12;13;14;15;16;17;18;19;20;21;22;23;24;25;26;27;28;29;30;31;32;33;34;35;36;37;38;39;40;41;42;43;44;45;46;47;48;49;50;51;52;53;54;55;56;57;58;59;60;61;62;63;64;65;66;67;68;69;70;71;72;73;74;75;76;77;78;79;80;81;82;83;84;85;86;87;88;89;90;91;92;93;94;95;96;97;98;99;100;101;102;103;104;105;106;107;108;109;110;111;112;113;114;115;116;117;118;119;120;121;122;123;124;125;126;127;128;129;130;131;132;133;134;135;136;137;138;139;140;141;142;143;144;145;146;147;148;149;150;151;152;153;154;155;156;157;158;159;160;161;162;163;164;165;166;167;168;169;170;171;172;173;174;175;176;177;178;179;180;181;182;183;184;185;186;187;188;189;190;191;192;193;194;195;196;197;198;199;200;201;202;203;204;205;206;207;208;209;210;211;212;213;214;215;216;217;218;219;220;221;222;223;224;225;226;227;228;229;230;231;232;233;234;235;236;237;238;239;240;241;242;243;244;245;246;247;248;249;250;251;252;253;254;255;256;257;258;259;260;261;262;263;264;265;266;267;268;269;270;271;272;273;274;275;276;277;278;279;280;281;282;283;284;285;286;287;288;289;290;291;292;293;294;295;296;297;298;299;300;301;302;303;304;305;306;307;308;309;310;311;312;313;314;315;316;317;318;319;320;321;322;323;324;325;326;327;328;329;330;331;332;333;334;335;336;337;338;339;340;341;342;343;344;345;346;347;348;349;350;351;352;353;354;355;356;357;358;359;360;361;362;363;364;365;366;367;368;369;370;371;372;373;374;375;376;377;378;379;380;381;382;383;384;385;386;387;388;389;390;391;392;393;394;395;396;397;398;399;400;401;402;403;404;405;406;407;408;409;410;411;412;413;414;415;416;417;418;419;420;421;422;423;424;425;426;427;428;429;430;431;432;433;434;435;436;437;438;439;440;441;442;443;444;445;446;447;448;449;450;451;452;453;454;455;456;457;458;459;460;461;462;463;464;465;466;467;468;469;470;471;472;473;474;475;476;477;478;479;480;481;482;483;484;485;486;487;488;489;490;491;492;493;494;495;496;497;498;499;500
4.instancia_very_large_500_hubs,500,27,27,1000000000.0,nan,nan,0,491,491,0,3642.9765276908875,10;11;12;13;14;15;16;17;18;19;20;21;22;23;24;25;26;27;28;29;30;31;32;33;34;35;36;37;38;39;40;41;42;43;44;45;46;47;48;49;50;51;52;53;54;55;56;57;58;59;60;61;62;63;64;65;66;67;68;69;70;71;72;73;74;75;76;77;78;79;80;81;82;83;84;85;86;87;88;89;90;91;92;93;94;95;96;97;98;99;100;101;102;103;104;105;106;107;108;109;110;111;112;113;114;115;116;117;118;119;120;121;122;123;124;125;126;127;128;129;130;131;132;133;134;135;136;137;138;139;140;141;142;143;144;145;146;147;148;149;150;151;152;153;154;155;156;157;158;159;160;161;162;163;164;165;166;167;168;169;170;171;172;173;174;175;176;177;178;179;180;181;182;183;184;185;186;187;188;189;190;191;192;193;194;195;196;197;198;199;200;201;202;203;204;205;206;207;208;209;210;211;212;213;214;215;216;217;218;219;220;221;222;223;224;225;226;227;228;229;230;231;232;233;234;235;236;237;238;239;240;241;242;243;244;245;246;247;248;249;250;251;252;253;254;255;256;257;258;259;260;261;262;263;264;265;266;267;268;269;270;271;272;273;274;275;276;277;278;279;280;281;282;283;284;285;286;287;288;289;290;291;292;293;294;295;296;297;298;299;300;301;302;303;304;305;306;307;308;309;310;311;312;313;314;315;316;317;318;319;320;321;322;323;324;325;326;327;328;329;330;331;332;333;334;335;336;337;338;339;340;341;342;343;344;345;346;347;348;349;350;351;352;353;354;355;356;357;358;359;360;361;362;363;364;365;366;367;368;369;370;371;372;373;374;375;376;377;378;379;380;381;382;383;384;385;386;387;388;389;390;391;392;393;394;395;396;397;398;399;400;401;402;403;404;405;406;407;408;409;410;411;412;413;414;415;416;417;418;419;420;421;422;423;424;425;426;427;428;429;430;431;432;433;434;435;436;437;438;439;440;441;442;443;444;445;446;447;448;449;450;451;452;453;454;455;456;457;458;459;460;461;462;463;464;465;466;467;468;469;470;471;472;473;474;475;476;477;478;479;480;481;482;483;484;485;486;487;488;489;490;491;492;493;494;495;496;497;498;499;500
4.instancia_very_large_500_hubs,500,28,28,1000000000.0,nan,nan,0,491,491,0,3643.6932361125946,10;11;12;13;14;15;16;17;18;19;20;21;22;23;24;25;26;27;28;29;30;31;32;33;34;35;36;37;38;39;40;41;42;43;44;45;46;47;48;49;50;51;52;53;54;55;56;57;58;59;60;61;62;63;64;65;66;67;68;69;70;71;72;73;74;75;76;77;78;79;80;81;82;83;84;85;86;87;88;89;90;91;92;93;94;95;96;97;98;99;100;101;102;103;104;105;106;107;108;109;110;111;112;113;114;115;116;117;118;119;120;121;122;123;124;125;126;127;128;129;130;131;132;133;134;135;136;137;138;139;140;141;142;143;144;145;146;147;148;149;150;151;152;153;154;155;156;157;158;159;160;161;162;163;164;165;166;167;168;169;170;171;172;173;174;175;176;177;178;179;180;181;182;183;184;185;186;187;188;189;190;191;192;193;194;195;196;197;198;199;200;201;202;203;204;205;206;207;208;209;210;211;212;213;214;215;216;217;218;219;220;221;222;223;224;225;226;227;228;229;230;231;232;233;234;235;236;237;238;239;240;241;242;243;244;245;246;247;248;249;250;251;252;253;254;255;256;257;258;259;260;261;262;263;264;265;266;267;268;269;270;271;272;273;274;275;276;277;278;279;280;281;282;283;284;285;286;287;288;289;290;291;292;293;294;295;296;297;298;299;300;301;302;303;304;305;306;307;308;309;310;311;312;313;314;315;316;317;318;319;320;321;322;323;324;325;326;327;328;329;330;331;332;333;334;335;336;337;338;339;340;341;342;343;344;345;346;347;348;349;350;351;352;353;354;355;356;357;358;359;360;361;362;363;364;365;366;367;368;369;370;371;372;373;374;375;376;377;378;379;380;381;382;383;384;385;386;387;388;389;390;391;392;393;394;395;396;397;398;399;400;401;402;403;404;405;406;407;408;409;410;411;412;413;414;415;416;417;418;419;420;421;422;423;424;425;426;427;428;429;430;431;432;433;434;435;436;437;438;439;440;441;442;443;444;445;446;447;448;449;450;451;452;453;454;455;456;457;458;459;460;461;462;463;464;465;466;467;468;469;470;471;472;473;474;475;476;477;478;479;480;481;482;483;484;485;486;487;488;489;490;491;492;493;494;495;496;497;498;499;500
4.instancia_very_large_500_hubs,500,29,29,1000000000.0,nan,nan,0,491,491,0,3645.161421775818,10;11;12;13;14;15;16;17;18;19;20;21;22;23;24;25;26;27;28;29;30;31;32;33;34;35;36;37;38;39;40;41;42;43;44;45;46;47;48;49;50;51;52;53;54;55;56;57;58;59;60;61;62;63;64;65;66;67;68;69;70;71;72;73;74;75;76;77;78;79;80;81;82;83;84;85;86;87;88;89;90;91;92;93;94;95;96;97;98;99;100;101;102;103;104;105;106;107;108;109;110;111;112;113;114;115;116;117;118;119;120;121;122;123;124;125;126;127;128;129;130;131;132;133;134;135;136;137;138;139;140;141;142;143;144;145;146;147;148;149;150;151;152;153;154;155;156;157;158;159;160;161;162;163;164;165;166;167;168;169;170;171;172;173;174;175;176;177;178;179;180;181;182;183;184;185;186;187;188;189;190;191;192;193;194;195;196;197;198;199;200;201;202;203;204;205;206;207;208;209;210;211;212;213;214;215;216;217;218;219;220;221;222;223;224;225;226;227;228;229;230;231;232;233;234;235;236;237;238;239;240;241;242;243;244;245;246;247;248;249;250;251;252;253;254;255;256;257;258;259;260;261;262;263;264;265;266;267;268;269;270;271;272;273;274;275;276;277;278;279;280;281;282;283;284;285;286;287;288;289;290;291;292;293;294;295;296;297;298;299;300;301;302;303;304;305;306;307;308;309;310;311;312;313;314;315;316;317;318;319;320;321;322;323;324;325;326;327;328;329;330;331;332;333;334;335;336;337;338;339;340;341;342;343;344;345;346;347;348;349;350;351;352;353;354;355;356;357;358;359;360;361;362;363;364;365;366;367;368;369;370;371;372;373;374;375;376;377;378;379;380;381;382;383;384;385;386;387;388;389;390;391;392;393;394;395;396;397;398;399;400;401;402;403;404;405;406;407;408;409;410;411;412;413;414;415;416;417;418;419;420;421;422;423;424;425;426;427;428;429;430;431;432;433;434;435;436;437;438;439;440;441;442;443;444;445;446;447;448;449;450;451;452;453;454;455;456;457;458;459;460;461;462;463;464;465;466;467;468;469;470;471;472;473;474;475;476;477;478;479;480;481;482;483;484;485;486;487;488;489;490;491;492;493;494;495;496;497;498;499;500
4.instancia_very_large_500_hubs,500,30,30,1000000000.0,nan,nan,0,491,491,0,3643.825518131256,10;11;12;13;14;15;16;17;18;19;20;21;22;23;24;25;26;27;28;29;30;31;32;33;34;35;36;37;38;39;40;41;42;43;44;45;46;47;48;49;50;51;52;53;54;55;56;57;58;59;60;61;62;63;64;65;66;67;68;69;70;71;72;73;74;75;76;77;78;79;80;81;82;83;84;85;86;87;88;89;90;91;92;93;94;95;96;97;98;99;100;101;102;103;104;105;106;107;108;109;110;111;112;113;114;115;116;117;118;119;120;121;122;123;124;125;126;127;128;129;130;131;132;133;134;135;136;137;138;139;140;141;142;143;144;145;146;147;148;149;150;151;152;153;154;155;156;157;158;159;160;161;162;163;164;165;166;167;168;169;170;171;172;173;174;175;176;177;178;179;180;181;182;183;184;185;186;187;188;189;190;191;192;193;194;195;196;197;198;199;200;201;202;203;204;205;206;207;208;209;210;211;212;213;214;215;216;217;218;219;220;221;222;223;224;225;226;227;228;229;230;231;232;233;234;235;236;237;238;239;240;241;242;243;244;245;246;247;248;249;250;251;252;253;254;255;256;257;258;259;260;261;262;263;264;265;266;267;268;269;270;271;272;273;274;275;276;277;278;279;280;281;282;283;284;285;286;287;288;289;290;291;292;293;294;295;296;297;298;299;300;301;302;303;304;305;306;307;308;309;310;311;312;313;314;315;316;317;318;319;320;321;322;323;324;325;326;327;328;329;330;331;332;333;334;335;336;337;338;339;340;341;342;343;344;345;346;347;348;349;350;351;352;353;354;355;356;357;358;359;360;361;362;363;364;365;366;367;368;369;370;371;372;373;374;375;376;377;378;379;380;381;382;383;384;385;386;387;388;389;390;391;392;393;394;395;396;397;398;399;400;401;402;403;404;405;406;407;408;409;410;411;412;413;414;415;416;417;418;419;420;421;422;423;424;425;426;427;428;429;430;431;432;433;434;435;436;437;438;439;440;441;442;443;444;445;446;447;448;449;450;451;452;453;454;455;456;457;458;459;460;461;462;463;464;465;466;467;468;469;470;471;472;473;474;475;476;477;478;479;480;481;482;483;484;485;486;487;488;489;490;491;492;493;494;495;496;497;498;499;500
5.instancia_very_large_1000_hubs,1000,1,1,1000000000.0,nan,nan,0,491,491,0,14209.35970878601,10;11;12;13;14;15;16;17;18;19;20;21;22;23;24;25;26;27;28;29;30;31;32;33;34;35;36;37;38;39;40;41;42;43;44;45;46;47;48;49;50;51;52;53;54;55;56;57;58;59;60;61;62;63;64;65;66;67;68;69;70;71;72;73;74;75;76;77;78;79;80;81;82;83;84;85;86;87;88;89;90;91;92;93;94;95;96;97;98;99;100;101;102;103;104;105;106;107;108;109;110;111;112;113;114;115;116;117;118;119;120;121;122;123;124;125;126;127;128;129;130;131;132;133;134;135;136;137;138;139;140;141;142;143;144;145;146;147;148;149;150;151;152;153;154;155;156;157;158;159;160;161;162;163;164;165;166;167;168;169;170;171;172;173;174;175;176;177;178;179;180;181;182;183;184;185;186;187;188;189;190;191;192;193;194;195;196;197;198;199;200;201;202;203;204;205;206;207;208;209;210;211;212;213;214;215;216;217;218;219;220;221;222;223;224;225;226;227;228;229;230;231;232;233;234;235;236;237;238;239;240;241;242;243;244;245;246;247;248;249;250;251;252;253;254;255;256;257;258;259;260;261;262;263;264;265;266;267;268;269;270;271;272;273;274;275;276;277;278;279;280;281;282;283;284;285;286;287;288;289;290;291;292;293;294;295;296;297;298;299;300;301;302;303;304;305;306;307;308;309;310;311;312;313;314;315;316;317;318;319;320;321;322;323;324;325;326;327;328;329;330;331;332;333;334;335;336;337;338;339;340;341;342;343;344;345;346;347;348;349;350;351;352;353;354;355;356;357;358;359;360;361;362;363;364;365;366;367;368;369;370;371;372;373;374;375;376;377;378;379;380;381;382;383;384;385;386;387;388;389;390;391;392;393;394;395;396;397;398;399;400;401;402;403;404;405;406;407;408;409;410;411;412;413;414;415;416;417;418;419;420;421;422;423;424;425;426;427;428;429;430;431;432;433;434;435;436;437;438;439;440;441;442;443;444;445;446;447;448;449;450;451;452;453;454;455;456;457;458;459;460;461;462;463;464;465;466;467;468;469;470;471;472;473;474;475;476;477;478;479;480;481;482;483;484;485;486;487;488;489;490;491;492;493;494;495;496;497;498;499;500
5.instancia_very_large_1000_hubs,1000,2,2,1000000000.0,nan,nan,0,491,491,0,14208.43701505661,10;11;12;13;14;15;16;17;18;19;20;21;22;23;24;25;26;27;28;29;30;31;32;33;34;35;36;37;38;39;40;41;42;43;44;45;46;47;48;49;50;51;52;53;54;55;56;57;58;59;60;61;62;63;64;65;66;67;68;69;70;71;72;73;74;75;76;77;78;79;80;81;82;83;84;85;86;87;88;89;90;91;92;93;94;95;96;97;98;99;100;101;102;103;104;105;106;107;108;109;110;111;112;113;114;115;116;117;118;119;120;121;122;123;124;125;126;127;128;129;130;131;132;133;134;135;136;137;138;139;140;141;142;143;144;145;146;147;148;149;150;151;152;153;154;155;156;157;158;159;160;161;162;163;164;165;166;167;168;169;170;171;172;173;174;175;176;177;178;179;180;181;182;183;184;185;186;187;188;189;190;191;192;193;194;195;196;197;198;199;200;201;202;203;204;205;206;207;208;209;210;211;212;213;214;215;216;217;218;219;220;221;222;223;224;225;226;227;228;229;230;231;232;233;234;235;236;237;238;239;240;241;242;243;244;245;246;247;248;249;250;251;252;253;254;255;256;257;258;259;260;261;262;263;264;265;266;267;268;269;270;271;272;273;274;275;276;277;278;279;280;281;282;283;284;285;286;287;288;289;290;291;292;293;294;295;296;297;298;299;300;301;302;303;304;305;306;307;308;309;310;311;312;313;314;315;316;317;318;319;320;321;322;323;324;325;326;327;328;329;330;331;332;333;334;335;336;337;338;339;340;341;342;343;344;345;346;347;348;349;350;351;352;353;354;355;356;357;358;359;360;361;362;363;364;365;366;367;368;369;370;371;372;373;374;375;376;377;378;379;380;381;382;383;384;385;386;387;388;389;390;391;392;393;394;395;396;397;398;399;400;401;402;403;404;405;406;407;408;409;410;411;412;413;414;415;416;417;418;419;420;421;422;423;424;425;426;427;428;429;430;431;432;433;434;435;436;437;438;439;440;441;442;443;444;445;446;447;448;449;450;451;452;453;454;455;456;457;458;459;460;461;462;463;464;465;466;467;468;469;470;471;472;473;474;475;476;477;478;479;480;481;482;483;484;485;486;487;488;489;490;491;492;493;494;495;496;497;498;499;500
5.instancia_very_large_1000_hubs,1000,3,3,1000000000.0,nan,nan,0,491,491,0,14206.591109991074,10;11;12;13;14;15;16;17;18;19;20;21;22;23;24;25;26;27;28;29;30;31;32;33;34;35;36;37;38;39;40;41;42;43;44;45;46;47;48;49;50;51;52;53;54;55;56;57;58;59;60;61;62;63;64;65;66;67;68;69;70;71;72;73;74;75;76;77;78;79;80;81;82;83;84;85;86;87;88;89;90;91;92;93;94;95;96;97;98;99;100;101;102;103;104;105;106;107;108;109;110;111;112;113;114;115;116;117;118;119;120;121;122;123;124;125;126;127;128;129;130;131;132;133;134;135;136;137;138;139;140;141;142;143;144;145;146;147;148;149;150;151;152;153;154;155;156;157;158;159;160;161;162;163;164;165;166;167;168;169;170;171;172;173;174;175;176;177;178;179;180;181;182;183;184;185;186;187;188;189;190;191;192;193;194;195;196;197;198;199;200;201;202;203;204;205;206;207;208;209;210;211;212;213;214;215;216;217;218;219;220;221;222;223;224;225;226;227;228;229;230;231;232;233;234;235;236;237;238;239;240;241;242;243;244;245;246;247;248;249;250;251;252;253;254;255;256;257;258;259;260;261;262;263;264;265;266;267;268;269;270;271;272;273;274;275;276;277;278;279;280;281;282;283;284;285;286;287;288;289;290;291;292;293;294;295;296;297;298;299;300;301;302;303;304;305;306;307;308;309;310;311;312;313;314;315;316;317;318;319;320;321;322;323;324;325;326;327;328;329;330;331;332;333;334;335;336;337;338;339;340;341;342;343;344;345;346;347;348;349;350;351;352;353;354;355;356;357;358;359;360;361;362;363;364;365;366;367;368;369;370;371;372;373;374;375;376;377;378;379;380;381;382;383;384;385;386;387;388;389;390;391;392;393;394;395;396;397;398;399;400;401;402;403;404;405;406;407;408;409;410;411;412;413;414;415;416;417;418;419;420;421;422;423;424;425;426;427;428;429;430;431;432;433;434;435;436;437;438;439;440;441;442;443;444;445;446;447;448;449;450;451;452;453;454;455;456;457;458;459;460;461;462;463;464;465;466;467;468;469;470;471;472;473;474;475;476;477;478;479;480;481;482;483;484;485;486;487;488;489;490;491;492;493;494;495;496;497;498;499;500
5.instancia_very_large_1000_hubs,1000,4,4,1000000000.0,nan,nan,0,491,491,0,14210.387603998184,10;11;12;13;14;15;16;17;18;19;20;21;22;23;24;25;26;27;28;29;30;31;32;33;34;35;36;37;38;39;40;41;42;43;44;45;46;47;48;49;50;51;52;53;54;55;56;57;58;59;60;61;62;63;64;65;66;67;68;69;70;71;72;73;74;75;76;77;78;79;80;81;82;83;84;85;86;87;88;89;90;91;92;93;94;95;96;97;98;99;100;101;102;103;104;105;106;107;108;109;110;111;112;113;114;115;116;117;118;119;120;121;122;123;124;125;126;127;128;129;130;131;132;133;134;135;136;137;138;139;140;141;142;143;144;145;146;147;148;149;150;151;152;153;154;155;156;157;158;159;160;161;162;163;164;165;166;167;168;169;170;171;172;173;174;175;176;177;178;179;180;181;182;183;184;185;186;187;188;189;190;191;192;193;194;195;196;197;198;199;200;201;202;203;204;205;206;207;208;209;210;211;212;213;214;215;216;217;218;219;220;221;222;223;224;225;226;227;228;229;230;231;232;233;234;235;236;237;238;239;240;241;242;243;244;245;246;247;248;249;250;251;252;253;254;255;256;257;258;259;260;261;262;263;264;265;266;267;268;269;270;271;272;273;274;275;276;277;278;279;280;281;282;283;284;285;286;287;288;289;290;291;292;293;294;295;296;297;298;299;300;301;302;303;304;305;306;307;308;309;310;311;312;313;314;315;316;317;318;319;320;321;322;323;324;325;326;327;328;329;330;331;332;333;334;335;336;337;338;339;340;341;342;343;344;345;346;347;348;349;350;351;352;353;354;355;356;357;358;359;360;361;362;363;364;365;366;367;368;369;370;371;372;373;374;375;376;377;378;379;380;381;382;383;384;385;386;387;388;389;390;391;392;393;394;395;396;397;398;399;400;401;402;403;404;405;406;407;408;409;410;411;412;413;414;415;416;417;418;419;420;421;422;423;424;425;426;427;428;429;430;431;432;433;434;435;436;437;438;439;440;441;442;443;444;445;446;447;448;449;450;451;452;453;454;455;456;457;458;459;460;461;462;463;464;465;466;467;468;469;470;471;472;473;474;475;476;477;478;479;480;481;482;483;484;485;486;487;488;489;490;491;492;493;494;495;496;497;498;499;500
5.instancia_very_large_1000_hubs,1000,5,5,1000000000.0,nan,nan,0,491,491,0,14205.839660644531,10;11;12;13;14;15;16;17;18;19;20;21;22;23;24;25;26;27;28;29;30;31;32;33;34;35;36;37;38;39;40;41;42;43;44;45;46;47;48;49;50;51;52;53;54;55;56;57;58;59;60;61;62;63;64;65;66;67;68;69;70;71;72;73;74;75;76;77;78;79;80;81;82;83;84;85;86;87;88;89;90;91;92;93;94;95;96;97;98;99;100;101;102;103;104;105;106;107;108;109;110;111;112;113;114;115;116;117;118;119;120;121;122;123;124;125;126;127;128;129;130;131;132;133;134;135;136;137;138;139;140;141;142;143;144;145;146;147;148;149;150;151;152;153;154;155;156;157;158;159;160;161;162;163;164;165;166;167;168;169;170;171;172;173;174;175;176;177;178;179;180;181;182;183;184;185;186;187;188;189;190;191;192;193;194;195;196;197;198;199;200;201;202;203;204;205;206;207;208;209;210;211;212;213;214;215;216;217;218;219;220;221;222;223;224;225;226;227;228;229;230;231;232;233;234;235;236;237;238;239;240;241;242;243;244;245;246;247;248;249;250;251;252;253;254;255;256;257;258;259;260;261;262;263;264;265;266;267;268;269;270;271;272;273;274;275;276;277;278;279;280;281;282;283;284;285;286;287;288;289;290;291;292;293;294;295;296;297;298;299;300;301;302;303;304;305;306;307;308;309;310;311;312;313;314;315;316;317;318;319;320;321;322;323;324;325;326;327;328;329;330;331;332;333;334;335;336;337;338;339;340;341;342;343;344;345;346;347;348;349;350;351;352;353;354;355;356;357;358;359;360;361;362;363;364;365;366;367;368;369;370;371;372;373;374;375;376;377;378;379;380;381;382;383;384;385;386;387;388;389;390;391;392;393;394;395;396;397;398;399;400;401;402;403;404;405;406;407;408;409;410;411;412;413;414;415;416;417;418;419;420;421;422;423;424;425;426;427;428;429;430;431;432;433;434;435;436;437;438;439;440;441;442;443;444;445;446;447;448;449;450;451;452;453;454;455;456;457;458;459;460;461;462;463;464;465;466;467;468;469;470;471;472;473;474;475;476;477;478;479;480;481;482;483;484;485;486;487;488;489;490;491;492;493;494;495;496;497;498;499;500
5.instancia_very_large_1000_hubs,1000,6,6,1000000000.0,nan,nan,0,491,491,0,14210.928613901138,10;11;12;13;14;15;16;17;18;19;20;21;22;23;24;25;26;27;28;29;30;31;32;33;34;35;36;37;38;39;40;41;42;43;44;45;46;47;48;49;50;51;52;53;54;55;56;57;58;59;60;61;62;63;64;65;66;67;68;69;70;71;72;73;74;75;76;77;78;79;80;81;82;83;84;85;86;87;88;89;90;91;92;93;94;95;96;97;98;99;100;101;102;103;104;105;106;107;108;109;110;111;112;113;114;115;116;117;118;119;120;121;122;123;124;125;126;127;128;129;130;131;132;133;134;135;136;137;138;139;140;141;142;143;144;145;146;147;148;149;150;151;152;153;154;155;156;157;158;159;160;161;162;163;164;165;166;167;168;169;170;171;172;173;174;175;176;177;178;179;180;181;182;183;184;185;186;187;188;189;190;191;192;193;194;195;196;197;198;199;200;201;202;203;204;205;206;207;208;209;210;211;212;213;214;215;216;217;218;219;220;221;222;223;224;225;226;227;228;229;230;231;232;233;234;235;236;237;238;239;240;241;242;243;244;245;246;247;248;249;250;251;252;253;254;255;256;257;258;259;260;261;262;263;264;265;266;267;268;269;270;271;272;273;274;275;276;277;278;279;280;281;282;283;284;285;286;287;288;289;290;291;292;293;294;295;296;297;298;299;300;301;302;303;304;305;306;307;308;309;310;311;312;313;314;315;316;317;318;319;320;321;322;323;324;325;326;327;328;329;330;331;332;333;334;335;336;337;338;339;340;341;342;343;344;345;346;347;348;349;350;351;352;353;354;355;356;357;358;359;360;361;362;363;364;365;366;367;368;369;370;371;372;373;374;375;376;377;378;379;380;381;382;383;384;385;386;387;388;389;390;391;392;393;394;395;396;397;398;399;400;401;402;403;404;405;406;407;408;409;410;411;412;413;414;415;416;417;418;419;420;421;422;423;424;425;426;427;428;429;430;431;432;433;434;435;436;437;438;439;440;441;442;443;444;445;446;447;448;449;450;451;452;453;454;455;456;457;458;459;460;461;462;463;464;465;466;467;468;469;470;471;472;473;474;475;476;477;478;479;480;481;482;483;484;485;486;487;488;489;490;491;492;493;494;495;496;497;498;499;500
5.instancia_very_large_1000_hubs,1000,7,7,1000000000.0,nan,nan,0,491,491,0,14212.49667096138,10;11;12;13;14;15;16;17;18;19;20;21;22;23;24;25;26;27;28;29;30;31;32;33;34;35;36;37;38;39;40;41;42;43;44;45;46;47;48;49;50;51;52;53;54;55;56;57;58;59;60;61;62;63;64;65;66;67;68;69;70;71;72;73;74;75;76;77;78;79;80;81;82;83;84;85;86;87;88;89;90;91;92;93;94;95;96;97;98;99;100;101;102;103;104;105;106;107;108;109;110;111;112;113;114;115;116;117;118;119;120;121;122;123;124;125;126;127;128;129;130;131;132;133;134;135;136;137;138;139;140;141;142;143;144;145;146;147;148;149;150;151;152;153;154;155;156;157;158;159;160;161;162;163;164;165;166;167;168;169;170;171;172;173;174;175;176;177;178;179;180;181;182;183;184;185;186;187;188;189;190;191;192;193;194;195;196;197;198;199;200;201;202;203;204;205;206;207;208;209;210;211;212;213;214;215;216;217;218;219;220;221;222;223;224;225;226;227;228;229;230;231;232;233;234;235;236;237;238;239;240;241;242;243;244;245;246;247;248;249;250;251;252;253;254;255;256;257;258;259;260;261;262;263;264;265;266;267;268;269;270;271;272;273;274;275;276;277;278;279;280;281;282;283;284;285;286;287;288;289;290;291;292;293;294;295;296;297;298;299;300;301;302;303;304;305;306;307;308;309;310;311;312;313;314;315;316;317;318;319;320;321;322;323;324;325;326;327;328;329;330;331;332;333;334;335;336;337;338;339;340;341;342;343;344;345;346;347;348;349;350;351;352;353;354;355;356;357;358;359;360;361;362;363;364;365;366;367;368;369;370;371;372;373;374;375;376;377;378;379;380;381;382;383;384;385;386;387;388;389;390;391;392;393;394;395;396;397;398;399;400;401;402;403;404;405;406;407;408;409;410;411;412;413;414;415;416;417;418;419;420;421;422;423;424;425;426;427;428;429;430;431;432;433;434;435;436;437;438;439;440;441;442;443;444;445;446;447;448;449;450;451;452;453;454;455;456;457;458;459;460;461;462;463;464;465;466;467;468;469;470;471;472;473;474;475;476;477;478;479;480;481;482;483;484;485;486;487;488;489;490;491;492;493;494;495;496;497;498;499;500
5.instancia_very_large_1000_hubs,1000,8,8,1000000000.0,nan,nan,0,491,491,0,14248.598797082901,10;11;12;13;14;15;16;17;18;19;20;21;22;23;24;25;26;27;28;29;30;31;32;33;34;35;36;37;38;39;40;41;42;43;44;45;46;47;48;49;50;51;52;53;54;55;56;57;58;59;60;61;62;63;64;65;66;67;68;69;70;71;72;73;74;75;76;77;78;79;80;81;82;83;84;85;86;87;88;89;90;91;92;93;94;95;96;97;98;99;100;101;102;103;104;105;106;107;108;109;110;111;112;113;114;115;116;117;118;119;120;121;122;123;124;125;126;127;128;129;130;131;132;133;134;135;136;137;138;139;140;141;142;143;144;145;146;147;148;149;150;151;152;153;154;155;156;157;158;159;160;161;162;163;164;165;166;167;168;169;170;171;172;173;174;175;176;177;178;179;180;181;182;183;184;185;186;187;188;189;190;191;192;193;194;195;196;197;198;199;200;201;202;203;204;205;206;207;208;209;210;211;212;213;214;215;216;217;218;219;220;221;222;223;224;225;226;227;228;229;230;231;232;233;234;235;236;237;238;239;240;241;242;243;244;245;246;247;248;249;250;251;252;253;254;255;256;257;258;259;260;261;262;263;264;265;266;267;268;269;270;271;272;273;274;275;276;277;278;279;280;281;282;283;284;285;286;287;288;289;290;291;292;293;294;295;296;297;298;299;300;301;302;303;304;305;306;307;308;309;310;311;312;313;314;315;316;317;318;319;320;321;322;323;324;325;326;327;328;329;330;331;332;333;334;335;336;337;338;339;340;341;342;343;344;345;346;347;348;349;350;351;352;353;354;355;356;357;358;359;360;361;362;363;364;365;366;367;368;369;370;371;372;373;374;375;376;377;378;379;380;381;382;383;384;385;386;387;388;389;390;391;392;393;394;395;396;397;398;399;400;401;402;403;404;405;406;407;408;409;410;411;412;413;414;415;416;417;418;419;420;421;422;423;424;425;426;427;428;429;430;431;432;433;434;435;436;437;438;439;440;441;442;443;444;445;446;447;448;449;450;451;452;453;454;455;456;457;458;459;460;461;462;463;464;465;466;467;468;469;470;471;472;473;474;475;476;477;478;479;480;481;482;483;484;485;486;487;488;489;490;491;492;493;494;495;496;497;498;499;500
5.instancia_very_large_1000_hubs,1000,9,9,1000000000.0,nan,nan,0,491,491,0,14237.872524023056,10;11;12;13;14;15;16;17;18;19;20;21;22;23;24;25;26;27;28;29;30;31;32;33;34;35;36;37;38;39;40;41;42;43;44;45;46;47;48;49;50;51;52;53;54;55;56;57;58;59;60;61;62;63;64;65;66;67;68;69;70;71;72;73;74;75;76;77;78;79;80;81;82;83;84;85;86;87;88;89;90;91;92;93;94;95;96;97;98;99;100;101;102;103;104;105;106;107;108;109;110;111;112;113;114;115;116;117;118;119;120;121;122;123;124;125;126;127;128;129;130;131;132;133;134;135;136;137;138;139;140;141;142;143;144;145;146;147;148;149;150;151;152;153;154;155;156;157;158;159;160;161;162;163;164;165;166;167;168;169;170;171;172;173;174;175;176;177;178;179;180;181;182;183;184;185;186;187;188;189;190;191;192;193;194;195;196;197;198;199;200;201;202;203;204;205;206;207;208;209;210;211;212;213;214;215;216;217;218;219;220;221;222;223;224;225;226;227;228;229;230;231;232;233;234;235;236;237;238;239;240;241;242;243;244;245;246;247;248;249;250;251;252;253;254;255;256;257;258;259;260;261;262;263;264;265;266;267;268;269;270;271;272;273;274;275;276;277;278;279;280;281;282;283;284;285;286;287;288;289;290;291;292;293;294;295;296;297;298;299;300;301;302;303;304;305;306;307;308;309;310;311;312;313;314;315;316;317;318;319;320;321;322;323;324;325;326;327;328;329;330;331;332;333;334;335;336;337;338;339;340;341;342;343;344;345;346;347;348;349;350;351;352;353;354;355;356;357;358;359;360;361;362;363;364;365;366;367;368;369;370;371;372;373;374;375;376;377;378;379;380;381;382;383;384;385;386;387;388;389;390;391;392;393;394;395;396;397;398;399;400;401;402;403;404;405;406;407;408;409;410;411;412;413;414;415;416;417;418;419;420;421;422;423;424;425;426;427;428;429;430;431;432;433;434;435;436;437;438;439;440;441;442;443;444;445;446;447;448;449;450;451;452;453;454;455;456;457;458;459;460;461;462;463;464;465;466;467;468;469;470;471;472;473;474;475;476;477;478;479;480;481;482;483;484;485;486;487;488;489;490;491;492;493;494;495;496;497;498;499;500
5.instancia_very_large_1000_hubs,1000,10,10,1000000000.0,nan,nan,0,491,491,0,14205.553713083267,10;11;12;13;14;15;16;17;18;19;20;21;22;23;24;25;26;27;28;29;30;31;32;33;34;35;36;37;38;39;40;41;42;43;44;45;46;47;48;49;50;51;52;53;54;55;56;57;58;59;60;61;62;63;64;65;66;67;68;69;70;71;72;73;74;75;76;77;78;79;80;81;82;83;84;85;86;87;88;89;90;91;92;93;94;95;96;97;98;99;100;101;102;103;104;105;106;107;108;109;110;111;112;113;114;115;116;117;118;119;120;121;122;123;124;125;126;127;128;129;130;131;132;133;134;135;136;137;138;139;140;141;142;143;144;145;146;147;148;149;150;151;152;153;154;155;156;157;158;159;160;161;162;163;164;165;166;167;168;169;170;171;172;173;174;175;176;177;178;179;180;181;182;183;184;185;186;187;188;189;190;191;192;193;194;195;196;197;198;199;200;201;202;203;204;205;206;207;208;209;210;211;212;213;214;215;216;217;218;219;220;221;222;223;224;225;226;227;228;229;230;231;232;233;234;235;236;237;238;239;240;241;242;243;244;245;246;247;248;249;250;251;252;253;254;255;256;257;258;259;260;261;262;263;264;265;266;267;268;269;270;271;272;273;274;275;276;277;278;279;280;281;282;283;284;285;286;287;288;289;290;291;292;293;294;295;296;297;298;299;300;301;302;303;304;305;306;307;308;309;310;311;312;313;314;315;316;317;318;319;320;321;322;323;324;325;326;327;328;329;330;331;332;333;334;335;336;337;338;339;340;341;342;343;344;345;346;347;348;349;350;351;352;353;354;355;356;357;358;359;360;361;362;363;364;365;366;367;368;369;370;371;372;373;374;375;376;377;378;379;380;381;382;383;384;385;386;387;388;389;390;391;392;393;394;395;396;397;398;399;400;401;402;403;404;405;406;407;408;409;410;411;412;413;414;415;416;417;418;419;420;421;422;423;424;425;426;427;428;429;430;431;432;433;434;435;436;437;438;439;440;441;442;443;444;445;446;447;448;449;450;451;452;453;454;455;456;457;458;459;460;461;462;463;464;465;466;467;468;469;470;471;472;473;474;475;476;477;478;479;480;481;482;483;484;485;486;487;488;489;490;491;492;493;494;495;496;497;498;499;500
5.instancia_very_large_1000_hubs,1000,11,11,1000000000.0,nan,nan,0,491,491,0,14204.106768131256,10;11;12;13;14;15;16;17;18;19;20;21;22;23;24;25;26;27;28;29;30;31;32;33;34;35;36;37;38;39;40;41;42;43;44;45;46;47;48;49;50;51;52;53;54;55;56;57;58;59;60;61;62;63;64;65;66;67;68;69;70;71;72;73;74;75;76;77;78;79;80;81;82;83;84;85;86;87;88;89;90;91;92;93;94;95;96;97;98;99;100;101;102;103;104;105;106;107;108;109;110;111;112;113;114;115;116;117;118;119;120;121;122;123;124;125;126;127;128;129;130;131;132;133;134;135;136;137;138;139;140;141;142;143;144;145;146;147;148;149;150;151;152;153;154;155;156;157;158;159;160;161;162;163;164;165;166;167;168;169;170;171;172;173;174;175;176;177;178;179;180;181;182;183;184;185;186;187;188;189;190;191;192;193;194;195;196;197;198;199;200;201;202;203;204;205;206;207;208;209;210;211;212;213;214;215;216;217;218;219;220;221;222;223;224;225;226;227;228;229;230;231;232;233;234;235;236;237;238;239;240;241;242;243;244;245;246;247;248;249;250;251;252;253;254;255;256;257;258;259;260;261;262;263;264;265;266;267;268;269;270;271;272;273;274;275;276;277;278;279;280;281;282;283;284;285;286;287;288;289;290;291;292;293;294;295;296;297;298;299;300;301;302;303;304;305;306;307;308;309;310;311;312;313;314;315;316;317;318;319;320;321;322;323;324;325;326;327;328;329;330;331;332;333;334;335;336;337;338;339;340;341;342;343;344;345;346;347;348;349;350;351;352;353;354;355;356;357;358;359;360;361;362;363;364;365;366;367;368;369;370;371;372;373;374;375;376;377;378;379;380;381;382;383;384;385;386;387;388;389;390;391;392;393;394;395;396;397;398;399;400;401;402;403;404;405;406;407;408;409;410;411;412;413;414;415;416;417;418;419;420;421;422;423;424;425;426;427;428;429;430;431;432;433;434;435;436;437;438;439;440;441;442;443;444;445;446;447;448;449;450;451;452;453;454;455;456;457;458;459;460;461;462;463;464;465;466;467;468;469;470;471;472;473;474;475;476;477;478;479;480;481;482;483;484;485;486;487;488;489;490;491;492;493;494;495;496;497;498;499;500
5.instancia_very_large_1000_hubs,1000,12,12,1000000000.0,nan,nan,0,491,491,0,14205.895411014557,10;11;12;13;14;15;16;17;18;19;20;21;22;23;24;25;26;27;28;29;30;31;32;33;34;35;36;37;38;39;40;41;42;43;44;45;46;47;48;49;50;51;52;53;54;55;56;57;58;59;60;61;62;63;64;65;66;67;68;69;70;71;72;73;74;75;76;77;78;79;80;81;82;83;84;85;86;87;88;89;90;91;92;93;94;95;96;97;98;99;100;101;102;103;104;105;106;107;108;109;110;111;112;113;114;115;116;117;118;119;120;121;122;123;124;125;126;127;128;129;130;131;132;133;134;135;136;137;138;139;140;141;142;143;144;145;146;147;148;149;150;151;152;153;154;155;156;157;158;159;160;161;162;163;164;165;166;167;168;169;170;171;172;173;174;175;176;177;178;179;180;181;182;183;184;185;186;187;188;189;190;191;192;193;194;195;196;197;198;199;200;201;202;203;204;205;206;207;208;209;210;211;212;213;214;215;216;217;218;219;220;221;222;223;224;225;226;227;228;229;230;231;232;233;234;235;236;237;238;239;240;241;242;243;244;245;246;247;248;249;250;251;252;253;254;255;256;257;258;259;260;261;262;263;264;265;266;267;268;269;270;271;272;273;274;275;276;277;278;279;280;281;282;283;284;285;286;287;288;289;290;291;292;293;294;295;296;297;298;299;300;301;302;303;304;305;306;307;308;309;310;311;312;313;314;315;316;317;318;319;320;321;322;323;324;325;326;327;328;329;330;331;332;333;334;335;336;337;338;339;340;341;342;343;344;345;346;347;348;349;350;351;352;353;354;355;356;357;358;359;360;361;362;363;364;365;366;367;368;369;370;371;372;373;374;375;376;377;378;379;380;381;382;383;384;385;386;387;388;389;390;391;392;393;394;395;396;397;398;399;400;401;402;403;404;405;406;407;408;409;410;411;412;413;414;415;416;417;418;419;420;421;422;423;424;425;426;427;428;429;430;431;432;433;434;435;436;437;438;439;440;441;442;443;444;445;446;447;448;449;450;451;452;453;454;455;456;457;458;459;460;461;462;463;464;465;466;467;468;469;470;471;472;473;474;475;476;477;478;479;480;481;482;483;484;485;486;487;488;489;490;491;492;493;494;495;496;497;498;499;500
5.instancia_very_large_1000_hubs,1000,13,13,1000000000.0,nan,nan,0,491,491,0,14200.514307022095,10;11;12;13;14;15;16;17;18;19;20;21;22;23;24;25;26;27;28;29;30;31;32;33;34;35;36;37;38;39;40;41;42;43;44;45;46;47;48;49;50;51;52;53;54;55;56;57;58;59;60;61;62;63;64;65;66;67;68;69;70;71;72;73;74;75;76;77;78;79;80;81;82;83;84;85;86;87;88;89;90;91;92;93;94;95;96;97;98;99;100;101;102;103;104;105;106;107;108;109;110;111;112;113;114;115;116;117;118;119;120;121;122;123;124;125;126;127;128;129;130;131;132;133;134;135;136;137;138;139;140;141;142;143;144;145;146;147;148;149;150;151;152;153;154;155;156;157;158;159;160;161;162;163;164;165;166;167;168;169;170;171;172;173;174;175;176;177;178;179;180;181;182;183;184;185;186;187;188;189;190;191;192;193;194;195;196;197;198;199;200;201;202;203;204;205;206;207;208;209;210;211;212;213;214;215;216;217;218;219;220;221;222;223;224;225;226;227;228;229;230;231;232;233;234;235;236;237;238;239;240;241;242;243;244;245;246;247;248;249;250;251;252;253;254;255;256;257;258;259;260;261;262;263;264;265;266;267;268;269;270;271;272;273;274;275;276;277;278;279;280;281;282;283;284;285;286;287;288;289;290;291;292;293;294;295;296;297;298;299;300;301;302;303;304;305;306;307;308;309;310;311;312;313;314;315;316;317;318;319;320;321;322;323;324;325;326;327;328;329;330;331;332;333;334;335;336;337;338;339;340;341;342;343;344;345;346;347;348;349;350;351;352;353;354;355;356;357;358;359;360;361;362;363;364;365;366;367;368;369;370;371;372;373;374;375;376;377;378;379;380;381;382;383;384;385;386;387;388;389;390;391;392;393;394;395;396;397;398;399;400;401;402;403;404;405;406;407;408;409;410;411;412;413;414;415;416;417;418;419;420;421;422;423;424;425;426;427;428;429;430;431;432;433;434;435;436;437;438;439;440;441;442;443;444;445;446;447;448;449;450;451;452;453;454;455;456;457;458;459;460;461;462;463;464;465;466;467;468;469;470;471;472;473;474;475;476;477;478;479;480;481;482;483;484;485;486;487;488;489;490;491;492;493;494;495;496;497;498;499;500
5.instancia_very_large_1000_hubs,1000,14,14,1000000000.0,nan,nan,0,491,491,0,14237.699574947357,10;11;12;13;14;15;16;17;18;19;20;21;22;23;24;25;26;27;28;29;30;31;32;33;34;35;36;37;38;39;40;41;42;43;44;45;46;47;48;49;50;51;52;53;54;55;56;57;58;59;60;61;62;63;64;65;66;67;68;69;70;71;72;73;74;75;76;77;78;79;80;81;82;83;84;85;86;87;88;89;90;91;92;93;94;95;96;97;98;99;100;101;102;103;104;105;106;107;108;109;110;111;112;113;114;115;116;117;118;119;120;121;122;123;124;125;126;127;128;129;130;131;132;133;134;135;136;137;138;139;140;141;142;143;144;145;146;147;148;149;150;151;152;153;154;155;156;157;158;159;160;161;162;163;164;165;166;167;168;169;170;171;172;173;174;175;176;177;178;179;180;181;182;183;184;185;186;187;188;189;190;191;192;193;194;195;196;197;198;199;200;201;202;203;204;205;206;207;208;209;210;211;212;213;214;215;216;217;218;219;220;221;222;223;224;225;226;227;228;229;230;231;232;233;234;235;236;237;238;239;240;241;242;243;244;245;246;247;248;249;250;251;252;253;254;255;256;257;258;259;260;261;262;263;264;265;266;267;268;269;270;271;272;273;274;275;276;277;278;279;280;281;282;283;284;285;286;287;288;289;290;291;292;293;294;295;296;297;298;299;300;301;302;303;304;305;306;307;308;309;310;311;312;313;314;315;316;317;318;319;320;321;322;323;324;325;326;327;328;329;330;331;332;333;334;335;336;337;338;339;340;341;342;343;344;345;346;347;348;349;350;351;352;353;354;355;356;357;358;359;360;361;362;363;364;365;366;367;368;369;370;371;372;373;374;375;376;377;378;379;380;381;382;383;384;385;386;387;388;389;390;391;392;393;394;395;396;397;398;399;400;401;402;403;404;405;406;407;408;409;410;411;412;413;414;415;416;417;418;419;420;421;422;423;424;425;426;427;428;429;430;431;432;433;434;435;436;437;438;439;440;441;442;443;444;445;446;447;448;449;450;451;452;453;454;455;456;457;458;459;460;461;462;463;464;465;466;467;468;469;470;471;472;473;474;475;476;477;478;479;480;481;482;483;484;485;486;487;488;489;490;491;492;493;494;495;496;497;498;499;500
5.instancia_very_large_1000_hubs,1000,15,15,1000000000.0,nan,nan,0,491,491,0,14208.128075838089,10;11;12;13;14;15;16;17;18;19;20;21;22;23;24;25;26;27;28;29;30;31;32;33;34;35;36;37;38;39;40;41;42;43;44;45;46;47;48;49;50;51;52;53;54;55;56;57;58;59;60;61;62;63;64;65;66;67;68;69;70;71;72;73;74;75;76;77;78;79;80;81;82;83;84;85;86;87;88;89;90;91;92;93;94;95;96;97;98;99;100;101;102;103;104;105;106;107;108;109;110;111;112;113;114;115;116;117;118;119;120;121;122;123;124;125;126;127;128;129;130;131;132;133;134;135;136;137;138;139;140;141;142;143;144;145;146;147;148;149;150;151;152;153;154;155;156;157;158;159;160;161;162;163;164;165;166;167;168;169;170;171;172;173;174;175;176;177;178;179;180;181;182;183;184;185;186;187;188;189;190;191;192;193;194;195;196;197;198;199;200;201;202;203;204;205;206;207;208;209;210;211;212;213;214;215;216;217;218;219;220;221;222;223;224;225;226;227;228;229;230;231;232;233;234;235;236;237;238;239;240;241;242;243;244;245;246;247;248;249;250;251;252;253;254;255;256;257;258;259;260;261;262;263;264;265;266;267;268;269;270;271;272;273;274;275;276;277;278;279;280;281;282;283;284;285;286;287;288;289;290;291;292;293;294;295;296;297;298;299;300;301;302;303;304;305;306;307;308;309;310;311;312;313;314;315;316;317;318;319;320;321;322;323;324;325;326;327;328;329;330;331;332;333;334;335;336;337;338;339;340;341;342;343;344;345;346;347;348;349;350;351;352;353;354;355;356;357;358;359;360;361;362;363;364;365;366;367;368;369;370;371;372;373;374;375;376;377;378;379;380;381;382;383;384;385;386;387;388;389;390;391;392;393;394;395;396;397;398;399;400;401;402;403;404;405;406;407;408;409;410;411;412;413;414;415;416;417;418;419;420;421;422;423;424;425;426;427;428;429;430;431;432;433;434;435;436;437;438;439;440;441;442;443;444;445;446;447;448;449;450;451;452;453;454;455;456;457;458;459;460;461;462;463;464;465;466;467;468;469;470;471;472;473;474;475;476;477;478;479;480;481;482;483;484;485;486;487;488;489;490;491;492;493;494;495;496;497;498;499;500
5.instancia_very_large_1000_hubs,1000,16,16,1000000000.0,nan,nan,0,491,491,0,14201.376758813858,10;11;12;13;14;15;16;17;18;19;20;21;22;23;24;25;26;27;28;29;30;31;32;33;34;35;36;37;38;39;40;41;42;43;44;45;46;47;48;49;50;51;52;53;54;55;56;57;58;59;60;61;62;63;64;65;66;67;68;69;70;71;72;73;74;75;76;77;78;79;80;81;82;83;84;85;86;87;88;89;90;91;92;93;94;95;96;97;98;99;100;101;102;103;104;105;106;107;108;109;110;111;112;113;114;115;116;117;118;119;120;121;122;123;124;125;126;127;128;129;130;131;132;133;134;135;136;137;138;139;140;141;142;143;144;145;146;147;148;149;150;151;152;153;154;155;156;157;158;159;160;161;162;163;164;165;166;167;168;169;170;171;172;173;174;175;176;177;178;179;180;181;182;183;184;185;186;187;188;189;190;191;192;193;194;195;196;197;198;199;200;201;202;203;204;205;206;207;208;209;210;211;212;213;214;215;216;217;218;219;220;221;222;223;224;225;226;227;228;229;230;231;232;233;234;235;236;237;238;239;240;241;242;243;244;245;246;247;248;249;250;251;252;253;254;255;256;257;258;259;260;261;262;263;264;265;266;267;268;269;270;271;272;273;274;275;276;277;278;279;280;281;282;283;284;285;286;287;288;289;290;291;292;293;294;295;296;297;298;299;300;301;302;303;304;305;306;307;308;309;310;311;312;313;314;315;316;317;318;319;320;321;322;323;324;325;326;327;328;329;330;331;332;333;334;335;336;337;338;339;340;341;342;343;344;345;346;347;348;349;350;351;352;353;354;355;356;357;358;359;360;361;362;363;364;365;366;367;368;369;370;371;372;373;374;375;376;377;378;379;380;381;382;383;384;385;386;387;388;389;390;391;392;393;394;395;396;397;398;399;400;401;402;403;404;405;406;407;408;409;410;411;412;413;414;415;416;417;418;419;420;421;422;423;424;425;426;427;428;429;430;431;432;433;434;435;436;437;438;439;440;441;442;443;444;445;446;447;448;449;450;451;452;453;454;455;456;457;458;459;460;461;462;463;464;465;466;467;468;469;470;471;472;473;474;475;476;477;478;479;480;481;482;483;484;485;486;487;488;489;490;491;492;493;494;495;496;497;498;499;500
5.instancia_very_large_1000_hubs,1000,17,17,1000000000.0,nan,nan,0,491,491,0,14200.850571870804,10;11;12;13;14;15;16;17;18;19;20;21;22;23;24;25;26;27;28;29;30;31;32;33;34;35;36;37;38;39;40;41;42;43;44;45;46;47;48;49;50;51;52;53;54;55;56;57;58;59;60;61;62;63;64;65;66;67;68;69;70;71;72;73;74;75;76;77;78;79;80;81;82;83;84;85;86;87;88;89;90;91;92;93;94;95;96;97;98;99;100;101;102;103;104;105;106;107;108;109;110;111;112;113;114;115;116;117;118;119;120;121;122;123;124;125;126;127;128;129;130;131;132;133;134;135;136;137;138;139;140;141;142;143;144;145;146;147;148;149;150;151;152;153;154;155;156;157;158;159;160;161;162;163;164;165;166;167;168;169;170;171;172;173;174;175;176;177;178;179;180;181;182;183;184;185;186;187;188;189;190;191;192;193;194;195;196;197;198;199;200;201;202;203;204;205;206;207;208;209;210;211;212;213;214;215;216;217;218;219;220;221;222;223;224;225;226;227;228;229;230;231;232;233;234;235;236;237;238;239;240;241;242;243;244;245;246;247;248;249;250;251;252;253;254;255;256;257;258;259;260;261;262;263;264;265;266;267;268;269;270;271;272;273;274;275;276;277;278;279;280;281;282;283;284;285;286;287;288;289;290;291;292;293;294;295;296;297;298;299;300;301;302;303;304;305;306;307;308;309;310;311;312;313;314;315;316;317;318;319;320;321;322;323;324;325;326;327;328;329;330;331;332;333;334;335;336;337;338;339;340;341;342;343;344;345;346;347;348;349;350;351;352;353;354;355;356;357;358;359;360;361;362;363;364;365;366;367;368;369;370;371;372;373;374;375;376;377;378;379;380;381;382;383;384;385;386;387;388;389;390;391;392;393;394;395;396;397;398;399;400;401;402;403;404;405;406;407;408;409;410;411;412;413;414;415;416;417;418;419;420;421;422;423;424;425;426;427;428;429;430;431;432;433;434;435;436;437;438;439;440;441;442;443;444;445;446;447;448;449;450;451;452;453;454;455;456;457;458;459;460;461;462;463;464;465;466;467;468;469;470;471;472;473;474;475;476;477;478;479;480;481;482;483;484;485;486;487;488;489;490;491;492;493;494;495;496;497;498;499;500
5.instancia_very_large_1000_hubs,1000,18,18,1000000000.0,nan,nan,0,491,491,0,14235.323621988297,10;11;12;13;14;15;16;17;18;19;20;21;22;23;24;25;26;27;28;29;30;31;32;33;34;35;36;37;38;39;40;41;42;43;44;45;46;47;48;49;50;51;52;53;54;55;56;57;58;59;60;61;62;63;64;65;66;67;68;69;70;71;72;73;74;75;76;77;78;79;80;81;82;83;84;85;86;87;88;89;90;91;92;93;94;95;96;97;98;99;100;101;102;103;104;105;106;107;108;109;110;111;112;113;114;115;116;117;118;119;120;121;122;123;124;125;126;127;128;129;130;131;132;133;134;135;136;137;138;139;140;141;142;143;144;145;146;147;148;149;150;151;152;153;154;155;156;157;158;159;160;161;162;163;164;165;166;167;168;169;170;171;172;173;174;175;176;177;178;179;180;181;182;183;184;185;186;187;188;189;190;191;192;193;194;195;196;197;198;199;200;201;202;203;204;205;206;207;208;209;210;211;212;213;214;215;216;217;218;219;220;221;222;223;224;225;226;227;228;229;230;231;232;233;234;235;236;237;238;239;240;241;242;243;244;245;246;247;248;249;250;251;252;253;254;255;256;257;258;259;260;261;262;263;264;265;266;267;268;269;270;271;272;273;274;275;276;277;278;279;280;281;282;283;284;285;286;287;288;289;290;291;292;293;294;295;296;297;298;299;300;301;302;303;304;305;306;307;308;309;310;311;312;313;314;315;316;317;318;319;320;321;322;323;324;325;326;327;328;329;330;331;332;333;334;335;336;337;338;339;340;341;342;343;344;345;346;347;348;349;350;351;352;353;354;355;356;357;358;359;360;361;362;363;364;365;366;367;368;369;370;371;372;373;374;375;376;377;378;379;380;381;382;383;384;385;386;387;388;389;390;391;392;393;394;395;396;397;398;399;400;401;402;403;404;405;406;407;408;409;410;411;412;413;414;415;416;417;418;419;420;421;422;423;424;425;426;427;428;429;430;431;432;433;434;435;436;437;438;439;440;441;442;443;444;445;446;447;448;449;450;451;452;453;454;455;456;457;458;459;460;461;462;463;464;465;466;467;468;469;470;471;472;473;474;475;476;477;478;479;480;481;482;483;484;485;486;487;488;489;490;491;492;493;494;495;496;497;498;499;500
5.instancia_very_large_1000_hubs,1000,19,19,1000000000.0,nan,nan,0,491,491,0,14203.990664243698,10;11;12;13;14;15;16;17;18;19;20;21;22;23;24;25;26;27;28;29;30;31;32;33;34;35;36;37;38;39;40;41;42;43;44;45;46;47;48;49;50;51;52;53;54;55;56;57;58;59;60;61;62;63;64;65;66;67;68;69;70;71;72;73;74;75;76;77;78;79;80;81;82;83;84;85;86;87;88;89;90;91;92;93;94;95;96;97;98;99;100;101;102;103;104;105;106;107;108;109;110;111;112;113;114;115;116;117;118;119;120;121;122;123;124;125;126;127;128;129;130;131;132;133;134;135;136;137;138;139;140;141;142;143;144;145;146;147;148;149;150;151;152;153;154;155;156;157;158;159;160;161;162;163;164;165;166;167;168;169;170;171;172;173;174;175;176;177;178;179;180;181;182;183;184;185;186;187;188;189;190;191;192;193;194;195;196;197;198;199;200;201;202;203;204;205;206;207;208;209;210;211;212;213;214;215;216;217;218;219;220;221;222;223;224;225;226;227;228;229;230;231;232;233;234;235;236;237;238;239;240;241;242;243;244;245;246;247;248;249;250;251;252;253;254;255;256;257;258;259;260;261;262;263;264;265;266;267;268;269;270;271;272;273;274;275;276;277;278;279;280;281;282;283;284;285;286;287;288;289;290;291;292;293;294;295;296;297;298;299;300;301;302;303;304;305;306;307;308;309;310;311;312;313;314;315;316;317;318;319;320;321;322;323;324;325;326;327;328;329;330;331;332;333;334;335;336;337;338;339;340;341;342;343;344;345;346;347;348;349;350;351;352;353;354;355;356;357;358;359;360;361;362;363;364;365;366;367;368;369;370;371;372;373;374;375;376;377;378;379;380;381;382;383;384;385;386;387;388;389;390;391;392;393;394;395;396;397;398;399;400;401;402;403;404;405;406;407;408;409;410;411;412;413;414;415;416;417;418;419;420;421;422;423;424;425;426;427;428;429;430;431;432;433;434;435;436;437;438;439;440;441;442;443;444;445;446;447;448;449;450;451;452;453;454;455;456;457;458;459;460;461;462;463;464;465;466;467;468;469;470;471;472;473;474;475;476;477;478;479;480;481;482;483;484;485;486;487;488;489;490;491;492;493;494;495;496;497;498;499;500
5.instancia_very_large_1000_hubs,1000,20,20,1000000000.0,nan,nan,0,491,491,0,14205.55722284317,10;11;12;13;14;15;16;17;18;19;20;21;22;23;24;25;26;27;28;29;30;31;32;33;34;35;36;37;38;39;40;41;42;43;44;45;46;47;48;49;50;51;52;53;54;55;56;57;58;59;60;61;62;63;64;65;66;67;68;69;70;71;72;73;74;75;76;77;78;79;80;81;82;83;84;85;86;87;88;89;90;91;92;93;94;95;96;97;98;99;100;101;102;103;104;105;106;107;108;109;110;111;112;113;114;115;116;117;118;119;120;121;122;123;124;125;126;127;128;129;130;131;132;133;134;135;136;137;138;139;140;141;142;143;144;145;146;147;148;149;150;151;152;153;154;155;156;157;158;159;160;161;162;163;164;165;166;167;168;169;170;171;172;173;174;175;176;177;178;179;180;181;182;183;184;185;186;187;188;189;190;191;192;193;194;195;196;197;198;199;200;201;202;203;204;205;206;207;208;209;210;211;212;213;214;215;216;217;218;219;220;221;222;223;224;225;226;227;228;229;230;231;232;233;234;235;236;237;238;239;240;241;242;243;244;245;246;247;248;249;250;251;252;253;254;255;256;257;258;259;260;261;262;263;264;265;266;267;268;269;270;271;272;273;274;275;276;277;278;279;280;281;282;283;284;285;286;287;288;289;290;291;292;293;294;295;296;297;298;299;300;301;302;303;304;305;306;307;308;309;310;311;312;313;314;315;316;317;318;319;320;321;322;323;324;325;326;327;328;329;330;331;332;333;334;335;336;337;338;339;340;341;342;343;344;345;346;347;348;349;350;351;352;353;354;355;356;357;358;359;360;361;362;363;364;365;366;367;368;369;370;371;372;373;374;375;376;377;378;379;380;381;382;383;384;385;386;387;388;389;390;391;392;393;394;395;396;397;398;399;400;401;402;403;404;405;406;407;408;409;410;411;412;413;414;415;416;417;418;419;420;421;422;423;424;425;426;427;428;429;430;431;432;433;434;435;436;437;438;439;440;441;442;443;444;445;446;447;448;449;450;451;452;453;454;455;456;457;458;459;460;461;462;463;464;465;466;467;468;469;470;471;472;473;474;475;476;477;478;479;480;481;482;483;484;485;486;487;488;489;490;491;492;493;494;495;496;497;498;499;500
5.instancia_very_large_1000_hubs,1000,21,21,1000000000.0,nan,nan,0,491,491,0,14205.297525167465,10;11;12;13;14;15;16;17;18;19;20;21;22;23;24;25;26;27;28;29;30;31;32;33;34;35;36;37;38;39;40;41;42;43;44;45;46;47;48;49;50;51;52;53;54;55;56;57;58;59;60;61;62;63;64;65;66;67;68;69;70;71;72;73;74;75;76;77;78;79;80;81;82;83;84;85;86;87;88;89;90;91;92;93;94;95;96;97;98;99;100;101;102;103;104;105;106;107;108;109;110;111;112;113;114;115;116;117;118;119;120;121;122;123;124;125;126;127;128;129;130;131;132;133;134;135;136;137;138;139;140;141;142;143;144;145;146;147;148;149;150;151;152;153;154;155;156;157;158;159;160;161;162;163;164;165;166;167;168;169;170;171;172;173;174;175;176;177;178;179;180;181;182;183;184;185;186;187;188;189;190;191;192;193;194;195;196;197;198;199;200;201;202;203;204;205;206;207;208;209;210;211;212;213;214;215;216;217;218;219;220;221;222;223;224;225;226;227;228;229;230;231;232;233;234;235;236;237;238;239;240;241;242;243;244;245;246;247;248;249;250;251;252;253;254;255;256;257;258;259;260;261;262;263;264;265;266;267;268;269;270;271;272;273;274;275;276;277;278;279;280;281;282;283;284;285;286;287;288;289;290;291;292;293;294;295;296;297;298;299;300;301;302;303;304;305;306;307;308;309;310;311;312;313;314;315;316;317;318;319;320;321;322;323;324;325;326;327;328;329;330;331;332;333;334;335;336;337;338;339;340;341;342;343;344;345;346;347;348;349;350;351;352;353;354;355;356;357;358;359;360;361;362;363;364;365;366;367;368;369;370;371;372;373;374;375;376;377;378;379;380;381;382;383;384;385;386;387;388;389;390;391;392;393;394;395;396;397;398;399;400;401;402;403;404;405;406;407;408;409;410;411;412;413;414;415;416;417;418;419;420;421;422;423;424;425;426;427;428;429;430;431;432;433;434;435;436;437;438;439;440;441;442;443;444;445;446;447;448;449;450;451;452;453;454;455;456;457;458;459;460;461;462;463;464;465;466;467;468;469;470;471;472;473;474;475;476;477;478;479;480;481;482;483;484;485;486;487;488;489;490;491;492;493;494;495;496;497;498;499;500
5.instancia_very_large_1000_hubs,1000,22,22,1000000000.0,nan,nan,0,491,491,0,14259.628302812576,10;11;12;13;14;15;16;17;18;19;20;21;22;23;24;25;26;27;28;29;30;31;32;33;34;35;36;37;38;39;40;41;42;43;44;45;46;47;48;49;50;51;52;53;54;55;56;57;58;59;60;61;62;63;64;65;66;67;68;69;70;71;72;73;74;75;76;77;78;79;80;81;82;83;84;85;86;87;88;89;90;91;92;93;94;95;96;97;98;99;100;101;102;103;104;105;106;107;108;109;110;111;112;113;114;115;116;117;118;119;120;121;122;123;124;125;126;127;128;129;130;131;132;133;134;135;136;137;138;139;140;141;142;143;144;145;146;147;148;149;150;151;152;153;154;155;156;157;158;159;160;161;162;163;164;165;166;167;168;169;170;171;172;173;174;175;176;177;178;179;180;181;182;183;184;185;186;187;188;189;190;191;192;193;194;195;196;197;198;199;200;201;202;203;204;205;206;207;208;209;210;211;212;213;214;215;216;217;218;219;220;221;222;223;224;225;226;227;228;229;230;231;232;233;234;235;236;237;238;239;240;241;242;243;244;245;246;247;248;249;250;251;252;253;254;255;256;257;258;259;260;261;262;263;264;265;266;267;268;269;270;271;272;273;274;275;276;277;278;279;280;281;282;283;284;285;286;287;288;289;290;291;292;293;294;295;296;297;298;299;300;301;302;303;304;305;306;307;308;309;310;311;312;313;314;315;316;317;318;319;320;321;322;323;324;325;326;327;328;329;330;331;332;333;334;335;336;337;338;339;340;341;342;343;344;345;346;347;348;349;350;351;352;353;354;355;356;357;358;359;360;361;362;363;364;365;366;367;368;369;370;371;372;373;374;375;376;377;378;379;380;381;382;383;384;385;386;387;388;389;390;391;392;393;394;395;396;397;398;399;400;401;402;403;404;405;406;407;408;409;410;411;412;413;414;415;416;417;418;419;420;421;422;423;424;425;426;427;428;429;430;431;432;433;434;435;436;437;438;439;440;441;442;443;444;445;446;447;448;449;450;451;452;453;454;455;456;457;458;459;460;461;462;463;464;465;466;467;468;469;470;471;472;473;474;475;476;477;478;479;480;481;482;483;484;485;486;487;488;489;490;491;492;493;494;495;496;497;498;499;500
5.instancia_very_large_1000_hubs,1000,23,23,1000000000.0,nan,nan,0,491,491,0,14237.741517066956,10;11;12;13;14;15;16;17;18;19;20;21;22;23;24;25;26;27;28;29;30;31;32;33;34;35;36;37;38;39;40;41;42;43;44;45;46;47;48;49;50;51;52;53;54;55;56;57;58;59;60;61;62;63;64;65;66;67;68;69;70;71;72;73;74;75;76;77;78;79;80;81;82;83;84;85;86;87;88;89;90;91;92;93;94;95;96;97;98;99;100;101;102;103;104;105;106;107;108;109;110;111;112;113;114;115;116;117;118;119;120;121;122;123;124;125;126;127;128;129;130;131;132;133;134;135;136;137;138;139;140;141;142;143;144;145;146;147;148;149;150;151;152;153;154;155;156;157;158;159;160;161;162;163;164;165;166;167;168;169;170;171;172;173;174;175;176;177;178;179;180;181;182;183;184;185;186;187;188;189;190;191;192;193;194;195;196;197;198;199;200;201;202;203;204;205;206;207;208;209;210;211;212;213;214;215;216;217;218;219;220;221;222;223;224;225;226;227;228;229;230;231;232;233;234;235;236;237;238;239;240;241;242;243;244;245;246;247;248;249;250;251;252;253;254;255;256;257;258;259;260;261;262;263;264;265;266;267;268;269;270;271;272;273;274;275;276;277;278;279;280;281;282;283;284;285;286;287;288;289;290;291;292;293;294;295;296;297;298;299;300;301;302;303;304;305;306;307;308;309;310;311;312;313;314;315;316;317;318;319;320;321;322;323;324;325;326;327;328;329;330;331;332;333;334;335;336;337;338;339;340;341;342;343;344;345;346;347;348;349;350;351;352;353;354;355;356;357;358;359;360;361;362;363;364;365;366;367;368;369;370;371;372;373;374;375;376;377;378;379;380;381;382;383;384;385;386;387;388;389;390;391;392;393;394;395;396;397;398;399;400;401;402;403;404;405;406;407;408;409;410;411;412;413;414;415;416;417;418;419;420;421;422;423;424;425;426;427;428;429;430;431;432;433;434;435;436;437;438;439;440;441;442;443;444;445;446;447;448;449;450;451;452;453;454;455;456;457;458;459;460;461;462;463;464;465;466;467;468;469;470;471;472;473;474;475;476;477;478;479;480;481;482;483;484;485;486;487;488;489;490;491;492;493;494;495;496;497;498;499;500
5.instancia_very_large_1000_hubs,1000,24,24,1000000000.0,nan,nan,0,491,491,0,14213.676520109177,10;11;12;13;14;15;16;17;18;19;20;21;22;23;24;25;26;27;28;29;30;31;32;33;34;35;36;37;38;39;40;41;42;43;44;45;46;47;48;49;50;51;52;53;54;55;56;57;58;59;60;61;62;63;64;65;66;67;68;69;70;71;72;73;74;75;76;77;78;79;80;81;82;83;84;85;86;87;88;89;90;91;92;93;94;95;96;97;98;99;100;101;102;103;104;105;106;107;108;109;110;111;112;113;114;115;116;117;118;119;120;121;122;123;124;125;126;127;128;129;130;131;132;133;134;135;136;137;138;139;140;141;142;143;144;145;146;147;148;149;150;151;152;153;154;155;156;157;158;159;160;161;162;163;164;165;166;167;168;169;170;171;172;173;174;175;176;177;178;179;180;181;182;183;184;185;186;187;188;189;190;191;192;193;194;195;196;197;198;199;200;201;202;203;204;205;206;207;208;209;210;211;212;213;214;215;216;217;218;219;220;221;222;223;224;225;226;227;228;229;230;231;232;233;234;235;236;237;238;239;240;241;242;243;244;245;246;247;248;249;250;251;252;253;254;255;256;257;258;259;260;261;262;263;264;265;266;267;268;269;270;271;272;273;274;275;276;277;278;279;280;281;282;283;284;285;286;287;288;289;290;291;292;293;294;295;296;297;298;299;300;301;302;303;304;305;306;307;308;309;310;311;312;313;314;315;316;317;318;319;320;321;322;323;324;325;326;327;328;329;330;331;332;333;334;335;336;337;338;339;340;341;342;343;344;345;346;347;348;349;350;351;352;353;354;355;356;357;358;359;360;361;362;363;364;365;366;367;368;369;370;371;372;373;374;375;376;377;378;379;380;381;382;383;384;385;386;387;388;389;390;391;392;393;394;395;396;397;398;399;400;401;402;403;404;405;406;407;408;409;410;411;412;413;414;415;416;417;418;419;420;421;422;423;424;425;426;427;428;429;430;431;432;433;434;435;436;437;438;439;440;441;442;443;444;445;446;447;448;449;450;451;452;453;454;455;456;457;458;459;460;461;462;463;464;465;466;467;468;469;470;471;472;473;474;475;476;477;478;479;480;481;482;483;484;485;486;487;488;489;490;491;492;493;494;495;496;497;498;499;500
5.instancia_very_large_1000_hubs,1000,25,25,1000000000.0,nan,nan,0,491,491,0,14204.809390068054,10;11;12;13;14;15;16;17;18;19;20;21;22;23;24;25;26;27;28;29;30;31;32;33;34;35;36;37;38;39;40;41;42;43;44;45;46;47;48;49;50;51;52;53;54;55;56;57;58;59;60;61;62;63;64;65;66;67;68;69;70;71;72;73;74;75;76;77;78;79;80;81;82;83;84;85;86;87;88;89;90;91;92;93;94;95;96;97;98;99;100;101;102;103;104;105;106;107;108;109;110;111;112;113;114;115;116;117;118;119;120;121;122;123;124;125;126;127;128;129;130;131;132;133;134;135;136;137;138;139;140;141;142;143;144;145;146;147;148;149;150;151;152;153;154;155;156;157;158;159;160;161;162;163;164;165;166;167;168;169;170;171;172;173;174;175;176;177;178;179;180;181;182;183;184;185;186;187;188;189;190;191;192;193;194;195;196;197;198;199;200;201;202;203;204;205;206;207;208;209;210;211;212;213;214;215;216;217;218;219;220;221;222;223;224;225;226;227;228;229;230;231;232;233;234;235;236;237;238;239;240;241;242;243;244;245;246;247;248;249;250;251;252;253;254;255;256;257;258;259;260;261;262;263;264;265;266;267;268;269;270;271;272;273;274;275;276;277;278;279;280;281;282;283;284;285;286;287;288;289;290;291;292;293;294;295;296;297;298;299;300;301;302;303;304;305;306;307;308;309;310;311;312;313;314;315;316;317;318;319;320;321;322;323;324;325;326;327;328;329;330;331;332;333;334;335;336;337;338;339;340;341;342;343;344;345;346;347;348;349;350;351;352;353;354;355;356;357;358;359;360;361;362;363;364;365;366;367;368;369;370;371;372;373;374;375;376;377;378;379;380;381;382;383;384;385;386;387;388;389;390;391;392;393;394;395;396;397;398;399;400;401;402;403;404;405;406;407;408;409;410;411;412;413;414;415;416;417;418;419;420;421;422;423;424;425;426;427;428;429;430;431;432;433;434;435;436;437;438;439;440;441;442;443;444;445;446;447;448;449;450;451;452;453;454;455;456;457;458;459;460;461;462;463;464;465;466;467;468;469;470;471;472;473;474;475;476;477;478;479;480;481;482;483;484;485;486;487;488;489;490;491;492;493;494;495;496;497;498;499;500
5.instancia_very_large_1000_hubs,1000,26,26,1000000000.0,nan,nan,0,491,491,0,14203.86374592781,10;11;12;13;14;15;16;17;18;19;20;21;22;23;24;25;26;27;28;29;30;31;32;33;34;35;36;37;38;39;40;41;42;43;44;45;46;47;48;49;50;51;52;53;54;55;56;57;58;59;60;61;62;63;64;65;66;67;68;69;70;71;72;73;74;75;76;77;78;79;80;81;82;83;84;85;86;87;88;89;90;91;92;93;94;95;96;97;98;99;100;101;102;103;104;105;106;107;108;109;110;111;112;113;114;115;116;117;118;119;120;121;122;123;124;125;126;127;128;129;130;131;132;133;134;135;136;137;138;139;140;141;142;143;144;145;146;147;148;149;150;151;152;153;154;155;156;157;158;159;160;161;162;163;164;165;166;167;168;169;170;171;172;173;174;175;176;177;178;179;180;181;182;183;184;185;186;187;188;189;190;191;192;193;194;195;196;197;198;199;200;201;202;203;204;205;206;207;208;209;210;211;212;213;214;215;216;217;218;219;220;221;222;223;224;225;226;227;228;229;230;231;232;233;234;235;236;237;238;239;240;241;242;243;244;245;246;247;248;249;250;251;252;253;254;255;256;257;258;259;260;261;262;263;264;265;266;267;268;269;270;271;272;273;274;275;276;277;278;279;280;281;282;283;284;285;286;287;288;289;290;291;292;293;294;295;296;297;298;299;300;301;302;303;304;305;306;307;308;309;310;311;312;313;314;315;316;317;318;319;320;321;322;323;324;325;326;327;328;329;330;331;332;333;334;335;336;337;338;339;340;341;342;343;344;345;346;347;348;349;350;351;352;353;354;355;356;357;358;359;360;361;362;363;364;365;366;367;368;369;370;371;372;373;374;375;376;377;378;379;380;381;382;383;384;385;386;387;388;389;390;391;392;393;394;395;396;397;398;399;400;401;402;403;404;405;406;407;408;409;410;411;412;413;414;415;416;417;418;419;420;421;422;423;424;425;426;427;428;429;430;431;432;433;434;435;436;437;438;439;440;441;442;443;444;445;446;447;448;449;450;451;452;453;454;455;456;457;458;459;460;461;462;463;464;465;466;467;468;469;470;471;472;473;474;475;476;477;478;479;480;481;482;483;484;485;486;487;488;489;490;491;492;493;494;495;496;497;498;499;500
5.instancia_very_large_1000_hubs,1000,27,27,1000000000.0,nan,nan,0,491,491,0,14208.991414785385,10;11;12;13;14;15;16;17;18;19;20;21;22;23;24;25;26;27;28;29;30;31;32;33;34;35;36;37;38;39;40;41;42;43;44;45;46;47;48;49;50;51;52;53;54;55;56;57;58;59;60;61;62;63;64;65;66;67;68;69;70;71;72;73;74;75;76;77;78;79;80;81;82;83;84;85;86;87;88;89;90;91;92;93;94;95;96;97;98;99;100;101;102;103;104;105;106;107;108;109;110;111;112;113;114;115;116;117;118;119;120;121;122;123;124;125;126;127;128;129;130;131;132;133;134;135;136;137;138;139;140;141;142;143;144;145;146;147;148;149;150;151;152;153;154;155;156;157;158;159;160;161;162;163;164;165;166;167;168;169;170;171;172;173;174;175;176;177;178;179;180;181;182;183;184;185;186;187;188;189;190;191;192;193;194;195;196;197;198;199;200;201;202;203;204;205;206;207;208;209;210;211;212;213;214;215;216;217;218;219;220;221;222;223;224;225;226;227;228;229;230;231;232;233;234;235;236;237;238;239;240;241;242;243;244;245;246;247;248;249;250;251;252;253;254;255;256;257;258;259;260;261;262;263;264;265;266;267;268;269;270;271;272;273;274;275;276;277;278;279;280;281;282;283;284;285;286;287;288;289;290;291;292;293;294;295;296;297;298;299;300;301;302;303;304;305;306;307;308;309;310;311;312;313;314;315;316;317;318;319;320;321;322;323;324;325;326;327;328;329;330;331;332;333;334;335;336;337;338;339;340;341;342;343;344;345;346;347;348;349;350;351;352;353;354;355;356;357;358;359;360;361;362;363;364;365;366;367;368;369;370;371;372;373;374;375;376;377;378;379;380;381;382;383;384;385;386;387;388;389;390;391;392;393;394;395;396;397;398;399;400;401;402;403;404;405;406;407;408;409;410;411;412;413;414;415;416;417;418;419;420;421;422;423;424;425;426;427;428;429;430;431;432;433;434;435;436;437;438;439;440;441;442;443;444;445;446;447;448;449;450;451;452;453;454;455;456;457;458;459;460;461;462;463;464;465;466;467;468;469;470;471;472;473;474;475;476;477;478;479;480;481;482;483;484;485;486;487;488;489;490;491;492;493;494;495;496;497;498;499;500
5.instancia_very_large_1000_hubs,1000,28,28,1000000000.0,nan,nan,0,491,491,0,14206.0017619133,10;11;12;13;14;15;16;17;18;19;20;21;22;23;24;25;26;27;28;29;30;31;32;33;34;35;36;37;38;39;40;41;42;43;44;45;46;47;48;49;50;51;52;53;54;55;56;57;58;59;60;61;62;63;64;65;66;67;68;69;70;71;72;73;74;75;76;77;78;79;80;81;82;83;84;85;86;87;88;89;90;91;92;93;94;95;96;97;98;99;100;101;102;103;104;105;106;107;108;109;110;111;112;113;114;115;116;117;118;119;120;121;122;123;124;125;126;127;128;129;130;131;132;133;134;135;136;137;138;139;140;141;142;143;144;145;146;147;148;149;150;151;152;153;154;155;156;157;158;159;160;161;162;163;164;165;166;167;168;169;170;171;172;173;174;175;176;177;178;179;180;181;182;183;184;185;186;187;188;189;190;191;192;193;194;195;196;197;198;199;200;201;202;203;204;205;206;207;208;209;210;211;212;213;214;215;216;217;218;219;220;221;222;223;224;225;226;227;228;229;230;231;232;233;234;235;236;237;238;239;240;241;242;243;244;245;246;247;248;249;250;251;252;253;254;255;256;257;258;259;260;261;262;263;264;265;266;267;268;269;270;271;272;273;274;275;276;277;278;279;280;281;282;283;284;285;286;287;288;289;290;291;292;293;294;295;296;297;298;299;300;301;302;303;304;305;306;307;308;309;310;311;312;313;314;315;316;317;318;319;320;321;322;323;324;325;326;327;328;329;330;331;332;333;334;335;336;337;338;339;340;341;342;343;344;345;346;347;348;349;350;351;352;353;354;355;356;357;358;359;360;361;362;363;364;365;366;367;368;369;370;371;372;373;374;375;376;377;378;379;380;381;382;383;384;385;386;387;388;389;390;391;392;393;394;395;396;397;398;399;400;401;402;403;404;405;406;407;408;409;410;411;412;413;414;415;416;417;418;419;420;421;422;423;424;425;426;427;428;429;430;431;432;433;434;435;436;437;438;439;440;441;442;443;444;445;446;447;448;449;450;451;452;453;454;455;456;457;458;459;460;461;462;463;464;465;466;467;468;469;470;471;472;473;474;475;476;477;478;479;480;481;482;483;484;485;486;487;488;489;490;491;492;493;494;495;496;497;498;499;500
5.instancia_very_large_1000_hubs,1000,29,29,1000000000.0,nan,nan,0,491,491,0,14205.676679134369,10;11;12;13;14;15;16;17;18;19;20;21;22;23;24;25;26;27;28;29;30;31;32;33;34;35;36;37;38;39;40;41;42;43;44;45;46;47;48;49;50;51;52;53;54;55;56;57;58;59;60;61;62;63;64;65;66;67;68;69;70;71;72;73;74;75;76;77;78;79;80;81;82;83;84;85;86;87;88;89;90;91;92;93;94;95;96;97;98;99;100;101;102;103;104;105;106;107;108;109;110;111;112;113;114;115;116;117;118;119;120;121;122;123;124;125;126;127;128;129;130;131;132;133;134;135;136;137;138;139;140;141;142;143;144;145;146;147;148;149;150;151;152;153;154;155;156;157;158;159;160;161;162;163;164;165;166;167;168;169;170;171;172;173;174;175;176;177;178;179;180;181;182;183;184;185;186;187;188;189;190;191;192;193;194;195;196;197;198;199;200;201;202;203;204;205;206;207;208;209;210;211;212;213;214;215;216;217;218;219;220;221;222;223;224;225;226;227;228;229;230;231;232;233;234;235;236;237;238;239;240;241;242;243;244;245;246;247;248;249;250;251;252;253;254;255;256;257;258;259;260;261;262;263;264;265;266;267;268;269;270;271;272;273;274;275;276;277;278;279;280;281;282;283;284;285;286;287;288;289;290;291;292;293;294;295;296;297;298;299;300;301;302;303;304;305;306;307;308;309;310;311;312;313;314;315;316;317;318;319;320;321;322;323;324;325;326;327;328;329;330;331;332;333;334;335;336;337;338;339;340;341;342;343;344;345;346;347;348;349;350;351;352;353;354;355;356;357;358;359;360;361;362;363;364;365;366;367;368;369;370;371;372;373;374;375;376;377;378;379;380;381;382;383;384;385;386;387;388;389;390;391;392;393;394;395;396;397;398;399;400;401;402;403;404;405;406;407;408;409;410;411;412;413;414;415;416;417;418;419;420;421;422;423;424;425;426;427;428;429;430;431;432;433;434;435;436;437;438;439;440;441;442;443;444;445;446;447;448;449;450;451;452;453;454;455;456;457;458;459;460;461;462;463;464;465;466;467;468;469;470;471;472;473;474;475;476;477;478;479;480;481;482;483;484;485;486;487;488;489;490;491;492;493;494;495;496;497;498;499;500
5.instancia_very_large_1000_hubs,1000,30,30,1000000000.0,nan,nan,0,491,491,0,14207.955628871918,10;11;12;13;14;15;16;17;18;19;20;21;22;23;24;25;26;27;28;29;30;31;32;33;34;35;36;37;38;39;40;41;42;43;44;45;46;47;48;49;50;51;52;53;54;55;56;57;58;59;60;61;62;63;64;65;66;67;68;69;70;71;72;73;74;75;76;77;78;79;80;81;82;83;84;85;86;87;88;89;90;91;92;93;94;95;96;97;98;99;100;101;102;103;104;105;106;107;108;109;110;111;112;113;114;115;116;117;118;119;120;121;122;123;124;125;126;127;128;129;130;131;132;133;134;135;136;137;138;139;140;141;142;143;144;145;146;147;148;149;150;151;152;153;154;155;156;157;158;159;160;161;162;163;164;165;166;167;168;169;170;171;172;173;174;175;176;177;178;179;180;181;182;183;184;185;186;187;188;189;190;191;192;193;194;195;196;197;198;199;200;201;202;203;204;205;206;207;208;209;210;211;212;213;214;215;216;217;218;219;220;221;222;223;224;225;226;227;228;229;230;231;232;233;234;235;236;237;238;239;240;241;242;243;244;245;246;247;248;249;250;251;252;253;254;255;256;257;258;259;260;261;262;263;264;265;266;267;268;269;270;271;272;273;274;275;276;277;278;279;280;281;282;283;284;285;286;287;288;289;290;291;292;293;294;295;296;297;298;299;300;301;302;303;304;305;306;307;308;309;310;311;312;313;314;315;316;317;318;319;320;321;322;323;324;325;326;327;328;329;330;331;332;333;334;335;336;337;338;339;340;341;342;343;344;345;346;347;348;349;350;351;352;353;354;355;356;357;358;359;360;361;362;363;364;365;366;367;368;369;370;371;372;373;374;375;376;377;378;379;380;381;382;383;384;385;386;387;388;389;390;391;392;393;394;395;396;397;398;399;400;401;402;403;404;405;406;407;408;409;410;411;412;413;414;415;416;417;418;419;420;421;422;423;424;425;426;427;428;429;430;431;432;433;434;435;436;437;438;439;440;441;442;443;444;445;446;447;448;449;450;451;452;453;454;455;456;457;458;459;460;461;462;463;464;465;466;467;468;469;470;471;472;473;474;475;476;477;478;479;480;481;482;483;484;485;486;487;488;489;490;491;492;493;494;495;496;497;498;499;500
