function,dimension,run_id,seed,best_fitness,global_optimum,error_to_optimum,rescues_applied,diagnostics_invoked,diagnostics_invocation_count,positive_diagnosis_count,runtime_sec,diagnostics_invocation_iterations
F12022,10,1,1,328.6908050852867,300.0,28.690805085286684,12,110,110,24,3.0425972938537598,13;55;56;57;58;72;73;84;85;86;87;88;89;103;115;116;123;124;125;126;127;128;136;137;138;139;140;141;148;149;150;158;159;166;167;168;169;170;171;172;173;174;175;176;177;178;185;186;187;188;189;190;191;199;207;208;209;217;218;219;220;221;228;229;230;231;232;233;234;235;236;237;238;239;240;241;242;243;244;245;253;279;295;303;304;305;306;326;327;338;339;340;341;342;343;344;345;401;402;403;471;472;473;474;482;483;484;485;486;487
F12022,10,2,2,302.85129390904257,300.0,2.8512939090425675,10,81,81,23,1.5269629955291748,18;45;46;110;111;118;119;120;121;122;123;124;140;155;156;168;169;170;171;172;179;180;181;182;183;184;185;186;187;188;216;223;224;225;226;227;228;229;230;231;232;233;234;235;236;250;251;266;279;291;292;293;294;295;296;297;305;306;307;308;318;319;320;321;322;323;324;325;345;356;390;391;392;477;478;479;480;481;490;498;499
F12022,10,3,3,330.14824651365984,300.0,30.148246513659842,11,62,62,16,1.2553162574768066,49;68;69;70;71;72;73;81;82;94;95;96;97;98;99;100;109;128;129;130;154;155;156;185;203;218;219;226;227;228;229;230;231;257;258;259;260;270;271;299;300;301;302;303;304;305;306;307;308;309;310;311;327;328;390;391;482;483;496;497;498;499
F12022,10,4,4,325.2832841720554,300.0,25.283284172055403,9,102,102,15,1.8354640007019043,46;47;48;49;50;51;52;53;54;55;56;57;58;59;60;61;62;63;64;72;73;74;100;101;102;103;104;105;106;107;108;120;127;128;129;148;149;150;151;174;175;176;177;214;215;216;217;218;225;226;227;228;229;230;231;232;233;270;271;272;287;301;310;311;312;319;320;321;322;323;324;325;326;327;328;329;330;331;332;333;334;335;336;337;338;339;340;353;354;473;474;475;483;490;491;492;493;494;495;496;497;498
F12022,10,5,5,330.63898126624366,300.0,30.63898126624366,11,100,100,19,1.8136277198791504,26;42;53;54;55;70;71;72;73;90;99;100;101;102;103;104;105;106;107;108;109;110;118;119;120;121;122;123;124;125;126;133;134;135;143;144;145;146;157;158;159;160;161;162;173;174;175;191;215;216;217;225;233;253;254;275;276;277;278;279;280;289;290;297;298;299;300;301;302;303;304;305;312;313;324;333;334;335;336;337;338;339;415;470;479;480;481;482;483;484;491;492;493;494;495;496;497;498;499;500
F12022,10,6,6,322.62372829950607,300.0,22.62372829950607,11,83,83,14,1.569857120513916,34;82;83;95;96;97;98;99;100;107;108;109;110;111;127;128;136;137;138;151;152;153;154;155;156;157;158;159;160;161;162;163;164;165;166;167;168;169;170;171;172;173;191;202;203;215;226;227;228;229;230;237;238;246;247;254;255;256;281;289;304;305;306;307;308;309;328;329;330;338;339;352;353;375;402;403;481;482;483;484;485;486;487
F12022,10,7,7,313.60871363046533,300.0,13.608713630465331,12,76,76,15,1.4663009643554688,35;36;50;51;52;53;54;55;56;57;58;59;68;83;100;101;102;112;113;114;147;148;149;150;175;190;203;204;205;218;219;227;234;235;236;237;238;239;240;241;242;243;244;245;246;253;254;255;256;265;266;267;268;269;270;278;279;280;281;282;283;284;285;286;321;334;342;343;344;345;365;366;484;485;486;493
F12022,10,8,8,334.8430040474992,300.0,34.84300404749922,10,123,123,15,2.1433379650115967,25;26;27;28;29;30;31;32;57;66;73;74;75;76;77;78;79;100;101;102;103;104;105;106;113;114;115;116;117;118;119;120;121;122;123;124;133;134;135;136;137;138;139;140;141;142;143;144;153;154;155;156;157;158;159;160;161;162;163;164;165;166;167;168;183;207;208;218;219;220;231;239;240;241;242;251;252;253;254;255;256;257;264;265;266;267;268;269;270;271;279;290;291;292;293;294;295;296;297;298;299;300;301;302;303;304;305;306;331;339;340;341;342;343;344;345;346;489;490;497;498;499;500
F12022,10,9,9,305.4076256307744,300.0,5.407625630774419,10,80,80,15,1.5190539360046387,36;37;60;61;93;100;101;102;103;104;105;106;107;115;116;117;118;119;120;121;129;130;131;132;133;134;135;136;144;175;183;184;185;186;194;195;196;197;198;199;200;201;202;203;204;224;235;236;244;245;259;260;261;275;290;297;298;299;300;301;302;303;315;316;341;440;441;442;443;474;475;476;477;478;485;486;487;488;489;490
F12022,10,10,10,306.06817919094766,300.0,6.06817919094766,13,113,113,18,2.0045619010925293,35;36;37;38;39;40;41;42;43;44;45;70;71;72;73;87;88;89;101;102;103;104;105;106;107;108;122;123;124;132;133;134;135;136;137;138;139;146;147;148;149;150;151;152;153;154;172;173;174;175;183;184;196;197;198;199;200;201;202;224;225;226;227;228;229;230;231;238;239;240;241;242;243;244;245;253;254;255;256;257;271;272;273;280;281;289;290;297;298;299;300;301;302;303;304;305;306;329;330;331;355;356;357;373;374;464;481;482;483;484;485;486;500
F12022,10,11,11,308.23194357488256,300.0,8.231943574882564,9,94,94,14,1.721384048461914,38;39;40;41;42;43;44;45;46;61;62;73;74;75;76;77;91;108;125;126;127;128;129;130;137;138;139;140;162;181;182;183;184;185;186;187;188;189;190;191;192;193;200;201;202;203;204;205;206;207;208;227;235;236;237;238;239;240;241;242;243;269;270;271;272;282;283;284;285;286;287;288;289;318;329;330;331;370;371;470;471;472;473;474;475;485;486;487;488;489;490;491;492;500
F12022,10,12,12,301.20224356683497,300.0,1.2022435668349658,15,109,109,29,1.9484238624572754,29;42;43;44;45;46;47;48;49;50;51;52;62;63;64;65;98;99;100;101;102;103;104;105;116;117;125;126;149;156;157;172;187;188;195;196;197;198;199;200;201;209;210;211;212;219;220;221;222;223;224;225;226;227;228;235;236;237;238;259;260;272;281;295;296;297;305;320;321;322;329;330;331;332;333;334;335;336;337;338;339;340;341;342;343;344;345;379;380;469;470;471;478;479;480;481;482;483;490;491;492;493;494;495;496;497;498;499;500
F12022,10,13,13,320.0884520378726,300.0,20.088452037872628,12,114,114,20,2.017259120941162,40;41;48;49;50;51;52;53;54;71;72;73;74;81;82;91;92;93;101;102;130;131;155;156;157;158;165;166;167;168;169;170;171;172;173;174;175;182;183;184;185;186;187;188;189;190;191;198;199;200;201;209;216;217;218;219;227;228;229;230;231;232;233;255;262;263;264;265;266;267;268;269;270;271;272;273;280;281;282;283;284;285;286;287;288;289;290;291;292;293;294;295;296;297;298;327;334;335;336;337;359;371;372;373;401;488;489;490;491;492;493;494;495;496
F12022,10,14,14,311.23902536065776,300.0,11.239025360657763,13,112,112,21,1.9940109252929688,47;69;70;71;80;81;82;83;84;85;86;87;95;117;118;119;120;121;130;131;132;133;134;135;136;137;138;139;147;154;155;156;175;176;177;178;179;180;187;188;189;190;191;192;193;194;195;196;203;204;205;206;207;208;209;210;211;212;213;220;221;222;223;224;225;226;227;228;229;230;231;238;239;240;241;242;243;244;245;246;253;261;262;263;264;265;266;282;283;284;313;314;315;316;317;318;335;336;429;473;483;484;485;486;487;488;489;496;497;498;499;500
F12022,10,15,15,304.0845404707482,300.0,4.084540470748209,18,108,108,29,1.929663896560669,41;42;50;51;60;61;75;76;77;107;120;121;133;140;141;142;143;151;152;159;167;180;181;182;183;184;185;186;187;188;189;190;191;192;193;194;195;196;197;198;199;206;207;208;209;210;211;212;213;214;215;216;228;229;230;231;238;239;240;241;242;243;244;245;246;253;261;262;269;270;271;272;273;274;275;276;277;278;289;290;291;292;293;310;311;312;325;326;327;328;329;330;331;332;368;369;389;474;481;482;483;484;485;486;487;488;489;490
F12022,10,16,16,303.4845160857905,300.0,3.484516085790517,12,119,119,19,2.0919241905212402,52;53;61;62;63;64;65;82;104;112;113;120;121;122;123;124;125;126;127;128;129;130;131;132;146;147;148;155;156;157;158;159;160;161;162;163;164;165;178;188;189;190;191;192;193;194;195;196;204;205;206;207;208;209;210;211;218;219;220;228;229;230;231;243;244;245;246;247;248;249;262;263;264;265;272;273;274;275;276;277;278;279;280;281;288;289;290;291;292;293;294;295;303;304;312;329;330;331;332;333;334;335;336;360;361;362;363;386;387;434;466;467;484;485;496;497;498;499;500
F12022,10,17,17,329.81189224715416,300.0,29.811892247154162,10,77,77,15,1.4759318828582764,39;40;47;48;49;57;77;78;112;113;120;121;122;123;124;125;133;134;177;185;186;187;188;199;200;201;202;212;222;223;224;225;226;227;228;250;257;258;259;260;261;262;263;264;265;277;278;279;280;281;282;283;290;291;292;321;322;323;324;325;326;327;328;329;330;331;332;333;334;335;343;352;386;387;488;495;496
F12022,10,18,18,300.3156769415638,300.0,0.3156769415638223,19,172,172,36,2.859405040740967,39;40;41;42;43;44;45;46;47;48;49;50;51;52;70;71;83;84;85;86;99;100;101;108;109;110;111;112;113;114;115;116;117;118;119;126;127;128;129;130;131;132;133;134;141;142;143;144;145;146;147;148;149;150;151;152;153;160;161;162;163;164;165;166;167;168;175;176;177;178;179;180;181;182;183;190;191;192;193;194;195;196;197;198;199;200;207;208;209;210;211;212;213;214;215;233;242;243;244;245;246;247;248;249;250;251;258;259;260;261;262;263;264;276;277;278;286;287;295;296;297;304;305;306;307;308;309;310;311;312;313;314;322;323;330;331;332;333;334;335;336;337;338;339;354;355;356;364;365;380;454;455;456;457;476;477;478;479;480;481;482;483;491;492;493;494;495;496;497;498;499;500
F12022,10,19,19,304.8154783435383,300.0,4.815478343538302,13,82,82,26,1.5482409000396729,30;45;52;83;84;85;95;104;128;129;137;138;139;146;147;148;149;150;151;152;160;161;162;179;187;188;214;221;222;223;224;232;242;243;244;245;246;247;254;255;256;257;258;259;260;261;269;270;271;288;289;303;304;305;306;307;318;319;326;334;335;348;349;350;424;425;426;479;480;481;482;483;484;485;486;494;495;496;497;498;499;500
F12022,10,20,20,321.6453394940555,300.0,21.64533949405552,13,116,116,23,2.0522491931915283,15;54;70;71;72;73;74;75;76;77;86;87;88;96;97;98;105;106;107;108;109;110;111;112;113;122;153;161;162;163;164;178;179;188;189;190;191;199;200;216;217;218;219;220;221;222;229;230;231;232;233;234;235;249;250;251;252;259;267;268;269;270;271;272;273;274;282;283;284;285;286;287;288;289;290;301;302;303;304;305;306;307;308;315;316;317;318;319;320;321;322;323;324;337;338;367;368;369;388;389;479;480;481;482;483;484;485;486;487;494;495;496;497;498;499;500
F12022,10,21,21,324.08565095481157,300.0,24.08565095481157,10,92,92,20,1.6971509456634521,48;49;50;51;52;53;54;70;71;96;97;98;105;106;107;108;109;110;111;112;113;122;123;124;125;126;127;147;177;184;185;186;187;188;189;190;191;199;208;209;210;211;212;213;214;226;227;228;229;230;231;232;233;234;235;236;237;238;239;240;241;242;243;254;255;256;257;258;259;260;268;291;311;330;331;332;333;341;342;374;375;376;388;389;390;391;482;483;484;485;499;500
F12022,10,22,22,384.1240635034111,300.0,84.1240635034111,8,74,74,8,1.4344630241394043,53;81;91;92;93;104;105;106;113;124;125;126;127;158;159;160;169;170;178;186;187;188;189;190;198;199;200;201;202;203;204;205;206;207;208;209;210;211;219;230;231;232;265;266;274;275;276;277;278;279;299;300;301;313;314;315;316;331;332;333;334;335;336;337;361;362;363;364;365;366;489;490;491;492
F12022,10,23,23,428.48907978823047,300.0,128.48907978823047,8,60,60,9,1.2359542846679688,24;36;37;38;39;48;49;50;58;59;69;105;118;119;120;121;122;159;160;161;162;163;164;165;166;176;177;178;179;180;181;188;189;190;191;192;193;194;202;203;215;216;217;218;219;231;232;233;234;235;248;249;250;251;258;259;260;290;291;490
F12022,10,24,24,353.4631637730507,300.0,53.463163773050724,10,71,71,16,1.386293888092041,40;41;80;81;82;89;90;91;92;93;94;95;96;97;98;121;122;123;134;135;136;137;138;155;156;176;177;178;179;180;181;182;183;245;246;247;254;255;256;257;258;259;260;261;269;270;271;272;273;274;275;283;284;285;286;307;308;309;310;311;321;322;323;363;364;478;479;489;490;498;499
F12022,10,25,25,317.072028194701,300.0,17.072028194700977,16,118,118,32,2.072873830795288,32;57;64;65;66;67;68;69;70;71;94;95;96;97;98;99;100;107;108;109;110;111;112;113;114;115;116;117;124;125;126;127;128;129;130;131;132;133;134;142;149;150;151;152;153;154;155;156;157;158;159;173;174;175;176;177;178;179;180;181;189;196;206;207;208;222;223;236;237;238;249;250;251;252;253;254;261;262;263;264;265;266;267;268;269;284;291;292;293;294;295;296;297;298;299;300;301;302;312;313;327;328;348;349;350;451;461;469;470;471;485;486;487;488;489;490;498;499
F12022,10,26,26,322.26579060302066,300.0,22.265790603020662,10,87,87,13,1.6193127632141113,13;44;45;46;59;82;83;84;85;93;94;95;96;97;98;99;100;108;109;110;120;121;129;130;131;132;133;134;135;136;137;138;156;157;158;159;160;161;169;170;177;178;179;180;207;208;209;210;211;212;213;214;215;216;217;234;235;236;237;238;253;270;278;279;280;298;299;300;301;311;328;329;330;357;465;466;467;468;469;482;483;484;485;492;493;494;495
F12022,10,27,27,316.10374094313875,300.0,16.103740943138746,8,108,108,13,1.9394080638885498,43;44;45;53;54;63;64;65;76;77;78;79;80;93;94;95;96;97;98;99;100;101;102;103;104;128;158;159;160;176;184;185;186;187;188;189;190;191;192;193;194;195;196;206;213;214;215;216;217;218;219;220;221;222;223;224;225;226;227;234;235;236;237;238;239;240;241;242;243;244;245;246;247;248;269;270;271;272;273;274;275;276;277;284;285;286;287;288;309;322;323;324;343;344;354;367;368;369;370;371;465;466;477;496;497;498;499;500
F12022,10,28,28,316.8472737264102,300.0,16.847273726410208,15,112,112,25,1.9852221012115479,30;31;32;51;52;71;78;79;80;81;82;83;84;85;86;87;88;89;90;91;98;99;100;101;102;103;104;105;135;136;145;146;154;155;156;157;180;193;194;195;203;204;205;206;207;208;209;216;217;218;219;220;221;222;223;224;231;247;248;255;256;257;258;259;260;261;262;263;264;265;272;280;281;288;289;290;291;292;293;294;295;296;297;305;306;307;308;309;310;311;312;321;322;330;343;344;345;346;347;368;369;370;478;480;483;494;495;496;497;498;499;500
F12022,10,29,29,401.20471189672526,300.0,101.20471189672526,7,36,36,8,0.8763620853424072,48;49;50;51;64;65;74;82;83;143;167;168;169;170;171;172;173;191;207;208;209;237;256;316;323;324;332;333;334;335;382;383;490;498;499;500
F12022,10,30,30,405.77065121829287,300.0,105.77065121829287,6,79,79,8,1.4986259937286377,16;17;18;27;28;29;30;75;76;77;78;79;80;81;82;83;84;85;86;87;100;108;109;124;144;184;191;192;193;194;195;196;215;216;217;218;219;220;228;251;252;253;254;255;256;257;258;259;260;261;274;275;286;287;288;289;290;291;318;319;320;321;328;329;330;405;406;435;472;473;474;484;485;486;487;488;496;497;498
F22022,10,1,1,400.73612477705984,400.0,0.7361247770598425,19,96,96,56,2.123976945877075,11;26;27;28;50;63;64;65;66;83;91;92;105;106;107;114;115;116;117;118;119;120;121;122;129;130;131;132;133;134;135;136;137;138;158;165;166;167;168;169;170;171;172;185;186;196;197;198;199;200;201;213;214;215;216;217;225;234;235;236;237;238;239;240;241;242;251;252;253;254;255;256;257;287;353;369;370;371;386;387;402;428;456;471;472;473;481;482;483;484;485;486;487;488;495;496
F22022,10,2,2,447.1319584603698,400.0,47.13195846036979,25,153,153,123,3.128067970275879,55;63;64;65;73;74;88;89;96;97;112;113;127;128;129;136;137;138;139;140;141;142;143;144;145;152;153;154;155;156;157;169;182;189;190;191;192;193;201;218;225;226;227;228;229;230;231;232;233;240;241;242;243;244;245;246;247;255;262;263;264;265;266;267;268;269;270;277;278;279;280;281;282;283;284;285;292;293;294;295;296;304;311;312;313;314;315;316;324;325;332;333;334;335;336;337;338;339;340;350;351;352;353;354;355;363;364;365;366;367;368;369;370;383;384;385;393;394;395;404;405;416;417;418;419;420;435;442;443;444;445;446;447;448;464;471;472;473;474;475;476;477;478;479;486;487;488;489;490;491;492;493;494
F22022,10,3,3,438.8184574954254,400.0,38.81845749542538,14,89,89,52,1.9911799430847168,26;27;35;42;43;44;45;46;54;55;56;69;70;71;95;96;97;104;112;125;126;127;134;135;136;137;138;139;140;141;142;149;150;151;152;153;154;155;156;157;164;165;166;167;168;182;190;191;192;193;194;202;209;247;287;303;304;311;312;313;314;315;316;317;318;319;327;328;329;330;339;340;341;342;343;344;463;471;472;473;474;475;476;477;478;479;480;481;482
F22022,10,4,4,400.62516189181184,400.0,0.6251618918118425,16,90,90,41,2.011547088623047,50;51;52;53;54;55;56;63;64;65;66;67;68;69;70;71;78;79;80;81;82;83;84;85;86;87;107;108;109;110;117;118;119;120;121;122;123;124;125;126;144;145;152;153;154;155;156;157;158;159;160;161;162;163;171;172;173;174;175;176;177;178;193;194;201;202;203;211;212;220;221;222;223;224;225;226;227;235;236;237;255;262;263;264;265;285;345;369;464;465
F22022,10,5,5,405.0035609706638,400.0,5.003560970663784,22,146,146,96,3.0799219608306885,9;19;20;21;22;23;24;25;26;36;37;44;45;46;81;91;92;93;94;95;96;103;104;105;106;107;108;109;110;111;118;119;120;121;122;123;124;125;126;133;134;135;136;137;138;139;140;141;142;143;154;155;156;157;158;159;166;167;175;182;183;184;185;186;187;188;189;190;197;198;199;200;201;202;203;204;205;220;221;231;238;239;240;241;242;243;244;245;246;253;254;255;263;270;271;272;273;274;275;276;277;278;285;286;287;288;289;290;291;292;293;313;314;315;326;348;355;356;357;358;359;360;361;375;376;384;385;386;387;467;474;475;476;477;478;479;480;481;482;491;492;493;494;495;496;497
F22022,10,6,6,449.9097996365005,400.0,49.90979963650051,27,205,205,128,4.040716648101807,20;33;34;35;36;37;60;61;62;69;70;71;91;107;114;115;116;124;125;126;133;134;135;136;137;138;139;140;141;142;149;150;151;152;153;154;155;156;157;158;159;166;167;168;169;170;171;172;173;174;181;182;183;184;185;186;187;188;189;196;197;198;199;200;201;202;210;217;218;219;220;221;222;223;224;225;232;240;247;248;249;250;251;252;253;254;255;264;272;273;280;281;282;283;284;285;286;287;288;295;296;297;298;299;300;301;302;303;310;311;312;313;314;315;316;317;318;325;326;327;328;329;330;331;332;333;340;341;342;343;344;345;346;347;348;355;356;357;365;372;373;374;375;376;377;378;379;380;387;388;389;390;391;392;393;394;395;402;403;404;405;406;420;427;428;429;430;431;432;433;434;435;442;443;444;445;453;454;461;462;463;464;465;466;467;468;469;476;477;478;479;480;481;482;483;484;491;492;493;494;495;496;497;498;499
F22022,10,7,7,472.12545102382694,400.0,72.12545102382694,21,103,103,74,2.2350962162017822,44;79;86;87;88;103;117;118;129;130;131;132;133;134;143;144;145;146;147;148;149;156;164;165;172;173;174;175;176;177;178;179;180;187;188;189;190;191;192;206;222;229;230;231;232;233;243;256;257;258;265;266;267;268;269;270;271;272;273;280;281;282;283;284;285;286;287;288;299;300;301;302;303;312;319;320;321;322;323;324;325;326;327;334;335;336;337;338;339;347;364;382;399;477;484;485;486;487;488;489;490;491;492
F22022,10,8,8,401.49497154143313,400.0,1.4949715414331308,19,107,107,55,2.3044941425323486,9;31;32;39;40;41;42;50;51;58;59;60;61;62;63;64;65;66;67;68;75;76;77;78;79;80;81;82;83;84;100;107;108;109;110;111;112;113;114;115;122;123;124;125;126;127;128;129;130;131;138;139;140;141;142;143;144;145;146;147;154;155;156;157;158;159;160;161;162;171;172;173;174;175;183;207;218;219;239;246;247;248;249;250;251;252;253;254;262;263;274;275;276;277;278;285;299;318;319;468;479;480;481;487;488;489;490
F22022,10,9,9,401.99527385070985,400.0,1.9952738507098502,19,78,78,50,1.7971899509429932,26;33;34;35;36;37;38;39;58;59;70;91;106;117;125;126;133;134;135;136;137;138;139;140;141;142;143;155;156;157;158;169;170;171;172;173;189;208;224;232;233;240;241;242;243;244;245;246;247;248;259;260;292;306;307;308;315;316;317;318;319;320;321;322;323;334;335;336;337;338;354;476;483;484;485;486;498;499
F22022,10,10,10,400.10764419693766,400.0,0.10764419693765603,18,73,73,52,1.7147457599639893,70;80;81;82;83;97;122;123;130;131;132;133;141;151;152;153;154;155;169;176;177;178;179;180;181;182;183;184;191;192;193;194;202;220;230;231;232;233;258;265;266;267;268;276;288;304;322;333;334;344;361;362;363;389;390;440;450;451;452;453;454;455;471;478;479;480;481;482;483;491;492;499;500
F22022,10,11,11,400.04656206306254,400.0,0.04656206306253807,21,89,89,56,1.9902129173278809,61;68;69;70;81;89;90;91;92;93;94;95;96;97;104;105;113;136;137;146;154;161;162;163;164;165;166;167;168;169;180;181;182;183;184;206;222;248;264;278;279;298;306;307;308;309;310;311;312;349;350;377;378;419;439;440;450;451;452;453;454;455;456;457;464;465;466;467;468;469;470;471;472;479;480;481;482;483;484;485;486;487;494;495;496;497;498;499;500
F22022,10,12,12,400.809596759214,400.0,0.8095967592140028,18,110,110,79,2.3596370220184326,27;39;40;41;42;53;60;61;62;78;79;88;89;90;100;114;115;122;123;124;125;126;127;128;129;130;137;138;139;140;141;142;143;144;145;152;153;154;155;156;157;158;159;160;167;168;169;170;171;172;173;174;175;176;183;184;185;186;197;204;205;206;217;224;225;226;227;228;229;237;245;246;247;248;249;261;271;272;273;274;275;276;283;284;285;303;304;314;315;461;468;469;470;471;472;473;474;475;476;477;478;485;486;487;488;489;490;491;492;493
F22022,10,13,13,475.60295860836084,400.0,75.60295860836084,19,107,107,62,2.3132519721984863,43;83;90;91;103;104;120;127;128;129;130;131;132;140;147;148;149;150;151;152;153;154;155;162;170;177;178;187;195;203;204;205;212;213;214;215;216;217;218;219;220;227;228;229;230;231;232;233;234;235;242;243;244;245;246;247;248;256;263;264;265;266;267;268;269;270;271;278;279;280;281;315;324;325;326;327;328;329;330;331;332;333;343;344;345;356;389;390;391;420;474;481;482;483;484;485;486;487;488;489;490;491;492;493;494;495;496
F22022,10,14,14,400.3646900014228,400.0,0.36469000142278674,25,126,126,80,2.6707499027252197,14;15;25;26;27;28;36;43;44;45;46;47;48;49;50;51;52;59;60;61;62;63;64;65;66;67;68;69;70;77;78;79;80;81;82;90;91;98;99;100;101;102;103;104;105;106;113;114;115;116;126;127;128;129;130;137;138;139;140;155;163;164;172;173;180;181;192;193;194;205;213;214;228;229;240;248;262;263;273;281;305;306;315;316;324;333;334;335;336;344;345;352;353;354;355;356;357;358;359;360;361;386;401;443;461;462;469;470;471;472;473;474;475;476;477;484;485;486;487;488;489;490;491;492;493;494
F22022,10,15,15,467.12413083748487,400.0,67.12413083748487,23,146,146,89,2.992176055908203,25;59;60;61;62;63;70;71;72;73;74;75;76;77;78;85;86;95;104;105;106;107;108;109;110;111;118;119;120;121;122;123;124;132;139;140;141;142;143;144;145;146;154;161;162;163;164;165;166;167;168;169;170;177;178;179;180;181;182;183;184;185;192;193;194;195;196;197;198;199;200;201;202;209;210;211;212;213;214;215;216;217;218;228;229;230;231;232;233;234;243;244;251;252;260;274;275;276;277;278;285;286;287;288;289;290;291;292;293;294;295;302;303;304;305;306;307;308;309;310;311;312;334;342;343;344;345;346;359;366;367;368;377;388;389;390;391;392;393;394;395;396;407;439;476;499
F22022,10,16,16,480.95504111094556,400.0,80.95504111094556,24,163,163,113,3.292022943496704,20;27;28;29;30;38;39;40;47;48;49;50;51;52;53;54;55;80;81;88;89;90;91;92;93;101;108;109;110;111;126;133;134;135;136;137;138;139;140;141;148;149;150;151;152;153;154;155;156;157;164;165;166;167;168;169;170;171;172;179;180;181;182;183;184;185;186;187;188;195;196;197;198;199;200;201;202;203;212;213;214;215;216;217;218;225;226;227;228;229;230;231;232;233;234;241;242;243;244;245;246;247;248;249;258;259;260;261;262;263;264;265;272;273;283;290;291;292;293;301;309;310;311;312;313;314;315;316;324;337;338;339;340;363;370;378;379;380;439;446;447;448;449;450;451;452;453;454;455;481;482;483;484;491;492;493;494;495;496;497;498;499;500
F22022,10,17,17,409.54679324788924,400.0,9.54679324788924,18,106,106,66,2.28666090965271,36;37;46;47;58;77;78;91;92;93;94;104;105;106;114;137;150;151;152;159;160;161;162;170;177;178;179;180;181;182;183;184;185;186;187;188;195;196;197;198;199;200;201;202;203;204;205;226;233;234;235;236;237;238;239;240;241;249;250;251;252;253;254;255;256;263;264;265;266;267;268;269;270;271;278;279;280;281;282;283;284;285;286;287;288;289;290;303;304;305;306;307;320;321;322;329;330;331;332;333;334;335;336;492;493;494
F22022,10,18,18,400.17633729091784,400.0,0.1763372909178429,24,142,142,84,2.9280080795288086,19;26;27;28;36;37;57;64;72;73;80;81;82;83;84;85;86;87;88;95;96;97;98;99;100;101;102;103;104;111;112;113;114;115;116;117;118;119;120;121;122;136;137;144;145;146;147;148;149;150;151;152;153;162;163;164;165;166;167;168;169;170;171;178;179;180;181;182;183;184;185;186;200;201;210;211;212;213;214;215;216;223;224;225;226;227;228;229;230;231;232;239;240;248;249;261;286;293;294;295;296;297;298;306;328;344;380;381;382;389;397;450;457;458;459;460;461;462;463;464;465;466;467;474;475;476;477;478;479;480;481;482;489;490;491;492;493;494;495;496;497;498
F22022,10,19,19,468.9647661136514,400.0,68.96476611365142,23,116,116,87,2.466304063796997,15;52;53;60;61;62;72;73;74;75;76;77;84;92;93;105;106;107;108;109;128;135;136;137;138;139;140;141;142;143;150;151;152;153;154;155;163;170;171;172;173;174;182;183;195;196;197;198;199;210;211;212;213;214;221;222;223;224;225;226;227;228;229;236;237;238;239;240;241;242;243;244;245;286;297;298;299;307;314;315;316;324;331;332;333;334;335;346;370;377;378;379;380;381;382;383;384;385;406;431;466;473;474;475;476;477;478;486;487;494;495;496;497;498;499;500
F22022,10,20,20,424.5979189376694,400.0,24.59791893766942,11,60,60,35,1.4746191501617432,28;29;37;44;52;59;60;61;62;63;64;75;82;83;84;85;86;87;88;96;103;104;105;106;107;108;109;110;120;127;128;129;130;131;149;157;158;165;166;167;168;208;209;210;217;248;269;270;271;278;279;287;288;310;311;312;313;314;315;375
F22022,10,21,21,449.63345605522966,400.0,49.63345605522966,22,172,172,95,3.4564149379730225,51;58;59;60;61;62;63;64;65;66;73;74;75;76;77;78;86;87;88;89;90;91;92;93;100;101;102;103;104;105;106;107;108;119;120;128;129;130;131;138;139;140;141;142;150;157;158;159;160;161;162;163;164;165;172;173;174;175;176;177;178;179;180;181;188;189;190;191;192;193;208;215;216;217;218;219;220;221;222;223;232;233;234;235;236;237;238;245;246;247;248;249;250;251;252;253;260;261;262;263;264;265;266;267;268;275;276;277;278;279;280;281;282;283;284;285;286;287;294;295;296;297;298;299;300;301;302;303;310;311;312;313;314;315;316;317;318;319;320;327;328;334;335;336;337;348;349;350;363;364;371;372;373;374;375;414;422;436;437;476;483;484;485;486;487;488;489;490;491;492;499;500
F22022,10,22,22,400.3125810578627,400.0,0.3125810578627011,22,151,151,73,3.080202102661133,12;32;39;40;41;42;43;44;45;46;47;48;49;50;57;58;59;60;61;62;63;64;65;72;73;74;75;76;77;78;79;80;81;82;83;103;110;111;112;113;114;115;123;130;131;132;133;134;135;136;137;138;139;140;141;148;149;150;151;152;153;154;155;156;157;158;159;166;167;168;169;170;171;172;173;174;181;182;183;184;185;186;187;188;189;196;197;198;199;200;201;209;210;222;223;224;232;239;240;241;242;243;251;260;268;276;277;289;299;300;301;302;312;313;314;315;326;327;328;329;330;354;366;367;368;369;428;442;443;460;467;468;469;470;471;472;473;474;475;476;486;487;488;489;490;495;496;497;498;499;500
F22022,10,23,23,412.5427245179539,400.0,12.5427245179539,20,91,91,44,2.0271148681640625,26;40;48;61;62;63;64;65;72;73;74;75;76;77;85;92;93;101;113;114;115;116;117;118;119;152;153;154;161;169;182;183;184;194;202;203;204;205;206;207;208;215;216;217;218;219;220;221;230;231;232;250;251;261;262;263;264;265;266;267;268;290;297;298;299;300;301;302;303;304;305;306;307;314;315;329;346;353;354;451;462;469;470;479;480;481;488;489;490;498;499
F22022,10,24,24,408.6488689339827,400.0,8.648868933982726,18,128,128,81,2.6757161617279053,17;18;19;26;27;28;29;30;31;39;40;54;55;62;63;64;65;66;67;68;69;70;71;72;73;74;81;82;83;84;85;86;87;88;89;96;97;98;99;100;101;102;103;104;111;112;113;114;115;116;117;118;119;126;127;128;129;130;131;132;133;134;141;142;143;144;145;146;147;148;149;150;157;158;159;160;161;162;163;164;165;179;192;193;194;195;202;203;204;205;219;220;227;228;229;230;231;232;233;234;235;242;243;244;245;246;247;248;249;250;257;258;259;260;261;262;263;264;265;281;291;292;293;294;295;483;497;498
F22022,10,25,25,476.3985848488848,400.0,76.39858484888481,23,139,139,99,2.8656649589538574,32;39;40;41;42;43;44;45;46;47;54;55;56;57;58;59;60;61;62;69;70;71;72;73;74;75;76;77;85;86;87;88;89;90;91;92;99;100;101;102;103;104;105;106;107;114;115;116;117;118;119;120;121;122;123;130;131;132;133;134;135;136;137;138;145;146;147;148;149;150;151;152;153;154;155;164;165;173;180;181;182;183;184;185;186;187;188;189;190;204;205;206;213;233;234;246;254;261;262;263;264;265;266;267;268;269;276;277;285;314;321;322;323;324;325;326;327;328;329;336;337;338;339;340;341;350;384;425;426;427;428;459;460;475;489;490;498;499;500
F22022,10,26,26,402.3469539768125,400.0,2.346953976812472,20,100,100,52,2.183166980743408,13;26;42;50;51;52;53;60;61;62;63;64;65;66;67;68;77;78;79;80;81;82;83;98;99;106;124;134;135;136;143;144;145;146;147;148;149;157;158;168;183;193;194;195;196;197;198;215;216;217;218;219;233;234;240;247;248;249;250;251;252;253;254;255;266;267;268;269;270;271;280;281;282;283;284;285;286;293;294;295;296;297;298;299;300;301;314;315;316;317;318;319;329;330;338;364;420;421;470;488
F22022,10,27,27,421.92321998478644,400.0,21.923219984786442,19,111,111,64,2.394995927810669,28;38;48;49;50;62;63;64;65;66;82;91;92;93;94;95;96;104;112;113;114;115;116;117;118;119;127;134;135;136;137;138;139;147;159;160;161;162;163;164;165;166;179;180;181;189;190;197;198;206;213;221;228;229;230;231;232;233;234;235;236;237;248;249;250;251;252;253;260;261;262;263;264;265;266;267;268;275;276;277;278;279;280;281;282;283;290;291;292;293;294;295;296;297;298;305;306;307;308;309;310;311;312;313;320;321;322;323;324;336;497
F22022,10,28,28,400.4421613666679,400.0,0.4421613666679036,22,89,89,68,1.9921059608459473,31;42;43;44;52;53;54;71;78;79;80;81;82;83;84;92;99;100;101;109;110;111;118;119;120;121;122;123;124;125;126;143;150;151;152;153;154;155;156;157;158;170;171;172;180;188;189;190;191;192;193;194;195;196;211;212;213;220;221;222;223;224;225;226;227;235;242;243;244;245;246;247;248;249;250;266;340;341;358;374;394;412;422;423;424;446;472;487;494
F22022,10,29,29,470.63252745649595,400.0,70.63252745649595,26,177,177,117,3.540963888168335,37;56;57;58;59;74;90;97;98;99;100;101;109;110;117;118;119;120;121;122;123;124;125;126;133;134;135;136;137;138;139;140;141;148;149;150;151;152;153;154;155;156;163;164;165;166;167;168;169;170;171;178;179;180;181;182;183;184;185;186;193;194;195;196;197;198;199;200;201;208;209;210;211;212;213;214;215;223;237;238;246;259;260;261;268;269;270;271;272;273;274;275;276;283;284;285;286;287;288;289;302;309;310;311;312;313;314;315;316;317;324;325;326;327;328;329;330;331;332;355;362;363;364;365;366;367;368;369;370;388;397;398;399;400;401;402;403;415;416;417;418;427;428;429;430;431;432;433;452;459;460;461;462;463;464;465;466;467;468;469;476;477;478;479;480;481;482;483;484;485;486;493;494;495;496;497;498
F22022,10,30,30,473.1558946564696,400.0,73.15589465646963,22,157,157,80,3.1901698112487793,21;22;23;40;48;49;56;57;58;59;60;61;62;63;64;81;82;89;90;91;92;93;94;95;96;97;104;105;113;120;121;122;123;124;125;126;127;128;136;137;138;139;140;141;142;143;150;151;152;153;154;155;156;157;158;165;166;167;168;169;170;171;172;173;174;175;176;177;178;185;186;187;188;189;190;191;192;193;200;201;202;203;204;205;206;207;208;209;216;217;218;219;220;221;222;235;242;243;244;245;246;247;248;249;250;251;258;259;260;261;262;263;264;265;266;267;274;275;276;277;278;279;280;281;282;283;308;315;316;317;318;319;320;321;322;323;347;348;349;350;368;397;411;412;413;468;469;470;471;472;480;481;488;489;490;491;499
F32022,10,1,1,600.0000154174393,600.0,1.541743927191419e-05,29,253,253,234,6.676497936248779,11;21;22;23;24;25;36;44;51;52;53;54;55;56;57;73;80;81;82;83;84;85;86;87;88;89;95;102;103;104;105;106;107;108;109;110;111;112;119;120;121;122;123;124;125;126;127;134;135;136;137;138;139;163;170;171;172;173;174;175;176;177;178;185;186;187;188;189;190;191;192;193;200;201;202;203;204;205;206;207;208;215;216;217;218;219;220;221;222;223;230;231;232;233;234;235;236;237;238;245;246;247;248;249;250;251;252;253;260;261;262;263;264;265;266;267;268;275;276;277;278;279;280;281;282;283;290;291;292;293;294;295;296;297;298;305;306;307;308;309;310;311;312;313;320;321;322;323;324;325;326;327;328;335;336;337;338;339;340;341;342;343;350;351;352;353;354;355;356;357;358;365;366;367;368;369;370;371;372;373;380;381;382;383;384;385;386;387;388;395;396;397;398;399;400;401;402;403;410;411;412;413;414;415;416;417;418;425;426;427;428;429;430;431;432;433;440;441;442;443;444;445;446;447;448;455;456;457;458;459;460;461;462;463;470;471;472;473;474;475;476;477;478;485;486;487;488;489;490;491;492;493;500
F32022,10,2,2,600.0000040249748,600.0,4.024974828098493e-06,32,249,249,244,6.589570760726929,26;41;55;56;68;69;70;71;78;79;80;81;89;96;97;98;99;100;101;102;103;104;111;119;126;127;128;129;130;131;132;133;134;141;142;143;144;145;146;147;148;149;156;157;158;159;160;161;162;163;164;171;172;173;174;175;176;177;178;179;186;187;188;189;190;191;192;193;194;201;202;203;204;205;206;207;208;209;216;217;218;219;220;221;222;223;224;231;232;233;234;235;236;237;238;239;246;247;248;249;250;251;252;253;254;261;262;263;264;265;266;267;268;269;276;277;278;279;280;281;282;283;284;291;292;293;294;295;296;297;298;299;306;307;308;309;310;311;312;313;314;321;322;323;324;325;326;327;328;329;336;337;338;339;340;341;342;343;344;351;352;353;354;355;356;357;358;359;366;367;368;369;370;371;372;373;374;381;382;383;384;385;386;387;388;389;396;397;398;399;400;401;402;403;404;411;412;413;414;415;416;417;418;419;426;427;428;429;430;431;432;433;434;441;442;443;444;445;446;447;448;449;456;457;458;459;460;461;462;463;464;471;472;473;474;475;476;477;478;479;486;487;488;489;490;491;492;493;494
F32022,10,3,3,600.0000035911025,600.0,3.5911025406676345e-06,32,270,270,263,7.078381776809692,16;37;45;46;47;48;49;63;70;71;72;73;74;75;76;77;78;85;86;87;88;89;90;91;92;93;100;101;102;103;104;105;106;107;108;115;116;117;118;119;120;121;122;123;130;131;132;133;134;135;136;137;138;145;146;147;148;149;150;151;152;153;160;161;162;163;164;165;166;167;168;175;176;177;178;179;180;181;182;183;190;191;192;193;194;195;196;197;198;205;206;207;208;209;210;211;212;213;220;221;222;223;224;225;226;227;228;235;236;237;238;239;240;241;242;243;250;251;252;253;254;255;256;257;258;265;266;267;268;269;270;271;272;273;280;281;282;283;284;285;286;287;288;295;296;297;298;299;300;301;302;303;310;311;312;313;314;315;316;317;318;325;326;327;328;329;330;331;332;333;340;341;342;343;344;345;346;347;348;355;356;357;358;359;360;361;362;363;370;371;372;373;374;375;376;377;378;385;386;387;388;389;390;391;392;393;400;401;402;403;404;405;406;407;408;415;416;417;418;419;420;421;422;423;430;431;432;433;434;435;436;437;438;445;446;447;448;449;450;451;452;453;454;461;462;463;464;465;466;467;468;469;476;477;478;479;480;481;482;483;484;491;492;493;494;495;496;497;498;499
F32022,10,4,4,600.0000165197399,600.0,1.651973991556588e-05,31,256,256,247,6.756820917129517,15;25;26;27;46;53;54;55;56;57;58;59;60;61;68;69;70;80;87;101;108;109;110;111;112;113;114;115;116;123;124;125;126;128;129;130;131;138;139;140;141;142;143;144;145;146;153;154;155;156;157;158;159;160;161;168;169;170;171;172;173;174;175;176;183;184;185;186;187;188;189;190;191;198;199;200;201;202;203;204;205;206;213;214;215;216;217;218;219;220;221;228;229;230;231;232;233;234;235;236;243;244;245;246;247;248;249;250;251;258;259;260;261;262;263;264;265;266;273;274;275;276;277;278;279;280;281;288;289;290;291;292;293;294;295;296;303;304;305;306;307;308;309;310;311;318;319;320;321;322;323;324;325;326;333;334;335;336;337;338;339;340;341;348;349;350;351;352;353;354;355;356;363;364;365;366;367;368;369;370;371;378;379;380;381;382;383;384;385;386;393;394;395;396;397;398;399;400;401;408;409;410;411;412;413;414;415;416;423;424;425;426;427;428;429;430;431;438;439;440;441;442;443;444;445;446;453;454;455;456;457;458;459;460;461;468;469;470;471;472;473;474;475;476;483;484;485;486;487;488;489;490;491;498;499;500
F32022,10,5,5,600.0000064193051,600.0,6.419305123017693e-06,31,266,266,239,6.991111993789673,21;31;32;52;64;65;66;67;74;75;76;77;78;79;80;81;82;83;84;91;92;93;94;95;96;97;98;99;106;107;108;109;110;111;112;113;114;121;122;123;124;125;126;127;128;136;137;144;145;146;147;148;149;150;151;152;159;160;161;162;163;164;165;166;167;174;175;176;177;178;179;180;181;182;189;190;191;192;193;194;195;196;197;204;205;206;207;208;209;210;211;212;219;220;221;222;223;224;225;226;227;234;235;236;237;238;239;240;241;242;249;250;251;252;253;254;255;256;257;264;265;266;267;268;269;270;271;272;273;274;281;282;283;284;285;286;287;288;289;296;297;298;299;300;301;302;303;304;311;312;313;314;315;316;317;318;319;326;327;328;329;330;331;332;333;334;341;342;343;344;345;346;347;348;349;356;357;358;359;360;361;362;363;364;371;372;373;374;375;376;377;378;379;386;387;388;389;390;391;392;393;394;401;402;403;404;405;406;407;408;409;416;417;418;419;420;421;422;423;424;431;432;433;434;435;436;437;438;439;446;447;448;449;450;451;452;453;454;455;462;463;464;465;466;467;468;469;470;477;478;479;480;481;482;483;484;485;492;493;494;495;496;497;498;499;500
F32022,10,6,6,600.0000460692972,600.0,4.6069297241047025e-05,31,227,227,211,6.049410104751587,25;26;33;34;35;36;37;38;39;40;41;48;49;50;51;52;53;54;55;56;57;64;65;66;67;68;69;70;71;72;87;95;96;97;98;99;100;101;102;120;121;128;129;130;131;136;147;148;149;150;151;159;160;161;162;163;164;165;166;179;180;181;188;189;190;191;192;210;217;218;226;233;234;235;236;237;238;239;240;241;251;258;265;266;267;268;269;270;271;272;273;280;281;282;283;284;285;286;287;288;295;296;297;298;299;300;301;302;303;304;311;312;313;314;315;316;317;318;319;326;327;328;329;330;331;332;333;334;341;342;343;344;345;346;347;348;349;356;357;358;359;360;361;362;363;364;371;372;373;374;375;376;377;378;379;386;387;388;389;390;391;392;393;394;401;402;403;404;405;406;407;408;409;416;417;418;419;420;421;422;423;424;431;432;433;434;435;436;437;438;439;446;447;448;449;450;451;452;453;454;461;462;463;464;465;466;467;468;469;476;477;478;479;480;481;482;483;484;491;492;493;494;495;496;497;498;499
F32022,10,7,7,600.0000142888563,600.0,1.4288856277744344e-05,31,269,269,257,7.119915962219238,34;44;45;49;58;59;61;65;66;67;74;75;76;77;78;79;80;81;82;89;90;91;92;93;94;95;96;97;104;105;106;107;108;109;110;111;112;119;120;121;122;123;124;125;126;127;134;135;136;137;138;139;140;141;142;149;150;151;152;153;154;155;156;157;164;165;166;167;168;169;170;171;172;179;180;181;182;183;184;185;186;187;194;195;196;197;198;199;200;201;202;209;210;211;212;213;214;215;216;217;224;225;226;227;228;229;230;231;232;239;240;241;242;243;244;245;246;247;254;255;256;257;258;259;260;261;262;269;270;271;272;273;274;275;276;277;284;285;286;287;288;289;290;291;292;299;300;301;302;303;304;305;306;307;314;315;316;317;318;319;320;321;322;329;330;331;332;333;334;335;336;337;338;345;346;347;348;349;350;351;352;353;360;361;362;363;364;365;366;367;368;375;376;377;378;379;380;381;382;383;390;391;392;393;394;395;396;397;398;405;406;407;408;409;410;411;412;413;420;421;422;423;424;425;426;427;428;435;436;437;438;439;440;441;442;443;450;451;452;453;454;455;456;457;458;465;466;467;468;469;470;471;472;473;480;481;482;483;484;485;486;487;488;495;496;497;498;499;500
F32022,10,8,8,600.000014939211,600.0,1.4939211041564704e-05,32,272,272,247,7.144420862197876,24;31;39;46;47;48;49;50;51;52;53;54;61;62;63;64;65;66;67;68;69;81;82;83;84;85;86;93;94;95;96;97;98;99;100;101;108;109;110;111;112;113;114;115;116;123;124;125;126;127;128;129;130;131;138;139;140;141;142;143;144;145;146;153;154;155;156;157;158;159;160;161;168;169;170;171;172;173;174;175;176;183;184;185;186;187;188;189;190;191;192;199;200;201;202;203;204;205;206;207;214;215;216;217;218;219;220;221;222;230;231;232;233;234;235;236;237;244;245;246;247;248;249;250;251;252;259;260;261;262;263;264;265;266;267;274;275;276;277;278;279;280;281;282;289;290;291;292;293;294;295;296;297;304;305;306;307;308;309;310;311;312;319;320;321;322;323;324;325;326;327;334;335;336;337;338;339;340;341;342;349;350;351;352;353;354;355;356;357;364;365;366;367;368;369;370;371;372;379;380;381;382;383;384;385;386;387;394;395;396;397;398;399;400;401;402;409;410;411;412;413;414;415;416;417;424;425;426;427;428;429;430;431;432;439;440;441;442;443;444;445;446;447;454;455;456;457;458;459;460;461;462;469;470;471;472;473;474;475;476;477;484;485;486;487;488;489;490;491;492;499;500
F32022,10,9,9,600.0000163158957,600.0,1.6315895663865376e-05,32,263,263,220,6.9188621044158936,21;34;35;36;48;49;50;51;52;53;66;67;68;75;76;77;78;79;80;81;82;83;90;91;92;93;94;95;96;97;98;110;111;112;113;120;121;122;123;124;125;126;127;128;135;136;137;138;139;140;141;142;143;150;151;152;153;154;155;156;157;158;165;166;167;168;169;170;171;172;173;180;181;182;183;184;185;186;187;188;195;196;197;198;199;200;201;202;203;210;211;212;213;214;215;216;217;218;225;226;227;228;229;230;231;232;233;240;241;242;243;244;245;246;247;248;255;256;257;258;259;260;261;262;263;270;271;272;273;274;275;276;277;278;285;286;287;288;289;293;300;301;302;303;304;305;306;307;308;315;316;317;318;319;320;321;322;323;330;331;332;333;334;335;336;337;338;345;346;347;348;349;350;351;352;353;360;361;362;363;364;365;366;367;368;375;376;377;378;379;380;381;382;383;384;391;392;393;394;395;396;397;398;399;406;407;408;409;410;411;412;413;414;421;422;423;424;425;426;427;428;429;436;437;438;439;440;441;442;443;444;451;452;453;454;455;456;457;458;459;460;467;468;469;470;471;472;473;474;475;482;483;484;485;486;487;488;489;490;497;498;499;500
F32022,10,10,10,600.0000043999921,600.0,4.399992121761898e-06,31,248,248,222,6.55352520942688,27;39;40;41;49;56;57;58;59;60;61;62;63;64;71;72;73;74;75;76;77;78;79;86;87;88;89;90;91;92;93;94;107;108;112;119;120;121;122;123;131;138;139;140;141;142;143;144;145;146;153;154;155;156;157;158;159;160;161;168;169;170;171;172;173;174;175;176;188;189;190;191;198;199;200;201;202;203;204;205;206;218;219;220;221;228;229;230;231;232;233;234;235;236;243;244;245;246;247;248;249;250;251;259;260;261;262;263;264;265;273;280;281;282;283;284;285;286;287;288;295;296;297;298;299;300;301;302;303;310;311;312;313;314;315;316;317;318;325;326;327;328;329;330;331;332;333;340;341;342;343;344;345;346;347;348;355;356;357;358;359;360;361;362;363;370;371;372;373;374;375;376;377;378;385;386;387;388;389;390;391;392;393;400;401;402;403;404;405;406;407;408;415;416;417;418;419;420;421;422;423;430;431;432;433;434;435;436;437;438;439;446;447;448;449;450;451;452;453;454;461;462;463;464;465;466;467;468;469;470;477;478;479;480;481;482;483;484;485;492;493;494;495;496;497;498;499;500
F32022,10,11,11,600.00000792837,600.0,7.92836999607971e-06,30,241,241,222,6.387215852737427,21;22;45;52;53;54;55;56;57;58;59;60;73;74;75;82;83;91;98;99;100;101;102;103;104;105;106;113;114;115;116;117;118;119;120;121;128;129;130;131;132;144;151;152;153;154;155;167;174;175;176;177;178;186;194;195;196;197;198;199;200;201;208;209;210;211;212;213;214;215;216;223;224;225;226;227;228;229;230;231;232;239;240;241;242;243;244;245;246;247;248;249;256;257;258;259;260;261;262;263;264;265;272;273;274;275;276;277;278;279;280;287;288;289;290;291;292;293;294;295;302;303;304;305;306;307;308;309;310;317;318;319;320;321;322;323;324;325;332;333;334;335;336;337;338;339;340;347;348;349;350;351;352;353;354;355;362;363;364;365;366;367;368;369;370;377;378;379;380;381;382;383;384;385;386;393;394;395;396;397;398;399;400;401;408;409;410;411;412;413;414;415;416;417;424;425;426;427;428;429;430;431;432;433;440;441;442;443;444;445;446;447;448;455;456;457;458;459;460;461;462;463;470;471;472;473;474;475;476;477;478;485;486;487;488;489;490;491;492;493;500
F32022,10,12,12,600.0000392934346,600.0,3.9293434610954137e-05,32,255,255,240,6.737672328948975,9;10;32;57;64;65;66;67;68;69;70;71;79;87;88;89;90;91;92;93;94;101;102;103;104;105;106;107;108;109;116;117;118;119;120;121;122;123;124;131;132;133;134;135;136;137;138;139;151;152;153;154;161;162;163;164;170;177;178;179;180;181;182;183;184;185;192;193;194;195;196;197;198;199;200;207;208;209;210;211;212;213;214;215;222;223;224;225;226;227;228;229;230;237;238;239;240;241;242;243;244;245;252;253;254;255;256;257;258;259;260;267;268;269;270;271;272;273;274;275;282;283;284;285;286;287;288;289;290;297;298;299;300;301;302;303;304;305;312;313;314;315;316;317;318;319;320;327;328;329;330;331;332;333;334;335;342;343;344;345;346;347;348;349;350;357;358;359;360;361;362;363;364;365;372;373;374;375;376;377;378;379;380;387;388;389;390;391;392;393;394;395;402;403;404;405;406;407;408;409;410;417;418;419;420;421;422;423;424;425;432;433;434;435;436;437;438;439;440;447;448;449;450;451;452;453;454;455;462;463;464;465;466;467;468;469;470;477;478;479;480;481;482;483;484;485;492;493;494;495;496;497;498;499;500
F32022,10,13,13,600.0000165151816,600.0,1.651518164180743e-05,30,244,244,215,6.465689182281494,40;41;42;59;60;67;68;69;77;84;85;86;99;106;107;108;109;110;111;112;113;114;121;122;123;124;125;126;127;128;129;136;137;138;139;140;141;145;152;153;154;155;156;157;158;159;160;168;169;170;171;172;173;174;175;182;183;184;185;186;187;188;189;190;197;202;203;204;205;212;213;214;215;216;217;218;219;220;227;228;229;230;231;232;233;234;235;236;243;244;245;246;247;248;249;250;251;258;259;260;261;262;263;264;265;266;273;274;275;276;277;278;279;280;281;288;289;290;291;292;293;294;295;296;303;304;305;306;307;308;309;310;311;318;319;320;321;322;323;324;325;326;333;334;335;336;337;338;339;340;341;348;349;350;351;352;353;354;355;356;363;364;365;366;367;368;369;370;371;378;379;380;381;382;383;384;385;386;393;394;395;396;397;398;399;400;401;402;409;410;411;412;413;414;415;416;417;424;425;426;427;428;429;430;431;432;439;440;441;442;443;444;445;446;447;454;455;456;457;458;459;460;461;462;469;470;471;472;473;474;475;476;477;484;485;486;487;488;489;490;491;492;499;500
F32022,10,14,14,600.0000007380783,600.0,7.380782562904642e-07,31,280,280,253,7.325279951095581,19;20;21;33;40;41;42;43;44;45;46;47;48;55;56;57;58;59;60;66;73;74;75;76;77;78;79;80;81;88;89;90;91;92;93;94;95;96;97;104;105;106;107;108;109;110;111;112;119;120;121;122;123;124;125;126;127;134;135;136;137;138;139;140;141;142;143;150;151;152;153;154;155;156;157;158;165;166;167;168;169;170;171;172;173;180;181;182;183;184;185;186;187;188;189;196;197;198;199;200;201;202;203;204;211;212;213;214;215;216;217;218;219;226;227;228;229;230;231;232;233;234;241;242;243;244;245;246;247;248;249;256;257;258;259;260;261;262;263;264;271;272;273;274;275;276;277;278;279;286;287;288;289;290;291;292;293;294;301;302;303;304;305;306;307;308;309;316;317;318;319;320;321;322;323;324;331;332;333;334;335;336;337;338;339;346;347;348;349;350;351;352;353;354;361;362;363;364;365;366;367;368;369;376;377;378;379;380;381;382;383;384;391;392;393;394;395;396;397;398;399;406;407;408;409;410;411;412;413;414;421;422;423;424;425;426;427;428;429;436;437;438;439;440;441;442;443;444;451;452;453;454;455;456;457;458;459;466;467;468;469;470;471;472;473;474;481;482;483;484;485;486;487;488;489;496;497;498;499;500
F32022,10,15,15,600.0000512516544,600.0,5.125165444042068e-05,28,225,225,215,6.001044988632202,42;43;57;58;65;66;67;68;69;70;71;72;89;98;111;112;113;122;123;124;125;126;127;137;144;145;146;147;148;160;167;175;182;183;184;185;186;187;188;189;190;197;198;199;200;201;202;203;204;205;212;213;214;215;216;217;218;219;220;227;228;229;230;231;232;233;234;235;242;243;244;245;246;247;248;249;250;257;258;259;260;261;262;263;264;265;272;273;274;275;276;277;278;279;280;287;288;289;290;291;292;293;294;295;302;303;304;305;306;307;308;309;310;317;318;319;320;321;322;323;324;325;332;333;334;335;336;337;338;339;340;347;348;349;350;351;352;353;354;355;362;363;364;365;366;367;368;369;370;377;378;379;380;381;382;383;384;385;392;393;394;395;396;397;398;399;400;407;408;409;410;411;412;413;414;415;422;423;424;425;426;427;428;429;430;437;438;439;440;441;442;443;444;445;452;453;454;455;456;457;458;459;460;467;468;469;470;471;472;473;474;475;482;483;484;485;486;487;488;489;490;497;498;499;500
F32022,10,16,16,600.0000083656806,600.0,8.36568062823062e-06,31,262,262,246,6.896392822265625,22;29;30;31;32;40;47;48;56;57;64;65;66;67;68;69;70;71;72;73;80;81;82;83;84;85;86;87;88;89;96;97;98;99;100;101;102;103;104;111;112;113;114;115;116;137;144;145;146;147;148;149;150;151;152;159;160;161;162;163;164;165;166;167;174;175;176;177;178;179;180;181;182;189;190;191;192;193;194;195;196;197;204;205;206;207;208;209;210;211;212;219;220;221;222;223;224;225;226;227;234;235;236;237;238;239;240;241;242;249;250;251;252;253;254;255;256;257;264;265;266;267;268;269;270;271;272;279;280;281;282;283;284;285;286;287;294;295;296;297;298;299;300;301;302;309;310;311;312;313;314;315;316;317;324;325;326;327;328;329;330;331;332;339;340;341;342;343;344;345;346;347;354;355;356;357;358;359;360;361;362;369;370;371;372;373;374;375;376;377;384;385;386;387;388;389;390;391;392;399;400;401;402;403;404;405;406;407;414;415;416;417;418;419;420;421;422;429;430;431;432;433;434;435;436;437;444;445;446;447;448;449;450;451;452;459;460;461;462;463;464;465;466;467;474;475;476;477;478;479;480;481;482;489;490;491;492;493;494;495;496;497
F32022,10,17,17,600.0000201586438,600.0,2.0158643792456132e-05,30,217,217,203,5.807304859161377,14;21;22;23;24;25;39;55;68;69;70;80;81;82;83;84;85;99;100;107;129;141;142;143;154;161;162;163;164;165;166;167;171;178;184;185;186;193;194;195;201;208;209;210;211;212;213;214;215;216;217;224;225;226;227;228;229;230;231;232;239;240;241;242;243;244;245;246;247;248;255;256;257;258;259;263;270;271;272;273;274;275;276;277;278;285;286;287;288;289;290;291;292;293;300;301;302;303;304;305;306;307;308;315;316;317;318;319;320;321;322;323;330;331;332;333;334;335;336;337;338;345;346;347;348;349;350;351;352;353;360;361;362;363;364;365;366;367;368;375;376;377;378;379;380;381;382;383;390;391;392;393;394;395;396;397;398;405;406;407;408;409;410;411;412;413;420;421;422;423;424;425;426;427;428;435;436;437;438;439;440;441;442;443;450;451;452;453;454;455;456;457;458;465;466;467;468;469;470;471;472;473;480;481;482;483;484;485;486;487;488;495;496;497;498;499;500
F32022,10,18,18,600.0000065701046,600.0,6.57010457416618e-06,31,263,263,241,6.919793128967285,24;25;32;33;41;52;53;54;55;56;63;64;72;79;80;81;82;83;84;85;86;87;88;97;98;99;100;101;102;103;110;111;112;113;114;115;116;117;118;125;126;127;128;129;130;138;145;146;147;148;149;150;151;153;160;161;162;163;164;165;166;167;168;175;176;177;178;179;180;181;182;183;190;191;192;193;194;195;196;197;198;205;206;207;208;209;210;211;212;213;220;221;222;223;224;225;226;227;228;235;236;237;238;239;240;241;242;243;244;251;252;253;254;255;256;257;258;259;266;267;268;269;270;271;272;273;274;281;282;283;284;285;286;287;288;289;296;297;298;299;300;301;302;303;304;311;312;313;314;315;316;317;318;319;326;327;328;329;330;331;332;333;334;341;342;343;344;345;346;347;348;349;356;357;358;359;360;361;362;363;364;371;372;373;374;375;376;377;378;379;386;387;388;389;390;391;392;393;394;401;402;403;404;405;406;407;408;409;416;417;418;419;420;421;422;423;424;425;432;433;434;435;436;437;438;439;440;447;448;449;450;451;452;453;454;455;462;463;464;465;466;467;468;469;470;477;478;479;480;481;482;483;484;485;486;493;494;495;496;497;498;499;500
F32022,10,19,19,600.0000096707294,600.0,9.6707293550935e-06,32,246,246,242,6.516407012939453,15;36;52;59;60;61;62;63;64;65;66;74;81;82;83;84;85;86;87;88;89;90;97;98;99;100;101;102;103;104;105;112;113;121;128;129;130;131;132;133;134;135;136;145;146;147;148;149;150;151;158;166;173;174;175;176;177;178;179;180;181;188;189;190;191;192;193;194;195;196;203;204;205;206;207;208;209;210;211;218;219;220;221;222;223;224;225;226;233;234;235;236;237;238;239;240;241;248;249;250;251;252;253;254;255;256;267;268;269;270;271;278;279;280;281;282;283;284;285;286;293;294;295;296;297;298;299;300;301;308;309;310;311;312;313;314;315;316;323;324;325;326;327;328;329;330;331;338;339;340;341;342;343;344;345;346;353;354;355;356;357;358;359;360;361;368;369;370;371;372;373;374;375;376;383;384;385;386;387;388;389;390;391;398;399;400;401;402;403;404;405;406;413;414;415;416;417;418;419;420;421;428;429;430;431;432;433;434;435;436;443;444;445;446;447;448;449;450;451;458;459;460;461;462;463;464;465;466;473;474;475;476;477;478;479;480;481;488;489;490;491;492;493;494;495;496
F32022,10,20,20,600.0000401249343,600.0,4.012493434402131e-05,32,265,265,218,6.9728240966796875,15;27;28;29;30;31;38;39;40;41;52;53;64;65;66;67;68;75;76;77;78;79;80;81;82;83;90;91;92;93;94;95;96;97;98;105;106;107;108;109;110;111;112;113;120;121;122;123;124;125;126;127;128;135;136;137;138;139;140;141;142;143;150;151;152;153;154;155;156;157;158;165;180;187;188;189;190;191;192;193;194;195;202;203;204;205;206;207;208;209;210;217;218;219;220;221;222;223;224;225;226;234;235;236;237;238;239;240;241;242;243;250;251;252;253;254;255;256;257;258;265;266;267;268;269;270;271;272;273;281;282;283;284;285;286;287;288;289;296;297;298;299;300;301;302;303;304;305;312;313;314;315;316;317;318;319;320;327;328;329;330;331;332;333;334;335;342;343;344;345;346;347;348;349;350;357;358;359;360;361;362;363;364;365;372;373;374;375;376;377;378;379;380;387;388;389;390;391;392;393;394;395;402;403;404;405;406;407;408;409;410;417;418;419;420;421;422;423;424;425;432;433;434;435;436;437;438;439;440;447;448;449;450;451;452;453;454;455;462;463;464;465;466;467;468;469;470;477;478;479;480;481;482;483;484;485;492;493;494;495;496;497;498;499;500
F32022,10,21,21,600.000010586737,600.0,1.0586736948425823e-05,32,278,278,256,7.286233186721802,11;12;24;25;26;42;49;50;51;52;53;54;55;56;57;64;65;66;67;68;69;70;71;72;79;80;81;82;83;84;85;86;87;94;95;96;97;98;99;100;101;102;109;110;111;112;113;114;115;116;117;124;125;126;127;128;129;130;131;132;139;140;141;142;143;144;145;146;147;148;155;156;157;158;159;160;161;162;163;170;171;172;173;174;175;176;177;178;185;186;187;188;189;190;191;192;193;200;201;202;203;204;205;206;207;208;215;216;217;218;219;220;221;222;223;230;231;232;233;234;235;236;237;238;239;246;247;248;249;250;251;252;253;254;261;262;263;264;265;266;267;268;269;276;277;278;279;280;281;282;283;284;291;292;293;294;295;296;297;298;299;306;307;308;309;310;311;312;313;314;321;322;323;324;325;326;327;328;329;336;337;338;339;340;341;342;343;344;351;352;353;354;355;356;357;358;359;366;367;368;369;370;371;372;373;374;381;382;383;384;385;386;387;388;389;396;397;398;399;400;401;402;403;404;411;412;413;414;415;416;417;418;419;426;427;428;429;430;431;432;433;434;441;442;443;444;445;446;447;448;449;456;457;458;459;460;461;462;463;464;471;472;473;474;475;476;477;478;479;486;487;488;489;490;491;492;493;494
F32022,10,22,22,600.0000041599423,600.0,4.159942250225868e-06,31,259,259,219,6.830820798873901,10;17;18;35;64;65;72;73;74;75;76;77;78;79;80;81;82;83;100;107;108;109;110;111;112;113;114;115;122;123;124;125;126;127;128;129;130;137;138;139;140;141;142;143;144;145;152;153;154;155;156;157;158;159;160;167;168;169;170;171;172;173;174;175;182;183;184;185;186;187;188;189;190;197;198;199;200;201;202;203;204;205;212;213;214;215;216;217;218;219;220;227;228;229;230;231;232;233;234;235;242;243;244;245;246;247;248;249;250;257;258;259;260;261;262;263;264;265;266;273;274;275;276;277;278;279;280;281;288;289;290;291;292;293;294;295;296;303;304;305;306;307;308;309;310;311;312;319;320;321;322;323;324;325;326;327;334;335;336;337;338;339;340;341;342;349;350;351;352;353;354;355;356;357;364;365;366;367;368;369;370;371;372;373;374;381;382;383;384;385;386;387;388;389;396;397;398;399;400;401;402;403;404;405;412;413;414;415;416;417;418;419;420;421;428;429;430;431;432;433;434;435;436;443;444;445;446;447;448;449;450;451;458;459;460;461;462;463;464;465;466;473;474;475;476;477;478;479;480;481;488;489;490;491;492;493;494;495;496
F32022,10,23,23,600.000039107493,600.0,3.910749296665017e-05,30,240,240,216,6.360252141952515,22;30;31;49;61;62;63;64;71;72;73;74;82;89;90;91;92;100;107;108;109;117;124;125;134;141;142;143;144;145;146;147;148;153;160;161;162;163;164;165;166;167;171;178;179;180;181;182;183;184;185;186;193;194;195;196;197;198;199;200;201;208;209;210;211;212;213;214;215;216;217;224;225;226;227;228;229;230;231;232;239;240;241;242;243;244;245;246;247;254;255;256;257;258;259;260;261;262;263;270;271;272;273;274;275;276;277;278;285;286;287;288;289;290;291;292;293;300;301;302;303;304;305;306;307;308;315;316;317;318;319;320;321;322;323;330;331;332;333;334;335;336;337;338;345;346;347;348;349;350;351;352;353;360;361;362;363;364;365;366;367;368;375;376;377;378;379;380;381;382;383;390;391;392;393;394;395;396;397;398;405;406;407;408;409;410;411;412;413;420;421;422;423;424;425;426;427;428;429;436;437;438;439;440;441;442;443;444;451;452;453;454;455;456;457;458;459;466;467;468;469;470;471;472;473;474;481;482;483;484;485;486;487;488;489;496;497;498;499;500
F32022,10,24,24,600.0000084912889,600.0,8.4912888951294e-06,30,245,245,195,6.478503942489624,24;36;37;38;39;40;47;48;49;50;51;52;53;54;62;74;75;76;77;100;107;108;109;110;111;112;113;114;115;122;123;124;125;126;127;128;129;130;142;143;144;145;152;153;154;155;156;157;158;159;160;167;168;169;170;171;172;173;174;175;182;183;184;185;186;187;188;189;190;200;201;202;203;204;205;212;213;214;215;216;217;218;219;220;231;232;233;234;235;242;243;244;245;246;247;248;249;250;257;258;259;260;261;262;263;271;278;279;280;281;282;283;284;285;286;287;294;295;296;297;298;299;300;301;302;309;310;311;312;313;314;315;316;317;318;325;326;327;328;329;330;331;332;333;334;341;342;343;344;345;346;347;348;349;356;357;358;359;360;361;362;363;364;371;372;373;374;375;376;377;378;379;380;381;388;389;390;391;392;393;394;395;396;397;404;405;406;407;408;409;410;411;412;413;420;421;422;423;424;425;426;427;428;429;430;437;438;439;440;441;442;443;444;445;452;453;454;455;456;457;458;459;460;467;468;469;470;471;472;473;474;475;482;483;484;485;486;487;488;489;490;497;498;499;500
F32022,10,25,25,600.0000285315955,600.0,2.8531595489766914e-05,31,249,249,239,6.5818397998809814,37;38;49;50;51;52;53;65;66;67;68;79;80;81;82;83;93;94;95;96;97;98;105;106;107;108;109;110;111;112;113;120;121;122;130;137;138;139;140;141;142;143;144;145;152;153;154;155;156;157;158;163;170;171;172;173;174;175;176;177;178;185;186;187;188;189;190;191;192;193;200;201;202;203;204;205;206;207;208;215;216;217;218;219;220;221;226;233;234;235;236;237;238;239;240;241;248;249;250;251;252;253;254;255;256;263;264;265;266;267;268;269;270;271;278;279;280;281;282;283;284;285;286;293;294;295;296;297;298;299;300;301;308;309;310;311;312;313;314;315;316;323;324;325;326;327;328;329;330;331;338;339;340;341;342;343;344;345;346;353;354;355;356;357;358;359;360;361;368;369;370;371;372;373;374;375;376;383;384;385;386;387;388;389;390;391;398;399;400;401;402;403;404;405;406;413;414;415;416;417;418;419;420;421;428;429;430;431;432;433;434;435;436;443;444;445;446;447;448;449;450;451;458;459;460;461;462;463;464;465;466;473;474;475;476;477;478;479;480;481;488;489;490;491;492;493;494;495;496
F32022,10,26,26,600.0000090224929,600.0,9.022492918120406e-06,28,226,226,192,6.031955003738403,38;45;46;47;48;49;66;76;77;78;79;80;81;90;91;92;93;101;142;149;150;151;152;153;154;155;156;157;164;165;166;167;168;169;170;171;172;179;180;181;182;183;184;185;186;187;194;195;196;197;198;199;200;201;202;209;210;211;218;225;226;227;228;229;230;231;232;236;243;244;245;246;249;250;251;258;259;260;261;262;263;264;265;266;273;274;275;276;277;278;279;280;281;288;289;290;291;292;293;294;295;296;303;304;305;306;307;308;309;310;311;318;319;320;321;322;323;324;325;326;333;334;335;336;337;338;339;340;341;342;343;350;351;352;353;354;355;356;357;358;365;366;367;368;369;370;371;372;373;380;381;382;383;384;385;386;387;388;395;396;397;398;399;400;401;402;403;410;411;412;413;414;415;416;417;418;419;426;427;428;429;430;431;432;433;434;435;436;443;444;445;446;447;448;449;450;451;452;459;460;461;462;463;464;465;466;467;474;475;476;477;478;479;480;481;482;483;490;491;492;493;494;495;496;497;498
F32022,10,27,27,600.000072599722,600.0,7.25997219888086e-05,30,248,248,235,6.548884153366089,43;50;51;52;53;54;55;59;66;67;68;69;77;84;85;86;87;88;89;90;91;92;93;100;101;102;103;104;105;106;107;108;132;139;140;141;142;143;144;145;146;147;156;157;158;159;160;161;162;169;170;171;172;173;174;175;176;177;184;185;186;187;188;189;190;191;192;199;200;201;202;203;204;205;206;214;221;222;223;224;225;226;227;228;229;236;237;238;239;240;241;242;243;244;251;252;253;254;255;256;257;258;259;266;267;268;269;270;271;272;273;274;281;282;283;284;285;286;287;288;289;296;297;298;299;300;301;302;303;304;311;312;313;314;315;316;317;318;319;326;327;328;329;330;331;332;333;334;341;342;343;344;345;346;347;348;349;356;357;358;359;360;361;362;363;364;371;372;373;374;375;376;377;378;379;386;387;388;389;390;391;392;393;394;401;402;403;404;405;406;407;408;409;416;417;418;419;420;421;422;423;424;431;432;433;434;435;436;437;438;439;446;447;448;449;450;451;452;453;454;455;462;463;464;465;466;467;468;469;470;477;478;479;480;481;482;483;484;485;492;493;494;495;496;497;498;499;500
F32022,10,28,28,600.0000617129239,600.0,6.171292386625282e-05,31,265,265,202,6.959424018859863,27;34;35;36;37;38;39;40;41;42;56;57;64;65;66;67;68;69;70;71;72;81;82;83;84;85;86;87;94;95;96;97;98;106;113;114;115;116;117;118;119;120;121;132;133;134;135;136;143;144;145;146;147;148;149;150;151;158;159;160;161;162;163;164;165;166;173;174;175;176;177;178;179;180;181;188;189;190;191;192;193;194;195;196;203;204;205;206;207;208;209;210;211;218;219;220;221;222;230;237;238;239;240;241;242;243;244;245;252;253;254;255;256;257;258;259;260;267;268;269;270;271;272;273;274;275;276;283;284;285;286;287;288;289;290;291;298;299;300;301;302;303;304;305;306;313;314;315;316;317;318;319;320;321;328;329;330;331;332;333;334;335;336;337;344;345;346;347;348;349;350;351;352;353;360;361;362;363;364;365;366;367;368;375;376;377;378;379;380;381;382;383;390;391;392;393;394;395;396;397;398;399;406;407;408;409;410;411;412;413;414;415;416;417;418;425;426;427;428;429;430;431;432;433;434;441;442;443;444;445;446;447;448;449;456;457;458;459;460;461;462;463;464;465;472;473;474;475;476;477;478;479;480;481;488;489;490;491;492;493;494;495;496;497;498
F32022,10,29,29,600.0000083442387,600.0,8.344238722202135e-06,31,258,258,248,6.814555883407593,30;37;38;39;40;41;42;54;61;62;63;64;65;66;67;68;69;81;82;83;84;101;108;109;110;111;112;113;114;115;116;123;124;125;126;127;128;129;130;131;138;139;140;141;142;143;144;145;146;153;154;155;156;157;158;159;160;161;168;169;170;171;172;173;174;175;176;183;184;185;186;187;188;189;190;191;199;200;201;202;203;204;205;206;213;214;215;216;217;218;219;220;221;228;229;230;231;232;233;234;235;236;243;244;245;246;247;248;249;250;251;258;259;260;261;262;263;264;265;266;273;274;275;276;277;278;279;280;281;288;289;290;291;292;293;294;295;296;303;304;305;306;307;308;309;310;311;318;319;320;321;322;323;324;325;326;333;334;335;336;337;338;339;340;341;348;349;350;351;352;353;354;355;356;363;364;365;366;367;368;369;370;371;378;379;380;381;382;383;384;385;386;393;394;395;396;397;398;399;400;401;408;409;410;411;412;413;414;415;416;423;424;425;426;427;428;429;430;431;438;439;440;441;442;443;444;445;446;453;454;455;456;457;458;459;460;461;468;469;470;471;472;473;474;475;476;483;484;485;486;487;488;489;490;491;492;499;500
F32022,10,30,30,600.0000101811162,600.0,1.01811161812293e-05,30,263,263,208,6.926641225814819,30;37;38;46;47;48;49;56;57;58;59;60;61;62;63;81;90;91;92;93;94;95;96;107;108;109;110;111;118;119;120;121;122;123;124;125;126;133;134;135;136;137;138;139;140;141;148;149;150;151;152;153;154;155;156;163;164;165;166;167;168;169;170;171;178;179;180;181;182;183;184;185;186;193;194;195;196;197;198;199;200;201;208;209;210;211;212;213;214;215;216;223;224;225;226;227;228;229;230;231;238;239;240;241;242;243;244;245;246;253;254;255;256;257;258;259;260;261;268;269;270;271;272;273;274;275;276;283;284;285;286;287;288;289;290;291;298;299;300;301;302;303;304;305;306;313;314;315;316;317;318;319;320;321;322;323;330;331;332;333;334;335;336;337;338;345;346;347;348;349;350;351;352;353;354;361;362;363;364;365;366;367;368;369;370;377;378;379;380;381;382;383;384;385;392;393;394;395;396;397;398;399;400;401;402;409;410;411;412;413;414;415;416;417;424;425;426;427;428;429;430;431;432;439;440;441;442;443;444;445;446;447;448;449;450;457;458;459;460;461;462;463;464;465;466;473;474;475;476;477;478;479;480;481;488;489;490;491;492;493;494;495;496
F42022,10,1,1,858.0001276102176,800.0,58.000127610217646,32,250,250,245,9.20162296295166,10;32;46;47;54;55;56;57;58;59;60;61;62;69;70;71;72;73;74;75;76;77;85;86;87;88;89;90;91;92;103;104;105;106;107;119;120;121;122;129;130;131;132;133;134;135;136;137;144;145;146;147;148;149;150;151;152;159;160;161;162;163;164;165;166;167;174;175;176;177;178;179;180;181;182;189;190;191;192;193;194;195;203;210;211;212;213;214;215;216;217;218;225;226;227;228;229;230;231;232;233;240;241;242;243;244;245;246;247;248;255;256;257;258;259;260;261;262;263;270;271;272;273;274;275;276;277;278;285;286;287;288;289;290;291;292;293;300;301;302;303;304;305;306;307;308;309;316;317;318;319;320;321;322;323;324;331;332;333;334;335;336;337;338;339;346;347;348;349;350;351;352;353;354;361;362;363;364;365;366;367;368;369;376;377;378;379;380;381;382;383;384;401;408;409;410;411;412;413;414;415;416;423;424;425;426;427;428;429;430;431;438;439;440;441;442;443;444;445;446;453;454;455;456;457;458;459;460;461;468;469;470;471;472;473;474;475;476;483;484;485;486;487;488;489;490;491;498;499;500
F42022,10,2,2,842.0,800.0,42.0,31,244,244,243,8.99796724319458,15;16;26;27;43;57;58;65;90;105;112;113;114;115;116;117;118;119;120;127;128;129;130;131;132;133;134;135;142;143;144;145;146;147;148;149;150;157;158;159;160;161;162;163;164;165;172;173;174;175;176;177;178;179;180;187;188;189;190;191;192;193;194;195;202;203;204;205;206;207;208;209;210;217;218;219;220;221;222;223;224;225;232;233;234;235;236;237;238;239;240;247;248;249;250;251;252;253;254;255;262;263;264;265;266;267;268;269;270;277;278;279;280;281;282;283;284;285;292;293;294;295;296;297;298;299;300;307;308;309;310;311;312;313;314;315;322;323;324;325;326;327;328;329;330;337;338;339;340;341;342;343;344;345;352;353;354;355;356;357;358;359;360;367;368;369;370;371;372;373;374;375;382;383;384;385;386;387;388;389;390;397;398;399;400;401;402;403;404;405;412;413;414;415;416;417;418;419;420;427;428;429;430;431;432;433;434;435;442;443;444;445;446;447;448;449;450;457;458;459;460;461;462;463;464;465;472;473;474;475;476;477;478;479;480;487;488;489;490;491;492;493;494;495
F42022,10,3,3,836.0000001970062,800.0,36.000000197006216,31,226,226,226,8.381310224533081,18;25;26;27;37;46;47;48;49;50;51;52;71;78;86;93;94;95;96;97;98;99;100;101;108;109;110;111;112;113;114;115;116;125;126;127;128;140;147;148;149;150;151;152;153;154;155;162;163;164;165;166;167;168;169;170;177;178;187;194;195;196;197;198;199;200;201;202;209;210;211;212;213;214;215;216;217;224;225;226;227;228;229;230;231;232;239;240;241;242;243;244;245;246;247;254;255;256;257;258;259;260;261;262;269;270;271;272;273;274;275;276;277;284;285;286;287;288;289;290;291;292;299;300;301;302;303;304;305;306;307;315;316;317;318;319;320;321;322;329;339;349;350;351;352;353;354;361;362;363;364;365;366;367;368;369;376;377;378;379;380;388;395;396;397;398;399;400;401;402;403;410;411;412;413;414;415;416;417;418;425;426;427;428;429;430;431;432;433;440;441;442;443;444;445;446;447;448;455;456;457;458;459;460;461;462;463;470;471;472;473;474;475;476;477;478;485;486;487;488;489;490;491;492;493;500
F42022,10,4,4,860.0,800.0,60.0,30,243,243,234,8.95704197883606,52;62;63;64;78;90;91;92;93;102;103;104;105;106;107;108;116;117;119;120;121;122;123;130;131;132;133;134;135;136;137;138;145;146;147;148;149;150;151;152;153;160;161;162;170;177;178;179;180;181;182;183;184;185;192;193;194;195;196;197;198;199;200;207;208;209;210;211;212;213;214;215;222;223;224;225;226;227;228;229;230;237;238;239;240;241;242;243;244;245;252;253;254;255;256;257;258;259;260;267;268;269;270;271;272;273;274;275;282;283;284;285;286;287;288;289;290;297;298;299;300;301;302;303;304;305;312;313;314;315;316;317;318;319;320;327;328;329;330;331;332;333;334;335;342;343;344;345;346;347;348;349;350;357;358;359;360;361;362;363;364;365;372;373;374;375;376;377;378;379;380;387;388;389;390;391;392;393;394;395;402;403;404;405;406;407;408;409;410;417;418;419;420;421;422;423;424;425;432;433;434;435;436;437;438;439;440;447;448;449;450;451;452;453;454;455;462;463;464;465;466;467;468;469;470;477;478;479;480;481;482;483;484;485;492;493;494;495;496;497;498;499;500
F42022,10,5,5,868.0,800.0,68.0,32,279,279,279,10.163215160369873,24;37;38;39;46;47;48;49;50;51;52;53;54;61;62;63;64;65;66;67;68;69;76;77;78;79;80;81;82;83;84;91;92;93;94;95;96;97;98;99;106;107;108;109;110;111;112;113;114;121;122;123;124;125;126;127;128;129;136;137;138;139;140;141;142;143;144;151;152;153;154;155;156;157;158;159;166;167;168;169;170;171;172;173;174;181;182;183;184;185;186;187;188;189;196;197;198;199;200;201;202;203;204;211;212;213;214;215;216;217;218;219;226;227;228;229;230;231;232;233;234;241;242;243;244;245;246;247;248;249;256;257;258;259;260;261;262;263;264;271;272;273;274;275;276;277;278;279;286;287;288;289;290;291;292;293;294;301;302;303;304;305;306;307;308;309;316;317;318;319;320;321;322;323;324;331;332;333;334;335;336;337;338;339;346;347;348;349;350;351;352;353;354;361;362;363;364;365;366;367;368;369;376;377;378;379;380;381;382;383;384;391;392;393;394;395;396;397;398;399;406;407;408;409;410;411;412;413;414;421;422;423;424;425;426;427;428;429;436;437;438;439;440;441;442;443;444;451;452;453;454;455;456;457;458;459;466;467;468;469;470;471;472;473;474;481;482;483;484;485;486;487;488;489;496;497;498;499;500
F42022,10,6,6,830.0,800.0,30.0,32,283,283,282,10.30509066581726,25;32;33;34;35;36;37;38;39;40;48;49;50;51;52;53;54;55;62;63;64;65;66;67;68;69;70;77;78;79;80;81;82;83;84;85;92;93;94;95;96;97;98;99;100;107;108;109;110;111;112;113;114;115;122;123;124;125;126;127;128;129;130;137;138;139;140;141;142;143;144;145;152;153;154;155;156;157;158;159;160;167;168;169;170;171;172;173;174;175;182;183;184;185;186;187;188;189;190;197;198;199;200;201;202;203;204;205;212;213;214;215;216;217;218;219;220;227;228;229;230;231;232;233;234;235;242;243;244;245;246;247;248;249;250;257;258;259;260;261;262;263;264;265;272;273;274;275;276;277;278;279;280;287;288;289;290;291;292;293;294;295;302;303;304;305;306;307;308;309;310;317;318;319;320;321;322;323;324;325;332;333;334;335;336;337;338;339;340;347;348;349;350;351;352;353;354;355;362;363;364;365;366;367;368;369;370;377;378;379;380;381;382;383;384;385;392;393;394;395;396;397;398;399;400;407;408;409;410;411;412;413;414;415;422;423;424;425;426;427;428;429;430;437;438;439;440;441;442;443;444;445;452;453;454;455;456;457;458;459;460;467;468;469;470;471;472;473;474;475;482;483;484;485;486;487;488;489;490;497;498;499;500
F42022,10,7,7,836.0000000723651,800.0,36.00000007236508,30,228,228,228,8.452247142791748,17;24;25;26;27;28;29;30;31;32;70;81;82;83;84;85;92;93;94;95;96;104;112;113;122;136;137;144;145;146;147;148;149;150;151;152;159;160;161;162;163;164;165;173;182;183;184;185;186;187;188;195;196;197;198;199;200;201;202;203;212;213;214;215;216;217;218;225;233;240;241;242;243;244;245;246;247;248;255;256;257;258;259;260;261;262;263;270;271;272;273;274;275;276;277;278;285;286;287;288;289;290;291;292;293;300;301;302;303;304;305;306;307;308;315;316;317;318;319;320;321;322;323;330;331;332;333;334;335;336;337;338;345;346;347;348;349;350;351;352;353;360;361;362;363;364;365;366;367;368;375;376;377;378;379;380;381;382;383;390;391;392;393;394;395;396;397;398;405;406;407;408;409;410;411;412;413;420;421;422;423;424;425;426;427;428;435;436;437;438;439;440;441;442;443;450;451;452;453;454;455;456;457;458;465;466;467;468;469;470;471;472;473;480;481;482;483;484;485;486;487;488;495;496;497;498;499;500
F42022,10,8,8,834.0,800.0,34.0,32,283,283,279,10.308050870895386,26;33;34;35;36;37;38;39;40;41;48;49;50;51;52;53;54;55;56;63;64;65;66;67;68;69;70;71;78;79;80;81;82;83;84;85;86;93;94;95;96;97;98;99;100;101;108;109;110;111;112;113;114;115;116;123;124;125;126;127;128;129;130;131;138;139;140;141;142;143;144;145;146;153;154;155;156;157;158;159;160;161;168;169;170;171;172;173;174;175;176;183;184;185;186;187;188;189;190;191;198;199;200;201;202;203;204;205;206;213;214;215;216;217;218;219;220;221;228;229;230;231;232;233;234;235;236;243;244;245;246;247;248;249;250;251;258;259;260;261;262;263;264;265;266;273;274;275;276;277;278;279;280;281;288;289;290;291;292;293;294;295;296;303;304;305;306;307;308;309;310;311;318;319;320;321;322;323;324;325;326;333;334;335;336;337;338;339;340;341;348;349;350;351;352;353;354;355;356;363;364;365;366;367;368;369;370;371;378;379;380;381;382;383;384;385;386;393;394;395;396;397;398;399;400;401;408;409;410;411;412;413;414;415;416;423;424;425;426;427;428;429;430;431;438;439;440;441;442;443;444;445;446;453;454;455;456;457;458;459;460;461;468;469;470;471;472;473;474;475;476;483;484;485;486;487;488;489;490;491;498;499;500
F42022,10,9,9,864.0000000088689,800.0,64.00000000886894,29,210,210,210,7.8401198387146,18;28;29;30;31;39;46;47;48;49;50;51;52;53;54;61;62;63;64;65;66;67;68;69;91;102;103;111;118;119;120;121;122;123;124;125;126;133;141;148;149;150;151;152;153;154;155;156;163;164;165;166;167;168;169;170;171;178;179;180;181;182;183;184;185;186;193;194;195;196;197;198;199;200;201;208;209;210;211;212;213;214;215;223;230;231;232;233;234;235;236;237;238;245;246;247;248;249;250;251;252;253;260;261;262;263;264;265;266;267;268;275;276;277;278;279;280;281;282;283;290;291;292;293;294;295;296;297;298;305;306;307;308;309;310;311;312;313;320;321;322;323;324;325;326;327;328;335;336;344;351;352;353;354;355;356;357;358;359;366;367;368;369;370;371;372;373;374;381;382;383;384;406;434;441;442;443;444;445;446;447;448;449;456;457;458;459;460;461;462;463;464;471;472;473;474;475;476;477;478;479;486;487;488;489;490;491;492;493;494
F42022,10,10,10,840.0000000000001,800.0,40.000000000000114,32,272,272,272,9.933581829071045,27;41;42;49;50;51;52;53;54;55;56;57;65;66;67;68;69;70;71;72;79;80;81;82;83;84;85;86;87;94;95;96;97;98;99;100;101;102;109;110;111;112;113;114;115;116;117;124;125;126;127;128;129;130;131;132;139;140;141;142;143;144;145;146;154;161;162;163;164;165;166;167;168;169;176;177;178;179;180;181;182;183;184;191;192;193;194;195;196;197;198;199;206;207;208;209;210;211;212;213;214;221;222;223;224;225;226;227;228;229;236;237;238;239;240;241;242;243;244;251;252;253;254;255;256;257;258;259;266;267;268;269;270;271;272;273;274;281;282;283;284;285;286;287;288;289;296;297;298;299;300;301;302;303;304;311;312;313;314;315;316;317;318;319;326;327;328;329;330;331;332;333;334;341;342;343;344;345;346;347;348;349;356;357;358;359;360;361;362;363;364;371;372;373;374;375;376;377;378;379;386;387;388;389;390;391;392;393;394;401;402;403;404;405;406;407;408;409;416;417;418;419;420;421;422;423;424;431;432;433;434;435;436;437;438;439;446;447;448;449;450;451;452;453;454;461;462;463;464;465;466;467;468;469;476;477;478;479;480;481;482;483;484;491;492;493;494;495;496;497;498;499
F42022,10,11,11,844.0000041403049,800.0,44.000004140304895,30,185,185,185,6.996271848678589,12;27;50;65;72;73;81;95;110;123;124;125;135;136;137;138;139;140;147;148;149;150;151;152;153;154;155;167;168;169;170;177;178;179;180;181;182;183;184;185;192;193;194;195;196;197;198;199;200;207;208;209;210;211;212;213;214;215;222;223;224;225;226;227;228;229;230;237;238;239;240;241;242;243;244;245;252;253;254;255;256;257;258;259;260;267;268;269;270;271;272;273;274;275;282;283;284;285;286;287;288;289;290;297;298;299;300;301;302;303;304;305;312;313;314;315;316;317;318;319;320;334;335;342;343;344;345;346;347;348;349;350;357;358;359;360;361;362;363;364;370;384;385;397;398;399;400;409;410;411;412;413;414;437;449;450;451;452;459;460;461;462;463;464;465;466;467;474;475;476;477;478;479;480;481;482;489;490;491;492;493;494;495;496;497
F42022,10,12,12,842.000000000076,800.0,42.00000000007606,29,243,243,243,8.963802814483643,40;47;48;49;50;51;52;53;57;64;65;66;67;68;69;70;71;72;79;80;81;82;83;84;85;86;87;94;95;96;97;98;99;100;101;102;109;110;111;112;113;114;115;116;117;125;133;140;141;142;143;144;145;146;147;148;155;156;157;158;159;160;161;162;163;170;171;172;173;174;175;176;177;178;185;186;187;188;189;190;191;192;193;200;201;202;203;204;205;206;207;208;215;216;217;218;219;220;232;239;240;241;242;250;258;259;260;261;262;263;264;272;279;280;281;282;283;284;285;286;287;294;295;296;297;298;299;300;301;302;309;310;311;312;313;321;328;329;330;331;332;333;334;335;336;343;344;345;346;347;348;349;350;351;358;359;360;361;362;363;364;365;366;373;374;375;376;377;378;379;380;381;388;389;390;391;392;393;394;395;396;403;404;405;406;407;408;409;410;411;418;419;420;421;422;423;424;425;426;433;434;435;436;437;438;439;440;441;448;449;450;451;452;453;454;455;456;463;464;465;466;467;468;469;470;471;478;479;480;481;482;483;484;485;486;493;494;495;496;497;498;499;500
F42022,10,13,13,834.0,800.0,34.0,32,248,248,248,9.122497081756592,15;25;26;27;41;55;56;68;69;70;71;78;79;91;101;102;103;104;105;106;115;116;117;118;119;120;121;128;129;130;131;132;133;134;135;136;143;144;145;146;147;148;149;150;151;162;163;164;165;166;173;174;175;176;177;178;179;180;181;188;189;190;191;192;193;194;195;196;203;204;205;206;207;208;209;210;211;218;219;220;221;222;223;224;225;226;233;234;235;236;237;238;239;240;241;248;249;250;251;252;253;254;255;256;263;264;265;266;267;268;269;270;271;278;279;280;281;282;283;284;285;286;293;294;295;296;297;298;299;300;301;308;309;310;311;312;313;314;315;316;323;324;325;326;327;328;329;330;331;338;339;340;341;342;343;344;345;346;353;354;355;356;357;358;359;360;361;368;369;370;371;372;373;374;375;376;383;384;385;386;387;388;389;390;391;398;399;400;401;402;403;404;405;406;413;414;415;416;417;418;419;420;421;428;429;430;431;432;433;434;435;436;443;444;445;446;447;448;449;450;451;458;459;460;461;462;463;464;465;466;473;474;475;476;477;478;479;480;481;488;489;490;491;492;493;494;495;496
F42022,10,14,14,852.0,800.0,52.0,30,255,255,240,9.35799503326416,24;34;35;36;37;38;39;85;92;93;94;95;96;97;98;99;100;107;108;109;110;111;112;113;114;115;122;123;124;125;126;127;128;129;130;137;138;139;140;141;142;143;144;145;152;153;154;155;156;157;158;159;160;167;168;169;170;171;172;173;174;175;182;183;184;185;186;187;188;189;190;197;198;199;200;201;202;203;204;205;206;213;214;215;216;217;218;219;220;221;228;229;230;231;232;233;234;235;236;243;244;245;246;247;248;249;250;251;258;259;260;261;262;263;264;265;266;273;274;275;276;277;278;279;280;281;288;289;290;291;292;293;294;295;296;303;304;305;306;307;308;309;310;311;318;319;320;321;322;323;324;325;326;333;334;335;336;337;338;339;340;341;348;349;350;351;352;353;354;355;356;363;364;365;366;367;368;369;370;371;378;379;380;381;382;383;384;385;386;393;394;395;396;397;398;399;400;401;408;409;410;411;412;413;414;415;416;423;424;425;426;427;428;429;430;431;438;439;440;441;442;443;444;445;446;453;454;455;456;457;458;459;460;461;468;469;470;471;472;473;474;475;476;483;484;485;486;487;488;489;490;491;498;499;500
F42022,10,15,15,842.000000000016,800.0,42.00000000001603,30,240,240,240,8.847952127456665,11;20;21;45;57;58;59;60;71;72;73;74;75;101;108;109;110;111;112;113;114;115;116;123;124;125;126;127;128;129;130;131;138;139;140;141;142;143;144;145;146;153;154;155;156;157;165;172;173;174;175;176;177;178;179;180;187;188;189;190;191;202;209;210;211;212;213;214;215;216;217;224;225;226;227;228;229;230;231;232;239;240;241;242;243;244;245;246;247;254;255;256;257;258;259;260;261;262;269;270;271;272;273;274;275;276;277;284;285;286;287;288;289;290;291;292;299;300;301;302;303;304;305;306;307;314;315;316;317;318;319;320;321;322;329;330;331;332;333;334;335;336;337;344;345;346;347;348;349;350;351;352;359;360;361;362;363;364;365;366;367;374;375;376;377;378;379;380;381;382;389;390;391;392;393;394;395;396;397;404;405;406;407;408;409;410;411;412;419;420;421;422;423;424;425;426;427;434;435;436;437;438;439;440;441;442;449;450;451;452;453;454;455;456;457;464;465;466;467;468;469;470;471;472;479;480;481;482;483;484;485;486;487;494;495;496;497;498;499;500
F42022,10,16,16,850.0,800.0,50.0,28,226,226,212,8.395650863647461,74;104;120;127;128;129;130;138;145;146;147;148;149;150;151;152;153;160;161;162;163;164;165;166;167;168;175;176;177;178;179;180;181;182;183;190;191;192;193;194;195;196;197;198;205;206;207;208;209;210;211;212;213;214;221;222;223;224;225;226;227;228;229;236;237;238;239;240;241;242;243;244;251;252;253;254;255;256;257;258;259;266;267;268;269;270;271;272;273;274;281;282;283;284;285;286;287;288;289;290;297;298;299;300;301;302;303;304;305;312;313;314;315;316;317;318;319;320;327;328;329;330;331;332;333;334;335;342;343;344;345;346;347;348;349;350;357;358;359;360;361;362;363;364;365;372;373;374;375;376;377;378;379;380;387;388;389;390;391;392;393;394;395;402;403;404;405;406;407;408;409;410;417;418;419;420;421;422;423;424;425;432;433;434;435;436;437;438;439;440;447;448;449;450;451;452;453;454;455;462;463;464;465;466;467;468;469;470;477;478;479;480;481;482;483;484;485;492;493;494;495;496;497;498;499;500
F42022,10,17,17,820.0000001916949,800.0,20.00000019169488,30,236,236,236,8.715605020523071,32;39;40;41;55;65;66;67;75;82;83;84;85;86;87;95;111;118;119;120;121;122;123;124;125;126;133;134;135;136;137;138;139;140;141;148;149;150;151;152;153;154;155;156;163;164;165;166;167;168;169;170;171;181;182;183;184;185;186;193;194;195;196;197;198;199;200;201;208;209;210;211;212;213;214;215;216;223;224;225;226;227;228;229;230;231;238;239;240;241;242;243;244;245;246;253;254;255;256;257;258;259;260;261;272;273;274;275;276;283;284;285;286;287;288;289;290;291;298;299;300;301;302;303;304;305;306;313;314;315;316;317;318;326;333;334;335;336;337;338;339;340;341;348;349;350;351;352;353;354;355;356;363;364;365;366;367;368;369;370;371;378;379;380;381;382;383;384;385;386;393;394;395;396;397;398;399;400;401;408;409;410;411;412;413;414;415;416;423;424;425;426;427;428;429;430;431;438;439;440;441;442;443;444;445;446;453;454;455;456;457;458;459;460;461;468;469;470;471;472;473;474;475;476;483;484;485;486;487;488;489;490;491;498;499;500
F42022,10,18,18,834.0002144389016,800.0,34.000214438901594,29,213,213,213,7.950124979019165,38;45;46;47;48;49;50;51;52;53;63;64;72;79;80;81;82;83;84;85;93;100;110;117;118;119;120;121;122;123;124;125;132;133;134;135;136;137;138;139;140;147;148;149;150;151;152;153;154;155;162;163;164;165;166;167;168;169;170;177;178;179;180;181;182;183;184;185;192;193;194;195;196;197;198;199;200;207;208;209;210;211;212;213;221;228;229;230;231;232;233;234;235;236;243;244;245;246;247;248;249;250;251;258;259;260;261;262;263;264;265;266;273;274;275;276;277;278;279;280;281;288;289;290;291;292;300;307;308;309;310;311;312;313;314;315;327;328;329;330;337;338;339;340;341;342;343;344;345;352;353;354;355;356;357;358;359;360;379;386;408;415;416;417;418;419;420;421;422;423;430;431;432;433;434;435;436;437;438;447;448;449;450;451;452;453;460;461;462;463;464;465;466;467;468;475;476;477;478;479;480;481;482;483;490;491;492;493;494;495;496;497;498
F42022,10,19,19,838.0000000003126,800.0,38.00000000031264,30,248,248,246,9.156560897827148,30;57;64;65;66;67;68;69;70;71;87;96;97;98;106;113;114;115;116;117;118;119;120;121;128;129;130;131;132;133;134;135;136;143;144;145;146;147;148;149;150;151;158;159;160;161;162;163;164;165;166;174;175;176;177;178;179;180;181;189;190;191;192;193;194;195;196;203;204;205;206;207;208;209;210;211;218;219;220;221;222;223;224;225;226;233;234;235;236;237;238;239;240;241;248;249;250;251;252;253;254;255;256;257;264;265;266;267;268;269;270;271;272;279;280;281;282;283;284;285;286;287;294;295;296;297;298;299;300;301;302;309;310;311;312;313;314;315;316;317;324;325;326;327;328;329;330;331;332;339;340;341;342;343;344;345;346;347;354;355;356;357;358;359;360;361;362;369;370;371;372;373;374;375;376;377;384;385;386;387;388;389;390;391;392;399;400;401;402;403;404;405;406;407;414;415;416;417;418;419;420;421;422;429;430;431;432;433;434;435;436;437;444;445;446;447;448;449;450;451;452;459;460;461;462;463;464;465;466;467;474;475;476;477;478;479;480;481;482;489;490;491;492;493;494;495;496;497
F42022,10,20,20,834.2425608412949,800.0,34.2425608412949,23,113,113,112,4.600331783294678,24;57;78;85;86;87;88;89;90;91;92;93;100;101;102;103;104;105;106;107;108;122;123;130;131;132;133;134;135;136;137;138;145;146;147;148;149;150;151;152;153;160;161;162;163;164;172;184;185;193;200;201;202;203;204;205;206;207;208;220;221;222;223;230;231;232;233;234;235;236;237;238;245;246;247;248;249;250;251;259;276;286;287;288;289;290;291;314;321;322;330;361;387;405;468;475;476;477;478;479;480;481;482;483;490;491;492;493;494;495;496;497;498
F42022,10,21,21,830.000000019259,800.0,30.000000019259005,30,205,205,205,7.711450099945068,17;26;27;44;51;52;53;54;55;56;57;58;59;70;71;72;73;74;93;100;101;102;103;104;105;106;107;108;115;116;117;118;119;120;121;122;123;130;131;132;133;134;135;143;150;158;165;166;167;168;169;170;171;172;173;181;182;183;184;185;186;194;201;202;210;222;223;224;225;236;237;238;239;240;247;248;249;250;251;252;253;254;255;264;265;266;267;268;269;270;277;278;279;280;281;282;283;284;285;292;293;294;295;296;297;298;299;300;307;308;309;310;311;312;313;314;315;322;323;324;325;326;327;328;329;330;337;338;339;340;341;342;343;351;358;359;360;361;362;363;364;365;366;380;381;390;391;392;393;394;404;411;412;413;414;415;416;417;418;419;426;427;428;429;430;431;432;433;434;441;442;443;444;445;446;447;448;449;456;457;458;459;460;461;462;463;464;471;472;473;474;475;476;477;478;479;486;487;488;489;490;491;492;493;494
F42022,10,22,22,848.0000000000002,800.0,48.00000000000023,32,256,256,256,9.400434255599976,24;37;38;39;48;49;50;51;52;53;54;68;69;76;77;78;79;80;81;82;83;84;91;92;93;94;95;96;97;98;99;106;107;108;109;110;111;112;113;114;121;122;123;131;138;139;140;141;142;143;144;145;146;153;154;155;156;162;169;170;171;172;173;174;175;176;177;184;185;186;187;188;189;190;191;192;199;200;201;202;203;204;205;206;207;214;215;216;217;218;219;220;221;222;229;230;231;232;233;234;235;236;237;244;245;246;247;248;249;250;251;259;266;267;268;269;270;271;272;273;274;281;282;283;284;285;286;287;288;289;296;297;298;299;300;301;302;303;304;311;312;313;314;315;316;317;318;319;326;327;328;329;330;331;332;333;334;341;342;343;344;345;346;347;348;349;356;357;358;359;360;361;362;363;364;371;372;373;374;375;376;377;378;379;386;387;388;389;390;391;392;393;394;401;402;403;404;405;406;407;408;409;416;417;418;419;420;421;422;423;424;431;432;433;434;435;436;437;438;439;446;447;448;449;450;451;452;453;454;461;462;463;464;465;466;467;468;469;476;477;478;479;480;481;482;483;484;491;492;493;494;495;496;497;498;499
F42022,10,23,23,826.0000000000019,800.0,26.000000000001933,31,247,247,246,9.116744041442871,13;14;27;28;29;36;37;38;52;59;60;61;62;63;64;65;66;67;74;75;76;77;85;95;96;97;98;99;100;107;108;109;110;111;112;113;114;115;126;127;128;129;130;137;138;139;140;141;142;143;144;145;152;153;154;155;156;157;158;159;160;167;168;169;170;171;172;173;174;175;182;183;184;185;186;187;188;189;197;204;205;206;207;208;209;210;211;212;219;220;221;222;223;224;225;226;227;234;235;236;237;238;239;240;241;242;249;250;251;252;253;254;255;256;257;264;271;272;279;280;281;282;283;284;285;286;287;294;295;296;297;298;299;300;301;302;309;310;311;312;313;314;322;329;330;331;332;333;334;335;336;337;346;347;348;349;350;351;352;359;360;361;362;363;364;365;366;367;374;375;376;377;378;379;380;381;382;389;390;391;392;393;394;395;396;397;404;405;406;407;408;409;410;411;412;419;420;421;422;423;424;425;426;427;434;435;436;437;438;439;440;441;442;449;450;451;452;453;454;455;456;457;464;465;466;467;468;469;470;471;472;479;480;481;482;483;484;485;486;487;494;495;496;497;498;499;500
F42022,10,24,24,852.0,800.0,52.0,31,271,271,270,9.901999235153198,40;47;48;49;50;51;52;53;54;55;62;63;64;65;66;67;68;69;70;77;78;79;80;81;82;83;84;92;99;100;101;102;103;104;105;106;107;114;115;116;117;118;119;120;121;122;129;130;131;132;133;134;135;136;137;144;145;146;147;148;149;150;151;152;159;160;161;162;163;164;165;166;167;174;175;176;177;178;179;180;181;182;189;190;191;192;193;194;195;196;197;204;205;206;207;208;209;210;211;212;219;220;221;222;223;224;225;226;227;234;235;236;237;238;239;240;241;242;249;250;251;252;253;254;255;256;257;264;265;266;267;268;269;270;271;272;279;280;281;282;283;284;285;286;287;294;295;296;297;298;299;300;301;302;309;310;311;312;313;314;315;316;317;324;325;326;327;328;329;330;331;332;339;340;341;342;343;344;345;346;347;354;355;356;357;358;359;360;361;362;369;370;371;372;373;374;375;376;377;384;385;386;387;388;389;390;391;392;399;400;401;402;403;404;405;406;407;414;415;416;417;418;419;420;421;422;429;430;431;432;433;434;435;436;437;444;445;446;447;448;449;450;451;452;459;460;461;462;463;464;465;466;467;474;475;476;477;478;479;480;481;482;489;490;491;492;493;494;495;496;497
F42022,10,25,25,858.0000000009886,800.0,58.00000000098862,28,218,218,193,8.120367765426636,21;22;33;34;42;61;68;69;70;71;72;73;74;75;76;77;84;85;86;97;98;99;106;124;125;126;127;140;141;142;143;144;145;146;147;154;155;156;157;158;159;167;168;175;176;177;178;179;180;181;182;183;190;191;192;193;194;195;196;197;198;205;206;207;208;209;210;211;212;213;220;221;222;223;224;225;226;227;228;235;236;237;238;239;240;241;242;243;250;251;252;253;254;255;256;257;265;272;273;274;275;276;277;278;279;280;287;288;289;290;291;292;293;294;295;312;323;324;325;326;336;343;344;345;346;347;348;349;350;351;358;359;360;361;362;363;364;365;366;374;375;376;377;378;379;380;381;388;389;390;391;392;393;394;395;396;403;404;405;406;407;408;409;410;411;418;419;420;421;422;423;424;425;426;433;434;435;436;437;438;439;440;441;448;449;450;451;452;453;454;455;456;463;464;465;466;467;468;469;470;471;478;479;480;481;482;483;484;485;486;493;494;495;496;497;498;499;500
F42022,10,26,26,860.0,800.0,60.0,31,262,262,262,9.624999284744263,29;59;66;67;68;69;70;71;72;80;87;88;89;90;91;92;93;94;95;102;103;104;105;106;107;108;109;110;117;118;119;120;121;122;123;124;125;132;133;134;135;136;137;138;139;140;147;148;149;150;151;152;153;154;155;162;163;164;165;166;167;168;169;170;177;178;179;180;181;182;183;184;185;192;193;194;195;196;197;198;199;200;207;208;209;210;211;212;213;214;215;222;223;224;225;226;227;228;229;230;237;238;239;240;241;242;243;244;245;252;253;254;255;256;257;258;259;260;267;268;269;270;271;272;273;274;275;282;283;284;285;286;287;288;289;290;297;298;299;300;301;302;303;304;305;312;313;314;315;316;317;318;319;320;327;328;329;330;331;332;333;334;335;342;343;344;345;346;347;348;349;350;357;358;359;360;361;362;363;364;365;372;373;374;375;376;377;378;379;380;387;388;389;390;391;392;393;394;395;402;403;404;405;406;407;408;409;410;417;418;419;420;421;422;423;424;425;432;433;434;435;436;437;438;439;440;447;448;449;450;451;452;453;454;455;462;463;464;465;466;467;468;469;470;477;478;479;480;481;482;483;484;485;492;493;494;495;496;497;498;499;500
F42022,10,27,27,818.000000075527,800.0,18.000000075527055,26,167,167,167,6.428958892822266,41;48;69;88;95;96;97;98;99;100;101;102;103;144;152;153;154;155;164;172;180;187;188;189;190;191;192;193;194;195;232;241;242;243;251;258;259;260;261;262;263;264;265;266;273;274;275;276;277;278;279;280;281;288;289;290;291;292;293;294;295;296;303;304;305;306;307;308;309;310;311;318;319;320;321;322;323;324;325;326;333;334;335;336;338;339;340;341;348;356;363;364;365;366;367;368;376;383;384;385;386;387;388;389;390;391;400;401;402;403;404;405;406;413;414;415;416;417;418;419;420;421;428;429;430;431;432;433;434;435;436;443;444;445;446;447;448;449;450;451;458;459;460;461;462;463;464;465;466;473;474;475;476;477;478;479;480;481;488;489;490;491;492;493;494;495;496
F42022,10,28,28,838.0000000025059,800.0,38.000000002505885,31,231,231,230,8.575568914413452,20;37;51;52;63;64;65;66;67;74;82;89;111;121;122;123;124;125;126;133;134;135;136;137;138;139;140;141;148;149;150;151;152;153;154;155;156;163;164;165;173;180;181;182;183;184;185;186;187;188;195;196;197;198;199;200;201;202;203;210;211;212;213;214;215;216;217;218;229;230;231;232;233;240;241;242;243;244;245;246;247;248;255;256;257;258;259;260;261;262;263;270;271;272;273;274;275;276;277;278;285;286;287;288;289;290;291;292;293;300;301;302;303;304;305;306;307;308;316;317;318;319;320;321;322;323;330;331;332;333;334;335;336;337;338;345;346;347;348;349;350;351;352;353;360;361;362;363;364;365;366;367;368;375;376;377;378;379;380;381;382;383;390;391;392;393;394;395;396;397;398;405;406;407;408;409;410;411;412;413;420;421;422;423;424;425;426;427;428;435;436;437;438;439;440;441;442;443;450;451;452;453;454;455;456;457;458;465;466;467;468;469;470;471;472;473;480;481;482;483;484;485;486;487;488;495;496;497;498;499;500
F42022,10,29,29,824.0000002551964,800.0,24.00000025519637,30,208,208,208,7.79114294052124,24;31;39;46;47;48;49;50;51;52;60;75;94;101;102;103;104;105;106;107;108;109;116;124;134;142;149;150;151;152;153;154;155;156;157;170;171;172;179;180;181;182;183;184;185;186;187;213;220;221;222;223;224;225;226;227;228;235;236;237;238;239;240;241;242;243;250;251;252;253;254;255;256;257;258;265;266;267;268;269;270;271;272;273;280;281;282;283;284;285;286;287;288;295;296;297;298;299;300;301;302;303;311;312;313;314;315;316;317;318;325;326;327;328;329;330;331;332;333;340;341;342;343;344;345;346;360;367;368;369;370;371;372;373;374;375;382;383;384;385;386;387;388;389;390;397;398;399;400;401;402;403;404;405;412;413;414;415;416;417;418;419;420;427;428;429;430;431;432;433;434;435;442;443;444;445;446;447;448;449;450;457;458;459;460;461;462;463;464;465;472;473;474;475;476;477;478;479;480;487;488;489;490;491;492;493;494;495
F42022,10,30,30,852.0000000000002,800.0,52.00000000000023,32,281,281,281,10.256108045578003,26;35;36;37;38;39;40;41;48;49;50;51;52;53;54;55;56;63;64;65;66;67;68;69;70;71;78;79;80;81;82;83;84;85;86;93;94;95;96;97;98;99;100;101;108;109;110;111;112;113;114;115;116;123;124;125;126;127;128;129;130;131;138;139;140;141;142;143;144;145;146;153;154;155;156;157;158;159;160;161;168;169;170;171;172;173;174;175;176;183;184;185;186;187;188;189;190;191;198;199;200;201;202;203;204;205;206;213;214;215;216;217;218;219;220;221;228;229;230;231;232;233;234;235;236;243;244;245;246;247;248;249;250;251;258;259;260;261;262;263;264;265;266;273;274;275;276;277;278;279;280;281;288;289;290;291;292;293;294;295;296;303;304;305;306;307;308;309;310;311;318;319;320;321;322;323;324;325;326;333;334;335;336;337;338;339;340;341;348;349;350;351;352;353;354;355;356;363;364;365;366;367;368;369;370;371;378;379;380;381;382;383;384;385;386;393;394;395;396;397;398;399;400;401;408;409;410;411;412;413;414;415;416;423;424;425;426;427;428;429;430;431;438;439;440;441;442;443;444;445;446;453;454;455;456;457;458;459;460;461;468;469;470;471;472;473;474;475;476;483;484;485;486;487;488;489;490;491;498;499;500
F52022,10,1,1,901.367498400253,900.0,1.3674984002529982,28,194,194,138,4.5905537605285645,26;27;34;35;36;37;38;39;40;41;42;43;56;57;58;59;60;61;62;63;64;65;66;73;74;75;76;77;78;79;80;81;82;83;84;85;96;97;98;99;114;126;127;128;129;138;139;140;141;142;143;144;145;167;168;169;178;179;180;181;182;183;184;200;210;211;212;213;214;215;216;223;231;232;249;256;257;258;259;260;261;262;263;264;271;272;273;281;290;291;292;293;296;297;298;305;306;307;308;309;310;311;312;313;332;340;341;342;343;344;345;346;347;359;360;361;362;369;370;371;372;373;374;382;389;390;391;392;393;394;395;396;397;398;405;406;407;408;409;410;411;412;413;414;421;422;423;424;425;426;427;428;429;436;437;438;439;440;441;442;443;444;445;452;453;454;455;456;457;458;459;460;467;468;469;470;471;472;473;474;475;482;483;484;485;486;487;488;489;490;497;498;499;500
F52022,10,2,2,900.5458216851586,900.0,0.5458216851585576,32,242,242,208,5.58751106262207,13;23;24;33;40;41;42;43;44;45;46;47;48;49;56;57;58;59;60;61;67;74;82;98;114;134;141;142;143;144;145;146;147;148;149;156;157;158;159;160;161;162;163;164;175;176;177;178;179;186;187;188;189;190;191;192;193;194;201;202;203;204;205;206;207;208;209;216;217;218;219;220;221;222;223;224;231;232;233;234;235;236;237;238;239;246;247;248;249;250;251;252;253;254;261;262;263;264;265;266;267;268;269;270;277;278;279;280;281;282;283;284;285;292;293;294;295;296;297;298;299;300;307;308;309;310;311;312;313;314;315;322;323;324;325;326;327;328;329;330;337;338;339;340;341;342;343;344;345;346;353;354;355;356;357;358;359;360;361;368;369;370;371;372;373;374;375;376;383;384;385;386;387;388;389;390;391;398;399;400;401;402;403;404;405;406;413;414;415;416;417;418;419;420;421;428;429;430;431;432;433;434;435;436;443;444;445;446;447;448;449;450;451;458;459;460;461;462;463;464;465;466;467;474;475;476;477;478;479;480;481;482;483;490;491;492;493;494;495;496;497;498
F52022,10,3,3,900.6335955210384,900.0,0.6335955210383872,29,234,234,178,5.419157981872559,24;25;26;27;35;42;43;44;45;46;47;55;62;63;64;65;66;67;68;69;70;78;79;80;81;82;83;84;85;86;93;94;95;96;97;98;99;100;101;102;114;115;116;117;118;125;126;127;128;129;130;131;132;133;140;141;142;143;144;145;146;147;148;155;156;157;158;166;173;174;175;176;189;196;197;198;199;200;201;202;203;204;212;213;214;215;216;217;218;219;226;227;228;229;230;231;232;233;234;235;246;247;248;249;262;269;270;271;272;273;274;275;276;277;278;285;286;287;288;289;290;291;292;293;300;301;302;303;304;305;306;314;324;325;326;327;328;329;337;338;339;340;341;342;343;344;355;356;357;358;359;360;368;369;370;371;372;373;374;375;376;383;384;385;386;387;388;389;390;391;398;399;400;401;402;403;404;405;406;413;414;415;416;417;418;419;420;421;428;429;430;431;432;433;434;435;436;443;444;445;446;447;448;449;450;451;458;459;460;461;462;463;464;465;466;467;474;475;476;477;478;479;480;481;482;489;490;491;492;493;494;495;496;497
F52022,10,4,4,900.5447643732385,900.0,0.5447643732385359,29,191,191,159,4.517430067062378,17;24;25;35;57;74;81;82;90;97;98;99;100;112;119;120;121;122;123;124;125;126;127;134;135;136;137;145;152;153;154;155;156;157;158;159;167;168;175;176;177;178;179;180;181;182;183;190;191;192;193;194;195;201;208;209;210;211;212;213;214;215;216;223;224;225;226;227;228;229;230;231;232;233;234;235;242;243;244;245;246;247;248;249;250;257;258;259;260;261;262;263;264;265;277;278;279;280;291;292;293;294;295;302;303;304;305;306;307;308;309;310;311;318;319;327;334;335;336;337;338;339;340;341;342;343;355;356;357;358;367;368;381;393;394;395;407;414;415;416;417;418;419;420;421;422;429;430;431;432;433;434;435;436;437;444;445;446;447;448;449;450;451;452;459;460;461;462;463;464;465;466;467;474;475;476;477;478;479;480;481;482;489;490;491;492;493;494;495;496;497
F52022,10,5,5,900.0902575411769,900.0,0.09025754117692486,27,219,219,146,5.1064369678497314,29;30;31;38;39;40;41;42;43;44;45;55;56;64;65;76;77;86;98;99;100;101;102;109;133;134;141;142;143;144;145;146;147;148;149;156;157;158;164;165;172;180;181;182;189;190;191;192;193;194;195;196;197;204;212;219;220;221;222;223;224;225;233;240;241;242;243;244;245;246;247;248;255;256;257;258;259;260;261;262;263;270;271;272;273;274;275;276;286;287;294;295;296;297;298;299;300;301;302;309;310;311;312;313;314;315;316;317;324;325;326;327;328;329;330;331;332;339;340;341;342;343;344;345;346;347;354;355;356;357;358;359;360;361;362;363;370;371;372;373;374;375;376;377;378;379;386;387;388;389;390;391;392;393;394;401;402;403;404;405;406;407;408;409;416;417;418;419;420;421;422;423;424;431;432;433;434;435;436;437;438;439;446;447;448;449;450;451;452;453;454;455;456;463;464;465;466;467;468;469;470;471;472;479;480;481;482;483;484;485;486;487;488;489;496;497;498;499;500
F52022,10,6,6,900.5446281225985,900.0,0.5446281225985103,31,236,236,187,5.474285840988159,22;29;30;31;32;33;34;35;36;37;38;56;70;71;80;81;82;83;84;85;86;87;101;102;111;112;113;119;126;127;128;129;130;131;132;133;134;143;144;145;146;147;148;149;156;157;158;159;160;161;162;163;164;171;172;173;174;175;176;177;178;179;186;187;188;189;190;191;192;193;194;201;202;212;220;221;222;223;224;225;226;227;234;235;243;244;245;252;253;254;255;256;257;258;259;260;267;268;269;270;271;272;273;274;275;282;283;284;285;286;287;288;289;294;295;302;303;304;305;306;307;308;309;310;317;318;319;320;321;322;323;324;325;326;333;334;335;336;337;338;339;340;341;348;349;350;351;352;353;354;355;356;357;364;365;366;367;368;369;370;371;372;379;380;381;382;383;384;385;386;387;394;395;396;397;398;399;400;401;402;409;410;411;412;413;414;415;416;417;424;425;426;427;428;429;430;431;432;439;440;441;442;443;444;445;446;447;454;455;456;457;458;459;460;461;462;469;470;471;472;473;474;475;476;477;478;485;486;487;488;489;490;491;492;493;500
F52022,10,7,7,900.4575192415838,900.0,0.4575192415837819,28,219,219,159,5.11611008644104,28;50;51;59;60;61;62;70;71;78;79;80;81;82;83;84;85;86;87;94;95;96;97;98;99;100;101;102;111;112;113;114;133;140;141;142;143;144;145;146;147;148;182;196;197;204;205;206;207;208;209;210;211;212;219;220;221;222;223;224;225;226;227;228;235;236;237;238;239;240;241;242;243;253;254;255;256;257;258;265;266;267;268;269;270;271;272;273;274;281;282;283;284;291;292;293;300;301;302;303;304;305;306;307;308;315;316;317;318;319;320;321;322;323;330;331;332;333;334;335;336;337;338;345;346;347;348;349;350;351;352;353;360;361;362;363;364;365;366;367;368;375;376;377;378;379;380;381;382;383;384;391;392;393;394;395;396;397;398;399;406;407;408;409;410;411;412;413;414;415;422;423;424;425;426;427;428;429;430;437;438;439;440;441;442;443;444;445;452;453;454;455;456;457;458;459;460;467;468;469;470;471;472;473;474;475;482;483;484;485;486;487;488;489;490;497;498;499;500
F52022,10,8,8,900.1792960819166,900.0,0.17929608191661828,29,263,263,199,6.029108047485352,54;55;56;57;74;81;82;83;84;85;86;87;88;89;96;97;98;99;100;101;102;103;104;111;112;113;114;115;116;117;118;119;126;127;128;129;130;131;132;133;134;141;142;143;144;145;146;147;148;149;156;157;158;159;160;161;162;163;164;165;172;173;174;175;176;177;178;179;180;181;188;189;190;191;192;193;194;195;196;203;204;205;206;207;208;209;210;211;218;219;220;221;222;223;224;225;226;233;234;235;236;237;238;239;240;241;248;249;250;251;252;253;254;255;256;263;264;265;266;267;268;269;270;271;278;279;280;281;282;283;284;285;286;293;294;295;296;297;298;299;300;301;302;309;310;311;312;313;314;315;316;317;324;325;326;327;328;329;330;331;332;339;340;341;342;343;344;345;346;347;354;355;356;357;358;359;360;361;362;369;370;371;372;373;374;375;376;377;384;385;386;387;388;389;390;391;392;399;400;401;402;403;404;405;406;407;408;415;416;417;418;419;420;421;422;423;430;431;432;433;434;435;436;437;438;445;446;447;448;449;450;451;452;453;454;461;462;463;464;465;466;467;468;469;476;477;478;479;480;481;482;483;484;485;492;493;494;495;496;497;498;499;500
F52022,10,9,9,901.0896596156414,900.0,1.0896596156413807,28,237,237,161,5.483387231826782,57;64;65;66;67;68;69;70;71;72;73;74;75;83;84;85;86;87;88;89;90;91;98;99;100;101;102;103;104;105;106;107;137;151;152;153;160;161;162;163;164;165;166;167;168;175;176;177;178;179;180;181;182;183;190;191;192;200;201;208;209;210;211;212;213;214;215;216;223;224;225;226;227;228;229;230;231;232;239;240;241;242;243;244;245;253;260;261;262;263;264;265;266;267;268;275;276;277;278;279;280;281;282;283;290;291;292;293;294;295;296;297;298;305;306;307;308;309;310;311;312;313;320;321;322;323;324;325;326;327;328;329;336;337;338;339;340;341;342;343;344;351;352;353;354;355;356;357;358;359;366;367;368;369;370;371;372;373;374;375;382;383;384;385;386;387;388;389;390;391;398;399;400;401;402;403;404;405;406;407;408;409;410;417;418;419;420;421;422;423;424;425;432;433;434;435;436;437;438;439;440;447;448;449;450;451;452;453;454;455;462;463;464;465;466;467;468;469;470;477;478;479;480;481;482;483;484;485;492;493;494;495;496;497;498;499;500
F52022,10,10,10,901.0901211114457,900.0,1.0901211114456828,29,206,206,159,4.832941055297852,11;12;34;46;47;48;49;61;62;63;64;65;66;67;78;79;80;104;113;114;115;116;117;118;119;120;127;128;129;130;131;132;133;134;135;142;143;144;145;146;147;148;149;150;157;158;159;160;161;162;163;164;165;166;181;188;189;190;191;192;193;194;195;196;210;211;218;219;220;221;222;223;224;225;226;233;234;235;236;237;238;239;240;241;248;249;250;251;252;253;254;255;256;263;264;265;266;267;268;269;270;271;272;279;280;281;282;290;297;298;299;300;301;302;303;304;305;312;313;321;328;329;330;331;332;333;341;349;350;351;352;353;354;355;356;382;383;390;391;392;393;394;395;396;397;398;405;406;407;408;409;410;411;412;413;414;421;422;423;424;425;426;427;428;429;436;437;438;439;440;441;442;443;444;445;452;453;454;455;456;457;458;459;460;461;468;469;470;471;472;473;474;475;476;483;484;485;486;487;488;489;490;491;492;499;500
F52022,10,11,11,901.5486690205671,900.0,1.5486690205671039,31,254,254,171,5.844197034835815,18;36;49;50;51;58;59;60;61;62;63;64;65;66;73;74;75;76;77;78;79;80;81;82;89;90;91;92;93;94;95;96;97;98;105;113;120;121;122;123;124;125;126;127;128;135;136;137;138;139;140;141;142;143;150;151;152;153;154;155;156;157;158;165;166;167;168;169;173;180;181;182;183;184;185;186;187;188;189;199;200;201;202;203;204;211;212;219;226;227;228;229;230;231;232;233;234;241;242;243;244;245;246;247;248;249;250;257;258;259;260;261;262;263;264;265;266;274;275;282;283;284;285;286;287;288;289;290;297;298;299;300;301;302;303;304;305;312;313;314;315;316;317;318;319;320;327;328;329;330;331;332;333;334;335;342;343;344;345;346;347;348;349;350;357;358;359;360;361;362;363;364;365;372;373;374;375;376;377;378;379;380;381;382;383;384;391;392;393;394;395;396;397;398;399;406;407;408;409;410;411;412;413;414;421;422;423;424;425;426;427;428;429;436;437;438;439;440;441;442;443;444;451;452;453;454;455;456;457;458;459;466;467;468;469;470;471;472;473;474;481;482;483;484;485;486;487;488;489;496;497;498;499;500
F52022,10,12,12,900.0045597926281,900.0,0.004559792628128889,30,245,245,185,5.648932933807373,19;20;21;28;29;30;31;32;33;34;35;36;50;51;60;61;62;63;64;65;66;73;74;75;76;77;89;90;97;98;99;100;101;109;110;117;118;119;120;121;122;123;124;125;126;133;134;135;136;137;138;139;140;141;151;152;153;154;155;156;163;164;165;179;186;187;188;189;190;191;192;193;194;201;202;203;204;205;206;207;208;209;216;217;218;219;220;221;222;223;224;231;232;233;234;235;236;237;238;239;240;250;251;252;253;254;257;264;265;266;267;268;269;270;271;272;279;280;282;283;284;285;286;287;294;295;296;297;298;299;300;301;302;303;304;305;312;313;314;315;316;330;337;338;339;340;341;342;343;344;345;352;353;354;355;356;357;358;359;360;367;368;369;370;371;372;373;374;375;376;383;384;385;386;387;388;389;390;391;398;399;400;401;402;403;404;405;406;413;414;415;416;417;418;419;420;421;422;423;424;431;432;433;434;435;436;437;438;439;446;447;448;449;450;451;452;453;454;461;462;463;464;465;466;467;468;469;476;477;478;479;480;481;482;483;484;491;492;493;494;495;496;497;498;499
F52022,10,13,13,901.5438047622691,900.0,1.5438047622691329,30,261,261,166,5.984149932861328,31;38;39;47;54;55;56;57;58;59;60;61;62;73;74;75;76;77;89;90;91;92;99;100;101;102;103;104;105;106;107;114;115;116;117;118;119;120;121;122;123;124;125;126;127;128;135;136;137;138;139;140;141;142;143;144;145;152;153;154;155;156;157;158;159;160;174;175;176;177;178;185;186;187;188;189;197;204;205;206;207;208;209;210;211;212;213;220;221;222;223;224;225;226;227;228;235;236;237;238;239;240;241;242;243;250;251;252;253;254;255;256;257;258;265;266;267;268;269;270;271;272;273;280;281;282;283;284;285;286;287;288;295;296;297;298;299;300;301;302;303;304;311;312;313;314;315;316;317;318;319;320;327;328;329;330;331;332;333;334;335;336;343;344;345;346;347;348;349;350;351;352;353;354;355;356;363;364;365;366;367;368;369;370;371;378;379;380;381;382;383;384;385;386;393;394;395;396;397;398;399;400;401;402;409;410;411;412;413;414;415;416;417;418;419;426;427;428;429;430;431;432;433;434;441;442;443;444;445;446;447;448;449;456;457;458;459;460;461;462;463;464;471;472;473;474;475;476;477;478;479;486;487;488;489;490;491;492;493;494;495
F52022,10,14,14,901.0037676731151,900.0,1.003767673115135,27,195,195,146,4.595781087875366,52;53;61;69;83;84;91;92;106;107;114;115;116;117;118;119;120;121;122;123;130;131;132;133;134;135;136;137;138;145;154;155;162;163;164;165;166;167;168;169;170;186;193;194;195;196;197;198;199;200;201;208;209;210;211;212;213;214;220;227;228;229;230;231;232;233;234;235;236;243;244;245;246;247;248;249;250;251;258;259;260;261;262;270;277;278;279;280;281;282;283;284;285;292;293;294;302;309;310;311;312;313;314;315;316;317;324;325;326;327;328;329;330;331;332;339;340;341;342;343;344;345;346;347;354;355;356;366;373;374;375;376;377;378;379;386;393;394;402;409;410;411;412;413;414;415;416;417;424;425;426;427;428;429;430;431;432;439;440;441;442;443;444;445;446;447;448;455;456;457;458;459;460;461;462;463;470;471;472;473;474;475;476;477;478;485;486;487;488;489;490;491;492;493;500
F52022,10,15,15,901.088422417919,900.0,1.0884224179189914,29,242,242,175,5.590052843093872,19;20;21;22;23;45;46;47;60;61;62;63;70;71;72;73;74;75;83;84;97;98;99;106;107;108;109;110;111;112;113;114;121;122;123;124;125;126;127;128;129;130;131;132;133;134;135;142;143;144;145;146;147;148;149;150;169;170;171;178;179;180;181;182;183;184;185;186;209;216;217;218;219;220;221;222;223;224;231;232;233;234;235;236;237;238;239;246;247;248;249;250;251;252;253;254;261;262;263;264;265;266;267;268;269;276;277;278;279;280;281;282;283;284;291;292;293;294;295;296;297;298;299;306;307;308;309;310;311;312;313;314;321;322;323;324;325;326;327;328;329;336;337;338;339;340;341;342;343;344;351;352;353;354;355;356;357;358;359;366;367;368;369;370;371;372;373;374;381;382;383;384;385;386;387;388;389;396;397;398;399;400;401;402;403;404;411;412;413;414;415;416;417;418;419;420;427;428;429;430;431;432;433;434;435;442;443;444;445;446;447;448;449;450;451;458;459;460;461;462;463;464;465;466;473;474;475;476;477;478;479;480;481;488;489;490;491;492;493;494;495;496
F52022,10,16,16,901.5517068201804,900.0,1.5517068201803568,28,247,247,173,5.684808969497681,36;43;44;45;46;47;57;71;72;79;80;81;101;102;103;104;105;106;107;114;115;116;117;118;119;120;121;122;123;124;125;126;133;134;135;136;137;138;139;140;141;148;149;150;151;152;153;154;155;156;163;164;165;166;167;168;169;170;171;178;179;180;181;182;183;184;185;186;187;188;195;196;197;198;199;200;201;202;203;204;217;218;219;226;227;228;229;230;231;232;233;234;242;243;244;245;246;247;248;249;256;257;258;259;260;261;262;263;264;271;272;273;274;275;276;277;278;279;287;288;289;290;291;292;293;294;301;302;303;304;305;306;307;308;309;310;311;320;321;322;323;324;325;331;332;333;334;335;336;337;338;345;346;347;348;349;350;351;352;353;360;361;362;363;364;365;366;367;368;369;376;377;378;379;380;381;382;383;384;391;392;393;394;395;396;397;398;399;406;407;408;409;410;411;412;413;414;421;422;423;424;425;426;427;428;429;436;437;438;439;440;441;442;443;444;451;452;453;454;455;456;457;458;459;466;467;468;469;470;471;472;473;474;481;482;483;484;485;486;487;488;489;496;497;498;499;500
F52022,10,17,17,901.0902968135852,900.0,1.0902968135851552,31,229,229,213,5.306972026824951,15;27;28;29;30;37;38;39;40;41;42;43;44;45;54;55;56;57;58;59;60;67;68;69;70;71;86;93;94;95;96;97;98;99;100;101;108;109;110;111;112;113;114;115;116;123;124;125;126;127;128;129;130;131;138;139;140;141;142;143;144;145;146;166;176;177;178;179;180;181;188;189;190;191;192;193;194;195;196;204;205;206;207;208;209;217;227;228;229;237;244;245;246;247;248;249;250;251;252;259;260;261;262;263;264;265;266;267;277;278;279;280;281;282;289;290;291;292;293;294;295;296;297;305;306;307;308;309;310;311;312;319;320;328;335;336;337;338;339;340;341;342;343;350;351;352;353;354;355;356;357;358;365;366;367;368;375;382;383;384;385;386;387;388;389;390;397;398;399;400;401;402;403;404;405;412;413;414;415;416;417;418;419;420;427;428;429;430;431;432;433;434;435;442;443;444;445;446;447;448;449;450;457;458;459;460;461;462;463;464;465;472;473;474;475;476;477;478;479;480;487;488;489;490;491;492;493;494;495
F52022,10,18,18,900.6387846435068,900.0,0.6387846435068241,29,227,227,149,5.26377010345459,25;34;51;52;68;75;76;77;78;79;80;81;82;83;90;91;92;93;94;95;96;97;98;105;106;107;108;109;110;111;112;113;120;121;122;123;124;125;126;127;128;135;136;137;138;139;140;141;142;143;150;151;152;153;154;155;156;157;158;165;166;167;168;169;170;171;172;173;180;181;182;183;184;185;186;187;188;195;196;197;198;199;200;201;202;203;217;218;225;226;227;228;229;230;231;232;233;240;241;242;243;244;245;246;247;248;260;261;262;263;264;283;291;292;293;294;295;296;307;318;319;320;321;322;338;345;346;347;348;349;350;351;352;353;360;361;362;363;364;365;366;367;368;369;370;377;378;379;380;381;382;383;384;385;392;393;394;395;396;397;398;399;400;401;408;409;410;411;412;413;414;415;416;423;424;425;426;427;428;429;430;431;438;439;440;441;442;443;444;445;446;453;454;455;456;457;458;459;460;461;462;463;464;465;466;467;468;469;476;477;478;479;480;481;482;483;484;491;492;493;494;495;496;497;498;499;500
F52022,10,19,19,901.0059452240023,900.0,1.0059452240022893,28,208,208,180,4.874691009521484,19;46;47;68;69;70;82;93;128;129;144;145;152;153;154;155;156;157;158;166;173;177;178;179;180;181;182;183;184;191;192;193;194;195;196;197;198;199;206;207;208;209;210;211;212;213;214;215;222;223;224;225;226;227;228;229;230;238;239;240;241;242;243;244;245;252;253;254;255;256;257;258;259;260;267;268;269;270;271;272;273;274;275;284;285;286;287;288;289;290;297;298;299;300;301;302;303;304;305;315;316;317;318;319;320;328;329;330;331;332;333;334;335;342;343;344;345;346;347;348;349;350;357;358;359;360;361;362;363;364;365;376;377;378;379;380;387;388;389;390;391;392;393;394;395;402;403;404;405;406;407;408;409;410;417;418;419;420;421;422;423;424;425;432;433;434;435;436;437;438;439;440;447;448;449;450;451;452;453;454;455;462;463;464;465;466;467;468;469;470;477;478;479;480;481;482;483;484;485;492;493;494;495;496;497;498;499;500
F52022,10,20,20,900.5443089744265,900.0,0.5443089744264853,29,270,270,142,6.174772024154663,23;24;25;32;33;34;35;36;37;38;39;40;41;42;43;50;51;52;53;54;55;56;57;58;66;73;74;75;76;77;78;79;80;81;88;89;90;91;92;93;94;95;96;103;104;105;106;107;108;109;110;111;112;119;120;121;122;123;124;125;126;127;134;135;136;137;138;139;140;141;142;149;150;151;152;153;154;155;156;157;158;159;170;171;172;173;174;181;182;183;184;185;186;187;188;189;190;197;198;199;200;201;202;203;204;205;212;213;214;215;216;217;218;219;220;230;231;232;233;234;235;242;243;244;245;246;247;248;249;250;251;252;253;260;261;262;263;264;265;266;267;268;275;276;277;278;279;280;281;282;283;284;285;286;293;294;295;296;297;298;299;300;301;302;303;310;311;312;313;314;315;322;323;324;336;337;338;339;340;341;342;349;350;351;352;353;354;355;356;357;358;359;366;367;368;369;370;371;372;373;374;375;390;391;392;393;400;401;402;403;404;411;412;419;420;421;422;423;424;425;426;427;428;429;436;437;438;439;440;441;442;443;444;451;452;453;454;455;456;457;458;459;460;461;462;463;464;465;466;467;468;475;476;477;478;479;480;481;482;483;484;491;492;493;494;495;496;497;498;499
F52022,10,21,21,900.724569885504,900.0,0.7245698855040246,30,251,251,180,5.77297306060791,12;13;14;21;22;23;24;25;26;27;42;49;50;51;59;66;67;68;69;70;71;72;73;74;81;82;83;84;85;86;87;88;89;101;102;103;104;114;132;140;141;142;160;167;168;169;170;171;172;173;174;175;182;183;184;185;186;187;188;189;190;197;198;199;200;201;202;203;204;205;212;213;214;215;216;217;218;219;220;227;228;229;230;231;232;233;234;235;242;243;244;245;246;247;248;249;250;257;258;259;260;261;262;263;264;265;266;273;274;275;276;277;278;279;280;281;288;289;290;291;292;293;294;295;296;297;298;299;300;307;308;309;310;311;312;313;314;315;322;323;324;325;326;327;328;329;330;331;338;339;340;341;342;343;344;345;346;353;354;355;356;357;358;359;360;361;362;369;370;371;372;373;374;375;376;377;378;385;386;387;388;389;390;391;392;393;400;401;402;403;404;405;406;407;408;415;416;417;418;419;420;421;422;423;430;431;432;433;434;435;436;437;438;445;446;447;448;449;450;451;452;453;454;461;462;463;464;465;466;467;468;469;476;477;478;479;480;481;482;483;484;485;492;493;494;495;496;497;498;499;500
F52022,10,22,22,901.4551544317661,900.0,1.4551544317661183,27,229,229,141,5.307455778121948,12;42;49;50;51;52;53;54;69;76;77;78;79;80;81;82;83;84;85;86;95;96;97;98;106;107;108;115;116;117;118;119;120;121;122;130;131;132;144;145;146;147;166;173;174;175;176;177;178;179;180;188;189;196;197;198;199;200;201;202;203;204;211;212;213;214;215;216;217;218;219;226;227;228;229;230;231;232;233;234;241;242;243;244;245;246;251;258;259;260;261;262;263;265;266;273;274;275;276;277;278;279;280;281;288;289;290;291;292;293;294;295;296;297;298;299;306;307;308;309;310;311;312;313;314;325;326;327;328;329;337;338;344;345;346;353;354;355;356;357;358;359;360;361;362;363;370;371;372;373;374;375;376;377;378;385;386;387;388;389;390;391;392;393;400;401;402;403;404;405;406;407;408;415;416;417;418;419;420;421;422;423;430;431;432;433;434;435;436;437;438;445;446;447;448;449;450;451;452;453;460;461;462;463;464;465;466;467;468;469;470;477;478;479;480;481;482;483;484;485;492;493;494;495;496;497;498;499;500
F52022,10,23,23,902.7305986106985,900.0,2.7305986106985074,31,239,239,208,5.521238088607788,18;32;40;47;48;49;50;51;52;53;54;55;56;63;64;65;66;67;68;69;70;71;72;73;83;84;85;93;100;101;102;103;104;105;106;114;121;136;149;150;151;161;162;163;164;165;166;173;174;175;176;177;178;179;180;181;188;189;190;191;192;193;194;195;196;204;205;206;207;208;209;210;211;218;219;220;221;222;223;224;225;226;233;234;235;236;237;238;239;240;241;248;249;257;264;265;266;267;268;269;270;271;272;279;280;281;282;283;284;285;286;287;294;295;296;297;298;299;300;301;302;309;310;311;312;313;314;315;316;317;324;325;326;327;328;329;330;331;332;339;340;341;342;343;344;345;346;347;354;355;356;357;358;359;360;361;362;369;370;371;372;373;374;375;376;377;384;385;386;387;388;389;390;391;392;393;400;401;402;403;404;405;406;407;408;415;416;417;418;419;420;421;422;423;430;431;432;433;434;435;436;437;438;445;446;447;448;449;450;451;452;453;460;461;462;463;464;465;466;467;468;475;476;477;478;479;480;481;482;483;490;491;492;493;494;495;496;497;498
F52022,10,24,24,900.2691329535432,900.0,0.26913295354324873,29,235,235,189,5.435559034347534,20;34;51;52;53;54;61;62;63;64;65;66;67;68;69;76;77;78;79;80;81;82;83;84;91;92;100;101;108;109;110;111;112;113;114;115;116;124;131;132;133;141;142;149;157;164;165;166;167;168;169;170;171;172;189;190;197;198;199;200;201;202;203;204;205;212;213;214;215;216;217;220;227;228;229;230;231;232;242;243;250;251;252;253;254;255;256;257;258;265;266;267;268;269;270;271;272;273;274;281;282;283;284;285;286;287;288;289;290;297;298;299;300;301;302;303;304;305;312;313;314;315;316;317;318;319;320;327;328;329;330;331;332;333;334;335;342;343;344;345;346;347;348;349;350;357;358;359;360;361;362;363;364;365;366;373;374;375;376;377;378;379;380;381;382;389;390;391;392;393;394;395;396;397;398;399;406;407;408;409;410;411;412;413;414;421;422;423;424;425;426;427;428;429;430;437;438;439;440;441;442;443;444;445;452;453;454;455;456;457;458;459;460;467;468;469;470;471;472;473;474;475;482;483;484;485;486;487;488;489;490;491;498;499;500
F52022,10,25,25,901.3057038523374,900.0,1.3057038523373876,30,268,268,198,6.135420799255371,30;42;43;50;51;52;53;54;55;56;57;58;59;60;68;69;70;71;72;73;74;75;82;83;84;85;86;87;88;89;97;104;105;106;107;108;109;110;111;112;119;120;121;122;123;131;138;139;140;141;142;143;144;145;146;153;154;155;156;157;158;159;160;161;168;169;170;171;172;173;174;175;176;183;184;185;186;187;188;189;190;191;198;199;200;201;202;203;204;205;206;213;214;215;216;217;218;219;220;221;228;229;230;231;232;233;234;235;236;243;244;245;246;247;248;249;250;251;252;259;260;261;262;263;264;265;266;267;274;275;276;277;278;279;280;281;282;289;290;291;292;293;294;295;296;297;304;305;306;307;308;309;310;311;312;319;320;321;322;323;324;325;326;327;334;335;336;337;338;339;340;341;342;343;344;345;352;353;354;355;356;357;358;359;360;367;368;369;370;371;372;373;374;375;382;383;384;385;386;387;388;389;390;397;398;399;400;401;402;403;404;405;412;413;414;415;416;417;418;419;420;421;428;429;430;431;432;433;434;435;436;443;444;445;446;447;448;449;450;451;458;459;460;461;462;463;464;465;466;473;474;475;476;477;478;479;480;481;482;489;490;491;492;493;494;495;496;497
F52022,10,26,26,900.7244348485506,900.0,0.7244348485505725,28,230,230,137,5.334856986999512,22;42;57;58;66;73;74;75;76;77;78;79;80;81;82;89;90;91;92;93;94;95;96;97;109;119;120;127;128;129;130;131;132;133;134;158;159;160;161;162;163;170;171;172;173;174;175;176;177;178;187;188;189;190;191;192;193;200;201;202;203;204;205;206;207;208;218;219;220;221;222;223;224;231;232;233;234;235;236;237;238;239;246;247;248;249;250;251;252;253;254;255;262;263;264;265;266;267;275;282;283;284;285;286;287;288;289;290;297;298;299;300;301;302;303;304;305;312;313;314;315;316;317;318;319;320;321;322;323;324;331;332;333;334;335;336;337;338;339;346;347;348;349;350;351;352;353;354;361;362;363;364;365;366;367;368;369;376;377;378;386;387;394;395;396;397;398;399;400;401;402;403;404;411;412;413;414;415;416;417;418;419;420;427;428;429;430;431;432;433;434;435;436;443;444;445;446;447;448;449;450;451;452;459;460;461;462;463;464;465;466;467;474;475;476;477;478;479;480;481;482;489;490;491;492;493;494;495;496;497
F52022,10,27,27,901.8469457666866,900.0,1.8469457666866447,30,235,235,192,5.440071105957031,37;38;39;59;81;92;93;94;95;96;103;111;123;124;125;126;127;134;135;136;137;138;139;140;141;142;149;150;151;152;153;154;155;156;157;164;165;166;167;168;169;170;171;172;179;180;181;182;183;184;185;186;187;188;189;190;197;198;199;200;201;202;203;209;222;223;224;231;232;233;234;235;236;237;238;239;246;247;248;249;250;251;252;253;254;261;262;263;264;265;266;267;268;269;276;277;278;279;280;281;282;283;284;291;292;293;294;295;296;297;298;299;306;307;308;309;310;311;312;313;314;321;322;323;324;325;326;327;328;329;336;337;338;339;340;341;342;343;344;351;352;353;354;355;356;357;358;359;366;367;368;369;370;371;372;373;374;381;382;383;384;385;386;387;388;389;390;397;398;399;400;401;402;403;404;405;406;413;414;415;416;417;418;419;420;421;422;429;430;431;432;433;434;435;436;437;444;445;446;447;448;449;450;451;452;453;460;461;462;463;464;465;466;467;468;475;476;477;478;479;480;481;482;483;484;485;492;493;494;495;496;497;498;499;500
F52022,10,28,28,900.1012440997952,900.0,0.10124409979516713,29,192,192,166,4.536151647567749,43;55;56;57;58;68;69;70;71;72;73;87;88;99;100;101;102;103;110;111;112;113;114;115;116;117;118;125;126;127;128;129;130;131;132;133;140;141;142;143;144;145;146;147;148;160;161;162;163;170;171;172;173;174;175;176;177;178;192;193;200;201;202;203;204;205;206;207;208;209;217;218;219;220;221;222;223;224;231;232;233;234;235;236;237;238;239;246;247;248;249;250;251;252;253;254;261;281;299;325;343;350;351;352;353;354;355;356;357;358;365;366;367;368;369;370;371;372;373;380;381;382;383;384;385;386;387;388;395;396;397;398;399;400;401;402;403;410;411;412;413;414;415;416;417;418;425;426;427;428;429;430;431;432;433;440;441;442;443;444;445;446;447;448;455;456;457;458;459;460;461;462;463;470;471;472;473;474;475;476;477;478;485;486;487;488;489;490;491;492;493;500
F52022,10,29,29,900.5483623246317,900.0,0.5483623246317393,31,236,236,186,5.468274116516113,28;35;36;49;56;57;58;59;60;61;62;63;64;75;76;77;78;79;102;118;125;126;127;128;129;130;131;132;133;140;141;142;143;144;145;146;147;148;163;176;177;178;185;186;187;188;189;190;191;192;193;200;201;202;203;204;205;206;207;208;215;216;217;218;219;220;221;222;223;230;231;232;233;234;235;236;237;238;245;246;247;248;249;250;251;252;253;260;261;262;263;264;265;266;267;268;269;276;277;278;279;280;281;282;283;284;292;293;294;295;296;297;298;299;300;307;308;309;310;311;312;313;314;315;322;323;324;325;326;327;328;329;330;337;338;339;340;341;342;343;344;345;352;353;354;355;356;357;358;359;360;367;368;369;370;371;372;373;374;375;382;383;384;385;386;387;388;389;390;397;398;399;400;401;402;403;404;405;412;413;414;415;416;417;418;419;420;427;428;429;430;431;432;433;434;435;442;443;444;445;446;447;448;449;450;457;458;459;460;461;462;463;464;465;466;467;468;475;476;477;478;479;480;481;482;483;490;491;492;493;494;495;496;497;498;499
F52022,10,30,30,901.4644136774594,900.0,1.4644136774594472,29,235,235,182,5.4524290561676025,22;23;37;38;39;59;66;67;68;69;70;71;72;82;89;90;91;92;93;94;102;109;110;111;112;120;127;128;129;130;131;132;133;134;135;146;147;148;149;150;157;158;159;160;161;162;163;164;165;174;175;176;177;178;179;180;181;190;191;192;193;194;195;196;203;204;205;206;207;208;209;210;211;212;225;226;227;237;238;239;240;241;242;243;251;252;253;254;255;256;257;258;265;266;267;268;269;270;271;272;273;280;281;282;283;284;285;286;287;288;295;296;297;298;299;300;301;302;303;310;311;312;313;314;315;316;317;318;319;326;327;328;329;330;331;332;333;334;341;342;343;344;345;346;347;348;349;350;360;361;362;363;364;365;366;367;374;375;376;377;378;379;380;381;382;389;390;391;392;393;394;395;396;397;404;405;406;407;408;409;410;411;412;419;420;421;422;423;424;425;426;427;434;435;436;437;438;439;440;441;442;449;450;451;452;453;454;455;456;457;464;465;466;467;468;469;470;471;472;473;480;481;482;483;484;485;486;487;488;489;490;497;498;499;500
F62022,10,1,1,21747.552476149132,1800.0,19947.552476149132,25,175,175,139,4.638015985488892,9;16;17;18;19;20;21;22;23;24;54;63;64;65;66;67;68;69;70;87;94;95;96;97;98;99;100;101;102;109;110;111;112;113;114;115;116;117;127;128;136;143;144;145;146;147;159;160;167;168;169;170;171;172;173;174;175;182;183;184;185;186;187;188;189;190;197;198;199;200;201;202;203;204;205;212;213;214;215;216;217;218;219;220;227;228;229;230;231;232;233;234;235;242;243;244;245;246;247;248;249;250;257;258;259;260;261;262;263;264;265;272;273;281;282;289;290;291;292;293;294;295;296;297;298;305;306;307;308;309;310;311;312;313;320;321;322;323;324;325;326;327;328;335;336;337;338;339;340;341;342;343;344;351;352;360;367;368;369;370;371;372;373;374;375;385;386;387;388;389;390;391;401;427;498
F62022,10,2,2,34683.477114403475,1800.0,32883.477114403475,28,207,207,178,5.384126901626587,18;26;27;28;29;30;31;32;33;34;41;42;43;44;45;46;47;48;49;56;57;58;59;60;61;62;63;64;71;72;80;87;88;89;90;91;92;93;94;95;96;103;104;105;106;107;108;109;110;111;118;119;120;121;122;123;124;125;126;133;134;135;136;137;138;139;140;141;142;149;150;151;152;153;154;155;156;157;164;165;166;167;168;169;170;171;172;173;180;181;182;183;184;185;186;187;188;195;196;197;198;199;200;201;202;203;210;211;212;213;214;215;216;217;218;225;226;227;228;229;230;231;232;233;240;241;242;243;244;245;246;247;248;255;256;257;258;259;260;261;262;263;264;271;272;273;274;275;276;277;278;279;286;287;288;289;290;291;292;300;307;308;309;310;311;312;313;314;315;322;323;324;325;326;327;328;329;330;337;338;339;340;341;342;343;344;345;346;353;354;362;369;370;371;372;373;374;375;376;377;394;401;409;436;454;455;498
F62022,10,3,3,32298.874838239313,1800.0,30498.874838239313,26,197,197,164,5.143623113632202,19;20;29;30;31;32;33;34;35;42;43;44;45;46;47;48;49;50;64;65;72;73;74;75;76;77;78;79;80;87;88;89;90;91;92;93;94;95;96;103;104;105;106;107;108;109;110;111;118;119;120;121;122;123;124;125;126;133;134;135;136;137;138;139;140;141;148;149;150;151;152;153;154;155;156;170;171;172;179;180;181;182;183;184;185;186;187;188;189;190;197;198;199;200;201;202;203;204;205;212;213;214;215;216;217;218;219;220;227;228;229;230;231;232;233;234;235;242;243;244;245;246;247;248;249;250;257;258;259;260;261;262;263;264;265;277;278;279;287;288;289;296;297;298;299;300;301;302;303;304;311;312;313;314;315;316;317;318;319;320;327;328;329;330;331;332;333;334;335;336;343;344;345;346;347;348;349;350;351;358;359;360;361;362;363;371;378;379;380;388;415;423;424;425;426;427;464
F62022,10,4,4,26232.871681971847,1800.0,24432.871681971847,28,227,227,182,5.840918064117432,19;26;27;28;29;30;31;32;33;34;41;42;43;44;45;46;47;48;49;56;57;58;59;60;68;75;76;77;78;79;80;81;82;83;90;91;92;93;94;95;96;97;98;105;106;107;108;109;110;111;112;113;114;121;122;123;124;125;126;127;128;129;136;137;138;139;140;141;142;143;144;151;152;153;154;155;156;157;158;159;166;167;168;169;170;171;172;173;174;181;182;183;184;185;186;187;188;189;196;197;198;199;200;201;202;203;204;211;212;213;214;215;216;217;218;219;226;227;228;229;230;231;232;233;234;241;242;243;244;245;246;247;248;249;250;257;258;259;260;261;262;263;264;265;272;273;274;275;276;284;291;292;293;294;295;296;297;298;299;306;307;308;309;310;311;312;313;314;315;322;323;324;325;326;327;328;329;330;337;338;339;340;341;342;343;344;345;352;353;354;355;356;357;358;359;360;371;372;373;374;375;382;383;384;385;386;387;388;389;390;398;405;406;407;408;409;410;411;412;413;430;441;442;443;451;452;500
F62022,10,5,5,26066.221698001937,1800.0,24266.221698001937,28,217,217,178,5.615201950073242,25;32;33;34;42;49;50;51;52;53;54;55;56;68;75;76;77;78;79;80;81;82;83;90;91;92;93;94;95;96;97;98;105;106;107;108;109;110;111;112;113;120;121;122;123;124;125;126;127;128;135;136;137;138;139;140;141;142;143;144;151;152;153;154;155;156;157;158;159;166;167;168;169;170;171;172;173;174;181;182;183;184;185;186;187;188;189;190;197;198;199;200;201;202;203;204;205;212;213;214;215;216;217;218;219;220;227;228;229;230;231;232;233;234;235;242;243;244;245;246;247;248;249;250;257;258;259;260;261;262;270;271;278;279;280;281;282;283;284;285;286;293;294;295;296;297;298;299;300;301;308;309;310;311;312;313;314;315;316;323;324;325;326;327;328;329;330;331;338;339;340;341;342;343;344;345;346;353;354;355;356;357;358;359;360;361;368;369;370;371;372;373;374;375;376;383;384;385;386;387;388;389;390;391;398;399;400;401;402;403;404;405;406;417;425;456;499
F62022,10,6,6,21526.522167439907,1800.0,19726.522167439907,27,203,203,167,5.3005969524383545,20;33;34;35;51;58;59;60;61;62;63;64;65;73;74;75;90;99;100;101;102;103;104;105;112;113;114;115;116;117;118;119;120;127;128;129;130;131;132;133;134;135;142;143;144;145;146;147;148;149;150;157;158;159;160;161;162;163;164;165;172;173;174;175;176;177;178;179;180;187;188;189;190;191;192;193;194;195;202;203;204;205;206;207;208;209;210;217;218;219;220;221;222;223;224;225;226;233;234;235;236;237;238;239;240;241;248;249;250;251;252;253;254;255;256;263;264;265;266;267;268;269;270;271;278;279;280;281;282;283;284;285;286;293;294;295;296;297;298;299;300;301;308;309;310;311;312;313;314;315;316;323;324;325;326;327;328;329;330;331;338;339;340;341;342;343;344;345;346;353;354;355;356;357;358;359;360;361;370;371;372;373;374;375;376;383;384;385;386;394;401;402;403;404;405;406;407;408;409;417;424;425;499
F62022,10,7,7,20571.87210207586,1800.0,18771.87210207586,26,204,204,153,5.315253973007202,10;39;51;52;53;54;55;63;64;65;66;67;68;69;70;71;72;79;80;81;82;90;91;98;99;100;101;102;103;104;105;106;113;114;115;116;117;118;119;120;121;128;129;130;131;132;133;134;135;136;137;144;145;146;147;148;149;150;151;152;159;160;161;162;163;164;165;166;167;174;175;176;177;178;179;180;181;182;183;190;191;192;193;194;195;196;197;198;205;206;207;208;209;210;211;212;213;220;221;222;223;224;225;226;227;228;236;237;238;239;240;241;242;243;244;251;252;253;254;255;256;257;258;259;267;268;269;270;271;272;273;274;275;282;283;284;285;286;287;288;289;290;297;298;299;300;301;302;303;304;305;312;313;314;315;316;317;318;319;320;327;328;329;330;331;332;333;334;335;342;343;344;352;353;354;361;362;363;364;365;366;367;368;369;376;377;378;379;380;381;382;383;391;392;408;415;416;432;439;440;441;442;499;500
F62022,10,8,8,20110.684211228137,1800.0,18310.684211228137,29,223,223,177,5.7610859870910645,16;23;24;25;26;27;28;29;30;31;39;40;41;42;43;44;45;46;47;48;63;72;73;74;75;76;77;78;79;80;87;88;89;90;91;92;93;94;95;96;97;104;105;106;107;108;109;110;111;112;113;120;121;122;123;124;125;126;127;128;135;136;137;138;139;140;141;142;143;150;151;152;153;154;155;156;157;158;165;166;167;168;169;170;171;172;173;180;181;182;183;184;185;186;187;188;195;196;197;198;199;200;201;202;203;210;211;212;213;214;215;216;217;218;225;226;227;228;229;237;244;245;246;247;248;249;250;251;252;259;260;261;262;263;264;265;266;267;274;275;276;277;278;279;280;281;282;289;290;291;292;293;294;295;296;297;304;305;306;307;308;309;310;311;312;319;320;321;322;323;324;325;326;327;334;335;336;337;338;339;340;341;342;349;350;351;352;353;354;355;356;357;358;359;366;367;368;369;370;371;372;373;374;375;382;383;384;385;386;387;397;404;405;420;445;452;453;454;455;467;474;475;500
F62022,10,9,9,15463.30008049697,1800.0,13663.30008049697,29,207,207,176,5.3762078285217285,15;22;23;24;25;26;27;28;29;30;43;44;45;52;53;54;55;56;57;58;59;60;67;68;76;83;84;85;86;87;88;89;90;91;98;99;100;101;102;103;104;105;106;107;114;115;116;117;118;119;120;121;122;123;130;131;132;133;134;135;136;137;138;139;140;153;154;155;156;163;164;165;166;167;168;169;170;171;178;179;180;181;182;183;184;185;186;193;194;195;196;197;198;199;200;201;208;209;210;211;212;213;214;215;216;217;230;231;232;239;240;241;242;243;244;245;246;247;254;255;256;257;258;259;260;261;262;269;270;271;272;273;274;275;276;277;284;285;286;287;288;289;290;291;292;293;300;301;302;303;304;305;306;307;308;315;316;317;318;319;320;321;329;336;337;338;339;340;341;342;343;344;345;352;353;354;362;369;370;371;372;373;374;375;376;384;394;406;407;408;409;416;417;418;419;420;421;422;423;424;435;436;437;438;439;467;499
F62022,10,10,10,36473.90481188622,1800.0,34673.90481188622,28,207,207,173,5.405409097671509,18;30;31;32;33;42;43;44;45;46;47;48;56;57;64;65;66;67;68;69;70;71;72;79;80;81;82;83;84;85;86;87;94;95;96;97;98;99;100;101;102;103;110;111;112;113;114;115;116;117;118;125;126;127;128;129;130;131;132;133;134;141;142;143;144;145;146;147;148;149;156;157;158;159;160;161;162;163;164;171;172;173;174;175;176;177;178;179;180;187;188;189;190;191;192;193;194;195;196;203;204;205;206;207;208;209;210;211;212;219;220;221;222;223;224;225;226;227;234;235;236;237;238;239;240;241;242;243;250;251;252;253;254;255;256;257;258;265;266;267;268;269;270;271;272;273;280;281;282;283;295;302;303;304;305;306;307;308;309;310;317;318;319;320;321;322;323;324;325;326;333;334;335;336;337;338;339;340;341;356;363;364;365;366;367;368;369;370;371;378;386;395;396;397;398;399;400;401;408;409;410;421;430;431;432;443;499
F62022,10,11,11,47450.45222953979,1800.0,45650.45222953979,27,181,181,153,4.789515972137451,24;31;32;33;34;35;36;37;38;39;55;62;63;64;65;66;67;68;69;70;84;85;92;93;94;95;103;118;125;126;127;128;129;130;131;132;133;140;141;142;143;144;145;146;147;148;155;156;157;158;159;160;161;162;163;170;171;172;173;174;175;176;177;178;185;186;187;188;189;190;191;192;193;200;201;202;203;204;205;206;207;208;215;216;217;218;219;220;221;222;223;230;231;232;233;234;235;236;237;238;245;246;247;248;249;250;251;252;253;260;261;262;263;264;265;266;267;268;280;281;282;283;290;291;292;293;294;295;296;297;298;305;306;307;308;309;310;311;312;313;320;321;322;323;324;325;326;327;328;335;336;337;338;339;340;341;342;343;344;351;352;353;354;355;356;357;358;359;367;374;382;394;395;396;397;404;405;406;407;415;500
F62022,10,12,12,32280.744446126024,1800.0,30480.744446126024,30,226,226,189,5.822778224945068,9;19;20;21;22;23;24;31;32;33;34;35;36;44;51;52;53;54;55;56;57;58;59;66;67;68;69;70;71;72;73;74;81;82;83;84;85;86;87;88;89;96;97;98;99;100;101;102;103;104;112;113;114;115;116;117;118;119;126;127;128;129;130;131;132;133;134;141;142;143;144;145;146;147;148;149;156;157;158;159;160;161;162;163;164;171;172;173;174;175;176;177;178;179;186;187;188;189;190;191;192;193;194;201;202;203;204;205;206;207;208;209;216;217;218;219;220;221;222;223;224;231;232;233;234;235;236;237;238;239;246;247;248;249;250;251;252;253;254;261;262;263;264;265;266;267;268;269;276;277;278;279;280;281;282;283;284;291;292;293;294;295;296;297;298;299;300;307;308;309;310;311;312;313;314;315;316;323;324;325;326;327;328;329;330;338;345;346;347;348;349;350;351;352;353;354;365;366;367;368;369;376;377;378;379;380;381;382;383;384;391;392;393;394;395;396;397;407;430;453;464;465;466;467;468;498
F62022,10,13,13,22290.664155025763,1800.0,20490.664155025763,27,188,188,148,4.935320854187012,17;31;32;39;40;41;42;43;44;45;46;47;55;63;64;65;66;67;68;69;70;77;78;79;80;81;82;83;84;92;99;100;101;102;103;104;105;106;107;114;115;116;117;118;119;120;121;122;129;130;139;146;147;148;149;150;151;152;153;154;161;162;163;164;165;166;167;168;169;176;177;178;179;180;181;182;183;184;185;192;193;194;195;196;197;198;199;200;207;208;209;210;211;212;213;214;215;222;223;224;225;226;227;228;236;243;244;245;246;247;248;249;250;251;263;264;265;266;273;274;275;276;277;278;279;280;281;288;289;290;291;292;293;294;295;303;310;311;312;313;314;315;316;317;318;325;326;327;328;329;330;331;332;333;340;341;342;343;344;345;346;347;348;355;356;357;358;359;360;361;362;363;395;405;406;407;408;409;410;418;425;426;427;428;429;444;472;497
F62022,10,14,14,28880.827464169117,1800.0,27080.827464169117,26,186,186,139,4.8920018672943115,11;35;47;48;49;50;57;58;59;60;61;62;63;64;65;66;73;74;75;76;77;78;79;80;81;88;89;90;91;92;93;94;95;96;103;104;105;106;107;108;109;110;111;112;113;114;115;116;117;124;125;126;127;128;129;130;131;132;139;140;141;142;143;144;145;146;147;154;155;156;157;158;159;160;161;162;169;170;171;172;173;174;175;176;177;178;179;186;187;188;189;190;198;205;206;207;208;209;210;211;212;213;214;228;229;240;241;242;243;244;251;252;253;254;262;269;270;271;272;273;274;275;276;277;284;285;286;287;288;289;290;291;292;293;294;301;302;303;304;305;306;307;308;309;321;322;330;337;338;339;340;341;342;343;344;345;352;353;361;368;369;370;371;372;373;374;375;376;377;390;391;402;409;410;411;412;413;414;415;416;424;437;438;439;498;499
F62022,10,15,15,17002.41909889446,1800.0,15202.419098894461,28,212,212,171,5.495028972625732,36;48;49;50;51;58;59;60;61;62;63;64;65;66;73;74;75;76;77;78;79;80;81;90;91;92;93;94;95;96;103;104;105;106;107;108;109;110;111;118;119;120;121;122;123;124;125;126;127;128;135;136;137;138;139;140;141;142;143;151;152;153;154;155;156;157;158;165;166;167;168;169;170;171;172;173;180;181;182;183;184;185;186;187;188;195;196;197;198;199;200;201;202;203;204;205;212;213;214;215;216;217;218;219;220;229;230;231;232;233;234;235;242;243;244;245;246;247;248;249;250;257;258;259;260;261;262;263;264;272;279;280;281;282;283;284;285;286;287;294;295;296;297;298;299;300;301;302;311;312;313;314;315;316;317;324;325;326;327;328;329;330;331;332;333;334;341;342;343;344;345;346;347;348;349;356;357;358;359;360;361;362;363;364;371;372;373;374;375;376;377;378;379;404;411;412;413;414;415;423;424;431;432;433;434;435;436;437;438;439;471;498
F62022,10,16,16,38907.03598447743,1800.0,37107.03598447743,26,179,179,140,4.7223169803619385,37;44;45;46;47;48;59;68;69;70;71;72;73;74;81;82;83;84;85;86;87;88;96;103;104;105;106;107;108;109;110;111;130;137;145;146;147;154;155;156;157;158;159;160;161;162;169;170;171;172;173;174;175;176;177;178;185;186;187;188;196;205;206;207;208;209;210;211;218;219;220;221;222;223;224;225;226;233;234;235;236;237;238;239;240;241;248;249;250;251;252;253;254;255;263;264;271;272;273;274;275;276;277;278;279;286;287;288;289;290;291;292;293;294;295;302;303;304;305;306;307;308;309;310;311;318;319;320;321;322;323;324;325;326;327;334;335;336;337;338;339;340;341;342;349;350;351;352;353;354;355;356;357;364;365;373;386;387;388;401;402;403;404;411;412;413;414;415;416;431;439;440;441;442;443;444;445;446;499
F62022,10,17,17,32003.645030504347,1800.0,30203.645030504347,30,211,211,184,5.470714807510376,18;25;26;27;28;29;30;31;32;33;40;41;42;43;44;45;46;47;48;49;56;57;58;59;60;61;62;63;64;71;72;73;74;75;76;77;78;79;86;87;88;89;90;91;92;93;94;101;102;103;104;105;106;107;108;109;116;117;118;119;120;121;122;123;124;133;134;135;136;137;138;139;146;147;148;149;150;151;152;153;154;161;162;163;164;165;166;167;168;169;176;177;178;179;180;181;182;183;184;191;192;193;194;195;196;197;198;199;206;207;208;216;223;224;225;226;227;228;229;230;231;238;239;240;241;242;243;244;245;246;253;261;268;269;270;271;272;273;274;275;276;283;284;285;286;287;288;289;290;291;298;299;300;301;302;303;304;305;306;313;314;315;316;317;318;319;320;321;331;332;333;334;335;336;349;350;351;358;359;360;361;362;363;364;365;366;373;374;375;376;377;378;379;380;381;388;389;390;391;392;393;394;395;396;397;425;439;440;448;456;498
F62022,10,18,18,49491.02651533423,1800.0,47691.02651533423,25,173,173,155,4.592599868774414,14;29;39;40;41;42;56;64;72;73;74;75;76;77;78;79;86;87;88;89;90;91;92;93;94;108;109;116;117;118;126;134;135;136;137;138;139;140;141;148;149;150;151;152;153;154;155;156;174;185;186;187;188;189;196;197;198;199;200;201;202;203;211;218;219;220;221;222;223;224;225;226;233;234;235;236;237;238;239;240;241;248;249;250;251;252;253;254;255;256;263;264;265;266;267;268;269;270;271;278;279;280;281;282;283;284;285;286;293;294;295;296;297;298;299;300;301;308;309;310;311;319;326;327;328;329;330;331;332;333;334;341;349;356;357;358;359;360;361;362;363;364;365;372;373;374;375;376;377;378;386;393;394;395;396;397;398;399;400;401;408;409;410;411;412;413;423;424;432;433;434;435;436
F62022,10,19,19,44322.958162159906,1800.0,42522.958162159906,26,198,198,175,5.1797380447387695,17;24;25;26;27;28;29;30;31;32;40;41;42;43;44;60;67;68;69;70;71;72;73;74;75;82;83;84;85;86;87;88;89;90;97;98;99;100;101;102;103;104;105;116;117;118;119;120;127;128;129;130;131;132;133;134;135;142;143;144;145;146;147;148;149;150;158;165;166;167;168;169;170;171;172;173;180;181;182;183;184;185;186;187;188;195;196;197;198;199;200;201;202;203;210;211;212;213;214;215;216;217;218;219;226;227;228;229;230;231;232;233;234;241;242;243;244;245;246;247;248;249;256;257;258;259;260;261;262;263;264;271;272;273;274;275;276;286;293;294;295;296;304;311;312;313;314;315;316;317;318;319;332;333;334;341;342;343;344;345;346;347;348;349;356;357;358;373;385;386;387;388;395;396;397;398;399;400;401;402;403;410;411;412;413;414;415;416;417;418;431;432;433;440;441;442;443;444
F62022,10,20,20,14750.936131484576,1800.0,12950.936131484576,28,211,211,158,5.4737348556518555,23;34;35;36;37;38;45;46;47;48;49;50;51;52;53;60;61;62;63;64;65;66;67;68;75;76;77;78;79;80;81;82;83;90;91;92;93;94;95;96;97;98;105;106;107;108;109;110;111;112;113;120;128;139;140;141;142;143;150;151;152;153;154;155;156;157;158;165;166;167;168;169;170;171;172;173;180;181;182;183;184;185;186;187;188;195;196;197;198;199;200;201;202;203;210;211;212;213;214;215;216;217;218;225;226;227;228;229;230;231;232;233;240;241;242;243;244;245;246;247;248;249;250;251;258;259;260;261;262;263;264;265;266;267;274;275;276;277;278;279;280;281;282;289;290;291;292;293;294;295;296;297;311;312;319;320;321;322;323;324;325;326;327;334;335;336;337;338;339;340;341;342;349;350;351;352;353;354;355;356;357;364;365;366;367;368;369;370;371;372;380;390;391;392;393;394;395;408;409;410;419;420;421;422;423;424;425;432;458;499;500
F62022,10,21,21,23309.14867850276,1800.0,21509.14867850276,28,198,198,157,5.161751985549927,9;25;33;34;42;43;44;51;59;66;74;75;82;83;84;85;86;87;88;89;90;97;98;99;100;101;102;103;104;105;112;113;114;115;116;117;118;119;120;127;128;129;130;131;132;133;134;135;150;151;152;166;167;175;176;177;178;179;180;181;182;189;190;191;192;193;194;195;196;197;198;205;206;207;208;209;210;211;212;213;220;221;222;223;224;225;226;227;228;235;236;237;238;239;240;241;242;243;250;251;252;253;254;255;256;257;258;265;266;267;268;269;270;271;272;273;280;281;282;283;284;285;286;287;288;295;296;297;298;299;300;301;302;303;310;311;312;313;314;315;316;317;318;325;326;327;328;329;330;331;332;333;340;341;342;343;344;345;346;347;348;355;356;357;358;359;360;361;362;363;373;374;375;376;377;385;386;393;394;395;396;397;398;399;407;414;415;416;417;418;419;420;421;445;446;453;454;499
F62022,10,22,22,10912.968179005464,1800.0,9112.968179005464,28,204,204,156,5.308650016784668,26;42;43;50;51;52;53;54;55;56;57;58;65;66;67;68;69;70;78;85;86;87;88;89;90;91;92;93;103;104;105;106;107;108;115;116;117;118;119;120;121;122;123;130;131;132;133;134;135;136;137;138;145;146;147;148;149;150;151;152;153;160;161;162;163;164;165;166;167;168;175;176;177;178;179;180;181;182;183;184;191;192;193;194;195;196;197;198;199;206;207;208;209;210;211;212;213;214;227;228;229;230;237;238;239;240;241;242;243;244;245;252;253;254;255;256;257;258;259;260;267;268;269;270;271;272;273;274;275;282;283;284;285;286;287;288;289;290;297;298;299;300;301;302;303;304;305;312;313;314;315;316;317;318;319;320;321;328;329;330;331;332;333;334;335;336;337;338;345;346;347;355;356;372;379;380;381;382;383;384;385;386;387;388;399;400;401;402;403;412;413;414;415;416;417;418;419;454;489;496;497;498;499;500
F62022,10,23,23,39260.0412139788,1800.0,37460.0412139788,29,209,209,167,5.426212787628174,20;21;22;29;30;31;32;33;34;35;36;37;49;50;51;52;59;60;61;62;63;64;65;66;67;74;75;76;77;78;79;80;81;82;89;90;91;92;93;94;95;96;97;104;105;106;107;108;109;110;111;112;119;120;121;122;123;124;125;126;127;134;135;136;137;138;139;140;141;142;149;150;151;152;153;154;155;156;157;164;165;166;167;168;169;170;171;172;179;180;181;182;183;184;185;186;187;194;195;196;197;198;199;200;201;202;209;210;211;212;213;214;215;216;217;218;225;226;227;228;229;230;231;232;233;240;241;242;243;244;245;246;247;248;255;256;257;258;259;260;261;262;263;270;271;272;273;274;275;276;277;278;285;286;287;288;289;290;291;292;293;294;301;302;303;304;305;306;307;308;309;310;317;318;319;327;334;346;347;354;355;356;357;358;359;360;361;362;369;370;371;372;373;374;375;376;377;391;392;410;419;420;421;422;423;424;425;453;498
F62022,10,24,24,29117.378179357413,1800.0,27317.378179357413,29,214,214,184,5.5414698123931885,23;33;34;35;36;37;38;39;46;47;48;49;50;51;52;53;54;55;56;70;71;80;81;82;83;84;85;86;98;99;100;101;102;109;110;111;112;113;114;115;116;117;124;125;126;127;128;129;130;131;132;139;140;141;142;143;144;145;146;147;154;155;156;157;158;159;160;161;162;169;170;171;172;173;174;175;176;177;184;185;186;187;188;189;190;191;192;199;200;201;202;203;204;205;206;207;214;215;216;217;218;219;220;221;222;223;230;231;232;233;234;235;236;237;238;245;246;247;248;249;250;251;252;253;260;261;262;263;264;265;266;267;268;281;282;283;290;291;292;293;294;295;296;297;298;305;306;307;308;309;310;311;312;313;320;321;322;323;324;325;326;327;328;335;336;337;338;339;340;341;342;343;350;351;352;353;354;355;356;357;358;365;366;367;368;369;370;371;372;373;380;381;382;383;384;385;386;387;388;395;396;397;398;399;400;401;402;403;404;405;432;465;466;500
F62022,10,25,25,19947.757277436376,1800.0,18147.757277436376,28,224,224,186,5.774909973144531,9;28;35;36;37;38;39;40;41;42;43;44;51;52;53;54;55;56;57;58;59;66;67;68;69;70;71;72;73;74;81;82;83;84;85;86;87;88;89;96;97;98;99;100;101;102;103;104;111;112;113;114;115;116;117;118;119;126;127;128;129;130;131;132;133;134;141;142;143;144;145;146;147;148;149;150;157;158;159;160;161;162;163;164;165;172;173;174;175;176;177;178;179;180;187;188;189;190;191;192;193;194;195;202;203;204;205;206;207;208;209;210;217;218;219;220;221;222;223;224;232;239;240;241;242;243;244;245;246;247;255;256;257;258;259;260;261;262;263;264;271;272;273;274;275;276;277;278;279;286;287;288;289;290;291;292;293;294;301;302;303;304;305;306;307;308;309;316;317;318;319;320;321;322;323;324;325;332;333;334;335;336;337;338;339;340;347;348;349;350;351;352;353;354;355;362;363;371;372;379;380;381;382;383;384;385;386;387;388;395;396;397;398;399;400;401;402;403;414;415;416;417;418;500
F62022,10,26,26,64923.975644196165,1800.0,63123.975644196165,27,198,198,151,5.167959928512573,12;13;20;21;22;30;43;44;45;55;56;57;58;59;67;83;90;91;92;93;94;95;96;97;98;105;106;107;108;109;110;111;112;113;121;122;123;124;125;126;127;128;135;136;137;138;139;140;141;142;143;150;151;152;153;154;155;156;157;158;165;166;167;168;169;170;171;172;173;180;181;182;183;184;185;186;187;188;195;196;197;198;199;200;201;202;203;210;211;212;213;214;215;216;217;218;219;226;227;228;229;230;231;232;233;234;235;248;249;250;257;258;259;260;261;262;263;264;265;272;273;274;275;276;277;278;279;280;281;282;289;290;291;292;293;294;295;296;297;304;305;306;307;308;309;310;311;312;319;320;321;322;323;324;325;326;327;334;335;336;337;338;339;340;341;342;343;350;358;368;369;370;371;372;373;384;385;398;405;406;407;408;409;410;411;412;413;420;421;422;423;424;425;426;427;428;441;442
F62022,10,27,27,46100.274155657105,1800.0,44300.274155657105,27,197,197,171,5.146724700927734,21;34;35;36;45;46;47;48;49;50;51;58;59;60;61;62;63;64;65;66;73;74;75;76;77;78;79;80;81;88;89;90;91;92;93;94;95;96;97;104;105;106;107;108;109;110;111;112;119;120;121;122;123;124;125;126;127;134;135;136;137;138;139;140;141;142;149;150;158;159;166;167;168;169;170;171;172;173;174;181;182;183;184;185;186;187;188;189;198;199;200;201;202;203;204;211;212;213;214;215;216;217;218;219;228;229;230;231;232;233;234;241;242;243;244;245;246;247;248;249;256;257;258;259;260;261;262;263;264;271;272;273;274;275;276;277;278;279;292;293;300;301;302;303;304;305;306;307;308;316;317;318;319;320;321;329;340;341;342;343;344;351;352;353;354;355;356;357;358;359;366;367;368;369;370;371;372;373;374;382;383;384;385;386;387;388;389;396;397;398;399;400;415;429;430;442;450
F62022,10,28,28,25896.502446200866,1800.0,24096.502446200866,28,210,210,183,5.447814226150513,13;20;21;22;23;24;25;26;27;28;29;36;37;38;39;40;41;42;43;44;55;66;73;74;75;76;77;78;79;80;81;88;89;90;91;92;93;94;95;96;97;104;105;106;107;108;109;110;111;112;113;120;121;122;123;124;125;126;127;128;135;136;137;138;139;140;141;142;143;150;151;152;153;154;155;156;157;165;172;173;174;175;176;177;178;179;180;187;188;189;190;191;192;193;194;195;202;203;204;205;206;207;208;209;210;217;218;219;220;221;222;223;224;225;226;233;234;235;236;237;238;239;240;241;248;249;250;251;252;253;254;255;256;263;264;265;266;267;268;269;270;271;278;279;280;281;282;283;284;285;286;293;294;295;296;297;298;299;300;301;308;309;310;311;312;313;314;315;316;323;324;325;326;327;335;347;348;349;350;357;358;359;360;361;362;370;377;378;379;380;381;382;383;384;385;392;393;394;395;396;397;398;399;400;407;408;409;437;462;497
F62022,10,29,29,50700.64630448122,1800.0,48900.64630448122,29,224,224,186,5.785703897476196,20;35;36;37;44;52;59;60;61;62;63;64;65;66;67;74;75;76;77;78;79;80;81;82;89;90;91;92;93;94;95;96;97;104;105;106;107;108;109;110;111;112;119;120;121;122;123;124;125;126;127;134;135;136;137;138;139;140;141;142;149;150;151;152;153;154;155;156;157;164;165;166;167;168;169;170;171;172;179;180;181;182;183;184;185;186;187;194;195;196;197;198;199;200;201;202;209;210;211;212;213;214;215;216;217;224;225;226;227;228;229;230;231;232;239;240;241;242;243;244;245;246;247;248;257;258;259;260;261;262;263;264;271;272;273;274;275;276;277;278;279;286;287;288;289;290;291;292;293;294;301;302;303;304;305;306;307;315;322;323;324;325;326;327;328;329;330;337;338;339;340;341;342;343;344;345;352;353;354;355;356;357;358;359;360;367;368;369;370;371;372;373;374;375;382;383;384;385;386;387;388;389;397;404;405;406;407;408;409;410;411;412;419;420;421;422;423;424;425;426;427;449;499;500
F62022,10,30,30,46899.35761944867,1800.0,45099.35761944867,26,176,176,144,4.661123752593994,38;50;58;59;66;67;68;69;70;71;72;80;87;88;89;90;91;92;93;94;95;102;103;104;105;106;107;108;109;110;117;118;119;120;121;122;123;124;125;132;133;134;135;136;137;138;139;140;147;148;149;150;151;152;153;154;155;162;163;171;178;179;180;181;182;183;184;185;186;193;194;195;196;197;198;199;200;201;208;209;210;211;212;213;214;215;216;217;218;225;226;227;228;229;230;231;232;233;240;241;242;243;244;245;246;247;248;255;256;257;258;259;260;261;262;263;270;271;272;273;274;275;276;277;278;285;286;287;288;289;290;291;292;300;307;308;309;310;311;312;313;314;315;316;323;324;325;333;340;341;342;343;344;345;346;347;348;355;356;357;358;359;360;361;362;363;364;365;372;387;413;429;437;438;446;498
F72022,10,1,1,2079.9686082844564,2000.0,79.96860828445642,16,214,214,62,34.96501684188843,34;35;36;37;38;39;52;53;54;55;56;57;58;59;60;61;62;63;64;65;72;73;74;75;76;77;78;79;80;88;95;96;97;98;99;100;101;102;103;104;105;106;107;108;109;110;111;112;113;114;115;116;117;118;119;120;121;122;123;124;125;126;127;128;129;130;131;132;133;134;135;136;137;138;139;140;141;142;143;144;145;146;147;148;149;150;151;152;153;154;155;156;157;158;159;160;161;175;176;177;178;179;180;181;182;183;184;185;186;187;188;198;199;200;201;210;218;219;220;221;222;223;224;225;226;227;228;229;230;231;232;233;234;235;236;237;238;239;240;241;242;243;250;251;252;253;254;255;256;257;258;259;266;267;268;269;270;271;272;273;281;282;295;296;297;298;305;306;307;308;309;310;311;312;313;320;321;322;323;324;325;326;327;328;335;336;337;338;339;340;341;342;343;366;381;392;393;394;395;396;413;420;421;422;480;487;488;489;490;491;492;493;494;495
F72022,10,2,2,2057.5873132336164,2000.0,57.58731323361644,24,216,216,108,35.31801795959473,18;19;20;21;29;39;46;47;48;49;50;51;52;53;61;68;69;70;71;72;73;74;75;76;83;84;85;86;87;88;89;90;91;92;93;94;95;96;97;104;105;106;107;108;109;110;111;112;113;120;121;122;123;124;125;126;127;128;135;136;137;138;139;140;141;142;143;144;145;152;153;154;155;156;157;165;166;167;168;175;176;177;185;192;193;194;195;196;197;198;199;200;201;202;203;204;205;206;207;208;209;210;211;212;213;214;215;222;223;224;225;226;227;228;229;230;231;232;233;234;235;236;237;238;239;246;247;248;249;250;251;252;253;254;261;262;263;264;265;266;267;268;269;270;271;272;273;274;281;296;314;321;322;323;324;325;326;327;328;329;336;337;338;339;340;341;342;343;352;360;361;362;363;364;365;366;367;374;375;376;377;378;379;380;381;382;395;396;404;413;414;415;416;417;429;450;457;458;459;460;461;462;463;464;465;476;477;478;479;488;495;496;497;498;499;500
F72022,10,3,3,2053.027801443677,2000.0,53.02780144367716,28,197,197,134,32.5235390663147,9;19;20;21;22;23;24;52;60;61;62;63;64;65;66;67;68;78;79;80;81;82;90;97;98;99;100;101;102;103;104;105;112;113;114;115;116;117;118;126;137;138;139;140;141;148;149;150;151;152;153;154;155;156;157;158;159;160;161;172;173;174;175;176;177;178;185;186;187;188;189;190;191;192;193;200;201;202;203;204;205;206;207;208;209;210;217;218;219;220;221;222;223;224;225;232;233;234;235;236;237;238;239;240;252;253;254;255;262;263;264;265;266;267;268;269;270;277;278;279;280;281;282;283;284;285;292;293;294;295;296;297;298;299;300;319;326;327;328;329;330;331;332;333;334;335;336;343;344;345;346;347;348;349;350;351;352;353;360;361;362;363;364;365;366;367;368;375;376;377;378;379;393;394;395;396;403;411;424;425;426;433;434;435;436;437;438;439;440;441;442;458;459;466;467;493;500
F72022,10,4,4,2194.92572167233,2000.0,194.92572167232993,20,237,237,81,38.4502170085907,17;18;19;20;21;22;23;24;25;26;27;28;29;30;31;32;33;34;35;36;37;38;48;49;50;51;52;53;54;55;56;57;58;59;60;61;62;63;64;65;66;67;68;69;70;71;72;73;74;75;82;83;84;85;86;87;88;89;90;91;92;93;94;95;96;97;98;99;100;107;108;109;110;111;112;113;114;115;116;117;118;119;120;121;122;123;124;125;126;127;128;129;130;131;132;133;134;135;136;137;138;139;140;141;142;143;144;145;146;147;148;149;150;151;152;160;161;162;163;164;165;166;167;168;176;177;178;179;180;199;200;207;208;209;210;211;212;213;214;215;216;225;226;227;228;229;236;237;238;239;240;241;242;243;244;245;246;256;257;258;259;260;261;268;269;270;271;272;273;274;275;276;283;284;285;286;287;288;289;290;291;298;299;300;301;302;303;304;305;306;313;314;315;316;317;318;319;320;321;328;329;330;331;332;333;334;335;336;343;344;345;346;347;348;349;350;351;358;359;360;361;362;363;364;365;366;380;381;401;408;420;444;458;459;477;484;496
F72022,10,5,5,2048.4823280141964,2000.0,48.482328014196355,30,235,235,173,38.22312688827515,16;27;28;29;30;31;32;39;40;41;42;43;44;45;46;54;55;70;77;78;79;80;81;82;83;84;85;92;93;94;95;96;97;98;99;100;107;108;109;110;111;112;113;114;115;116;117;118;132;133;134;141;142;143;144;145;146;147;148;149;150;157;158;159;160;161;162;163;164;165;172;173;174;175;176;177;178;179;180;181;182;183;190;191;192;193;194;195;196;197;198;199;206;207;208;209;217;224;225;226;227;228;229;230;231;232;239;240;241;242;243;244;245;246;247;254;255;256;257;258;259;260;261;262;263;270;271;272;273;274;275;276;277;278;285;286;287;288;289;290;291;292;293;300;301;302;303;304;305;306;307;308;315;316;317;318;319;320;321;322;323;330;331;332;333;334;335;336;337;338;339;346;347;348;349;350;351;352;353;354;361;362;363;364;365;366;367;368;369;376;377;378;379;387;394;395;396;397;398;399;400;401;402;409;410;411;412;413;414;415;416;417;424;425;426;434;447;448;449;456;457;458;469;470;471;472;486;487;494;495;496;497;498;499;500
F72022,10,6,6,2048.5365322073617,2000.0,48.53653220736169,27,168,168,126,28.138617753982544,43;51;52;61;62;76;77;84;85;86;87;88;89;90;91;92;99;100;101;102;103;104;105;106;107;118;119;120;121;122;123;130;131;132;133;134;135;136;137;138;139;146;147;148;149;150;151;152;153;154;155;162;163;164;165;166;167;168;169;170;177;178;179;180;181;182;183;184;185;198;199;200;201;209;216;217;218;219;220;221;222;223;224;231;232;233;234;235;236;237;238;239;246;247;248;249;250;251;252;253;254;255;278;292;300;307;308;309;310;311;312;313;314;315;322;323;324;325;336;337;344;345;346;347;348;349;350;351;352;359;371;378;379;380;381;382;383;384;385;386;404;416;417;418;419;426;427;428;429;430;431;439;452;453;454;455;483;484;491;492;493;494;495;496;497;498;499;500
F72022,10,7,7,2041.4298858219054,2000.0,41.42988582190537,28,196,196,168,32.383055210113525,31;38;39;40;41;42;43;44;45;46;47;48;55;56;57;58;59;60;68;69;70;71;78;79;80;81;82;83;84;85;86;87;88;95;96;97;98;99;100;101;102;103;110;111;112;113;114;115;116;117;118;125;126;127;128;129;130;131;132;133;148;155;156;157;158;159;160;161;162;163;174;175;176;177;178;185;186;187;188;189;190;191;192;193;200;201;202;203;204;205;206;207;208;215;216;217;218;219;220;221;222;223;230;231;232;233;234;235;236;237;238;245;246;247;248;249;250;251;252;253;260;261;262;263;264;265;266;267;268;275;276;277;278;279;280;288;295;296;297;298;299;300;301;302;303;310;311;312;313;314;315;316;317;318;325;326;327;328;329;330;331;332;333;340;341;342;343;344;345;346;347;348;355;356;357;358;366;383;412;419;420;421;422;423;424;425;426;427;459;478;489;490;491;492;493;500
F72022,10,8,8,2102.7835947793433,2000.0,102.78359477934328,28,194,194,115,32.077106952667236,25;35;36;37;45;46;55;56;57;58;74;83;84;85;86;87;88;89;90;99;100;101;102;103;104;105;114;115;116;117;118;119;120;127;128;129;130;131;132;133;134;135;142;143;144;145;146;147;148;149;150;151;158;159;160;161;162;163;164;165;166;173;174;175;176;177;178;179;180;181;182;189;190;191;192;193;194;195;196;197;198;199;200;201;202;203;210;211;212;213;214;215;216;217;218;219;220;227;228;229;230;231;232;233;234;235;250;257;265;266;273;274;275;276;277;278;279;280;281;288;289;290;291;292;293;294;295;296;303;304;305;306;307;308;309;310;311;320;321;322;323;324;325;326;342;353;354;355;363;370;371;372;373;374;375;376;377;378;385;386;387;388;389;390;391;392;393;404;405;406;407;417;432;441;442;443;444;445;446;447;448;455;456;457;474;475;487;488;489;490;497;498;499;500
F72022,10,9,9,2119.6263977667245,2000.0,119.6263977667245,25,181,181,106,30.188217878341675,29;36;37;38;48;49;56;57;58;59;60;61;62;63;64;78;79;80;81;82;89;90;91;99;100;101;110;111;112;113;114;115;116;123;124;125;126;127;128;129;130;131;138;139;140;141;142;143;144;145;146;147;148;166;167;168;169;176;177;178;179;180;181;182;183;184;191;192;193;194;195;196;197;198;199;206;207;208;209;210;211;212;213;214;215;216;217;218;219;220;227;228;229;230;231;232;233;234;235;242;243;244;245;246;247;248;249;250;257;258;259;260;261;262;263;264;265;272;273;274;275;276;277;278;279;280;287;288;289;290;291;299;306;307;308;309;310;311;312;313;314;321;329;336;337;338;339;340;355;356;357;364;365;366;367;368;369;370;371;372;379;380;381;382;383;384;385;386;387;398;399;400;401;402;403;404;416;433;440;448;500
F72022,10,10,10,2093.667450118761,2000.0,93.66745011876083,20,200,200,93,32.93142008781433,18;19;20;21;22;23;24;25;26;27;28;29;30;31;32;33;34;35;54;55;56;57;58;59;60;61;69;70;71;72;73;74;75;76;77;78;79;80;81;82;83;84;85;86;87;107;108;115;116;117;118;119;120;121;122;123;124;125;126;127;128;129;130;131;138;139;140;141;142;143;144;145;146;147;148;149;150;151;152;159;160;161;162;163;164;165;166;167;168;169;170;171;172;173;174;175;176;185;186;187;188;189;190;191;198;199;200;201;202;203;204;216;225;226;227;228;229;230;231;238;239;240;241;242;243;244;245;246;253;254;255;256;257;258;259;260;261;268;269;270;271;272;273;274;275;283;290;291;292;293;294;295;296;297;298;305;306;307;308;309;310;311;312;313;320;321;322;323;324;325;333;340;341;342;343;344;354;361;362;363;364;365;366;367;368;369;376;377;378;386;398;399;400;401;409;410;411;412;451;496
F72022,10,11,11,2145.523741833611,2000.0,145.52374183361098,14,253,253,79,40.876847982406616,11;12;35;36;37;38;39;40;41;42;43;58;59;60;61;62;63;64;65;66;67;68;69;70;71;72;73;74;75;76;77;78;79;80;81;82;83;117;118;119;120;121;122;123;124;125;126;127;128;129;130;131;132;133;134;135;136;137;138;139;140;141;142;143;144;145;146;147;148;149;150;151;152;153;154;155;156;157;158;159;160;161;162;163;164;165;166;167;168;169;170;171;179;180;181;182;183;184;185;186;187;188;189;197;198;199;200;201;202;203;204;205;206;207;208;209;210;211;212;213;214;215;216;217;225;226;227;228;229;230;231;238;239;240;241;242;243;244;245;246;247;248;249;250;251;252;253;254;255;256;257;272;273;274;275;276;283;284;285;286;287;288;289;290;291;292;293;300;301;302;303;304;305;306;307;308;315;316;317;333;340;341;342;343;344;345;346;347;348;355;356;357;358;359;360;361;362;363;370;371;379;386;387;388;389;390;391;392;393;394;401;402;403;404;405;406;407;408;416;423;424;425;426;427;428;429;430;431;438;439;440;441;442;443;444;456;463;464;465;466;467;468;469;470;471;472;487;495;496;497;498;499;500
F72022,10,12,12,2056.2113770093215,2000.0,56.211377009321495,19,197,197,62,32.48203802108765,11;12;13;14;15;16;17;18;19;20;21;22;23;24;25;26;27;28;29;30;31;32;33;34;35;36;37;38;39;40;41;42;43;44;45;52;53;54;55;56;57;58;59;67;68;69;70;71;72;73;74;75;76;77;78;79;80;97;98;99;100;101;102;103;110;129;130;131;132;133;134;135;136;137;138;139;140;141;142;143;144;145;146;147;148;149;150;151;158;159;160;161;162;163;164;165;166;167;168;169;170;171;172;173;174;175;176;177;178;179;180;181;182;183;184;185;186;187;188;203;204;205;206;207;208;209;210;211;212;213;214;215;223;224;225;226;227;228;229;230;231;238;239;240;241;242;243;244;245;246;253;254;255;256;257;258;259;260;272;283;284;285;286;287;294;295;296;297;298;299;300;308;320;321;322;323;340;341;360;367;368;376;399;408;416;437;453;479;486;487;488;489;490;491;492;493;494
F72022,10,13,13,2039.2639155975687,2000.0,39.26391559756871,17,227,227,44,37.00077199935913,11;12;13;14;15;16;34;35;36;37;44;45;46;47;48;49;50;51;52;53;54;55;62;63;64;65;66;67;68;69;70;77;78;79;80;81;82;83;84;85;86;87;88;89;90;91;92;109;110;111;112;113;114;115;116;117;118;119;120;127;128;129;130;131;132;133;134;135;136;137;138;139;140;141;142;143;144;145;146;147;148;149;150;157;158;159;160;161;162;163;164;165;166;167;168;169;170;171;172;173;174;175;176;177;178;179;180;181;182;183;184;192;193;194;195;196;197;198;199;200;201;202;203;204;205;206;207;208;209;210;218;219;220;221;222;223;224;225;226;227;228;229;230;231;232;233;234;235;236;237;245;246;247;248;249;250;251;252;253;254;255;256;257;258;259;260;261;262;263;264;265;266;267;268;269;270;271;272;273;274;275;276;277;278;279;280;281;288;289;290;291;299;316;331;332;341;374;381;382;383;384;385;386;387;388;389;396;397;398;399;400;401;402;403;404;411;412;413;414;415;431;456;479;491;492;493;494
F72022,10,14,14,2087.70714649247,2000.0,87.7071464924702,24,163,163,127,27.423722982406616,39;46;47;48;49;50;51;52;53;54;55;56;63;64;65;66;67;75;83;84;85;86;87;88;89;90;97;98;99;100;101;102;103;104;105;112;113;114;115;116;117;118;119;127;128;141;142;143;144;151;152;153;154;155;156;157;158;159;166;167;168;169;170;171;172;173;174;181;182;183;184;185;186;187;188;189;196;197;198;199;200;201;202;203;204;224;231;232;233;234;235;236;237;238;239;246;247;248;249;250;251;252;253;254;261;262;271;272;279;280;281;282;283;284;285;286;287;294;295;296;297;298;299;300;301;302;312;313;314;315;316;317;330;331;332;339;340;341;342;343;344;345;346;347;348;357;358;392;399;400;401;402;403;416;483;491;492;493;494;495;496;497;498
F72022,10,15,15,2112.15844539057,2000.0,112.1584453905698,28,205,205,177,33.730520725250244,25;36;37;38;39;40;49;56;57;58;59;60;61;62;63;64;76;77;85;86;104;105;112;113;114;115;116;117;118;119;120;127;128;129;130;131;132;133;134;135;142;143;151;163;164;165;166;173;174;175;176;177;178;179;180;181;188;189;190;191;192;193;194;195;196;203;204;205;206;207;208;209;210;211;218;219;220;221;222;223;224;225;226;233;234;235;236;237;238;239;240;241;248;249;250;251;252;253;254;255;256;257;264;265;266;267;268;269;270;271;272;279;280;281;282;283;284;285;286;287;294;295;296;297;298;299;300;301;302;309;310;311;312;313;314;315;316;317;324;325;326;327;328;329;330;331;332;339;340;341;342;343;344;345;346;347;348;349;350;357;358;359;360;361;362;363;364;372;379;380;381;382;383;384;385;386;387;394;395;403;413;414;415;416;417;418;425;426;427;428;434;441;442;443;444;445;446;447;448;473;480;481;482;483;495
F72022,10,16,16,2084.8502484725377,2000.0,84.85024847253771,28,214,214,146,35.01932716369629,11;37;44;45;46;47;48;49;50;51;52;59;60;61;62;63;64;65;66;74;81;82;83;84;85;86;87;88;96;109;110;111;112;113;114;115;122;123;124;125;126;127;128;129;130;137;138;139;140;141;142;143;144;145;152;153;154;155;156;157;158;159;160;167;168;169;170;171;172;173;174;175;176;183;184;185;186;187;188;189;190;191;199;206;207;208;209;210;211;212;213;214;215;216;217;218;219;220;221;222;223;224;231;232;233;234;235;236;237;238;239;246;247;255;262;263;264;265;266;267;268;269;270;277;278;279;280;281;282;283;284;285;286;293;294;295;296;297;298;299;300;301;308;309;310;311;312;313;314;315;316;323;324;325;326;327;328;329;330;331;345;346;353;354;355;356;357;373;374;394;402;403;404;405;406;407;408;409;417;418;427;434;435;436;437;438;439;440;441;442;449;450;451;452;453;454;455;456;457;472;479;480;481;482;483;484;487;494;495;496;497;498;499;500
F72022,10,17,17,2060.0701232887855,2000.0,60.07012328878545,29,209,209,153,34.283368825912476,27;34;35;36;37;38;39;40;41;42;56;57;58;65;66;67;68;69;70;71;72;73;80;81;82;83;84;85;86;87;88;99;100;101;102;103;110;111;112;113;114;115;116;117;118;125;133;140;141;142;143;144;145;146;147;148;155;156;164;171;172;173;174;175;176;177;178;179;186;187;188;189;190;191;192;193;194;201;202;203;204;205;206;207;208;209;210;217;218;219;220;221;222;230;231;242;243;244;245;246;253;254;255;256;257;258;259;260;261;268;269;270;271;272;273;274;275;276;283;284;285;286;287;288;289;290;291;298;299;300;301;302;303;304;305;306;319;320;321;328;329;330;331;332;333;334;335;336;343;344;345;346;347;348;356;363;364;365;366;367;368;369;370;371;372;379;380;381;382;383;384;385;386;396;427;434;435;436;437;438;439;440;441;442;443;459;466;467;468;469;470;471;472;473;474;481;482;483;484;485;486;487;488;489;490;497;498;499;500
F72022,10,18,18,2096.0837940025076,2000.0,96.0837940025076,29,210,210,149,34.51738405227661,14;30;37;38;39;40;41;42;43;44;45;46;47;54;55;56;57;58;59;60;61;62;63;70;71;72;73;74;75;76;77;78;85;93;100;101;102;103;104;105;106;107;108;115;116;117;118;119;120;121;122;123;130;131;132;133;134;135;136;137;138;145;146;147;148;149;150;151;152;153;154;161;162;163;164;165;166;167;168;169;170;177;178;179;180;181;182;183;184;185;192;193;194;195;196;197;198;199;200;207;208;209;210;211;212;213;214;215;222;223;224;225;226;227;228;229;230;237;238;239;240;241;242;243;244;245;252;253;254;255;256;257;258;259;260;261;262;269;270;271;272;273;274;275;276;277;284;285;286;287;288;289;290;291;292;300;301;302;303;304;305;306;307;314;315;316;317;325;332;333;334;335;336;337;338;339;340;358;365;366;367;380;387;388;389;390;391;392;393;394;395;402;403;404;405;421;422;429;465;466;467;483;491;492;493;494;495;496;497;498
F72022,10,19,19,2041.7228854839766,2000.0,41.7228854839766,27,225,225,120,36.737658977508545,23;30;31;32;40;41;42;43;44;45;46;47;48;55;56;57;58;59;60;61;62;63;64;65;66;83;90;91;92;93;94;95;96;97;98;99;100;101;108;109;110;111;112;113;114;115;116;123;124;125;126;127;128;129;130;131;132;139;140;141;142;143;144;145;146;147;155;156;157;164;165;166;167;168;169;170;171;172;186;187;194;195;196;197;198;199;200;201;202;203;204;205;212;213;214;215;216;217;218;219;220;227;228;229;230;231;232;233;234;235;236;237;244;245;246;247;248;249;250;251;252;259;260;261;262;263;264;265;266;267;274;275;276;277;278;279;280;281;282;289;290;291;292;293;294;295;296;297;298;299;306;307;308;309;310;311;312;313;314;322;323;324;325;326;327;328;329;338;339;340;348;355;356;357;358;359;360;361;362;363;364;372;373;374;375;376;377;378;379;391;398;399;400;401;415;422;423;424;425;426;427;428;429;430;437;438;439;447;454;455;456;457;458;459;477;484;485;486;487;488;489;490;491;497;498
F72022,10,20,20,2063.2727084636435,2000.0,63.27270846364354,25,221,221,116,36.11384606361389,15;22;23;24;25;26;39;40;47;48;49;50;51;52;53;54;55;62;63;64;65;66;67;68;69;70;71;78;79;80;81;82;83;84;85;86;93;94;95;96;97;98;99;100;101;108;109;110;111;112;113;114;115;116;123;124;125;126;127;128;129;130;131;132;133;140;141;142;143;144;145;146;147;148;149;156;157;158;159;160;161;162;163;164;171;172;173;174;175;176;177;178;179;186;187;188;189;190;191;192;193;194;195;202;203;204;205;206;207;208;209;210;217;218;219;220;221;222;230;231;232;233;234;235;236;237;238;239;240;241;256;257;264;265;266;267;268;269;270;271;272;273;274;275;276;277;278;279;286;287;288;289;290;317;318;319;320;328;329;336;337;338;339;340;341;342;351;358;359;360;361;362;363;364;365;366;377;378;379;380;381;382;383;384;385;392;393;394;395;396;397;405;406;407;408;415;416;417;418;419;420;421;422;432;450;467;468;475;476;477;478;479;480;481;482;489;490;497;498;499;500
F72022,10,21,21,2084.293632498065,2000.0,84.29363249806511,18,194,194,79,32.05221486091614,33;34;35;36;37;38;39;40;41;42;43;44;45;46;54;55;56;63;73;74;75;76;77;78;79;80;81;82;83;84;85;97;98;106;107;108;109;110;111;112;113;120;121;122;123;124;125;126;127;128;129;130;131;132;133;134;135;136;137;138;139;140;147;148;149;150;151;152;153;161;162;163;164;165;166;167;168;169;176;177;178;179;180;181;182;183;184;185;186;187;188;189;190;191;192;193;194;195;196;197;198;199;200;201;202;203;204;205;206;207;208;209;210;211;212;213;220;221;222;223;224;252;259;260;261;262;263;271;278;279;280;281;282;283;284;285;286;293;294;295;296;297;298;299;300;301;308;309;310;311;312;313;314;315;316;323;324;325;326;327;328;329;330;331;338;339;340;341;342;343;344;345;346;371;378;379;380;381;382;383;384;385;386;387;399;400;401;413;420;421;461;492;499;500
F72022,10,22,22,2104.961482615682,2000.0,104.96148261568214,26,213,213,81,34.905616998672485,24;32;33;43;44;45;59;60;61;62;69;70;71;72;73;74;75;76;77;78;79;80;81;82;83;90;91;92;93;94;95;96;97;98;105;106;107;108;109;110;111;112;113;114;115;122;123;124;125;126;127;128;129;130;131;132;133;145;146;147;148;161;162;163;164;171;172;173;174;175;176;177;178;179;180;181;182;189;190;191;192;193;194;195;196;197;198;199;200;201;202;209;210;211;212;213;214;215;216;217;224;225;226;227;228;229;230;231;232;233;240;241;242;243;244;245;246;247;248;249;256;257;258;259;260;261;262;263;264;265;272;273;274;275;276;277;278;279;280;281;282;290;291;292;293;294;295;296;297;307;308;309;310;311;312;319;320;321;322;323;324;325;326;327;328;335;336;337;338;339;340;341;342;343;344;351;352;353;354;355;356;357;372;373;374;375;376;377;378;389;401;402;403;414;421;422;423;424;425;426;427;428;429;454;461;462;463;464;465;466;467;475;500
F72022,10,23,23,2045.6341268191065,2000.0,45.63412681910654,18,258,258,88,41.570505142211914,26;27;28;29;30;31;32;33;34;35;36;37;38;39;40;41;42;43;51;52;53;54;62;63;64;65;66;67;68;69;70;71;72;73;74;75;76;77;78;79;80;87;88;89;90;91;92;93;94;95;96;97;98;99;100;101;102;103;104;105;106;107;108;109;110;111;112;113;114;115;123;124;125;126;127;128;129;130;131;132;133;134;135;136;137;156;157;158;159;160;161;162;163;164;165;166;167;168;169;170;178;179;180;181;188;189;190;191;192;193;194;195;196;197;198;199;200;201;202;203;204;205;206;207;208;209;210;211;212;213;214;215;216;217;218;219;220;221;222;223;224;225;226;227;228;229;230;237;238;239;240;241;242;243;244;245;252;253;254;255;256;257;258;259;260;267;268;269;270;271;272;273;274;275;276;277;278;289;290;298;305;306;307;308;309;310;311;312;313;320;321;322;323;324;325;326;327;328;329;336;337;338;339;340;341;342;343;344;351;352;353;354;355;356;357;358;359;360;361;362;369;370;371;372;373;374;375;376;377;378;385;386;387;388;389;390;391;392;393;412;457;472;479;480;481;482;483;484;485;486;487;494;495;496;497;498;499;500
F72022,10,24,24,2041.3177042778182,2000.0,41.317704277818166,23,264,264,88,42.55501198768616,12;13;14;15;16;17;18;19;20;21;22;23;34;35;43;44;45;46;47;48;49;50;51;52;53;60;61;62;63;64;65;66;67;68;69;70;71;72;73;74;75;76;77;78;79;86;87;88;89;90;91;92;93;94;95;96;97;98;99;100;101;102;103;104;105;112;113;114;115;116;117;118;119;120;121;122;129;130;131;132;133;134;135;136;137;144;145;146;147;148;149;150;151;152;153;154;155;156;157;158;159;160;161;162;163;164;174;175;176;177;178;179;189;190;191;192;193;194;195;196;197;198;199;200;201;202;203;204;205;206;217;218;219;220;221;222;223;224;225;226;227;228;229;230;231;232;233;234;235;236;237;238;239;240;241;242;243;244;245;246;247;248;249;250;258;259;260;261;262;263;264;265;266;267;268;269;270;271;272;273;274;275;276;283;284;285;286;287;288;289;290;291;292;299;300;301;302;303;304;305;306;307;308;318;333;340;341;342;343;344;345;346;347;348;355;356;357;358;359;360;361;362;363;370;371;372;373;374;375;376;377;378;397;404;405;406;407;408;409;410;411;412;428;435;436;437;448;469;476;477;478;479;480;481;482;483;484;493;494;495;496;497;498;499
F72022,10,25,25,2061.9932914326005,2000.0,61.99329143260047,20,145,145,87,24.700263738632202,25;36;37;38;39;40;41;49;50;51;52;53;54;55;56;57;58;59;67;68;69;70;71;72;80;81;82;90;91;92;93;94;95;114;121;122;123;124;125;126;127;128;129;130;131;132;133;142;153;160;161;162;163;164;165;166;167;175;192;207;214;215;216;217;218;219;220;228;235;236;237;238;239;240;241;242;243;250;251;252;253;254;255;256;257;258;265;266;267;268;269;270;271;284;291;292;293;294;295;296;297;298;299;315;328;329;330;337;338;339;340;341;342;343;344;345;352;353;354;355;356;357;358;359;360;388;395;396;397;398;399;423;453;469;476;484;491;492;493;494;495;496;497;498;499
F72022,10,26,26,2045.2078090578334,2000.0,45.2078090578334,27,239,239,147,38.80229663848877,22;29;30;31;32;33;34;35;43;50;51;52;53;54;55;56;57;58;65;66;67;68;69;70;71;72;73;80;81;82;83;84;85;86;87;88;95;96;97;98;99;100;101;102;103;111;112;113;114;115;116;117;118;125;126;127;128;129;130;131;132;133;140;141;142;143;144;145;146;147;148;155;156;157;158;159;160;161;162;163;164;165;166;167;174;175;176;177;185;192;193;194;195;196;197;198;199;200;207;208;209;210;211;212;213;214;215;216;217;218;225;226;227;228;229;230;231;232;233;234;235;236;237;238;239;240;247;248;249;250;251;252;253;254;255;256;257;258;265;266;267;268;269;270;271;272;273;274;275;276;277;278;289;290;291;292;293;294;301;302;303;304;305;306;307;308;309;316;317;318;319;320;321;322;323;324;325;332;333;334;335;336;337;338;339;340;341;348;349;350;351;380;381;388;389;390;391;392;393;394;395;396;403;404;405;406;407;408;409;410;411;418;419;420;421;422;423;424;425;426;427;428;435;436;437;438;453;471;484;485;486;487;488;495;496;497;498;499;500
F72022,10,27,27,2102.612383207437,2000.0,102.61238320743678,28,174,174,118,29.10166025161743,21;31;32;33;34;35;36;37;44;45;46;47;48;49;50;51;52;53;54;55;56;57;58;65;66;67;68;69;70;71;72;73;80;81;82;83;84;85;86;87;88;89;90;91;92;93;94;101;102;103;104;105;106;107;108;109;116;117;118;119;120;121;122;123;124;138;139;140;141;142;149;150;151;163;164;165;166;189;202;203;213;214;221;229;236;237;238;239;240;241;242;243;244;251;252;253;254;255;256;257;258;259;275;291;292;293;300;301;302;303;304;305;306;307;308;309;323;324;331;332;333;334;335;336;337;338;339;346;347;348;349;350;351;352;353;354;364;365;366;367;368;369;380;381;382;383;384;397;398;399;417;424;425;426;427;428;429;430;431;432;459;466;467;468;485;492;493;494;495;496;497;498;499;500
F72022,10,28,28,2133.480144889761,2000.0,133.48014488976105,23,132,132,128,22.77779984474182,22;29;30;31;32;33;34;35;36;37;44;45;46;47;48;49;50;51;52;59;60;61;62;63;64;65;66;67;81;82;89;90;91;92;93;94;95;96;97;104;105;113;120;121;122;123;124;125;126;127;135;143;144;145;160;167;168;169;170;171;172;173;174;175;182;183;184;185;186;187;195;202;203;204;205;206;207;208;216;229;230;231;238;239;240;241;242;243;244;245;246;253;254;255;256;257;258;259;260;261;268;269;270;271;272;273;274;275;287;294;295;296;297;298;299;300;301;302;332;339;340;341;342;343;344;345;346;347;364;382;433;497
F72022,10,29,29,2073.2570254845205,2000.0,73.25702548452045,26,162,162,133,27.400963068008423,25;26;27;28;29;30;37;38;39;40;41;42;43;44;45;52;53;54;55;56;57;71;72;95;102;103;104;105;106;107;108;109;110;124;125;139;140;141;148;149;150;151;152;153;154;155;156;157;164;165;166;181;182;189;190;191;192;193;194;195;196;197;204;205;206;207;208;209;210;211;212;219;220;221;222;223;224;225;226;227;234;235;236;237;238;239;240;241;242;249;250;251;252;253;254;255;256;257;264;265;266;267;268;269;270;271;272;279;280;281;300;316;323;324;325;326;327;328;329;330;331;338;339;349;356;357;358;359;360;361;362;363;364;371;372;373;374;375;376;377;378;379;386;387;388;389;390;391;392;393;394;414;425;426;427;428;440;469;476;492;499;500
F72022,10,30,30,2073.8520819055707,2000.0,73.85208190557069,29,241,241,151,39.28676509857178,16;23;24;25;26;27;28;29;30;31;32;39;40;41;42;43;44;45;46;47;48;55;56;57;58;59;60;61;69;76;77;78;79;80;81;82;83;84;91;92;93;94;95;96;97;98;99;106;107;108;109;110;111;112;113;114;121;122;123;124;125;126;127;128;129;130;131;138;139;140;141;142;143;144;145;146;153;154;155;156;157;158;159;160;161;168;169;170;171;172;173;174;175;176;183;184;185;186;187;188;189;190;191;198;199;200;201;202;203;204;205;206;207;214;215;216;217;218;219;220;221;222;223;230;231;232;233;234;235;236;237;238;245;246;247;248;249;250;251;259;269;270;271;272;273;274;275;282;283;284;285;286;287;288;289;290;297;298;299;300;301;302;303;304;305;306;307;315;316;317;318;319;320;321;322;329;330;331;332;333;334;335;336;337;338;345;346;347;348;349;350;351;352;353;354;374;375;382;383;384;385;386;387;396;403;404;405;406;407;408;409;410;411;418;419;432;439;440;441;442;443;459;466;467;468;469;470;478;479;486;487;488;489;490;491;492;493;494;495;496;497
F82022,10,1,1,2236.930981092772,2200.0,36.93098109277207,19,264,264,37,57.18988490104675,12;13;14;15;16;17;18;19;20;21;22;23;30;31;32;33;34;35;36;37;38;39;40;55;56;63;64;65;66;67;68;69;70;71;72;73;74;75;76;77;78;79;91;92;99;100;101;102;103;104;105;106;107;108;109;110;111;118;119;127;128;137;138;139;140;141;142;151;152;153;160;161;162;163;164;165;166;167;168;169;170;171;172;173;174;186;187;200;201;202;203;204;205;206;207;208;209;216;217;218;219;220;221;222;223;224;225;226;227;228;235;236;237;245;246;253;254;255;256;257;258;259;260;261;262;263;270;271;272;273;274;275;276;277;278;285;286;287;288;289;290;291;292;293;294;295;296;297;298;299;300;301;308;309;310;311;312;320;321;328;329;330;331;332;333;334;335;336;337;338;339;340;341;342;343;344;345;346;347;348;349;350;351;352;353;354;355;356;357;358;359;360;361;362;363;364;365;366;367;368;369;370;371;372;373;374;375;376;377;378;379;380;381;382;383;384;385;386;387;388;389;390;397;405;406;407;408;409;410;411;412;413;420;421;422;423;424;425;426;427;428;429;430;431;440;447;448;449;450;451;452;453;454;455;456;464;465;472;473;474;485;493;494;495
F82022,10,2,2,2398.8574351339375,2200.0,198.85743513393754,14,103,103,24,24.775681018829346,21;34;35;36;37;38;58;59;60;68;69;70;71;78;79;80;81;82;83;84;85;86;97;98;99;100;108;109;110;111;118;119;120;121;122;123;124;125;126;136;137;138;146;147;148;149;157;158;159;160;161;162;163;164;165;173;174;175;176;177;178;186;187;188;189;190;197;198;236;237;238;239;240;241;242;243;251;258;259;260;281;282;283;284;298;299;314;315;316;323;324;325;326;327;328;329;330;331;332;399;400;401;402
F82022,10,3,3,2279.161293815164,2200.0,79.16129381516384,15,198,198,30,43.941208839416504,30;31;32;33;34;35;43;44;45;46;47;48;49;50;51;52;53;54;55;56;57;58;59;67;68;69;70;71;72;73;74;81;82;83;84;85;86;87;88;89;90;97;98;99;100;101;102;103;117;118;119;120;121;133;134;135;136;137;138;139;140;141;155;156;157;158;159;174;175;176;177;178;179;180;181;188;198;199;200;201;202;203;204;205;212;213;214;215;216;217;218;219;220;221;222;223;224;225;226;233;234;235;236;237;238;239;240;241;248;249;250;251;252;253;254;255;256;257;258;266;267;268;269;270;277;278;279;280;281;282;283;284;301;302;303;304;305;306;314;315;316;317;326;327;328;329;330;338;356;357;358;359;360;361;362;370;371;372;373;374;386;387;388;389;397;404;405;406;407;408;409;442;443;444;445;446;447;448;449;450;458;459;466;467;468;469;470;471;472;473;493;494;495;496;497;498;499;500
F82022,10,4,4,3396.1968351663713,2200.0,1196.1968351663713,17,160,160,31,36.207210063934326,14;15;16;17;38;39;40;41;42;50;51;52;53;54;55;56;57;58;59;60;61;68;69;77;78;79;90;91;92;93;94;95;96;107;108;120;121;122;123;124;125;126;127;128;129;130;137;138;139;140;141;142;143;144;145;146;147;148;160;161;162;163;164;165;185;186;187;188;189;190;191;192;193;194;195;196;203;204;205;206;207;208;209;210;211;222;223;224;231;232;233;234;265;266;267;268;269;270;277;278;279;280;281;282;283;291;292;293;294;295;296;309;310;311;323;324;325;326;327;340;341;342;343;344;345;346;347;348;349;379;380;390;391;392;393;405;406;407;408;409;410;411;412;413;420;421;422;423;424;425;426;450;451;452;453;463;464;465;499;500
F82022,10,5,5,2337.3650818983406,2200.0,137.36508189834058,15,202,202,23,44.696717977523804,16;17;18;19;20;21;22;33;34;35;42;53;54;55;56;57;58;59;60;61;62;63;64;65;66;67;68;83;84;85;86;87;88;89;90;91;92;93;94;95;96;97;98;99;100;101;102;103;104;105;112;113;114;115;116;117;118;119;120;121;128;129;130;131;132;133;134;135;136;143;144;145;146;147;148;149;150;151;152;153;154;155;156;157;158;159;160;161;162;163;164;165;178;179;180;181;182;183;184;195;196;197;198;199;200;201;202;203;258;259;274;275;276;277;278;279;280;281;282;283;284;285;286;287;288;289;290;291;292;293;294;295;296;297;298;299;300;301;302;303;315;316;317;318;319;320;321;322;323;324;325;326;354;355;356;368;369;370;371;372;373;399;400;401;402;403;404;405;406;407;408;416;417;418;425;426;427;428;429;430;431;432;433;434;435;436;437;438;439;440;441;442;443;444;451;452;461;462;463;485;486;487
F82022,10,6,6,3605.1756861489703,2200.0,1405.1756861489703,18,158,158,29,35.94889783859253,9;10;11;12;13;14;15;16;17;18;19;20;27;28;29;30;31;32;33;34;53;54;55;65;66;74;75;76;90;91;92;93;94;95;96;97;98;99;100;101;102;103;104;105;106;107;108;109;124;125;126;127;128;135;136;137;138;139;140;141;142;143;144;151;152;153;154;155;156;157;158;159;178;179;180;181;188;205;213;214;215;216;217;218;219;220;227;228;237;238;239;240;241;242;253;254;255;256;257;258;259;260;261;284;285;286;294;295;296;297;298;314;315;331;339;340;341;342;350;351;352;353;354;355;356;357;358;359;360;361;362;363;364;365;380;393;394;395;406;407;408;409;410;411;412;413;420;421;422;423;444;445;446;477;478;479;480;481
F82022,10,7,7,2635.981134063678,2200.0,435.9811340636779,13,159,159,20,37.22187280654907,10;11;12;13;14;15;16;17;31;32;33;34;35;36;37;38;39;40;41;42;62;63;76;77;78;79;80;81;82;83;84;85;94;95;96;97;98;99;100;111;112;113;114;115;116;117;118;119;127;128;129;130;131;132;133;134;135;142;143;144;145;146;147;148;149;150;151;152;153;154;155;156;157;158;159;172;173;181;182;183;184;185;186;187;188;189;190;191;192;193;194;195;196;218;219;226;246;247;248;249;250;251;258;259;260;261;262;263;264;265;266;274;275;276;277;278;279;291;292;301;302;303;304;320;321;322;323;324;325;326;327;328;329;330;331;363;364;365;366;391;392;393;394;395;396;438;439;440;441;449;456;457;458;459;460;491;492;493;494
F82022,10,8,8,3102.877219168137,2200.0,902.8772191681369,18,211,211,34,46.289870738983154,10;11;12;13;14;15;16;17;18;19;20;21;22;23;24;33;34;35;36;37;38;39;40;41;48;49;50;51;52;53;54;55;56;57;58;59;60;61;68;69;70;71;72;73;74;75;76;77;78;86;93;94;95;103;104;105;106;107;114;115;116;117;118;119;120;121;122;130;131;132;133;140;141;142;143;144;145;146;147;148;149;150;151;158;159;160;161;162;163;164;165;166;175;176;177;178;179;180;181;182;183;184;185;186;187;188;189;190;197;198;199;200;201;202;203;204;205;206;207;208;209;216;217;218;219;220;221;222;223;224;225;226;227;228;229;230;231;232;233;241;242;243;244;245;246;247;248;256;257;265;266;267;281;282;283;284;285;286;287;288;297;298;299;300;301;302;303;304;305;306;307;308;309;310;329;347;348;349;350;351;352;370;387;388;389;390;399;400;401;402;403;410;411;412;413;414;415;416;417;418;419;420;421;428;429;445;446;447;448;449;497
F82022,10,9,9,2402.2493726156335,2200.0,202.24937261563355,14,137,137,29,31.341341972351074,23;35;36;37;38;39;40;41;42;43;44;45;54;55;56;57;58;59;60;61;62;63;70;71;72;73;74;75;76;77;78;79;80;87;100;101;102;103;104;105;106;107;108;109;116;117;118;119;120;121;122;123;124;125;126;127;128;129;130;131;132;133;134;135;136;137;144;145;146;147;148;149;150;151;152;167;168;169;176;177;178;179;180;181;182;190;191;192;193;194;195;196;209;210;211;212;213;214;215;216;217;218;219;220;221;222;223;224;225;233;234;235;236;259;260;261;262;278;286;287;288;289;299;300;301;350;351;362;416;436;437;438;445;446;497;498;499
F82022,10,10,10,2927.0813355600535,2200.0,727.0813355600535,15,120,120,25,28.049581050872803,13;14;31;32;33;41;42;43;51;52;71;80;81;82;83;84;85;86;93;94;95;96;97;98;99;100;101;102;103;104;105;112;113;114;115;116;117;118;119;120;121;122;123;124;125;136;137;138;139;140;141;142;143;144;153;154;155;156;157;158;159;167;168;169;170;171;172;180;181;182;183;191;198;199;200;214;222;230;242;250;251;252;253;254;255;256;257;265;272;273;274;275;276;277;278;279;280;281;282;290;291;292;293;294;295;296;297;298;299;300;301;302;319;320;321;356;450;451;452;470
F82022,10,11,11,2438.3162531133753,2200.0,238.3162531133753,13,194,194,15,42.840007066726685,9;10;11;12;13;14;24;25;26;27;28;29;30;31;32;33;34;41;42;43;44;45;46;47;48;49;50;51;52;53;54;55;56;57;58;59;60;61;62;63;64;65;66;67;68;75;76;84;85;86;93;94;95;96;112;113;114;127;128;129;130;131;132;133;134;135;136;143;144;152;153;154;155;156;157;158;173;174;175;183;184;185;186;187;188;189;190;201;202;203;204;205;206;207;208;209;210;211;212;213;214;215;216;217;218;219;220;221;222;223;224;225;226;227;228;229;230;231;232;233;234;235;236;237;238;239;240;248;249;256;257;258;259;260;261;262;263;264;274;275;276;277;278;279;280;281;282;290;291;292;293;294;295;296;297;306;307;336;337;338;339;340;341;342;343;344;351;352;353;354;355;367;383;384;385;386;387;388;389;390;391;392;393;394;412;413;421;422;423;424;425;426;427;428
F82022,10,12,12,3416.622752264027,2200.0,1216.622752264027,17,144,144,45,32.79315686225891,8;9;10;17;18;19;20;21;29;30;31;32;33;34;35;36;37;38;39;40;41;42;43;44;45;46;47;48;49;50;51;52;53;54;55;56;57;58;68;69;70;71;79;80;89;90;91;92;93;94;102;111;112;126;127;128;135;136;137;138;139;140;141;142;143;144;151;152;153;154;155;156;157;158;159;175;176;177;190;191;192;193;210;211;220;221;222;223;224;225;226;227;228;229;230;231;242;243;244;245;246;247;248;256;257;258;259;260;261;262;263;264;275;276;277;278;279;280;281;282;283;284;285;292;293;294;313;314;315;316;328;329;346;347;348;349;417;446;447;448;449;450;451;500
F82022,10,13,13,2235.1316119574103,2200.0,35.131611957410314,17,258,258,29,55.691707134246826,10;11;12;13;14;15;16;17;18;19;20;21;22;23;24;25;26;35;36;37;38;39;40;41;42;43;44;45;46;53;54;55;56;57;58;59;60;61;62;63;64;65;72;73;74;75;76;77;78;79;80;81;82;83;84;85;86;87;88;89;90;91;92;99;100;101;102;103;104;105;106;107;108;109;110;111;112;113;114;121;122;123;124;125;126;127;128;136;137;144;145;146;147;148;149;150;151;152;153;154;155;162;163;164;165;166;167;168;169;170;171;172;173;174;175;182;183;184;185;186;187;188;189;190;191;198;199;200;201;202;203;204;205;206;207;208;209;210;211;212;213;214;215;216;217;218;219;220;221;222;223;230;231;232;233;234;235;236;237;238;239;240;248;249;250;251;252;261;262;263;264;265;266;267;268;269;270;277;278;286;287;288;296;304;305;306;307;308;309;329;330;331;332;333;334;343;344;352;353;354;355;356;366;367;368;369;370;378;379;380;381;382;383;390;391;392;393;394;395;396;397;398;399;400;401;402;403;404;405;406;407;408;409;410;411;412;413;422;423;424;425;426;443;451;487;488;489;490;491;492;493;494;495;496;497;498;499;500
F82022,10,14,14,2644.5043765287023,2200.0,444.5043765287023,14,185,185,20,40.93825888633728,14;21;22;23;24;25;26;27;28;29;30;31;32;33;34;35;36;37;38;46;47;48;56;57;58;81;82;83;84;85;86;87;88;89;90;91;92;93;94;95;96;97;98;110;127;134;135;136;137;138;139;140;141;142;143;144;145;146;147;148;159;160;161;170;171;172;173;174;175;182;183;184;185;186;187;188;189;190;191;198;206;207;208;209;210;211;212;213;214;221;222;223;224;225;226;227;228;229;230;231;232;233;240;241;242;243;244;245;246;247;248;249;250;251;252;263;273;274;275;283;284;285;286;287;296;297;298;299;300;301;302;303;304;305;306;307;308;309;310;311;312;320;321;322;323;324;325;326;327;328;329;341;402;403;417;418;419;420;421;422;423;424;425;426;427;428;429;430;431;432;433;451;452;453;454;455;491;492;493;494;495;496;497;498;499
F82022,10,15,15,2273.233753933102,2200.0,73.23375393310198,20,255,255,36,55.12132406234741,27;28;35;36;37;38;39;40;41;42;43;44;45;46;47;48;49;50;51;52;53;54;55;56;68;69;70;71;72;85;86;87;94;95;96;104;105;106;107;108;109;110;111;112;113;114;115;116;123;124;132;133;134;135;136;137;138;145;146;147;148;149;150;151;152;153;154;155;156;157;158;159;160;161;162;169;170;171;172;173;174;175;176;177;178;185;186;187;188;189;190;191;192;193;194;195;196;203;204;205;206;207;208;209;210;211;212;219;220;221;222;223;224;225;226;227;228;229;241;248;249;250;251;252;253;254;262;263;264;265;266;267;268;275;276;277;278;279;280;281;282;283;284;291;292;293;294;295;296;297;298;299;300;301;302;303;304;305;306;307;308;315;316;317;318;319;320;321;322;323;330;331;332;333;334;335;336;337;338;339;340;341;342;343;344;345;346;347;348;349;350;358;359;360;361;362;363;364;377;378;379;392;393;394;395;396;397;398;399;400;401;402;403;420;421;422;423;430;431;432;433;434;435;436;437;438;439;440;441;442;443;444;445;462;463;464;465;477;478;479;480;481;482;483;490;491;492;493;494;495;496;497;498;499;500
F82022,10,16,16,2274.829593619171,2200.0,74.82959361917119,16,147,147,22,33.423645973205566,11;12;13;14;15;23;24;25;26;27;28;29;30;31;32;33;41;42;43;44;45;46;47;48;49;50;51;52;53;54;55;56;57;58;59;60;61;62;63;64;72;73;74;75;76;77;78;79;80;81;93;94;95;96;97;116;117;130;131;138;146;147;148;155;156;157;158;159;160;161;162;163;170;171;181;182;200;208;209;210;217;218;226;227;228;229;230;231;232;233;252;253;254;262;291;298;299;311;312;313;314;315;316;317;331;332;333;340;341;342;343;344;345;346;347;348;349;350;351;352;377;378;386;396;397;398;411;412;420;449;450;451;452;453;454;455;463;480;481;482;483;484;485;486;487;494;495
F82022,10,17,17,2240.871502390393,2200.0,40.871502390392834,19,239,239,33,51.89595913887024,16;17;18;19;20;21;22;23;24;25;26;27;28;40;41;57;58;59;60;68;69;70;71;72;82;83;84;85;86;87;94;95;96;97;98;99;100;101;102;103;104;111;112;113;114;115;116;117;118;119;126;127;128;129;130;131;132;133;134;135;136;137;138;139;140;141;152;153;154;155;156;157;166;167;168;169;170;171;172;173;174;175;176;177;178;179;180;181;182;183;184;185;186;187;188;202;203;204;205;206;207;208;209;210;211;212;219;220;221;222;223;224;225;226;227;228;229;230;231;232;233;234;235;236;237;238;239;240;241;242;243;244;245;246;253;254;255;256;257;258;259;260;261;262;263;264;265;285;286;287;288;296;297;298;299;300;301;302;303;304;305;313;314;321;322;330;337;338;339;340;341;342;343;344;345;346;353;354;355;356;357;358;359;360;361;362;363;364;365;366;367;368;369;376;377;378;379;380;381;382;383;384;385;386;387;394;395;396;397;409;410;411;412;419;420;421;422;423;424;425;426;427;428;429;430;443;444;445;452;453;464;465;466;480;481;482;483;493;500
F82022,10,18,18,2447.2202591683345,2200.0,247.22025916833445,16,119,119,25,27.783571004867554,16;28;29;30;31;42;43;44;45;59;60;61;62;63;73;74;75;76;77;78;79;80;81;82;83;84;85;92;93;94;95;96;97;98;99;100;101;102;103;104;105;112;113;114;115;116;124;125;126;127;138;139;140;141;142;143;144;145;146;147;148;149;150;157;158;159;160;161;169;170;177;192;193;204;205;206;207;208;215;216;225;246;247;248;249;250;251;262;263;264;265;266;267;268;269;270;299;314;315;351;352;367;368;369;370;371;372;426;427;428;441;442;454;455;456;457;487;494;495
F82022,10,19,19,2271.3844205557875,2200.0,71.38442055578753,24,244,244,63,53.01609706878662,21;22;37;38;39;40;41;42;43;44;45;46;53;54;55;56;57;58;59;60;61;62;63;70;71;72;73;74;75;76;77;78;79;80;87;88;89;90;91;92;93;94;95;96;103;104;105;106;107;108;109;110;111;124;125;126;133;134;135;136;137;138;139;140;141;142;143;144;145;146;147;148;149;150;158;159;166;167;168;169;170;171;172;173;174;175;176;177;178;179;180;181;182;183;184;185;186;193;194;195;196;197;198;199;200;201;208;209;210;211;212;213;214;215;216;217;218;225;226;227;228;229;230;231;232;233;234;242;243;251;252;259;260;261;262;263;264;265;273;274;275;276;277;284;285;286;287;288;289;290;291;292;293;294;295;296;297;298;299;300;307;308;309;310;311;312;313;314;315;316;326;327;328;329;330;331;339;340;341;349;350;351;352;353;354;355;356;363;364;365;366;367;368;369;370;371;372;373;386;387;388;395;396;397;398;399;400;401;402;403;410;411;412;413;414;415;416;417;418;419;426;427;428;429;430;431;432;433;434;443;444;445;460;461;485;492;493;494;495;496;497;498;499;500
F82022,10,20,20,2285.8779411802534,2200.0,85.8779411802534,14,265,265,27,57.121175050735474,26;27;28;29;30;31;32;33;34;35;36;37;38;39;40;47;48;49;50;51;52;53;54;55;56;57;58;59;60;61;62;63;64;65;66;67;68;76;77;78;85;86;87;88;89;90;91;92;93;94;95;96;97;98;99;100;101;102;103;104;105;106;107;108;109;110;111;112;113;114;115;122;123;124;125;126;127;128;129;130;131;132;133;134;135;136;137;138;139;140;141;142;143;144;145;146;153;154;155;156;157;158;159;160;161;162;163;164;165;166;173;174;175;176;177;178;179;180;181;182;199;200;201;209;210;211;212;213;214;215;225;226;227;228;229;230;231;232;239;240;241;242;243;244;245;246;247;248;249;250;251;252;253;254;255;256;257;258;259;260;261;268;269;270;271;272;273;274;275;276;284;285;293;294;295;296;303;304;305;306;307;308;309;310;311;312;313;314;315;316;317;318;319;320;321;322;329;337;338;339;340;341;342;343;344;345;346;347;348;349;356;357;358;359;360;361;362;363;364;365;366;367;368;375;376;384;394;395;396;397;407;421;422;423;424;432;439;440;441;442;443;444;445;446;447;448;449;460;461;462;474;475;483;484;485;486;487;488;489;490;491;492;493;494;495
F82022,10,21,21,2489.869027938089,2200.0,289.86902793808895,16,184,184,19,40.9268159866333,10;11;22;23;24;38;39;40;41;42;50;51;52;53;54;55;56;57;58;59;60;61;62;63;64;65;66;67;68;69;70;71;72;79;80;81;82;83;84;85;86;87;88;89;90;91;105;106;117;118;119;120;121;122;123;130;131;132;133;134;135;136;137;138;139;140;141;142;149;150;151;152;153;154;155;156;157;158;159;160;161;162;163;164;165;166;167;168;169;170;171;186;187;188;189;190;191;192;193;194;195;196;197;198;199;212;213;214;233;234;246;247;248;249;250;251;252;253;264;265;266;267;287;288;289;290;301;302;303;304;305;306;307;308;309;310;311;312;313;314;315;316;317;318;340;341;342;343;344;345;346;347;348;349;359;360;361;362;363;364;365;396;404;415;416;417;425;426;427;447;448;449;450;451;452;453;454;455;456;463;478;498;499;500
F82022,10,22,22,2269.900212694321,2200.0,69.900212694321,13,175,175,19,39.015673875808716,8;18;25;26;27;28;29;30;31;32;33;34;35;42;43;44;45;46;47;48;49;50;51;58;59;60;61;62;63;64;65;66;76;77;78;79;87;88;96;97;98;106;107;122;123;130;131;132;133;142;143;144;145;146;147;148;149;150;151;152;153;160;161;162;163;164;165;166;167;168;184;194;195;196;204;205;212;213;214;215;216;217;218;219;220;221;222;223;224;225;226;227;228;236;237;238;239;240;241;242;243;244;245;246;247;248;249;250;251;252;253;261;262;263;270;271;272;273;274;295;296;297;306;328;329;330;331;332;333;334;335;336;337;338;339;340;341;342;343;350;351;352;353;354;379;380;381;382;383;384;392;393;394;395;396;397;398;409;410;411;412;413;414;415;416;417;418;419;463;490;491;492;493;494;495
F82022,10,23,23,2711.1635556105807,2200.0,511.1635556105807,13,123,123,21,28.55349087715149,17;18;19;26;27;28;29;30;31;32;33;34;35;36;37;38;46;47;48;49;50;51;58;59;60;61;62;63;64;65;66;67;74;75;76;77;78;79;87;88;89;110;111;112;113;114;115;116;117;125;126;127;128;141;142;143;159;160;167;168;169;170;171;172;173;174;175;176;177;178;208;209;210;211;212;213;225;226;227;228;229;230;238;239;240;241;242;264;276;283;284;285;286;287;288;289;290;291;292;293;294;295;296;324;357;358;359;360;371;372;373;390;391;392;393;394;395;396;397;414;440;499;500
F82022,10,24,24,2279.9962758504294,2200.0,79.99627585042936,18,166,166,30,37.33007192611694,23;24;37;38;39;40;47;48;49;50;51;52;53;54;55;66;67;68;69;70;71;72;85;86;87;88;89;96;97;98;99;100;101;102;103;104;105;115;124;125;132;133;134;135;136;137;138;139;140;141;142;143;144;145;146;147;154;155;156;157;158;159;160;161;162;163;164;165;172;173;174;175;176;177;178;179;180;193;194;195;196;197;198;199;214;215;230;231;232;233;242;243;250;251;252;253;254;255;256;257;258;259;260;267;268;269;270;271;272;273;274;282;283;284;291;292;293;294;295;296;297;298;299;300;301;302;303;304;318;319;345;346;347;348;349;350;368;369;370;371;372;373;374;375;376;395;396;397;398;399;400;401;402;423;424;425;426;427;428;435;462;463;464;465;466;496
F82022,10,25,25,3089.6667776018367,2200.0,889.6667776018367,19,166,166,36,37.29162120819092,27;34;35;36;37;38;39;40;41;42;49;50;51;52;53;54;55;56;57;75;87;88;89;90;97;98;99;100;101;102;103;104;105;106;107;108;109;118;119;120;121;122;123;124;132;133;134;135;142;143;144;145;146;147;148;149;150;151;152;153;160;161;162;163;164;165;186;187;197;198;199;200;201;202;209;210;211;212;213;214;215;216;217;218;219;220;221;222;223;224;231;232;233;234;235;236;237;238;239;246;247;248;249;250;251;252;253;254;255;256;257;258;259;260;261;271;272;273;292;293;294;295;305;306;315;316;335;336;357;358;369;370;379;380;381;382;383;384;385;386;417;429;430;431;432;439;440;441;442;443;444;445;446;447;448;449;450;451;452;453;454;455;456;457;468;469
F82022,10,26,26,3510.3533459161235,2200.0,1310.3533459161235,14,100,100,20,24.032896041870117,13;43;44;45;46;47;48;49;65;66;85;86;87;88;100;101;114;115;116;117;118;119;120;121;135;136;137;147;148;149;150;151;152;169;170;181;182;183;184;185;186;193;194;195;196;197;198;199;207;208;209;210;217;218;219;237;244;245;246;247;257;258;259;266;267;268;269;270;271;280;281;282;303;304;305;306;307;308;309;330;331;332;339;340;349;403;441;487;488;489;490;491;492;493;494;495;496;497;498;499
F82022,10,27,27,2370.8206645606624,2200.0,170.8206645606624,12,103,103,16,24.52051091194153,24;25;26;27;41;42;43;44;45;46;47;48;49;64;65;66;67;68;69;70;71;72;73;91;99;100;123;124;131;132;133;134;135;136;137;145;146;147;148;149;160;161;162;163;175;176;190;191;198;199;200;201;202;203;204;205;206;214;215;216;217;218;219;220;221;242;255;256;257;258;259;260;261;262;269;270;278;279;280;291;299;300;301;312;313;322;323;324;325;326;327;328;358;436;437;438;439;440;441;442;443;444;445
F82022,10,28,28,2282.876076321969,2200.0,82.87607632196887,19,197,197,32,43.480401277542114,16;17;18;19;20;21;35;36;43;44;45;46;54;55;73;74;75;82;83;84;85;86;87;88;89;90;91;92;93;94;95;102;103;104;105;106;107;108;109;110;111;112;113;114;115;116;117;118;119;136;143;144;145;146;147;148;149;150;151;158;159;160;161;172;173;180;181;182;183;184;185;186;187;188;197;198;199;200;201;211;212;213;214;227;228;229;230;231;232;239;240;241;242;243;244;245;246;247;248;249;250;251;252;253;254;255;256;257;258;259;260;261;262;263;264;265;289;290;291;292;299;300;301;302;303;304;305;306;307;314;315;316;317;318;319;320;321;322;323;332;333;334;345;346;347;348;349;350;357;358;359;360;361;362;363;364;365;366;367;368;382;383;384;398;399;400;401;402;403;410;411;412;413;414;415;416;417;418;425;426;427;428;429;430;431;432;433;460;461;462;488;489;490;497;498;499;500
F82022,10,29,29,2854.6210819609423,2200.0,654.6210819609423,20,107,107,35,25.438667058944702,20;27;28;29;30;31;32;33;34;35;42;43;44;45;46;47;48;49;50;51;65;66;73;74;75;83;84;91;92;93;101;102;109;110;111;112;120;121;129;130;138;139;146;147;148;149;164;182;183;197;205;206;207;214;215;216;217;218;219;220;221;222;223;224;225;235;236;237;238;239;240;241;242;257;258;266;280;291;292;293;303;304;305;306;313;314;315;316;317;318;319;320;321;348;375;376;377;391;432;433;434;454;455;491;492;499;500
F82022,10,30,30,3776.5128181049727,2200.0,1576.5128181049727,15,132,132,23,30.492972135543823,26;27;28;29;30;31;32;33;34;35;42;43;72;73;74;75;76;77;78;79;92;93;108;109;110;111;119;120;121;122;123;124;125;126;127;128;129;130;131;132;133;134;135;146;147;148;149;150;151;152;153;154;155;188;189;198;199;200;201;202;203;204;211;212;213;214;215;216;217;225;226;227;228;229;230;238;251;252;253;254;255;256;257;258;259;260;261;262;263;264;265;266;282;293;294;295;296;297;298;306;307;308;309;320;321;322;323;324;325;326;334;335;336;337;338;360;361;362;375;376;384;385;402;436;437;438;492;493;494;495;496;497
F92022,10,1,1,2301.135127594985,2300.0,1.1351275949850788,20,57,57,50,4.221745014190674,67;68;102;114;115;116;117;130;131;132;143;152;171;188;189;200;201;202;203;204;217;218;219;226;227;228;229;230;231;232;233;234;241;242;243;244;245;246;247;248;249;262;263;264;288;295;303;326;352;359;360;361;369;370;456;484;499
F92022,10,2,2,2308.2619174581814,2300.0,8.261917458181415,19,110,110,104,7.039973258972168,33;52;60;61;62;63;64;111;118;119;120;121;122;123;124;125;126;133;134;135;136;137;138;139;140;141;155;156;163;164;165;166;167;168;169;170;171;178;179;180;181;182;183;184;185;196;210;211;218;219;220;228;235;236;237;238;239;240;241;242;243;250;251;252;253;254;255;256;257;258;265;266;267;268;282;289;290;291;292;293;294;303;310;311;312;313;314;315;316;317;318;325;326;327;328;336;337;344;410;471;485;486;493;494;495;496;497;498;499;500
F92022,10,3,3,2415.238068803624,2300.0,115.23806880362417,17,62,62,53,4.462383985519409,18;28;44;60;72;73;74;86;104;105;112;113;124;131;132;133;134;135;136;137;138;139;140;147;148;149;150;151;152;153;154;155;162;163;164;165;180;181;188;189;190;191;192;193;194;202;203;225;246;270;277;293;326;336;337;338;339;351;352;353;376;434
F92022,10,4,4,2304.2101646734395,2300.0,4.210164673439522,20,116,116,98,7.360505104064941,31;48;73;74;81;82;83;84;85;86;87;88;101;108;109;110;111;112;113;114;115;116;123;124;125;126;127;128;129;130;131;138;139;140;141;142;143;144;145;146;153;154;155;156;157;158;159;160;161;168;169;170;171;179;180;187;188;189;190;191;192;193;194;195;206;214;227;228;229;236;237;238;239;240;241;242;243;244;251;252;260;278;285;286;287;288;289;290;291;292;300;301;308;309;310;311;312;446;461;472;473;474;475;476;483;484;485;486;487;488;489;490;491;498;499;500
F92022,10,5,5,2746.177243930004,2300.0,446.1772439300039,20,117,117,90,7.417661905288696,25;26;27;28;35;36;37;38;67;80;81;82;89;97;104;105;106;107;108;116;117;125;126;127;128;136;137;144;145;146;147;148;149;150;151;152;153;154;161;162;163;164;165;166;167;168;169;176;177;178;179;180;181;182;183;184;195;196;197;198;199;206;214;221;222;223;224;225;226;227;228;229;230;246;255;256;257;258;259;260;261;262;269;270;271;272;273;274;275;276;277;299;307;308;309;310;311;312;313;314;321;322;323;324;337;363;478;485;486;487;488;489;490;491;492;493;494
F92022,10,6,6,2718.484009517203,2300.0,418.48400951720305,20,108,108,88,6.938143014907837,22;29;30;31;43;53;60;61;62;63;64;65;66;96;108;109;110;111;124;125;126;133;134;135;136;137;138;139;140;141;148;149;150;151;152;160;174;175;186;187;188;189;190;191;198;199;200;201;202;203;204;205;206;213;214;215;216;217;218;219;220;221;228;229;230;231;232;233;234;235;236;243;244;245;246;265;272;273;274;275;276;277;278;279;296;303;304;305;306;323;330;331;332;340;347;348;349;350;351;352;361;369;370;446;479;486;487;498
F92022,10,7,7,2301.308574297616,2300.0,1.3085742976159054,21,112,112,104,7.187227010726929,41;48;49;50;68;91;92;99;111;122;123;124;125;126;127;139;140;148;155;156;157;158;159;160;161;162;163;181;193;194;195;196;203;204;212;219;220;221;222;223;224;225;226;227;234;235;236;237;238;239;240;248;255;256;257;258;259;260;261;262;263;270;271;272;280;287;288;289;290;291;292;293;294;295;302;303;304;305;306;307;308;309;310;318;319;320;321;322;323;324;325;333;334;335;336;361;463;474;475;476;477;478;485;486;487;488;489;490;491;492;493;500
F92022,10,8,8,2302.15703385163,2300.0,2.157033851629876,20,93,93,88,6.143464088439941,20;100;107;108;109;110;111;112;113;114;115;122;123;124;125;126;127;128;129;130;137;138;139;140;141;142;143;144;145;152;153;154;155;156;157;158;159;160;174;175;176;183;184;185;186;187;188;189;190;191;198;199;200;201;202;203;204;205;206;232;239;240;241;242;243;244;245;257;264;265;273;284;292;300;301;302;303;332;360;379;386;387;421;463;484;492;493;494;495;496;497;498;499
F92022,10,9,9,2739.6658392372738,2300.0,439.66583923727376,18,88,88,79,5.858192205429077,26;33;34;35;36;37;38;39;40;41;48;49;79;86;87;88;89;90;91;92;106;113;114;115;116;117;118;119;120;121;140;177;194;201;202;203;204;205;206;214;215;222;223;224;225;226;227;228;229;230;240;241;242;243;244;245;256;257;258;259;260;273;281;292;293;313;323;324;325;326;327;328;362;462;469;470;471;472;473;475;476;477;478;490;491;492;493;500
F92022,10,10,10,2730.900810298257,2300.0,430.90081029825706,24,148,148,121,9.085539102554321,45;54;55;56;57;65;72;73;74;75;76;77;78;79;80;94;95;96;114;121;122;123;124;125;126;127;128;129;136;137;138;139;140;141;142;143;144;151;159;172;194;205;206;214;221;222;223;224;225;226;227;228;229;236;237;238;239;240;241;242;243;244;254;255;256;257;258;259;266;267;268;269;270;271;272;273;274;281;282;283;284;285;286;287;288;289;296;297;298;299;300;301;302;303;304;314;315;316;317;318;319;326;327;328;329;330;331;332;333;334;341;342;343;344;345;346;347;348;349;356;357;397;416;423;424;425;458;465;466;467;468;469;470;471;472;473;482;483;484;485;486;487;488;495;496;497;498;499
F92022,10,11,11,2694.2501971668944,2300.0,394.2501971668944,23,145,145,109,8.914691925048828,13;31;32;39;40;41;42;43;44;45;46;47;54;55;56;57;58;59;60;61;62;70;71;72;73;74;75;76;96;151;158;159;160;161;162;163;164;165;166;173;174;175;176;177;178;179;180;181;182;192;193;194;195;196;197;198;205;206;207;208;209;210;211;212;213;230;237;238;239;240;241;242;243;244;245;252;253;254;255;256;257;265;272;273;274;275;276;277;297;304;305;306;307;308;309;310;319;326;327;328;329;330;331;332;333;334;347;348;349;350;351;352;359;378;379;380;381;396;404;425;443;450;451;452;453;454;455;456;457;458;470;471;472;473;480;481;482;483;484;485;486;487;488;495;496
F92022,10,12,12,2322.629915167708,2300.0,22.629915167708077,19,74,74,67,5.099887847900391,26;38;39;40;41;50;51;52;53;54;55;56;63;77;88;104;120;128;129;130;131;132;133;134;142;149;150;151;152;153;154;155;156;157;165;213;224;225;226;227;228;235;236;237;238;239;240;241;242;243;277;290;291;292;301;302;303;304;305;306;307;321;322;385;438;474;481;482;483;484;485;486;487;495
F92022,10,13,13,2690.8937116558927,2300.0,390.89371165589273,22,100,100,84,6.5166261196136475,40;58;78;79;80;97;104;105;106;107;108;109;110;111;112;113;120;121;122;123;124;139;146;147;148;149;150;151;152;153;154;161;162;170;177;178;179;180;181;182;183;184;185;192;193;194;195;196;204;211;212;213;214;231;256;263;264;265;266;267;276;283;284;285;286;287;288;289;290;291;325;326;333;334;335;336;357;370;391;401;402;403;404;405;406;440;464;474;475;476;480;487;488;489;490;491;492;493;494;495
F92022,10,14,14,2744.291348060304,2300.0,444.2913480603038,21,114,114,84,7.2658531665802,17;18;25;26;27;28;29;30;31;32;33;45;46;47;48;56;57;58;59;60;61;62;63;81;82;89;90;91;92;93;94;95;110;117;118;119;120;121;122;123;124;125;132;133;134;135;143;150;151;152;153;154;155;156;157;158;165;179;180;187;188;189;190;191;192;193;194;195;196;203;204;205;206;207;208;209;210;211;218;219;220;221;222;223;224;225;226;233;234;235;243;251;252;253;254;255;256;257;258;270;271;272;273;297;308;309;327;334;335;459;473;474;481;489
F92022,10,15,15,2741.0321407387796,2300.0,441.0321407387796,21,109,109,96,6.98337984085083,34;48;49;59;60;61;62;63;71;72;73;80;81;82;83;84;85;93;100;101;102;103;104;105;106;114;125;126;127;128;129;136;137;138;153;169;176;177;178;179;180;181;182;183;184;185;192;193;194;195;196;197;198;199;200;207;208;209;210;211;212;213;214;215;222;241;254;255;256;263;264;265;266;267;268;282;289;290;291;292;293;294;295;296;297;310;311;312;320;341;378;385;386;387;388;454;461;462;463;471;478;479;480;481;482;483;484;485;493
F92022,10,16,16,3011.166826832977,2300.0,711.1668268329772,26,138,138,122,8.550379037857056,30;31;32;39;40;41;42;43;70;77;78;79;80;81;82;83;84;85;92;93;94;95;96;97;98;99;100;114;115;122;123;124;125;126;127;128;129;130;141;142;143;144;145;152;160;167;168;169;170;171;172;180;187;188;189;190;191;192;193;194;195;205;206;207;208;209;210;221;222;223;224;232;242;243;244;245;246;247;254;255;256;257;265;266;273;281;288;289;290;291;292;293;294;295;296;297;304;312;319;320;321;322;323;331;332;339;340;341;342;343;344;345;346;347;354;362;371;372;373;374;375;376;377;395;433;464;471;472;481;488;489;490;491;492;493;494;495;496
F92022,10,17,17,2738.771900187799,2300.0,438.771900187799,22,76,76,65,5.2180328369140625,15;51;64;65;66;79;80;81;95;96;103;104;105;106;107;108;109;110;111;118;119;120;121;136;148;149;150;151;158;159;160;161;162;163;171;178;186;200;201;223;233;234;242;253;254;255;263;275;276;277;278;285;293;314;345;378;398;429;442;443;454;474;475;482;483;484;485;486;487;488;489;490;497;498;499;500
F92022,10,18,18,2301.5754492669917,2300.0,1.5754492669916544,23,96,96,86,6.299649000167847,17;29;30;61;68;69;78;85;86;87;88;89;103;110;111;112;113;114;122;129;130;131;132;133;134;135;136;137;145;146;147;148;149;150;151;152;159;160;161;169;177;178;186;193;194;195;196;197;198;199;200;201;211;212;213;214;215;216;217;224;232;240;241;242;250;280;287;306;324;331;332;333;341;348;349;350;351;352;353;354;355;356;376;400;468;481;482;483;484;493;494;495;496;497;498;499
F92022,10,19,19,2748.909647160778,2300.0,448.90964716077815,19,82,82,72,5.5437681674957275,19;46;47;48;76;83;84;92;93;100;101;102;103;104;105;106;107;108;122;123;137;138;145;153;160;161;162;163;178;185;186;187;188;189;190;191;192;193;205;206;207;208;209;216;217;218;219;220;221;222;223;224;225;239;240;249;250;251;252;253;254;255;263;264;265;266;267;268;269;270;309;325;480;487;488;489;490;491;492;493;494;495
F92022,10,20,20,2718.539201574716,2300.0,418.5392015747161,23,151,151,103,9.245463132858276,20;27;28;29;30;31;32;33;34;35;42;43;44;45;46;47;48;49;50;57;58;59;60;61;62;63;64;65;76;77;78;79;80;87;88;89;90;91;92;93;94;95;102;116;123;124;125;126;127;128;129;130;131;138;139;140;141;142;143;144;145;146;153;154;155;156;157;158;159;160;161;162;172;173;174;175;176;177;184;185;186;187;188;189;190;191;192;199;200;201;202;203;204;205;213;224;225;226;227;228;229;236;237;238;239;240;241;242;243;244;245;255;256;271;272;286;287;308;331;338;339;340;395;402;403;404;405;406;407;408;462;469;470;471;472;473;474;475;476;477;484;485;486;487;488;489;490;491;492;493;494
F92022,10,21,21,2757.9319802440546,2300.0,457.93198024405456,18,91,91,74,6.02185583114624,44;52;53;54;55;56;57;58;59;77;84;85;86;94;104;105;106;114;125;126;127;128;129;136;137;138;139;140;141;142;143;144;160;170;171;172;173;174;175;196;203;204;205;206;207;208;209;210;211;212;213;214;221;222;223;224;225;226;227;228;229;236;237;245;252;253;254;255;256;257;258;275;276;288;289;290;291;299;300;308;319;338;486;493;494;495;496;497;498;499;500
F92022,10,22,22,2774.5524990875524,2300.0,474.5524990875524,23,121,121,85,7.643851041793823,36;61;62;63;70;71;79;86;115;122;123;124;125;126;127;128;129;130;137;138;139;140;141;142;143;144;145;152;153;154;155;156;157;158;159;160;167;175;182;183;184;185;186;187;188;189;190;197;198;199;200;201;202;203;204;205;206;213;221;228;229;230;231;232;233;234;235;236;243;244;245;246;247;248;249;250;251;264;265;266;273;274;275;276;277;278;279;280;281;288;289;290;291;292;293;294;295;296;297;304;305;306;315;322;323;331;349;350;351;373;374;375;376;383;384;432;463;477;478;485;494
F92022,10,23,23,2307.1785643377048,2300.0,7.178564337704756,20,103,103,95,6.6690309047698975,24;31;32;33;34;35;36;37;38;59;66;76;92;99;107;114;115;116;117;118;119;120;121;122;129;130;131;132;133;134;135;136;137;144;145;146;147;148;149;150;151;152;153;160;161;162;163;164;165;166;167;168;192;199;200;208;215;216;217;218;219;220;221;222;223;249;256;257;258;259;260;261;262;263;264;271;272;273;274;275;276;277;278;279;291;292;293;294;341;352;353;463;464;480;487;488;489;490;491;492;493;494;495
F92022,10,24,24,2735.3204233742704,2300.0,435.3204233742704,19,94,94,88,6.187399864196777,38;45;46;47;55;56;63;71;79;80;81;82;83;84;92;111;118;119;120;121;122;123;124;140;153;162;169;170;171;172;173;174;175;176;177;194;201;202;203;204;205;206;207;208;209;219;230;237;238;239;240;241;242;243;244;245;252;253;254;255;256;264;272;273;274;275;276;277;278;279;301;308;309;318;325;326;327;328;329;330;331;332;368;478;485;486;487;488;489;490;491;492;493;494
F92022,10,25,25,2301.0395466042423,2300.0,1.0395466042423323,21,130,130,118,8.147392988204956,52;59;60;61;62;82;83;90;91;92;93;94;95;96;97;98;99;106;118;125;126;127;128;129;130;131;132;133;140;141;142;143;144;145;146;147;148;161;162;163;170;171;172;173;174;175;176;177;178;185;186;187;188;189;190;191;192;193;200;201;202;203;204;205;206;207;208;215;223;230;231;232;233;234;235;236;244;251;252;253;254;255;256;257;258;259;266;267;268;269;270;271;272;273;274;281;282;283;284;285;286;287;288;289;300;301;302;310;317;318;319;320;346;392;423;474;481;482;483;484;485;486;487;488;489;496;497;498;499;500
F92022,10,26,26,2300.9888453076824,2300.0,0.988845307682368,23,106,106,83,6.8301167488098145,46;62;69;70;71;72;73;74;75;76;77;84;85;86;87;88;89;90;91;92;99;100;101;102;103;104;105;106;107;114;115;116;117;118;119;120;121;122;129;130;131;132;133;134;135;136;137;138;164;173;180;181;182;190;198;199;200;201;202;203;204;205;212;213;214;232;250;267;268;279;280;281;282;283;290;291;292;293;294;295;296;297;298;318;333;342;358;365;366;367;368;369;370;371;372;373;374;375;400;464;482;489;495;496;497;498
F92022,10,27,27,2719.447231892139,2300.0,419.4472318921389,23,123,123,99,7.732240200042725,36;37;45;46;47;48;49;50;51;52;63;64;65;66;67;74;75;76;77;78;79;80;81;82;89;90;91;92;102;109;110;111;112;113;114;115;124;131;132;133;134;135;136;137;138;139;146;147;156;163;164;165;166;167;168;169;170;171;178;179;180;181;182;183;184;194;201;202;203;204;205;206;207;208;209;225;226;233;234;235;236;237;249;280;287;288;289;290;291;292;293;294;295;304;305;306;307;308;309;310;327;351;400;425;442;471;478;479;480;481;482;483;484;485;486;493;494;495;496;497;498;499;500
F92022,10,28,28,2301.3407236596104,2300.0,1.3407236596103758,22,119,119,114,7.52602219581604,47;54;76;83;84;85;86;87;88;89;90;91;98;99;100;101;102;103;104;105;106;122;129;141;148;149;150;151;152;153;154;155;156;163;164;165;166;167;168;169;170;171;178;179;180;188;200;201;202;203;210;211;212;213;214;215;216;217;218;225;233;240;241;242;243;244;245;246;247;248;261;262;263;274;275;276;277;278;285;286;287;288;289;290;291;292;293;301;320;333;334;335;345;346;347;348;410;461;468;469;470;471;472;473;474;475;476;483;484;485;486;487;488;489;490;491;498;499;500
F92022,10,29,29,2747.5259008962908,2300.0,447.52590089629075,25,137,137,106,8.485903024673462,35;36;52;59;60;61;62;63;64;65;66;67;74;75;76;84;91;92;93;94;95;96;97;98;99;110;111;112;113;114;115;116;117;118;125;126;127;128;129;130;131;132;133;140;141;142;143;144;145;146;147;148;155;156;157;158;159;160;161;162;163;170;171;172;173;174;182;203;217;218;225;226;227;228;229;230;231;232;233;246;247;248;255;256;264;271;272;273;274;293;294;301;302;303;304;305;306;307;308;309;316;317;318;319;320;321;322;323;324;338;339;349;350;390;437;438;447;448;449;453;467;468;479;480;481;482;483;490;491;492;493;494;495;496;497;498;499
F92022,10,30,30,2300.7988889929507,2300.0,0.7988889929506513,24,113,113,93,7.225914001464844,29;38;39;40;48;49;50;58;59;76;77;84;85;86;87;88;99;120;127;128;129;130;131;132;133;134;135;142;143;151;158;159;160;161;162;163;164;165;166;176;177;185;192;193;194;195;196;197;198;199;200;210;211;212;213;214;215;225;226;227;228;229;230;248;249;250;269;276;277;278;279;280;281;282;283;284;301;313;314;322;345;364;375;376;377;378;379;418;458;465;466;467;468;469;470;471;472;473;480;481;482;483;484;485;486;487;488;495;496;497;498;499;500
F102022,10,1,1,1691.4576021084022,2400.0,-708.5423978915978,23,179,179,96,11.6632981300354,9;10;18;19;20;21;28;29;30;31;32;33;34;35;36;37;38;39;40;41;42;43;44;45;46;47;48;49;50;51;52;53;54;55;56;71;72;73;74;75;76;77;84;85;86;87;88;89;90;91;92;93;100;101;102;103;104;105;106;107;108;109;110;111;112;113;114;115;122;123;124;125;126;127;128;129;130;131;132;133;134;141;142;143;144;145;146;147;148;156;163;164;165;166;167;168;169;170;171;178;179;180;181;182;183;184;185;186;194;195;196;197;198;206;220;221;228;229;230;231;232;233;234;235;236;244;245;246;247;248;249;250;251;258;268;275;276;277;278;279;280;281;289;296;297;298;299;300;301;309;316;317;318;319;320;321;322;323;324;335;336;337;338;339;346;354;370;392;449;479;486;487;488;489;490;491;492;493;494
F102022,10,2,2,2325.0161659617224,2400.0,-74.98383403827756,22,130,130,125,8.880553960800171,9;26;33;34;35;49;50;57;58;59;60;61;62;63;64;65;66;73;74;75;76;77;85;86;97;98;99;100;101;115;116;123;124;125;126;134;141;142;143;144;145;146;147;148;149;156;157;158;159;160;161;162;163;164;171;172;173;174;175;176;177;178;179;190;191;192;193;194;201;202;203;204;205;206;207;208;209;216;217;218;219;220;221;222;223;224;231;232;233;234;235;236;237;238;239;248;256;273;280;281;282;297;304;305;306;307;308;309;310;311;312;319;320;321;340;347;348;349;350;351;352;353;361;372;373;404;483;490;491;492
F102022,10,3,3,2734.339360898024,2400.0,334.3393608980241,27,199,199,180,12.89575982093811,19;26;27;28;29;30;31;32;33;34;35;42;43;44;45;46;47;48;49;50;57;58;59;60;61;62;63;71;78;79;80;81;82;83;84;92;93;107;108;115;116;117;118;119;120;121;122;123;135;136;137;138;145;146;147;148;149;150;158;165;166;167;168;169;170;171;172;173;180;181;182;183;184;185;186;187;188;195;196;197;198;199;200;201;202;210;217;218;219;220;221;222;223;224;225;232;233;234;235;236;237;238;239;240;247;248;249;250;251;252;253;254;255;262;263;264;265;266;267;268;276;283;284;285;286;294;301;302;303;304;305;306;307;308;309;317;318;319;320;321;322;323;324;331;332;333;334;335;336;337;338;339;346;347;348;349;350;351;352;353;354;361;362;363;364;365;366;367;368;369;376;377;378;379;380;381;382;391;398;399;421;453;472;479;480;481;482;483;484;485;486;487;494;495;496;497;498;499;500
F102022,10,4,4,1446.432239258897,2400.0,-953.567760741103,24,121,121,108,8.118446111679077,9;23;24;33;34;35;43;44;58;59;66;67;68;69;70;71;72;73;74;75;76;77;89;90;91;92;93;102;103;104;105;106;107;108;109;116;117;118;119;120;121;122;123;124;132;133;141;148;149;150;151;152;153;154;155;156;163;164;165;166;167;168;169;170;171;178;179;180;188;202;203;214;215;216;217;218;232;233;240;241;242;243;244;245;246;268;275;276;277;278;279;280;281;282;283;290;291;292;293;294;295;296;297;305;312;323;347;354;366;373;374;375;376;377;378;379;380;381;410;493;500
F102022,10,5,5,2586.97728379129,2400.0,186.97728379129012,25,133,133,109,9.050581932067871,11;25;26;27;34;35;36;37;38;39;40;41;42;49;50;51;52;53;66;67;68;100;114;115;126;127;128;129;130;131;132;142;143;144;145;146;147;148;157;158;159;160;161;162;163;170;171;172;173;174;175;176;177;178;185;186;187;188;189;190;191;192;193;207;208;215;216;217;218;219;220;221;222;223;230;231;239;246;247;258;265;266;267;268;279;286;287;288;289;290;291;299;306;307;308;309;310;311;312;313;314;327;328;329;343;344;352;360;373;374;375;382;383;384;385;386;387;388;389;390;463;464;471;472;473;474;475;476;477;478;479;493;494
F102022,10,6,6,1260.9044439710742,2400.0,-1139.0955560289258,24,142,142,138,9.31965684890747,22;34;35;36;37;44;45;46;47;48;49;57;71;72;85;86;87;94;102;109;110;111;112;113;114;115;116;117;124;125;126;127;128;129;130;131;132;139;140;141;142;143;144;145;146;147;155;156;157;158;159;160;161;162;169;170;171;172;173;174;175;176;177;184;185;186;187;188;189;190;191;192;206;207;214;215;216;217;218;219;220;221;222;229;230;231;232;233;234;235;236;237;247;248;249;250;251;252;259;260;261;262;263;264;265;266;267;278;279;287;294;295;296;297;305;314;315;316;317;318;319;320;327;328;329;338;346;347;355;366;367;368;398;408;409;410;489;496;497;498;499;500
F102022,10,7,7,2538.322652364096,2400.0,138.32265236409603,23,150,150,142,10.046088933944702,42;49;50;51;52;53;54;55;56;57;64;65;66;67;75;82;83;84;85;86;87;88;89;90;101;102;103;104;105;112;113;114;115;116;117;118;119;120;127;128;129;130;131;132;133;134;135;145;146;147;148;149;150;164;165;172;173;174;175;176;177;178;179;180;187;188;189;190;191;192;193;194;195;204;205;206;207;208;209;210;217;218;219;220;221;222;223;224;225;232;233;234;235;236;237;238;239;240;254;255;256;263;264;265;266;267;268;269;270;271;282;290;302;303;304;320;327;328;329;330;331;332;333;354;361;362;363;364;365;378;385;416;471;478;479;480;481;482;483;484;485;486;493;494;495;496;497;498;499;500
F102022,10,8,8,2718.711830104319,2400.0,318.7118301043188,25,157,157,143,10.42210078239441,15;35;50;51;52;59;60;61;62;63;64;84;91;92;93;94;95;96;97;98;99;100;118;125;126;127;128;136;146;154;155;162;163;164;165;166;167;168;169;170;177;178;179;180;181;182;183;184;185;192;193;194;195;196;197;198;199;200;208;209;210;211;212;213;228;235;236;237;238;239;240;241;242;243;250;251;252;253;254;255;256;257;258;265;266;267;268;269;270;271;272;273;280;281;282;283;284;285;306;312;350;357;358;359;360;361;362;363;364;365;372;373;374;375;376;377;378;379;390;397;398;399;400;401;402;403;404;405;412;413;414;415;432;440;441;442;453;468;475;476;477;478;479;480;481;482;483;490;491;492;493;494;495;496;497;498;499
F102022,10,9,9,2379.8142426056866,2400.0,-20.18575739431344,29,257,257,179,16.216724157333374,8;9;10;11;18;26;27;34;35;36;37;38;39;40;41;42;43;44;45;52;53;54;55;56;57;58;59;60;61;62;63;64;65;66;67;68;69;70;83;84;85;86;87;88;89;90;91;92;93;94;95;96;97;104;105;106;107;108;109;110;111;112;113;114;121;122;123;124;125;126;127;128;129;130;131;138;139;140;141;142;143;144;145;146;153;154;155;156;157;158;159;160;161;168;169;170;171;172;173;174;175;176;183;184;185;186;187;188;189;190;191;198;199;200;201;202;203;204;205;206;213;214;215;216;217;218;219;220;221;228;229;230;231;232;233;234;235;236;243;244;245;246;247;248;249;250;251;258;259;260;261;262;263;264;265;266;273;274;275;276;277;278;279;280;281;288;289;290;291;292;293;294;295;296;303;304;305;306;307;308;309;310;311;318;319;320;321;322;323;324;325;326;333;334;335;336;337;338;339;340;341;348;349;350;351;352;353;354;355;356;363;364;365;366;367;368;369;370;371;378;379;380;381;382;383;384;385;386;393;394;395;396;397;398;399;400;408;415;416;417;418;419;420;421;422;423;438;473;486;487;488;495;496;497;498;499;500
F102022,10,10,10,2570.7877600237443,2400.0,170.78776002374434,26,140,140,134,9.455557107925415,20;29;30;38;61;68;69;70;71;72;73;74;83;84;91;92;93;94;95;96;104;111;112;113;114;115;116;117;118;119;126;127;128;129;130;131;132;133;134;147;148;149;156;157;158;159;160;161;162;163;164;172;173;174;175;176;177;178;179;188;189;190;191;192;193;194;217;224;225;226;227;228;229;230;244;251;252;253;254;255;256;257;258;259;273;274;281;282;283;284;285;286;287;288;289;297;298;299;300;301;302;303;304;314;315;329;336;347;357;358;359;367;374;375;376;377;378;379;380;388;399;414;426;427;428;429;470;477;478;479;480;481;482;483;484;485;497;498;499;500
F102022,10,11,11,2641.1236498115227,2400.0,241.12364981152268,30,185,185,165,12.04386305809021,13;22;23;24;25;26;27;28;29;36;44;56;57;58;59;66;67;68;69;70;71;72;73;74;84;85;86;87;88;89;96;108;109;121;122;123;124;125;132;133;134;135;136;137;138;139;140;151;152;153;154;162;173;174;175;183;197;198;205;206;207;208;209;210;211;212;213;220;221;222;223;224;225;226;227;228;240;241;242;243;250;251;252;253;254;255;256;257;258;265;266;267;268;269;270;285;292;293;294;295;296;297;298;299;300;307;308;309;310;311;312;313;314;315;322;323;324;325;326;327;328;329;330;337;338;339;340;341;342;343;344;345;352;353;354;355;356;357;358;359;360;368;369;370;371;372;373;374;375;394;412;420;421;422;423;424;425;426;427;434;435;436;437;438;439;447;454;455;456;457;458;459;460;461;462;480;487;488;489;490;491;492;493;494;495
F102022,10,12,12,2735.4968388239054,2400.0,335.49683882390536,28,187,187,163,12.169206142425537,43;44;51;52;53;54;55;56;57;58;59;60;67;68;69;70;71;72;73;74;75;82;83;84;85;86;87;88;89;90;97;98;99;100;101;102;103;104;105;116;117;118;119;120;127;128;129;130;131;132;133;134;135;142;143;144;145;146;147;148;149;150;157;158;166;173;174;175;176;177;178;179;180;181;197;204;205;206;207;208;209;210;211;212;213;220;221;222;223;224;225;226;227;228;235;236;237;238;239;240;241;242;243;251;252;253;254;255;256;257;265;272;273;274;275;276;277;278;279;280;287;288;289;290;291;292;293;294;295;302;303;304;305;306;307;308;309;310;317;318;319;320;321;322;323;324;325;332;333;334;335;336;337;338;339;340;347;348;349;350;351;352;353;354;355;362;363;377;394;408;409;431;449;473;482;483;484;485;486;487;488;495;496;497;498;499;500
F102022,10,13,13,2632.2570585903036,2400.0,232.2570585903036,29,208,208,174,13.442670106887817,15;22;23;24;25;26;27;28;29;30;43;44;45;46;47;48;55;56;57;58;59;60;61;69;76;77;78;79;80;81;82;83;84;91;92;93;94;95;96;97;98;99;106;107;108;109;110;111;112;113;114;121;122;123;124;125;126;127;128;129;136;137;138;139;140;141;142;143;144;145;152;153;154;155;156;157;158;159;160;167;168;169;170;171;172;173;174;175;182;183;184;185;186;187;188;189;190;197;198;199;200;201;202;203;204;205;212;213;214;215;216;217;218;219;220;227;228;229;230;231;232;233;234;235;244;245;246;247;248;249;250;257;258;259;260;261;262;263;264;272;282;283;284;285;286;287;299;300;301;302;309;310;311;312;313;314;315;316;317;324;325;326;327;328;329;330;331;332;346;347;354;355;356;357;358;359;360;361;362;373;374;375;376;377;392;399;407;455;462;463;464;465;466;467;468;476;483;484;485;486;487;488;489;490;491;498;499;500
F102022,10,14,14,2763.4960856590174,2400.0,363.49608565901735,24,181,181,135,11.765554904937744,17;27;28;29;30;31;44;45;46;53;61;62;63;71;72;73;74;75;83;90;91;92;93;94;95;96;97;98;99;100;101;102;103;104;105;106;107;108;109;116;117;118;119;127;134;135;136;137;138;139;140;141;142;143;144;145;152;153;154;155;156;157;158;159;160;167;168;169;170;171;172;173;174;175;182;183;184;185;195;207;208;209;210;218;219;220;221;222;223;224;225;232;233;234;235;236;237;238;239;240;247;248;249;250;251;252;253;254;255;262;263;264;265;266;267;268;269;270;277;278;279;280;281;282;283;284;285;292;293;294;295;296;297;298;299;300;307;308;309;310;311;312;323;330;353;360;361;362;363;364;365;366;367;368;428;457;464;465;466;467;468;469;470;471;472;479;480;481;482;483;484;485;486;487;494;495;496;497;498;499;500
F102022,10,15,15,2731.4258528382957,2400.0,331.42585283829567,25,130,130,105,8.808883905410767,18;19;33;40;41;42;50;59;60;61;62;63;71;78;101;108;109;110;111;112;113;114;115;116;117;124;125;126;127;128;129;130;131;132;133;140;141;142;143;144;145;146;147;148;155;156;164;171;172;173;174;175;176;177;178;179;186;187;188;189;190;191;192;193;194;195;206;207;208;209;210;217;218;233;240;241;242;243;244;245;246;247;248;255;256;257;258;264;271;272;280;287;288;289;290;291;292;293;294;295;310;320;321;322;323;324;325;340;353;361;375;376;453;464;465;466;467;468;475;483;490;491;492;493;494;495;496;497;498;499
F102022,10,16,16,2749.198988201615,2400.0,349.19898820161507,26,179,179,142,11.671995878219604,17;24;25;26;27;28;36;37;44;45;46;47;48;49;57;64;65;66;83;90;91;92;93;94;95;96;97;98;99;100;107;108;109;110;111;112;113;114;115;116;117;118;125;126;127;128;129;130;131;132;133;140;141;142;143;144;145;146;147;148;155;156;157;158;159;160;161;162;163;173;174;175;176;177;178;179;186;187;188;189;190;191;192;193;194;201;202;203;204;205;206;207;208;209;220;221;222;223;224;231;232;233;234;235;236;237;238;239;246;247;248;249;250;251;252;253;254;261;262;263;264;265;277;289;290;291;292;299;300;301;302;310;333;340;341;342;343;344;359;369;370;371;372;380;387;388;389;390;391;392;393;394;395;402;403;404;405;406;407;408;409;410;444;470;471;478;479;480;481;482;483;484;485;486;496;497;498;499;500
F102022,10,17,17,2733.5480319282174,2400.0,333.54803192821737,27,178,178,165,11.693021774291992,20;21;36;43;44;45;46;47;48;49;50;51;58;59;60;61;62;63;64;65;66;73;74;75;76;77;78;79;80;81;91;92;93;94;95;96;104;105;106;107;108;109;110;111;118;119;120;121;122;123;124;125;133;146;147;148;155;156;157;158;159;160;161;162;163;170;171;172;173;174;175;176;177;178;186;187;188;189;190;191;192;193;200;201;202;203;204;205;206;207;208;215;216;217;225;234;235;236;237;238;239;247;254;255;256;257;258;259;260;261;262;263;270;271;272;273;274;275;276;277;278;289;290;291;292;293;300;301;302;303;304;305;306;307;308;315;316;317;318;319;320;321;322;323;330;331;332;333;334;335;336;337;338;364;395;402;403;404;405;414;436;443;444;467;474;475;476;477;478;479;480;481;482;483;490;491;492;500
F102022,10,18,18,2623.982789480656,2400.0,223.9827894806558,21,124,124,108,8.516769886016846,39;47;58;59;60;61;62;70;71;72;73;74;75;76;77;84;85;86;87;88;89;90;91;92;109;116;117;118;119;120;121;122;123;124;140;147;148;149;150;151;152;153;154;155;162;163;164;165;166;167;168;169;170;177;178;179;180;181;182;183;184;185;192;193;194;195;196;197;198;199;200;207;208;209;210;211;212;213;214;215;222;223;224;225;226;227;228;229;230;241;249;262;263;264;277;278;279;286;287;288;289;290;291;292;293;294;304;305;306;314;326;337;471;472;479;480;481;482;483;484;485;486;487;488
F102022,10,19,19,957.1824296916911,2400.0,-1442.8175703083089,26,169,169,144,10.857500076293945,19;30;38;45;46;47;48;49;50;51;52;53;60;61;62;63;64;65;66;67;68;69;70;77;78;79;80;81;82;83;84;85;93;94;95;96;97;98;99;100;101;102;103;118;132;133;140;141;142;143;144;145;146;147;148;155;156;157;158;159;160;161;162;163;170;171;172;173;174;175;176;177;178;185;186;187;188;189;190;191;192;193;200;201;202;203;204;205;206;207;208;215;216;217;218;219;220;221;222;223;230;231;232;233;241;248;249;250;251;252;253;254;255;256;263;264;265;266;267;268;269;270;271;281;282;283;284;285;286;293;294;295;296;297;298;299;300;301;309;310;311;312;313;314;315;316;329;330;331;338;339;340;341;349;356;376;383;398;405;406;407;408;409;410;411;412;413;493;500
F102022,10,20,20,2625.0182080157647,2400.0,225.01820801576469,22,111,111,90,7.7043797969818115,26;27;36;37;38;39;40;41;42;49;50;51;52;53;54;62;73;74;75;76;84;91;92;100;101;115;116;117;124;125;126;127;128;129;130;131;132;139;140;141;142;143;144;155;162;170;171;179;180;181;182;183;184;185;186;187;194;207;221;222;229;230;231;232;246;253;254;255;256;257;258;259;260;261;268;269;270;271;272;273;274;275;276;283;284;285;286;287;288;289;290;291;308;315;316;317;318;326;348;355;356;357;358;359;360;377;404;411;412;413;494
F102022,10,21,21,1156.5981966051515,2400.0,-1243.4018033948485,26,130,130,125,8.855507135391235,15;16;17;18;19;20;34;35;42;43;44;45;46;47;48;63;74;75;76;77;78;91;92;93;101;102;103;104;105;106;107;108;116;117;118;119;120;128;135;136;137;138;139;140;141;142;143;150;164;171;172;173;174;175;176;177;178;179;186;187;188;189;190;191;192;193;194;201;202;210;217;218;219;220;221;222;223;224;225;232;233;234;242;249;250;258;265;266;267;268;269;270;271;272;273;281;282;283;284;292;299;300;301;302;303;304;305;313;327;328;348;355;363;370;371;372;373;385;400;416;484;491;492;493;494;495;496;497;498;499
F102022,10,22,22,2759.111608620234,2400.0,359.11160862023416,26,167,167,114,10.971033096313477,24;37;38;39;46;47;48;49;50;51;52;53;68;69;70;71;72;79;80;81;82;83;91;92;100;101;102;103;104;105;106;107;114;115;116;117;118;119;120;121;122;129;130;131;132;133;134;135;136;137;144;145;146;147;148;149;150;151;152;153;154;155;156;163;164;165;166;174;183;184;192;199;200;201;202;203;204;205;206;207;217;218;219;220;221;222;232;233;234;235;236;237;245;253;260;261;262;263;264;265;266;267;268;275;276;277;278;279;280;281;282;283;293;294;295;296;297;298;305;319;326;327;328;329;330;331;332;333;334;341;342;343;344;345;346;361;368;369;370;371;372;380;393;394;395;414;429;436;470;471;472;479;480;481;482;483;484;485;486;487;494;495;496;497;498;499;500
F102022,10,23,23,2673.9119731227825,2400.0,273.91197312278246,27,252,252,182,15.923244953155518,10;11;12;13;14;15;16;17;24;25;26;27;28;29;30;31;32;39;40;41;42;43;44;45;46;47;48;49;56;57;58;59;60;61;62;63;64;65;66;67;74;75;76;77;78;79;80;81;82;89;90;91;92;93;94;95;96;97;98;99;100;101;102;103;110;111;112;113;114;115;116;117;118;125;126;127;128;129;130;131;132;133;134;141;142;143;144;145;146;147;148;149;150;151;158;159;160;161;162;163;164;165;166;173;174;175;176;177;178;179;180;181;188;189;190;191;192;193;194;195;196;203;204;205;206;207;208;209;210;211;218;219;220;221;222;223;224;225;226;233;234;235;236;237;238;239;240;241;248;249;250;251;252;253;254;255;256;263;264;265;266;267;268;269;270;271;284;285;286;293;294;295;296;297;298;299;300;301;308;309;310;311;312;313;314;315;316;323;324;325;326;327;328;329;330;331;338;339;340;341;342;343;344;345;346;353;354;355;356;357;358;359;360;361;368;369;370;371;372;373;374;375;376;383;384;385;386;387;388;389;390;391;398;399;400;401;402;403;404;405;406;413;414;486;493;494;495;496;497;498;499;500
F102022,10,24,24,2764.99749065843,2400.0,364.9974906584298,27,171,171,143,11.269092082977295,24;25;26;27;28;29;30;37;45;56;57;58;59;60;61;62;69;70;71;72;73;74;75;76;77;89;90;91;92;100;108;109;110;111;112;113;114;115;122;123;124;125;126;127;128;129;130;137;138;139;140;141;142;143;144;145;146;153;154;155;156;157;158;159;160;161;181;195;196;203;204;205;206;207;208;209;210;211;221;222;223;224;225;226;233;234;235;236;237;238;239;240;241;250;251;259;273;274;286;287;288;289;298;299;300;301;302;303;304;313;333;340;341;342;343;344;345;346;347;348;355;356;357;358;359;360;361;362;363;370;371;372;373;374;375;376;377;378;385;386;387;388;389;390;391;392;393;418;460;467;468;469;470;471;472;473;474;475;482;483;484;485;486;487;488;489;490;497;498;499;500
F102022,10,25,25,2621.466385509386,2400.0,221.46638550938587,27,137,137,123,9.283593893051147,9;28;35;36;44;45;52;53;54;55;56;57;58;59;60;74;75;84;85;86;87;88;89;90;91;92;105;106;107;114;115;116;117;125;132;133;134;135;136;137;138;150;162;163;164;165;172;173;174;175;183;194;195;208;215;216;217;218;219;220;221;222;223;236;237;238;248;249;267;274;275;276;277;278;279;280;281;282;291;292;293;294;295;296;297;304;305;306;307;308;309;310;311;312;336;343;344;345;346;347;348;349;350;351;369;381;382;383;384;398;399;424;432;433;434;461;468;469;470;471;472;473;474;475;476;483;484;485;486;487;488;489;490;491;498;499;500
F102022,10,26,26,2646.6496613403233,2400.0,246.6496613403233,26,203,203,171,13.081059217453003,39;40;47;48;61;68;79;86;87;88;89;90;91;92;93;94;101;102;103;104;105;106;107;108;109;110;117;118;119;120;121;122;123;124;125;126;133;134;135;136;137;138;139;140;141;148;149;150;151;152;153;154;155;156;157;164;165;166;167;168;169;170;171;172;179;180;181;182;183;184;185;186;187;194;195;196;197;198;199;200;201;202;209;210;211;212;213;214;215;216;217;224;225;226;227;228;229;230;231;232;239;240;241;242;243;244;245;246;247;254;255;256;257;258;259;260;261;262;276;277;285;286;294;301;302;303;304;305;306;307;308;309;318;319;320;321;322;323;324;331;332;333;334;335;336;337;343;350;351;352;353;354;355;356;357;358;368;369;390;397;398;399;400;401;402;403;404;405;412;413;414;415;416;417;418;419;420;428;429;430;431;432;433;434;470;477;478;479;480;481;482;483;484;485;492;493;494;495;496;497;498;499;500
F102022,10,27,27,1939.074053087698,2400.0,-460.9259469123019,23,158,158,136,10.243562936782837,14;15;39;40;41;48;56;66;67;68;69;70;71;72;79;80;81;82;83;84;85;86;87;88;89;90;109;116;117;118;119;120;121;122;123;124;131;132;133;134;135;136;137;138;139;146;147;148;149;150;151;152;153;154;161;162;163;164;165;166;167;168;169;184;191;192;193;194;195;196;204;211;212;213;214;215;216;217;218;219;226;227;228;229;230;231;232;233;234;241;242;243;244;245;246;247;248;261;268;269;270;271;272;273;274;275;276;283;284;285;286;287;288;289;290;291;298;299;300;301;302;321;328;329;330;338;345;346;347;348;349;350;351;352;353;360;361;362;363;364;365;366;367;368;375;376;377;378;386;480;488;489;490;491;492;493;494;495
F102022,10,28,28,1393.970025432903,2400.0,-1006.029974567097,27,155,155,150,10.34116506576538,21;22;36;37;38;39;40;56;67;68;69;77;84;85;86;87;88;89;90;91;99;110;111;112;113;123;130;131;132;133;134;135;136;137;138;145;146;147;148;149;150;151;152;153;171;187;194;195;196;197;198;199;200;201;202;211;212;213;214;215;216;217;224;232;239;247;259;260;261;262;269;270;271;272;273;274;275;276;277;284;285;286;287;288;289;290;291;292;300;301;302;303;304;305;306;307;319;320;321;322;330;331;332;333;334;335;336;337;344;345;346;347;348;349;350;351;352;359;360;361;362;363;364;365;366;367;374;375;376;377;378;379;380;399;415;430;444;470;478;479;480;481;482;483;484;485;492;493;494;495;496;497;498;499;500
F102022,10,29,29,2736.1394875243227,2400.0,336.1394875243227,28,165,165,150,10.876009941101074,20;29;30;31;39;49;50;51;52;53;54;55;72;73;83;84;92;99;107;114;115;123;130;131;132;133;134;135;136;137;138;145;146;147;148;149;150;151;152;153;162;163;164;165;166;167;168;175;176;177;178;179;180;181;182;183;190;198;205;206;207;208;209;210;211;212;213;220;221;222;223;224;225;226;227;228;235;236;237;238;239;247;254;255;256;257;258;259;260;261;262;275;276;277;284;285;286;287;288;289;290;291;292;299;300;314;333;340;341;342;343;344;345;346;347;348;355;356;357;358;359;367;378;379;380;381;382;389;390;391;392;393;394;395;396;412;419;446;456;457;458;459;460;461;468;469;470;471;472;473;474;475;476;483;484;485;486;487;488;489;490;491;492;499;500
F102022,10,30,30,208.90175862125216,2400.0,-2191.098241378748,28,210,210,173,13.5691499710083,8;9;16;17;18;19;20;21;22;23;24;33;34;35;36;44;45;46;47;48;55;56;57;58;59;60;61;62;63;64;65;66;67;68;69;76;77;78;79;80;81;82;83;84;96;97;98;99;100;101;108;109;110;111;112;113;114;115;116;125;126;127;128;129;130;131;138;139;140;141;142;143;144;145;146;161;162;169;170;171;172;173;174;175;176;177;184;185;186;187;188;189;197;204;205;206;207;208;209;210;211;212;219;220;221;222;223;224;225;226;227;237;238;239;240;241;242;250;251;252;253;254;255;256;257;264;265;266;267;268;269;270;271;272;280;281;282;283;284;285;286;287;294;295;296;297;298;299;300;301;302;309;310;311;312;313;314;315;316;317;324;325;326;327;328;329;330;331;332;339;340;341;342;343;344;345;346;347;354;355;356;357;358;359;360;361;362;369;370;371;372;373;374;375;376;377;384;385;396;404;405;406;407;408;430;444;456;492;499;500
F112022,10,1,1,3540.349463933783,2600.0,940.3494639337832,24,202,202,75,20.08784580230713,15;16;17;18;25;26;27;28;29;30;31;32;33;40;41;42;43;44;45;46;47;48;49;56;57;58;59;60;61;62;63;71;78;79;80;81;82;83;84;85;86;87;88;89;90;97;98;99;100;101;102;110;111;112;119;120;121;122;123;124;125;126;127;128;129;138;139;140;141;142;143;144;145;152;153;154;162;163;164;171;172;173;174;175;176;177;178;179;180;181;182;183;184;185;186;187;188;189;190;191;192;193;194;202;203;204;205;206;207;208;215;232;233;234;235;242;243;244;245;246;247;248;249;250;251;252;253;254;255;256;263;264;265;266;267;268;269;270;271;279;280;281;282;283;284;285;293;294;301;302;303;304;305;306;307;308;309;321;322;323;324;325;326;333;334;335;336;337;338;339;340;341;342;349;359;366;367;368;369;370;371;372;373;374;388;389;396;409;436;448;449;458;485;492;493;494;495;496;497;498;499;500
F112022,10,2,2,2601.448797762519,2600.0,1.448797762519007,18,74,74,45,8.334213972091675,20;28;43;44;72;79;80;81;82;83;84;85;99;100;114;115;122;123;124;125;126;127;128;129;130;141;142;143;144;145;146;153;154;155;156;157;158;159;160;161;168;169;195;224;225;252;253;260;261;262;263;264;265;266;267;275;282;283;298;299;341;369;378;422;423;434;435;436;450;472;482;490;491;492
F112022,10,3,3,2645.990494402795,2600.0,45.990494402794866,17,125,125,66,12.884639978408813,41;66;67;68;69;70;78;96;97;104;105;106;107;108;109;110;111;112;113;114;122;129;130;131;132;133;134;135;136;137;138;146;147;155;162;163;164;165;166;167;168;169;170;171;179;180;181;182;183;191;198;199;200;201;202;203;204;205;206;207;214;215;216;217;218;219;244;245;246;257;258;259;270;271;272;273;274;290;302;303;304;305;312;313;314;315;316;317;318;319;328;335;362;363;364;365;372;373;374;375;376;377;378;379;380;413;422;423;449;450;472;473;474;475;476;477;478;479;486;487;488;489;490;491;492
F112022,10,4,4,2602.304252137999,2600.0,2.304252137998901,13,60,60,18,7.089200973510742,19;20;21;37;38;39;72;73;86;87;88;132;133;134;135;136;144;145;153;154;161;162;170;171;181;188;189;190;202;203;204;205;212;213;214;215;216;256;257;258;275;276;277;284;285;310;311;312;313;314;315;341;342;459;460;461;483;484;498;499
F112022,10,5,5,2639.122184719492,2600.0,39.122184719492,22,206,206,73,19.988613843917847,39;40;41;87;88;89;90;97;98;99;100;101;102;103;104;105;106;107;108;109;110;117;118;119;127;138;139;140;141;142;143;144;166;174;175;176;177;178;179;180;181;182;189;190;191;192;193;194;195;196;197;204;205;206;207;208;209;210;211;212;219;220;221;222;223;224;225;226;227;234;235;236;237;238;239;240;241;242;243;244;245;246;253;254;255;256;257;258;259;260;261;262;269;270;271;272;273;274;275;276;277;278;279;280;281;288;289;290;291;292;293;294;295;296;297;305;306;319;320;321;322;323;324;325;326;327;328;335;336;337;338;339;340;341;342;343;344;345;346;347;348;349;357;364;365;366;367;368;369;370;371;372;373;374;381;382;383;384;385;386;387;388;396;397;398;405;406;407;408;409;410;411;412;413;422;429;430;431;440;441;442;455;456;457;458;459;466;467;468;469;470;471;472;473;474;481;482;483;484;485;486;487;488;489;490;500
F112022,10,6,6,2600.613472091749,2600.0,0.6134720917489176,20,131,131,34,13.344783067703247,25;26;35;36;46;47;48;60;61;62;63;64;65;72;73;74;75;76;77;78;79;80;104;115;116;117;118;119;126;127;128;129;130;131;132;133;134;141;142;150;151;158;159;160;161;162;163;164;165;166;167;168;169;180;181;182;183;184;185;186;198;199;200;201;202;209;210;211;212;213;214;215;216;217;225;226;227;228;229;230;231;232;233;259;260;267;268;269;270;271;272;273;274;275;276;277;302;326;336;343;355;356;357;358;359;463;464;465;472;473;474;475;476;477;478;479;480;481;488;489;490;491;492;493;494;495;496;497;498;499;500
F112022,10,7,7,2600.3945494622735,2600.0,0.39454946227351684,18,142,142,42,14.302142858505249,20;84;85;86;87;88;95;96;97;98;99;100;101;102;103;104;105;106;107;108;115;116;117;118;119;120;121;122;123;124;125;126;127;128;129;130;131;132;133;134;135;136;137;138;145;146;147;148;149;150;151;152;153;154;167;168;169;176;184;185;186;187;188;189;190;191;198;199;200;201;202;203;204;205;206;207;214;232;239;240;241;242;243;244;245;246;247;254;255;264;265;266;267;274;275;276;277;278;279;280;281;282;283;284;285;292;310;311;320;334;335;382;390;391;392;393;394;428;449;466;467;468;469;470;477;478;479;480;481;482;483;484;485;486;493;494;495;496;497;498;499;500
F112022,10,8,8,2600.5373809225584,2600.0,0.5373809225584409,15,107,107,29,11.20022988319397,18;53;54;75;76;77;78;79;80;81;82;83;84;85;93;94;95;96;97;98;99;100;101;102;109;110;111;119;164;165;166;167;168;169;170;171;172;173;180;181;182;183;184;185;186;187;188;189;190;191;203;204;214;215;216;217;224;225;234;235;242;243;244;245;246;247;248;249;250;257;258;259;260;261;262;263;264;265;266;280;288;295;311;312;313;349;368;369;456;457;463;470;471;472;473;474;475;476;477;478;479;480;481;491;492;499;500
F112022,10,9,9,2600.2228700805886,2600.0,0.22287008058856372,22,167,167,48,16.414945602416992,34;35;36;37;48;49;50;51;52;73;81;82;83;95;96;97;98;99;106;107;108;109;110;111;112;113;114;121;132;133;134;135;156;157;158;159;160;176;177;188;189;190;191;192;193;194;201;202;203;204;205;206;207;208;209;210;227;228;235;236;237;238;239;240;241;242;243;244;245;246;247;248;249;250;251;252;253;260;261;262;263;264;265;266;267;268;269;270;271;272;273;274;281;282;283;284;285;286;287;288;289;290;291;292;299;300;301;302;310;311;318;319;320;321;322;323;324;325;326;327;328;335;336;337;338;339;340;341;342;343;344;360;361;368;369;370;371;372;373;374;375;376;377;384;385;424;425;463;464;465;466;473;474;475;476;477;478;479;480;481;482;483;484;497;498;499;500
F112022,10,10,10,2601.707449493287,2600.0,1.7074494932871858,18,136,136,49,13.737570762634277,20;31;32;33;41;63;64;65;66;67;76;77;78;79;80;81;82;96;97;104;105;106;107;108;109;110;111;112;113;114;115;125;126;127;128;129;130;131;138;139;140;141;142;143;144;145;146;153;154;155;156;157;158;159;160;161;162;170;171;172;179;180;181;182;183;184;185;186;187;188;195;196;216;217;218;219;226;227;228;229;230;231;232;233;234;235;247;248;249;250;299;316;317;324;325;326;327;328;329;330;331;332;333;334;335;336;343;344;345;346;347;355;356;357;358;359;360;439;460;461;468;469;470;471;472;473;474;475;476;477;478;485;486;487;497;498
F112022,10,11,11,2601.8019459237767,2600.0,1.8019459237766569,14,118,118,27,12.138245105743408,13;14;15;16;30;31;32;33;34;35;42;43;44;45;60;67;68;76;77;78;79;80;81;96;97;98;124;132;133;134;135;151;152;186;187;188;189;201;202;203;204;215;216;217;218;219;220;221;222;223;224;225;226;227;228;229;230;237;238;239;240;241;249;256;257;265;266;267;276;277;278;282;283;284;285;286;294;302;309;310;311;312;313;323;324;325;335;336;337;338;339;340;341;342;343;344;353;389;409;428;470;471;472;473;474;475;476;477;478;479;480;481;482;483;484;485;486;487
F112022,10,12,12,2673.717113073981,2600.0,73.71711307398118,24,174,174,80,17.188262701034546,60;61;62;63;70;71;72;73;74;75;76;77;78;85;86;87;88;89;90;91;92;93;94;101;102;103;104;112;119;120;121;122;123;124;125;126;127;134;135;136;137;138;139;140;141;142;149;150;151;152;153;154;155;156;157;165;172;173;174;175;176;177;178;179;180;192;193;194;195;202;203;204;205;206;207;208;209;210;220;221;222;223;224;225;232;233;234;235;236;237;238;239;240;252;253;254;255;263;270;271;272;273;274;275;276;277;278;285;286;287;288;289;290;298;299;300;301;308;309;317;318;319;320;321;322;323;324;331;332;343;353;354;355;356;357;358;359;377;384;385;386;387;388;389;390;391;392;407;416;453;454;461;462;463;464;471;472;473;474;475;476;477;478;479;486;487;488;489;490;491;492;493;494;495
F112022,10,13,13,2600.3856869862366,2600.0,0.3856869862365784,13,93,93,24,9.957382917404175,63;64;65;66;67;68;69;70;71;72;108;109;138;157;158;159;160;168;178;179;180;181;182;183;190;191;192;193;194;195;196;197;198;199;200;226;227;237;238;239;240;241;242;243;250;251;252;253;254;255;256;257;258;259;267;268;269;270;271;272;273;274;275;276;277;278;279;280;281;282;283;284;299;300;301;302;313;314;331;332;349;467;484;485;486;487;488;495;496;497;498;499;500
F112022,10,14,14,2600.47949747704,2600.0,0.47949747703978574,22,186,186,52,18.133170127868652,33;34;35;36;37;38;39;40;41;42;65;66;67;68;69;70;81;82;83;84;85;86;87;88;89;90;91;92;93;94;95;96;97;98;99;100;101;102;103;110;111;112;113;114;115;116;117;118;125;126;127;128;129;130;131;132;133;134;143;144;145;146;147;148;149;150;151;152;153;154;155;162;163;164;165;166;167;168;169;170;171;172;173;182;183;184;185;186;187;188;195;196;197;198;199;200;201;202;203;212;213;214;215;216;217;218;219;226;227;228;229;230;231;232;233;234;235;236;237;238;239;251;252;253;254;261;262;263;264;265;266;267;268;269;276;277;278;279;280;281;282;283;284;285;298;306;322;330;331;332;333;334;335;336;337;338;339;340;364;365;383;384;385;401;450;451;459;467;474;475;476;477;478;479;480;481;482;483;491;492;493;494;495;496;497;498
F112022,10,15,15,2604.2339249314605,2600.0,4.2339249314604785,19,105,105,39,11.121375799179077,24;46;53;54;55;56;57;58;59;60;75;76;77;86;87;88;89;90;91;92;93;94;95;96;103;104;105;106;107;108;109;110;111;112;113;114;127;128;129;153;170;181;182;183;184;185;186;187;188;195;196;197;198;199;200;201;202;203;204;211;223;224;225;251;266;267;268;277;278;315;316;324;325;333;334;348;349;350;358;359;360;361;362;363;364;365;374;375;376;377;378;379;403;453;477;478;485;486;487;488;489;490;491;492;493
F112022,10,16,16,2600.5432472448374,2600.0,0.5432472448374028,18,114,114,38,11.76746678352356,38;61;62;73;74;81;107;120;121;122;123;124;125;132;133;134;135;136;137;138;139;140;153;154;155;162;170;171;180;181;182;183;184;185;186;187;188;189;190;191;198;199;200;201;202;203;204;205;206;207;214;215;216;217;218;219;220;221;222;242;243;244;245;246;266;267;274;282;283;296;297;298;299;300;301;310;318;319;320;327;328;329;330;346;347;348;349;388;389;390;391;392;436;450;451;452;460;461;462;463;464;465;466;467;474;475;476;477;478;486;497;498;499;500
F112022,10,17,17,2620.046299423657,2600.0,20.04629942365682,22,161,161,74,16.03901982307434,15;46;47;48;49;50;51;58;59;60;61;62;63;64;65;66;67;76;77;78;79;80;81;90;91;98;99;100;101;102;103;104;105;106;113;114;115;116;117;118;119;120;121;122;129;130;131;132;133;141;148;149;150;151;152;153;154;155;156;169;170;171;178;179;180;181;182;183;184;185;186;187;201;202;203;204;211;212;220;221;228;229;230;231;232;233;234;235;236;243;244;245;246;247;248;249;250;251;258;259;260;261;262;263;264;265;266;267;274;275;276;277;278;279;280;281;289;290;297;298;299;300;301;302;303;304;312;327;347;348;377;378;391;411;412;413;458;459;466;467;468;469;470;471;472;473;474;481;482;483;484;485;486;487;488;489;496;497;498;499;500
F112022,10,18,18,2600.5494080999706,2600.0,0.5494080999706057,16,88,88,43,9.567054986953735,64;65;66;67;77;78;79;80;99;100;107;117;118;119;133;134;135;136;159;182;189;190;191;192;193;194;195;203;215;223;224;225;226;227;228;229;230;237;238;246;253;261;268;269;270;271;272;273;274;275;276;284;285;292;293;294;295;296;297;298;299;300;301;302;326;334;335;336;352;353;385;467;474;475;476;477;478;479;480;481;482;489;490;491;492;493;494;495
F112022,10,19,19,2600.423032697444,2600.0,0.4230326974438867,20,119,119,56,12.223510026931763,19;20;33;34;35;52;53;54;68;69;76;77;78;79;80;81;82;83;84;85;92;93;94;102;103;104;105;116;117;118;119;120;121;122;145;152;153;154;155;156;157;158;159;160;161;174;175;183;190;191;192;193;194;195;206;222;223;238;245;246;247;248;249;250;251;252;253;266;282;292;293;294;295;296;297;298;299;311;312;313;314;315;316;323;324;325;326;327;328;329;330;331;346;370;371;372;392;436;444;445;446;468;475;476;477;478;479;480;481;482;483;484;485;486;496;497;498;499;500
F112022,10,20,20,2600.7841232121295,2600.0,0.7841232121295434,15,126,126,27,12.863171100616455,26;27;28;29;30;31;32;33;59;60;61;70;71;72;73;74;75;76;77;78;79;80;81;82;83;84;85;92;93;94;95;96;97;98;99;100;101;102;103;104;105;106;118;119;120;121;122;129;130;131;132;133;134;135;136;137;138;139;140;147;159;160;161;173;174;175;176;177;178;179;180;187;188;189;190;191;192;193;194;195;216;217;218;226;227;228;229;230;231;232;253;263;264;265;266;267;268;298;299;308;317;318;340;364;392;393;394;417;418;453;470;471;472;473;474;475;476;484;485;486;487;488;489;490;498;499
F112022,10,21,21,2600.4939517266994,2600.0,0.4939517266993789,13,105,105,30,10.970897197723389,32;33;34;35;42;43;44;45;46;47;48;49;50;51;52;62;63;64;65;66;67;68;85;118;119;134;135;144;145;146;147;148;161;179;201;202;203;204;211;212;213;214;215;216;217;218;246;247;248;255;256;257;258;259;260;261;262;263;264;286;287;288;289;290;291;292;293;302;311;319;320;330;331;332;333;334;335;336;349;350;372;373;455;467;468;469;470;477;478;479;480;481;482;483;484;485;486;487;488;495;496;497;498;499;500
F112022,10,22,22,2600.0819295580645,2600.0,0.08192955806453028,18,178,178,39,17.393070697784424,21;22;23;31;32;33;34;35;36;37;38;39;53;71;72;73;74;75;76;77;78;79;80;81;82;83;84;85;86;87;88;89;90;91;107;117;118;119;120;121;122;129;130;131;132;133;134;135;136;137;153;154;155;156;157;167;168;169;170;171;172;179;187;188;195;196;197;198;199;200;201;202;203;204;205;213;214;215;216;217;218;219;220;227;228;229;230;231;232;233;234;235;236;237;238;239;240;253;254;255;256;257;264;265;266;267;268;269;270;271;272;273;281;282;283;284;285;286;287;288;289;290;291;292;293;294;312;321;322;323;324;325;326;327;328;329;330;331;332;333;334;335;336;337;338;345;346;347;348;349;350;351;352;374;375;412;413;414;415;460;461;462;469;470;471;472;473;474;475;476;477;478;479;480;487;488;499;500
F112022,10,23,23,2600.5534675850727,2600.0,0.5534675850726671,18,137,137,38,13.836399793624878,32;33;34;35;36;37;38;39;52;53;54;55;56;57;58;65;66;67;68;69;70;71;72;82;95;96;97;98;99;100;107;108;116;117;118;119;120;135;136;137;144;145;153;154;161;162;163;164;165;166;167;168;169;178;179;180;181;182;183;184;185;186;187;188;189;204;205;206;213;214;215;216;217;218;219;220;221;222;223;224;231;232;233;234;235;236;237;238;239;240;241;242;260;261;262;263;276;277;278;313;314;315;322;323;324;325;326;327;328;349;350;351;371;419;464;465;472;473;474;475;476;477;478;479;480;487;488;489;490;491;492;493;494;495;496;497;498
F112022,10,24,24,2603.608255462089,2600.0,3.6082554620888914,17,88,88,34,9.579855918884277,50;51;58;59;60;61;62;63;64;65;83;84;85;86;87;88;89;90;91;100;101;102;103;111;123;124;153;154;155;156;163;171;172;173;180;181;182;183;184;185;186;187;188;200;201;202;203;204;205;206;213;214;215;216;217;218;219;220;228;241;242;243;250;251;252;260;292;293;294;304;305;306;318;346;347;348;374;418;466;480;481;488;489;490;491;492;493;494
F112022,10,25,25,2600.3188941154353,2600.0,0.3188941154353415,17,98,98,36,10.411435604095459,24;25;26;34;42;43;50;51;52;78;96;97;98;114;130;131;138;139;140;141;142;143;144;145;146;153;154;155;156;157;158;159;160;168;169;170;177;178;179;180;181;182;183;184;185;192;193;194;195;196;204;211;225;226;236;237;238;239;240;241;242;243;250;251;252;253;254;255;256;257;271;290;291;299;300;301;302;303;304;305;306;330;342;343;399;400;401;402;468;486;487;494;495;496;497;498;499;500
F112022,10,26,26,2601.091910814491,2600.0,1.0919108144908023,14,129,129,31,13.133807897567749,16;42;43;44;45;64;65;66;73;74;75;76;77;78;79;80;81;82;93;94;95;96;97;98;99;100;107;108;109;110;111;112;113;114;115;116;117;118;119;120;121;122;123;130;131;132;133;134;135;136;137;138;139;140;141;142;143;144;145;146;147;148;149;150;151;152;153;160;161;162;163;164;165;166;180;181;193;194;195;196;197;198;206;207;214;215;223;224;225;226;227;228;235;236;251;252;268;269;270;271;272;273;274;281;282;303;327;328;349;360;380;381;443;463;464;465;466;467;474;475;476;477;478;479;480;481;482;483;484
F112022,10,27,27,2600.592496125084,2600.0,0.592496125083926,16,100,100,37,10.628705024719238,58;59;60;61;62;69;96;97;98;99;127;134;135;136;137;138;139;140;141;142;143;144;145;152;153;154;155;156;157;158;159;160;167;168;169;170;171;172;173;174;175;182;197;198;205;215;216;223;224;225;226;227;228;229;230;238;239;247;254;255;256;257;258;259;260;261;262;263;271;282;295;296;297;298;310;311;361;416;417;418;431;464;471;472;473;474;475;476;477;478;479;480;481;482;483;495;496;497;498;499
F112022,10,28,28,2600.692095514962,2600.0,0.6920955149621477,19,124,124,49,12.727422952651978,17;18;25;26;27;28;51;52;72;73;74;84;85;86;87;88;89;90;97;98;99;100;101;102;103;104;105;106;107;108;115;116;117;118;119;120;128;140;149;150;151;152;159;169;170;177;178;179;180;188;195;196;197;198;199;200;201;209;216;217;218;219;220;221;229;230;248;249;256;257;258;259;260;261;262;263;264;265;266;267;274;275;276;277;278;287;288;299;300;301;302;303;304;305;306;332;333;344;353;375;376;377;447;462;463;464;465;466;474;475;476;477;478;479;480;481;482;483;495;496;497;498;499;500
F112022,10,29,29,2603.637674838802,2600.0,3.6376748388020133,13,77,77,27,8.649464845657349,20;38;59;66;67;68;69;70;71;79;86;87;88;89;90;91;92;93;94;109;116;117;118;119;120;121;122;123;124;131;132;140;147;148;149;150;151;152;153;154;155;156;157;164;165;166;167;168;169;177;225;226;227;236;275;276;277;278;296;304;314;447;448;470;471;472;473;474;481;482;483;484;485;497;498;499;500
F112022,10,30,30,2602.541256023389,2600.0,2.5412560233889963,17,125,125,32,12.770097255706787,20;21;51;52;53;54;55;56;57;65;66;67;68;69;84;95;121;122;123;124;125;126;127;128;135;136;137;138;139;149;150;151;152;159;160;161;162;163;164;165;166;174;175;184;192;199;200;201;202;203;204;205;206;207;208;209;210;217;218;219;220;221;222;223;224;225;226;227;237;238;239;247;248;249;250;251;252;264;265;266;267;268;269;270;285;298;299;300;301;355;363;385;386;398;399;400;401;402;403;404;405;461;468;469;470;471;472;473;474;475;476;477;478;479;480;487;488;489;490;491;492;493;494;495;496
F122022,10,1,1,2882.0274520706425,2700.0,182.02745207064254,28,201,201,174,20.771201133728027,10;11;18;19;20;21;22;23;24;25;26;33;41;48;49;50;51;52;53;54;55;56;57;65;66;74;81;82;83;84;85;86;87;88;89;96;97;98;99;100;101;102;103;104;105;112;113;114;115;116;117;118;119;120;127;128;129;130;131;132;133;134;135;142;143;144;145;146;147;148;149;150;157;158;159;160;161;162;163;164;165;172;173;174;175;176;177;178;179;180;187;188;189;190;191;192;200;201;208;209;210;211;212;213;214;215;216;223;224;225;226;227;228;229;230;231;232;239;240;241;242;243;244;245;246;247;248;255;263;280;287;288;289;290;291;292;293;294;295;302;303;304;305;306;307;308;309;310;317;318;319;320;321;322;323;324;325;332;333;334;335;336;337;338;339;340;347;348;349;350;351;352;353;354;355;362;363;364;365;366;367;368;369;370;377;378;379;380;381;382;383;384;385;392;393;394;395;396;404;425;487
F122022,10,2,2,2894.010172240076,2700.0,194.01017224007592,28,209,209,181,21.274261951446533,21;30;38;59;66;67;68;69;70;71;72;73;74;81;82;83;84;85;86;87;88;89;96;97;98;99;100;101;102;103;104;111;112;113;114;115;116;117;118;119;126;127;128;129;130;131;132;133;134;135;142;143;144;145;146;147;148;149;150;157;158;159;160;161;162;163;164;165;172;173;174;175;176;177;178;179;180;187;188;189;190;191;192;193;194;195;202;203;204;205;206;207;208;209;210;211;218;219;220;221;222;223;224;225;226;233;234;235;236;237;238;239;240;241;248;249;250;251;252;253;254;255;256;263;264;265;266;267;268;269;270;271;272;279;280;281;282;283;284;285;286;287;294;295;296;297;298;299;300;301;302;309;317;324;325;326;327;328;329;330;331;332;344;345;346;354;361;362;363;364;365;366;367;368;369;384;385;393;394;395;396;397;398;399;400;407;408;409;410;411;412;413;414;415;422;423;424;425;426;482;491;492;493;494;495;496;497;498;499
F122022,10,3,3,2869.821857792863,2700.0,169.82185779286283,29,206,206,159,21.030121088027954,10;11;37;44;45;46;47;48;49;50;51;52;60;61;62;63;64;65;66;67;68;69;82;83;84;93;94;95;96;97;98;99;106;107;108;109;110;111;112;113;114;121;136;143;144;145;146;147;148;149;150;151;152;159;160;161;162;163;164;165;166;167;174;175;176;177;178;179;180;181;182;194;195;196;197;204;205;206;207;208;209;210;211;212;223;224;225;226;227;234;235;236;237;238;239;240;241;242;249;250;251;252;253;254;255;256;257;264;272;279;280;281;282;283;284;285;286;287;294;295;296;297;298;299;300;301;309;322;323;324;331;332;333;334;335;345;359;377;378;379;391;392;393;394;402;403;404;405;406;407;408;409;416;417;418;419;420;421;422;423;424;431;432;433;434;435;436;437;438;439;446;447;448;449;450;451;452;453;454;455;457;464;465;466;467;468;469;470;471;472;473;480;481;482;483;484;485;486;487;488;495;496;497;498;499;500
F122022,10,4,4,2875.7689215827777,2700.0,175.7689215827777,30,202,202,170,20.946153163909912,10;25;32;33;34;35;36;37;38;39;40;47;48;49;50;51;52;53;54;55;62;63;64;65;66;67;68;69;70;77;78;79;80;81;82;83;84;85;86;93;94;95;96;97;98;99;100;101;115;116;117;126;127;128;129;130;131;132;139;140;141;142;143;144;145;146;147;161;162;169;170;171;172;173;174;175;176;177;184;185;186;187;188;189;190;191;192;199;200;201;202;203;204;205;206;207;208;215;216;217;218;219;220;221;222;223;230;231;232;233;234;235;236;237;238;250;251;252;253;260;261;262;263;264;265;266;267;268;275;276;277;278;279;280;281;282;283;284;291;292;293;294;295;296;297;298;299;306;307;308;309;310;311;312;329;343;344;361;368;369;370;371;372;373;374;375;376;377;384;385;386;387;388;396;411;422;423;424;425;426;454;461;462;463;464;465;473;480;481;482;483;484;485;486;487;488;495;496;497;498;499;500
F122022,10,5,5,2898.475515099178,2700.0,198.4755150991782,31,214,214,187,21.83435893058777,9;22;23;24;34;42;49;50;51;52;53;54;55;56;57;64;65;66;67;68;69;70;71;72;79;80;81;82;83;84;85;93;100;101;102;103;104;105;106;107;108;115;123;134;135;136;137;138;145;146;147;148;149;150;151;152;153;160;161;162;163;164;165;166;167;168;178;179;180;181;182;183;190;191;192;193;194;195;196;197;198;205;206;207;208;209;210;211;212;213;220;221;222;223;224;225;226;227;228;229;230;237;238;239;240;241;242;243;244;245;252;253;254;255;256;257;258;259;260;261;268;276;283;284;285;286;287;288;289;290;291;298;299;300;301;302;303;304;305;306;313;314;315;326;333;334;335;343;350;351;352;353;354;355;363;373;374;375;376;377;390;397;398;399;400;401;402;403;404;405;406;422;429;430;431;432;433;434;435;436;437;448;449;450;451;452;459;460;461;462;463;464;465;466;467;474;475;476;477;478;479;480;481;482;489;490;491;492;493;494;495;496;497;498
F122022,10,6,6,2885.280470266578,2700.0,185.28047026657805,28,191,191,153,19.95521068572998,22;23;24;25;43;50;51;52;53;54;55;56;64;71;72;73;74;75;76;77;78;79;86;87;88;89;90;91;92;93;94;101;102;103;104;105;106;107;108;109;116;117;118;119;120;121;122;123;131;138;139;140;141;142;143;144;145;146;153;154;155;156;157;158;159;160;161;168;169;170;171;172;173;174;175;176;177;201;208;209;210;211;212;213;214;215;216;223;224;225;226;227;228;229;230;231;248;255;256;257;258;259;260;261;262;263;270;271;272;273;274;275;276;277;278;285;286;287;288;289;290;291;292;293;302;303;304;305;306;307;308;309;316;317;318;319;320;321;322;323;324;337;345;352;353;354;355;363;370;371;372;373;374;375;376;377;378;392;393;400;401;423;430;431;432;433;450;461;462;463;464;465;466;473;474;475;476;477;478;479;480;481;488;489;490;491;492;493;494;495;496
F122022,10,7,7,2859.4387976540493,2700.0,159.43879765404927,27,189,189,151,19.54888391494751,9;16;17;18;19;20;21;22;23;24;38;39;46;47;48;49;50;51;62;63;70;71;72;73;74;75;76;77;78;85;86;87;88;89;100;115;122;123;124;125;126;127;128;129;130;137;138;139;140;141;142;143;144;145;153;154;155;156;157;158;159;160;167;168;169;170;171;172;173;174;175;176;177;184;185;186;187;188;189;190;191;192;199;200;201;202;203;204;205;206;207;214;215;216;217;218;219;220;221;222;229;230;231;232;233;234;235;236;237;245;246;254;261;262;263;264;265;266;267;268;269;278;279;280;281;282;283;284;291;292;293;294;295;296;297;298;299;306;307;308;309;310;311;312;313;314;327;328;329;336;337;338;339;340;341;350;362;363;364;365;366;452;459;460;461;462;463;464;465;466;467;474;475;476;477;478;479;480;481;482;489;490;491;492;493;494;495;496;497
F122022,10,8,8,2926.7101904605993,2700.0,226.71019046059928,27,182,182,140,19.057377815246582,20;33;34;35;42;43;44;45;46;47;48;49;50;57;78;85;86;87;88;96;103;104;105;106;107;108;109;110;111;118;119;120;121;122;123;124;125;126;133;134;135;136;137;138;139;140;141;142;149;150;151;152;153;154;162;169;170;171;172;173;174;175;176;177;178;185;186;187;188;189;190;191;192;193;200;201;202;203;204;205;206;214;225;226;227;228;229;236;237;238;239;240;241;242;243;244;251;252;260;267;268;269;270;271;272;273;274;275;285;286;287;297;298;309;310;311;312;313;333;341;342;343;344;345;346;347;348;355;356;357;358;359;367;377;392;393;400;401;402;403;404;405;406;407;408;415;416;417;418;419;420;421;447;454;455;456;457;458;459;460;461;462;469;470;471;472;473;474;475;476;477;484;485;486;487;488;489;490;491;492;493;500
F122022,10,9,9,2965.360471563735,2700.0,265.3604715637348,31,196,196,186,20.384291648864746,23;35;36;37;38;45;46;47;48;49;50;51;52;53;60;72;88;95;96;97;98;99;100;101;102;103;110;111;112;113;114;115;116;117;118;119;126;127;128;129;130;131;132;133;134;144;145;146;147;148;149;161;162;163;164;171;172;173;174;175;176;177;178;179;193;194;208;209;216;217;218;219;220;221;222;223;224;231;232;233;234;235;236;237;238;239;246;247;248;256;263;264;265;266;267;268;269;270;271;280;281;282;283;284;285;286;293;294;295;296;297;298;299;300;301;308;309;310;311;312;313;314;315;316;326;327;328;329;330;331;338;339;340;341;342;343;344;345;346;353;354;355;356;357;358;359;360;361;368;369;370;371;372;373;374;375;386;400;401;402;403;410;411;412;420;433;434;435;455;462;463;464;465;466;467;468;469;470;477;478;479;480;481;482;483;484;485;492;493;494;495;496;497;498;499;500
F122022,10,10,10,2932.469402153232,2700.0,232.46940215323184,28,145,145,129,15.298956155776978,13;14;21;22;23;24;25;26;27;28;29;36;37;38;39;40;41;42;43;44;51;52;53;54;55;56;57;58;59;69;78;90;91;92;93;100;101;102;103;104;105;106;107;108;125;132;133;134;135;136;137;138;139;140;147;148;149;150;151;152;153;154;155;162;163;164;165;166;167;168;169;170;182;183;184;185;199;200;214;215;230;237;238;239;240;241;242;243;244;245;253;254;255;256;257;258;259;260;278;285;286;287;295;302;303;304;305;306;307;308;309;310;311;318;319;320;321;322;323;324;325;326;327;334;335;336;337;345;367;374;375;387;388;427;462;483;490;491;492;493;494;495;496;497;498
F122022,10,11,11,2843.431002717566,2700.0,143.43100271756612,25,165,165,147,17.50804305076599,11;23;24;25;26;33;34;35;36;37;38;39;40;41;53;54;55;56;63;64;65;66;67;68;69;70;71;78;79;87;112;119;120;121;122;123;124;125;126;127;128;135;136;137;138;139;140;141;142;143;150;151;152;153;154;155;156;157;158;165;166;167;168;169;170;171;172;173;180;181;182;183;184;185;186;187;188;196;197;198;199;200;201;202;203;210;211;212;213;214;215;216;217;218;225;226;227;228;229;230;231;232;233;240;241;242;243;244;245;253;260;261;262;263;264;265;266;267;268;277;285;292;293;294;295;296;297;298;299;300;301;302;309;310;311;312;313;314;315;316;317;318;319;333;341;366;373;374;375;376;377;378;403;482;483;484;491;492;493;494;495;496;497;498;499
F122022,10,12,12,2933.004590832822,2700.0,233.00459083282203,27,188,188,170,19.662748098373413,13;27;28;38;39;47;54;55;56;57;58;59;60;61;62;69;70;71;72;73;74;75;76;86;103;111;112;113;114;115;116;117;118;125;126;127;128;129;130;131;132;133;144;145;146;147;148;155;156;157;158;159;160;161;162;163;170;171;172;173;174;175;176;177;178;185;186;187;188;189;190;191;192;193;194;195;202;203;204;205;206;207;208;209;210;217;218;219;220;221;222;223;232;239;240;241;242;243;244;245;246;247;254;255;256;257;258;259;260;261;262;263;270;271;279;286;287;288;289;290;291;292;293;294;303;304;305;306;307;308;309;316;317;318;319;320;321;322;323;324;331;332;333;334;335;336;344;351;352;353;361;368;369;370;371;372;373;374;375;376;383;384;385;386;387;388;389;390;391;398;465;473;474;475;476;477;478;479;480;487;488;489;490;491;492;493;494;495
F122022,10,13,13,2846.67209498069,2700.0,146.67209498068996,25,145,145,131,15.558428049087524,21;22;29;30;38;45;53;60;61;62;63;64;65;66;67;68;75;76;77;78;79;80;81;82;83;90;91;92;93;94;95;96;97;98;113;120;121;122;123;124;125;126;127;128;135;136;137;138;139;140;141;142;143;150;151;152;153;154;155;156;157;158;165;166;167;168;169;170;171;172;173;180;181;182;183;184;185;186;187;188;195;196;197;198;199;200;201;202;203;204;214;222;229;230;231;232;233;234;235;236;237;244;245;246;247;248;249;250;251;252;269;270;283;284;285;295;296;297;305;312;320;327;328;329;330;331;332;333;334;335;336;356;366;384;397;450;486;493;494;495;496;497;498;499;500
F122022,10,14,14,2890.175282944575,2700.0,190.17528294457497,24,143,143,120,15.42677903175354,11;26;36;37;38;39;50;57;58;59;60;61;62;63;64;65;72;73;74;75;76;77;78;79;80;87;88;89;90;91;101;118;127;128;136;137;138;145;146;147;148;149;150;151;152;153;171;178;179;180;181;182;183;184;185;186;193;194;195;196;197;198;199;200;201;208;209;210;211;223;230;231;232;233;234;235;236;237;238;245;246;247;248;249;250;251;252;253;261;262;263;271;278;279;280;288;295;296;297;298;306;313;314;315;316;317;318;319;320;321;328;329;330;331;332;333;334;335;336;352;353;362;363;364;365;366;367;368;375;376;377;378;379;380;381;382;383;478;485;486;487;488;489
F122022,10,15,15,2965.689584926626,2700.0,265.68958492662614,29,189,189,163,19.651235818862915,10;17;18;19;20;21;22;23;24;25;32;33;34;35;36;37;38;39;40;53;54;55;99;112;113;114;128;129;136;137;138;139;140;141;142;143;144;151;152;153;154;155;156;157;158;159;166;167;168;169;170;171;172;187;194;195;196;197;198;199;200;201;202;209;210;211;212;213;214;215;216;217;218;225;226;227;228;229;237;244;245;246;247;248;249;250;251;252;259;260;261;262;263;264;265;266;267;274;275;276;277;278;279;280;281;282;289;290;291;292;293;294;295;296;297;304;305;306;307;308;309;310;318;332;333;340;341;342;343;344;345;346;347;348;349;350;361;362;363;364;365;372;373;374;375;376;377;378;379;380;393;394;395;396;404;413;420;421;422;423;424;425;426;427;428;429;443;444;445;446;469;476;477;478;479;480;481;482;483;484;491;492;493;494;495;496;497;498;499
F122022,10,16,16,2875.5291909877005,2700.0,175.52919098770053,28,191,191,162,19.685758113861084,9;45;54;55;56;57;58;59;60;67;68;69;70;71;72;73;74;75;82;83;84;85;86;87;88;89;90;97;98;99;100;101;102;103;104;105;106;113;114;115;116;117;118;119;120;121;128;129;130;131;132;133;134;135;136;143;144;145;146;147;148;149;150;151;158;159;160;161;162;163;164;165;166;173;174;175;176;177;178;179;180;181;188;189;190;191;192;193;194;195;196;197;204;205;206;207;208;209;210;211;212;224;225;226;227;234;235;236;237;238;239;240;241;242;249;250;251;252;253;254;255;256;257;258;265;266;267;268;269;270;271;272;273;281;282;283;284;285;286;287;288;300;301;302;303;310;311;312;313;314;315;316;317;318;325;326;327;328;329;330;331;332;333;342;343;344;355;362;363;364;365;373;386;387;388;404;439;475;482;483;484;485;486;487;488;489;490;491;492;499;500
F122022,10,17,17,2844.2753633758966,2700.0,144.27536337589663,28,179,179,142,18.768285036087036,18;25;26;27;28;29;30;31;32;33;40;41;42;43;44;45;46;47;48;55;56;57;58;59;60;61;62;63;70;71;72;73;74;86;93;94;95;96;107;108;119;120;121;122;123;134;135;136;137;138;145;146;147;148;149;150;151;152;153;160;161;162;163;164;165;166;167;168;175;176;177;178;179;180;181;182;183;196;197;206;217;218;219;220;221;228;229;230;231;232;233;234;235;236;243;244;245;246;247;248;249;250;251;258;259;260;261;262;263;264;265;266;267;274;275;276;284;291;292;293;294;295;296;297;298;299;306;307;308;309;310;311;312;313;314;315;322;331;332;339;340;341;342;343;344;345;346;347;348;355;356;357;358;359;360;361;362;363;364;365;373;374;375;376;377;386;407;426;443;484;491;492;493;494;495;496;497;498;499
F122022,10,18,18,2935.606295685425,2700.0,235.6062956854248,27,183,183,142,19.211721420288086,27;34;54;61;62;63;64;65;75;76;84;85;86;87;88;89;90;91;98;99;100;101;114;122;129;130;138;145;146;147;148;149;150;151;152;153;166;167;168;175;176;177;178;179;180;181;182;183;190;191;192;193;194;195;196;197;198;205;206;214;221;222;223;224;225;226;227;228;229;236;237;238;249;256;257;258;259;260;268;275;276;277;278;279;280;281;289;290;291;298;299;300;301;302;303;304;305;306;313;314;315;316;324;331;332;333;334;335;336;337;338;339;340;347;348;349;350;351;352;353;354;355;362;363;364;365;366;367;368;369;370;377;378;379;380;381;382;383;384;385;392;393;394;410;427;439;440;441;442;449;450;451;452;453;454;455;456;457;464;465;466;467;468;469;470;471;472;479;480;481;482;483;484;485;486;487;488;495;496;497;498;499;500
F122022,10,19,19,2883.8524130940746,2700.0,183.85241309407456,25,165,165,146,17.448670148849487,30;38;39;40;57;58;65;66;67;68;69;70;78;79;86;87;88;89;90;91;92;93;94;101;102;103;104;105;106;107;108;116;117;118;132;133;134;135;142;143;144;145;146;147;148;149;150;157;158;159;160;161;162;163;164;165;166;173;174;175;183;184;191;192;193;194;195;196;197;198;199;206;207;215;222;223;224;225;226;227;228;229;230;239;240;241;242;243;244;245;252;253;254;255;256;257;258;259;260;267;268;269;270;271;272;273;274;275;293;300;301;302;303;304;305;313;320;321;322;323;324;325;326;327;328;335;336;337;338;339;347;348;355;363;370;371;372;373;374;375;376;377;378;385;396;408;468;475;476;477;478;479;480;481;482;483;490;491;492;493;494;495;496;497;498
F122022,10,20,20,2865.972616015371,2700.0,165.97261601537093,29,189,189,137,19.632762908935547,19;20;27;28;29;30;31;32;33;34;35;42;43;54;63;64;65;66;67;68;69;82;83;84;91;92;93;94;95;96;97;98;99;106;107;108;109;110;111;112;113;114;121;122;123;124;125;126;127;128;129;143;144;160;167;168;169;170;171;172;173;174;175;176;183;184;185;186;187;188;189;190;191;198;199;200;201;202;203;204;205;206;213;214;215;216;217;218;219;220;221;229;230;231;232;233;234;235;236;243;244;245;246;247;248;249;250;251;258;259;260;261;262;263;264;265;266;267;275;276;277;278;279;280;281;282;283;290;291;292;293;294;295;296;297;306;323;331;332;340;349;350;351;361;362;369;370;371;372;373;374;375;376;377;384;385;386;394;410;430;442;443;444;445;446;453;454;455;462;463;470;471;472;473;474;475;476;477;478;479;486;487;488;489;490;491;492;493;494
F122022,10,21,21,2871.6146197576413,2700.0,171.61461975764132,28,172,172,126,18.166144132614136,14;21;22;23;24;25;26;27;28;29;30;37;38;39;40;41;42;43;44;45;52;53;54;55;56;57;58;59;60;61;80;81;88;89;90;91;92;93;94;95;96;97;98;105;113;120;121;122;123;124;125;126;127;128;141;142;143;150;151;152;153;154;155;156;157;158;169;170;171;172;173;194;227;234;242;255;256;257;264;265;266;267;268;269;277;284;285;286;287;288;289;290;291;292;299;300;301;302;303;304;305;306;307;314;322;323;330;331;332;333;334;335;336;337;338;348;349;350;351;352;360;367;368;369;370;371;372;373;374;384;420;421;428;429;430;437;444;445;446;447;448;449;450;451;452;459;460;461;462;463;464;465;466;467;474;475;476;477;478;479;480;481;482;489;490;491;492;493;494;495;496;497
F122022,10,22,22,2519.9826180437094,2700.0,-180.0173819562906,28,178,178,168,18.576360940933228,16;23;24;25;26;27;28;29;30;31;38;39;40;41;49;58;59;60;61;62;63;64;71;72;73;74;75;76;77;78;79;86;87;88;89;90;91;92;93;108;115;116;124;131;132;133;134;135;136;137;138;139;146;147;148;149;150;151;152;153;154;163;164;165;166;167;168;169;176;177;178;179;180;181;182;183;184;191;192;193;194;195;196;197;198;199;206;207;208;209;210;211;212;213;214;221;222;223;224;225;226;227;228;229;236;237;238;239;240;241;242;243;244;251;252;253;254;255;256;257;258;259;275;282;283;284;285;286;287;288;289;290;304;305;312;313;314;315;316;317;318;319;320;328;329;330;331;332;333;334;335;344;345;346;360;378;385;393;394;401;402;403;404;405;406;407;408;409;416;450;478;479;486;487;488;489;490;498
F122022,10,23,23,2908.89123048121,2700.0,208.8912304812102,29,228,228,178,23.283238172531128,22;29;30;31;32;33;34;35;36;37;44;45;46;47;48;49;50;51;52;59;60;61;62;63;64;65;66;67;74;75;76;77;78;79;80;81;82;83;90;91;92;93;94;95;96;97;98;108;109;110;111;112;113;120;121;122;123;124;125;126;127;128;135;136;137;138;139;159;166;167;168;169;170;171;172;173;174;175;182;183;184;185;186;187;188;189;197;198;205;206;207;208;209;210;211;212;213;220;221;222;223;224;225;226;227;228;235;236;237;238;239;240;241;242;243;250;251;252;253;254;255;256;257;258;265;266;267;268;269;270;271;272;273;280;281;282;283;284;285;286;287;288;295;296;297;298;299;300;301;302;303;304;305;312;313;314;315;316;317;318;319;320;327;328;329;330;331;332;333;334;335;342;343;344;345;346;347;348;349;350;357;358;359;360;361;362;363;364;365;372;373;374;375;376;377;378;379;380;381;388;389;390;391;392;393;394;395;396;406;407;408;409;410;418;437;450;451;452;480;487;488;489;490;491;492;493;494;495
F122022,10,24,24,2874.1059041924236,2700.0,174.10590419242362,24,141,141,119,15.195239067077637,16;42;49;50;51;52;53;54;55;56;57;64;65;66;67;68;69;70;71;72;84;85;86;87;94;95;96;97;98;99;100;101;102;103;110;111;112;113;131;154;161;162;163;164;165;166;167;168;169;176;177;178;179;180;181;182;183;184;185;200;201;212;213;214;215;216;237;251;252;259;260;261;262;263;264;265;266;267;274;275;276;277;278;279;280;281;282;289;290;291;292;293;294;295;296;297;298;305;306;307;308;309;310;311;312;313;327;328;336;337;338;339;340;341;342;343;351;352;360;367;368;369;370;371;372;373;401;402;403;474;484;485;486;487;488;489;496;497;498;499;500
F122022,10,25,25,2894.1347505451554,2700.0,194.13475054515538,30,206,206,166,21.369956016540527,8;27;46;56;57;58;59;60;61;62;75;76;77;91;92;99;100;101;102;103;104;112;113;114;115;122;123;124;125;126;127;128;129;130;137;138;139;140;141;142;143;144;145;152;153;154;155;156;157;158;159;160;167;168;169;170;171;172;173;174;175;185;186;187;188;189;190;191;198;199;200;201;202;203;204;205;206;213;214;215;216;217;218;219;220;221;233;234;235;236;243;244;245;246;247;248;249;250;251;252;259;260;261;262;263;264;265;266;267;274;275;276;277;278;279;280;281;282;289;290;291;292;293;294;295;296;297;304;305;306;307;308;309;310;311;312;313;320;321;322;323;324;325;326;327;328;335;336;337;338;339;340;341;342;343;350;351;352;353;354;355;356;357;358;365;366;367;368;369;370;371;372;373;380;381;382;383;384;392;393;409;410;411;412;423;424;432;468;475;476;477;478;479;480;481;482;483;490;491;492;493;494;495;496;497;498
F122022,10,26,26,2838.630746945165,2700.0,138.6307469451649,23,143,143,107,15.429044246673584,17;29;30;77;78;97;104;105;106;107;108;109;110;111;112;119;120;121;122;123;124;125;126;127;128;135;136;137;138;139;140;141;142;143;154;155;156;157;158;165;166;167;168;169;170;171;179;189;190;191;192;193;194;201;202;203;204;205;206;207;208;209;216;217;218;219;220;221;222;223;224;251;264;265;266;273;274;275;276;277;278;279;280;281;282;290;291;292;293;294;295;296;297;304;305;306;307;308;309;310;311;312;320;321;322;323;324;325;326;327;334;335;336;337;338;347;355;364;371;372;373;374;375;383;393;406;445;465;475;476;477;478;479;480;487;488;489;490;491;492;493;494;495
F122022,10,27,27,2962.386999769823,2700.0,262.386999769823,28,224,224,184,22.964386224746704,19;20;27;28;29;30;31;32;33;34;35;36;43;44;45;46;47;48;49;50;51;58;59;60;61;62;63;64;65;66;67;74;75;76;77;78;79;80;81;82;89;90;91;92;93;94;95;96;97;104;105;106;107;108;109;110;111;124;131;132;133;134;142;143;144;151;152;153;154;155;156;157;158;159;166;167;168;176;183;184;185;186;187;188;189;190;191;198;199;200;201;202;203;204;205;206;213;214;215;216;217;218;219;220;221;228;229;230;231;232;233;234;235;236;243;244;245;246;247;248;249;250;251;258;259;260;261;262;263;264;265;266;273;274;275;276;277;278;279;280;281;288;289;290;291;292;293;294;295;296;303;304;305;306;307;308;309;310;318;325;333;340;341;342;343;344;345;359;366;367;368;369;370;371;372;373;386;393;394;395;396;397;398;399;400;401;414;415;416;417;424;425;426;427;428;429;430;431;432;439;440;441;442;443;444;445;446;447;460;474;481;482;483;484;485;486;487;488;489;496;497;498;499;500
F122022,10,28,28,2865.695387326965,2700.0,165.69538732696492,25,181,181,150,18.943694829940796,39;72;79;80;81;82;83;84;85;86;87;94;95;96;97;98;99;100;101;102;109;110;111;112;113;114;115;116;117;118;125;126;127;128;129;130;131;132;133;134;135;142;143;144;145;146;147;148;149;150;157;158;159;160;161;162;163;164;165;172;173;174;175;176;177;178;179;180;187;188;189;190;191;192;193;194;195;202;203;204;205;206;207;208;209;210;217;218;219;220;221;222;223;224;225;232;233;234;235;236;237;238;239;240;247;248;249;250;251;252;253;254;255;262;263;264;265;266;267;268;269;270;277;278;279;280;281;282;283;284;285;292;293;294;295;296;297;298;299;300;307;308;309;310;311;312;313;314;315;323;324;325;326;327;328;329;330;341;342;354;361;362;363;380;381;390;391;392;393;394;395;396;407;408;409;410;411;425;426;478;479
F122022,10,29,29,2864.0736570239324,2700.0,164.07365702393236,23,151,151,123,16.074435234069824,12;60;61;68;69;70;71;72;73;74;75;76;83;84;85;86;87;88;89;90;91;92;105;106;114;121;122;123;124;125;126;127;128;129;137;138;139;140;141;142;143;144;151;152;153;154;155;156;157;158;159;166;167;168;169;170;171;172;173;174;181;182;183;184;185;186;187;188;189;197;198;199;200;201;202;203;204;211;212;213;214;215;216;217;218;219;226;227;228;229;238;239;246;247;248;249;250;251;252;253;259;266;267;268;269;270;278;286;287;288;289;297;304;305;306;307;308;316;323;324;325;326;327;328;329;330;331;338;348;355;356;357;358;359;360;361;362;363;374;375;401;471;478;479;480;481;482;483;484;485;486
F122022,10,30,30,2850.5574642123956,2700.0,150.55746421239564,24,146,146,119,15.427327871322632,10;18;19;20;21;22;23;24;25;26;33;34;35;36;37;38;39;40;41;48;49;50;51;52;53;54;55;56;57;68;69;70;71;72;80;87;88;89;90;91;92;93;94;95;102;103;104;105;106;107;108;109;110;117;118;119;120;121;122;123;124;125;132;133;134;135;136;137;145;152;153;154;155;156;157;158;159;160;161;171;172;173;174;182;183;190;191;192;193;201;208;209;210;211;212;213;214;215;216;238;252;253;260;261;262;263;264;265;266;267;268;278;279;280;281;282;283;302;309;310;311;312;313;314;315;316;317;324;325;326;334;346;347;348;349;350;351;381;478;485;486;487;488;489;490;498
