dimension,rank,function,mean,std,best,worst
10,1,F22022,544.4886779171446,79.92993051718932,487.9696820286705,601.0076738056188
10,2,F12022,3912.865796368901,574.3411836476281,3506.7452506969553,4318.986342040847
