function,dimension,run_id,seed,best_fitness,global_optimum,error_to_optimum,rescues_applied,diagnostics_invoked,diagnostics_invocation_count,positive_diagnosis_count,runtime_sec,diagnostics_invocation_iterations
F12022,10,1,1,4318.986342040847,300.0,4018.9863420408474,0,0,0,0,0.03649616241455078,
F12022,10,2,2,3506.7452506969553,300.0,3206.7452506969553,0,0,0,0,0.03665804862976074,
F22022,10,1,1,487.9696820286705,400.0,87.96968202867049,0,0,0,0,0.04231977462768555,
F22022,10,2,2,601.0076738056188,400.0,201.00767380561877,0,0,0,0,0.08091187477111816,
