function,dimension,runs,global_optimum,best,worst,mean,median,std,mean_error_to_optimum,mean_runtime_sec,mean_rescues,mean_diagnostics_invoked,mean_positive_diagnosis
F12022,10,2,300.0,3506.7452506969553,4318.986342040847,3912.865796368901,3912.865796368901,574.3411836476281,3612.865796368901,0.03657710552215576,0.0,0.0,0.0
F22022,10,2,400.0,487.9696820286705,601.0076738056188,544.4886779171446,544.4886779171446,79.92993051718932,144.48867791714463,0.061615824699401855,0.0,0.0,0.0
