dimension,rank,function,mean,std,best,worst
10,1,F12022,889.0539505153641,0.0,889.0539505153641,889.0539505153641
