dimension,rank,function,mean,std,best,worst
10,1,F22022,631.8074372058909,101.61051945804986,559.9579498572161,703.6569245545655
10,2,F12022,4448.081672732404,663.8678034658963,3978.6562470902504,4917.507098374557
