function,dimension,run_id,seed,best_fitness,global_optimum,error_to_optimum,rescues_applied,diagnostics_invoked,diagnostics_invocation_count,positive_diagnosis_count,runtime_sec,diagnostics_invocation_iterations
F12022,10,1,1,4917.507098374557,300.0,4617.507098374557,0,0,0,0,0.04542899131774902,
F12022,10,2,2,3978.6562470902504,300.0,3678.6562470902504,0,0,0,0,0.03470802307128906,
F22022,10,1,1,559.9579498572161,400.0,159.95794985721614,0,0,0,0,0.04095172882080078,
F22022,10,2,2,703.6569245545655,400.0,303.65692455456553,0,0,0,0,0.041552066802978516,
