function,dimension,runs,global_optimum,best,worst,mean,median,std,mean_error_to_optimum,mean_runtime_sec,mean_rescues,mean_diagnostics_invoked,mean_positive_diagnosis
F12022,10,2,300.0,3978.6562470902504,4917.507098374557,4448.081672732404,4448.081672732404,663.8678034658963,4148.081672732404,0.04006850719451904,0.0,0.0,0.0
F22022,10,2,400.0,559.9579498572161,703.6569245545655,631.8074372058909,631.8074372058909,101.61051945804986,231.80743720589084,0.04125189781188965,0.0,0.0,0.0
