dimension,rank,function,mean,std,best,worst
10,1,F12022,5725.444604413167,0.0,5725.444604413167,5725.444604413167
