dimension,rank,function,mean,std,best,worst
10,1,F22022,647.1931727460388,0.0,647.1931727460388,647.1931727460388
10,2,F12022,4555.155278961834,0.0,4555.155278961834,4555.155278961834
