function,dimension,runs,global_optimum,best,worst,mean,median,std,mean_error_to_optimum,mean_runtime_sec,mean_rescues,mean_diagnostics_invoked,mean_positive_diagnosis
F12022,10,1,300.0,4555.155278961834,4555.155278961834,4555.155278961834,4555.155278961834,0.0,4255.155278961834,0.03659391403198242,0.0,0.0,0.0
F22022,10,1,400.0,647.1931727460388,647.1931727460388,647.1931727460388,647.1931727460388,0.0,247.19317274603884,0.016330957412719727,0.0,0.0,0.0
