dimension,rank,function,mean,std,best,worst
10,1,F22022,440.9531096016865,43.74175763229668,410.0230161588711,471.8832030445019
10,2,F12022,557.3898839651004,169.24720632905508,437.7140366729467,677.0657312572539
