function,dimension,run_id,seed,best_fitness,global_optimum,error_to_optimum,rescues_applied,diagnostics_invoked,diagnostics_invocation_count,positive_diagnosis_count,runtime_sec,diagnostics_invocation_iterations
F12022,10,1,1,677.0657312572539,300.0,377.0657312572539,0,0,0,0,0.019366741180419922,
F12022,10,2,2,437.7140366729467,300.0,137.7140366729467,0,0,0,0,0.0074841976165771484,
F22022,10,1,1,410.0230161588711,400.0,10.023016158871087,0,0,0,0,0.01101374626159668,
F22022,10,2,2,471.8832030445019,400.0,71.8832030445019,0,0,0,0,0.010925054550170898,
