function,dimension,runs,global_optimum,best,worst,mean,median,std,mean_error_to_optimum,mean_runtime_sec,mean_rescues,mean_diagnostics_invoked,mean_positive_diagnosis
F12022,10,2,300.0,437.7140366729467,677.0657312572539,557.3898839651004,557.3898839651004,169.24720632905508,257.3898839651003,0.013425469398498535,0.0,0.0,0.0
F22022,10,2,400.0,410.0230161588711,471.8832030445019,440.9531096016865,440.9531096016865,43.74175763229668,40.95310960168649,0.010969400405883789,0.0,0.0,0.0
