function,dimension,run_id,seed,best_fitness,global_optimum,error_to_optimum,rescues_applied,diagnostics_invoked,diagnostics_invocation_count,positive_diagnosis_count,runtime_sec,diagnostics_invocation_iterations
F12022,10,1,1,433.265427673485,300.0,133.26542767348502,16,149,149,38,3.6012930870056152,13;55;56;57;58;72;73;87;88;89;90;98;99;100;101;102;103;104;117;118;119;126;127;128;129;130;131;132;133;134;141;142;143;144;145;146;147;148;149;150;151;152;153;154;155;156;157;158;159;188;189;190;191;192;193;194;195;202;203;204;205;206;207;208;209;210;217;218;219;220;221;222;223;231;244;245;246;247;254;255;256;257;258;259;260;261;262;269;270;271;272;273;281;282;290;291;292;293;294;295;296;297;298;299;300;301;319;320;321;322;323;337;338;339;340;341;342;343;350;351;352;353;354;355;356;357;358;359;371;372;413;477;478;479;486;487;488;489;490;491;492;493;494;495;496;497;498;499;500
F12022,10,2,2,359.1605418868851,300.0,59.160541886885085,9,89,89,18,1.6519701480865479,18;45;46;110;111;118;119;120;121;122;123;131;132;133;134;148;149;150;151;152;153;154;155;156;157;158;159;160;173;174;175;176;177;178;179;187;212;213;221;222;223;224;231;232;233;234;235;236;237;238;239;249;250;251;258;259;260;261;262;263;264;265;266;280;281;282;283;284;285;286;287;295;296;297;304;305;306;307;308;309;310;311;312;344;345;346;488;489;490
F12022,10,3,3,543.6844800135502,300.0,243.68448001355023,9,93,93,23,1.7109920978546143,49;56;57;58;59;60;61;62;71;72;85;86;87;105;106;107;114;115;116;117;125;136;137;138;139;140;141;142;149;150;151;152;153;154;155;156;157;164;165;166;167;179;180;188;195;196;197;198;199;200;201;202;203;204;205;206;207;208;209;210;217;218;219;220;221;222;223;224;225;226;227;228;229;236;237;238;239;240;241;242;250;251;277;286;287;288;289;487;488;489;490;491;492
F12022,10,4,4,2507.0302245481375,300.0,2207.0302245481375,8,106,106,13,1.8979852199554443,46;47;48;49;50;51;52;53;54;55;56;57;58;59;60;61;62;63;64;71;72;73;74;75;76;77;78;79;96;97;98;99;100;101;102;103;104;105;106;107;108;109;110;111;112;113;114;115;116;117;118;119;120;121;122;123;124;125;126;134;135;136;143;144;145;146;147;197;198;199;200;201;202;217;218;219;226;227;228;229;230;231;232;233;234;243;244;251;252;253;254;267;268;269;289;290;291;292;293;294;295;296;323;330;491;492
F12022,10,5,5,496.49739732477565,300.0,196.49739732477565,11,114,114,18,2.017103910446167,26;42;53;54;55;62;70;71;72;79;80;81;82;83;84;85;86;87;88;89;96;97;98;99;100;101;102;103;104;105;106;107;108;109;110;111;112;113;114;115;116;131;132;140;141;142;143;144;145;146;153;154;155;156;157;158;170;191;192;193;194;201;202;203;204;205;206;207;208;209;210;211;212;213;220;221;222;223;224;225;226;227;235;245;246;247;248;249;250;251;252;253;254;255;256;257;258;259;260;279;287;288;289;290;291;292;293;294;335;336;337;498;499;500
F12022,10,6,6,366.15218770412986,300.0,66.15218770412986,15,90,90,25,1.6716580390930176,34;82;83;90;91;92;93;94;95;96;97;98;99;109;110;111;112;113;114;115;122;123;124;125;126;127;128;129;130;131;132;133;134;135;136;137;144;145;146;147;148;149;150;151;152;159;160;161;181;182;183;184;185;202;203;204;211;242;256;257;258;259;266;267;277;289;290;291;292;293;309;310;311;322;323;324;325;339;340;360;375;376;398;476;477;484;485;486;494;495
F12022,10,7,7,404.76479806665765,300.0,104.76479806665765,11,85,85,17,1.5954930782318115,35;36;50;51;52;53;54;55;56;57;58;59;73;74;75;82;83;84;85;86;87;88;89;90;91;92;93;94;95;96;97;98;99;116;135;136;137;138;145;146;147;155;156;157;158;159;166;167;168;169;170;171;172;173;174;175;176;177;184;185;186;187;195;196;197;198;199;200;201;202;203;232;244;245;246;247;248;262;263;348;373;374;398;399;473
F12022,10,8,8,367.150222294336,300.0,67.150222294336,8,74,74,12,1.4377188682556152,25;26;27;28;29;30;31;32;57;66;73;98;99;110;122;123;124;125;126;127;128;129;137;138;139;140;141;142;149;150;151;152;153;154;155;156;157;158;159;160;161;168;169;170;171;172;173;174;175;176;183;184;185;186;187;188;189;190;191;192;193;194;195;196;225;226;262;263;264;265;266;476;491;492
F12022,10,9,9,422.53037130344876,300.0,122.53037130344876,9,93,93,16,1.715864896774292,36;37;58;59;60;61;62;63;85;93;94;95;96;97;108;109;110;111;112;113;114;115;116;117;118;129;130;131;153;154;161;162;163;164;165;166;167;168;169;170;171;172;173;174;175;176;177;178;185;186;187;188;189;190;191;192;193;194;195;196;197;198;199;200;201;202;203;204;211;212;213;214;215;216;217;218;219;220;221;222;308;316;351;352;353;354;355;477;478;492;493;494;495
F12022,10,10,10,359.53318111500187,300.0,59.53318111500187,12,100,100,14,1.818946123123169,35;36;37;38;39;40;41;42;43;44;45;70;71;72;73;87;88;89;96;97;98;99;114;115;122;123;124;125;126;127;128;129;130;131;132;139;140;141;142;143;144;145;146;147;164;165;166;167;168;169;183;184;185;193;194;195;196;197;213;221;229;230;231;232;233;234;235;236;237;238;239;246;247;248;249;250;251;311;312;332;333;334;369;370;385;398;399;400;401;402;474;475;476;477;489;490;491;492;499;500
F12022,10,11,11,396.33157636742226,300.0,96.33157636742226,8,93,93,10,1.7193772792816162,38;39;40;41;42;43;44;45;46;61;62;73;74;75;76;77;91;98;99;100;101;102;103;104;105;106;120;121;122;123;124;137;155;156;157;158;159;160;176;177;178;179;180;181;189;190;191;192;199;200;201;202;210;211;212;234;235;236;249;257;258;296;297;298;307;308;309;310;311;312;325;326;327;328;329;428;463;473;480;481;482;483;484;485;486;487;488;489;490;491;492;493;494
F12022,10,12,12,357.70571841650496,300.0,57.705718416504965,14,55,55,19,1.1613519191741943,29;41;61;84;85;103;116;117;118;147;148;149;169;170;171;181;197;211;212;213;231;239;240;241;242;243;244;245;246;247;248;249;250;262;263;264;265;266;282;301;302;303;313;314;315;316;317;318;319;333;334;345;346;347;500
F12022,10,13,13,422.7250400909653,300.0,122.72504009096531,11,93,93,16,1.7113590240478516,40;41;52;53;54;55;56;57;58;59;60;61;85;86;87;116;117;118;119;126;127;128;129;130;131;132;133;134;135;136;137;138;139;146;147;148;149;150;151;152;153;154;155;156;173;174;175;176;177;178;179;180;181;243;244;252;267;268;276;277;278;288;295;307;308;309;310;311;312;313;314;349;350;363;364;477;478;479;480;481;482;483;484;485;486;487;488;489;490;491;492;493;500
F12022,10,14,14,409.3855491183473,300.0,109.38554911834729,7,102,102,15,1.8449478149414062,47;69;70;71;78;79;80;89;90;91;92;93;94;95;96;97;98;99;108;109;129;130;131;132;133;134;142;143;144;145;146;163;207;208;216;217;218;219;226;227;228;243;244;245;246;247;248;249;257;258;259;260;261;262;263;264;265;266;267;268;269;270;271;272;273;274;281;282;283;284;285;286;287;288;289;296;297;298;299;300;316;317;318;319;320;335;479;480;481;482;483;484;485;486;493;494;495;496;497;498;499;500
F12022,10,15,15,426.5087392462627,300.0,126.50873924626268,13,79,79,20,1.5141329765319824,41;42;68;69;101;102;109;110;111;112;122;137;138;139;140;141;142;143;164;165;166;167;184;185;186;187;194;207;208;209;210;211;224;236;237;238;239;240;241;252;253;260;261;262;263;264;265;266;267;268;309;316;317;318;319;320;321;322;331;360;361;362;363;364;469;470;471;472;479;480;481;482;483;484;485;486;487;488;500
F12022,10,16,16,465.6734032381203,300.0,165.67340323812027,8,78,78,13,1.4916000366210938,52;53;61;62;63;64;65;72;73;74;75;76;77;78;79;80;81;88;89;90;91;92;93;94;95;96;97;98;99;100;124;125;126;127;128;129;130;151;152;153;154;168;183;184;195;196;235;242;250;266;267;280;281;282;283;298;299;300;331;332;333;334;335;336;337;338;339;353;354;362;468;469;470;471;472;480;488;489
F12022,10,17,17,473.4814750361466,300.0,173.4814750361466,12,100,100,21,1.8162188529968262,39;40;55;63;74;75;87;88;89;90;91;92;93;110;111;112;113;114;115;116;117;130;144;145;162;163;164;165;166;167;168;169;170;177;178;179;180;181;182;183;184;185;186;187;188;200;201;202;203;204;211;212;213;214;215;216;217;218;219;220;227;228;229;230;231;232;233;234;235;236;237;252;253;260;274;339;395;465;466;474;475;476;477;478;479;480;481;482;483;484;485;486;487;488;495;496;497;498;499;500
F12022,10,18,18,420.6673654909845,300.0,120.66736549098448,11,124,124,25,2.1649839878082275,39;40;41;42;43;44;45;46;47;48;49;50;51;52;72;73;74;81;82;83;84;85;86;87;88;89;103;104;111;112;113;114;115;116;117;118;119;132;133;134;135;136;137;138;139;146;147;148;149;150;151;152;153;154;155;162;163;164;165;166;167;168;169;170;171;172;173;174;175;187;188;189;190;191;192;210;217;218;219;236;237;257;258;259;260;261;262;263;264;265;266;267;268;269;277;278;279;280;281;329;330;331;332;343;344;345;346;347;348;356;357;358;359;400;401;486;487;488;489;490;497;498;499;500
F12022,10,19,19,429.9527434424509,300.0,129.95274344245092,14,48,48,17,1.0582149028778076,30;45;65;95;104;111;112;126;139;140;141;142;149;157;170;171;172;173;180;181;182;183;184;185;186;187;188;189;190;191;217;224;225;226;227;242;243;264;276;284;292;293;312;331;332;360;483;495
F12022,10,20,20,471.0330532690744,300.0,171.0330532690744,9,65,65,11,1.3029570579528809,15;54;70;71;72;73;74;75;76;77;84;92;93;94;102;103;104;105;118;119;120;121;129;136;137;138;139;140;141;156;157;158;181;188;189;190;191;192;193;201;202;209;210;211;212;213;245;246;247;268;269;337;349;350;484;485;486;487;488;489;490;491;492;493;500
F12022,10,21,21,406.67303046774174,300.0,106.67303046774174,12,126,126,21,2.1899735927581787,48;49;50;51;52;53;54;70;71;96;97;98;121;122;129;130;131;132;133;134;135;136;137;138;139;140;141;142;143;144;145;146;147;165;176;177;178;179;180;181;182;194;195;196;197;198;199;200;201;202;203;204;205;206;227;228;229;230;231;232;233;234;244;245;246;247;248;249;250;251;252;253;264;265;266;267;268;269;280;281;282;283;290;291;292;293;294;295;296;304;305;312;313;314;315;316;317;318;319;320;321;322;337;344;345;346;347;348;349;350;351;352;353;354;355;356;357;358;359;493;494;495;496;497;498;499
F12022,10,22,22,511.20976464063335,300.0,211.20976464063335,10,93,93,21,1.7089447975158691,53;64;65;66;67;68;69;70;77;78;79;80;88;89;107;108;109;110;111;112;113;114;115;122;130;137;138;139;140;141;154;155;156;163;164;165;166;167;168;169;170;171;172;173;189;190;197;198;199;200;201;202;203;204;205;206;213;214;215;216;217;218;219;220;221;222;223;224;243;263;264;265;266;267;268;269;270;271;272;279;280;281;282;283;284;285;490;491;492;493;494;495;496
F12022,10,23,23,573.1648131326574,300.0,273.1648131326574,10,58,58,14,1.203484296798706,24;36;37;38;39;52;53;54;74;75;101;102;103;104;105;106;120;138;139;151;163;164;165;166;183;184;185;186;221;222;223;224;225;226;227;234;235;236;237;238;239;240;241;249;250;260;261;268;269;270;271;292;293;294;295;296;303;487
F12022,10,24,24,490.74292074961124,300.0,190.74292074961124,7,70,70,13,1.3727872371673584,40;41;61;62;63;64;65;66;67;68;69;70;81;82;96;97;98;99;106;107;108;109;110;111;112;113;114;115;116;117;118;119;120;127;128;129;130;131;132;133;134;135;136;137;138;139;140;141;148;149;150;151;152;153;154;155;156;164;165;176;177;178;208;215;216;217;218;219;261;262
F12022,10,25,25,448.98184582742755,300.0,148.98184582742755,9,94,94,12,1.7246298789978027,32;57;70;71;72;73;74;82;83;84;85;86;87;96;97;98;99;100;101;102;109;110;111;112;113;114;115;132;133;134;135;136;137;138;139;140;141;142;143;164;165;166;167;168;169;207;208;215;216;217;218;219;220;221;222;223;224;225;226;227;228;240;254;273;274;275;276;277;289;290;291;292;299;300;301;328;336;337;338;339;347;354;355;356;357;358;473;474;482;483;491;498;499;500
F12022,10,26,26,370.4720023529892,300.0,70.4720023529892,8,69,69,11,1.3589167594909668,13;44;45;46;59;75;76;77;78;86;94;95;96;97;98;99;100;101;102;103;104;105;106;124;125;138;139;140;147;148;149;150;151;152;153;154;155;163;164;165;166;167;174;189;190;191;199;211;212;213;214;215;216;217;225;233;234;235;236;243;244;260;261;306;307;400;498;499;500
F12022,10,27,27,465.550231398641,300.0,165.55023139864102,9,86,86,16,1.6027467250823975,43;44;45;53;54;63;64;65;76;77;78;79;80;93;94;95;96;97;98;99;100;101;102;103;104;128;158;159;160;185;186;208;209;210;211;212;213;214;221;222;223;224;225;226;241;242;243;256;257;258;259;260;261;262;263;275;276;277;278;279;280;281;288;289;290;291;292;293;301;302;303;338;339;340;341;342;377;486;493;494;495;496;497;498;499;500
F12022,10,28,28,411.6870794516982,300.0,111.6870794516982,13,88,88,27,1.6349210739135742,30;31;32;50;63;64;65;66;67;68;69;70;71;78;79;80;91;92;99;100;101;102;103;104;115;116;123;124;136;176;177;178;185;186;187;188;196;243;244;245;252;253;254;255;256;257;258;259;260;261;268;269;270;271;272;273;281;282;297;298;299;300;308;309;316;317;318;319;320;334;335;336;350;372;373;374;375;376;377;486;487;488;495;496;497;498;499;500
F12022,10,29,29,467.32194695425915,300.0,167.32194695425915,9,59,59,13,1.210066795349121,48;49;50;51;64;65;74;82;83;143;154;168;185;186;200;208;209;210;211;212;213;220;221;222;223;224;225;226;227;228;229;230;231;232;233;234;235;236;237;248;249;250;251;279;326;336;480;481;488;489;490;491;492;493;494;495;496;497;498
F12022,10,30,30,478.0488142845369,300.0,178.0488142845369,10,79,79,14,1.501694917678833,16;17;18;27;28;29;30;37;45;84;92;93;94;95;96;111;112;119;120;121;122;123;124;125;126;127;135;136;145;146;147;148;149;150;151;152;153;161;162;163;170;171;188;189;204;205;218;219;220;221;222;223;224;225;226;227;237;244;245;246;247;248;249;250;251;252;260;268;269;270;271;485;486;487;488;489;490;491;500
F22022,10,1,1,449.55765743709514,400.0,49.557657437095145,18,101,101,76,2.2039060592651367,11;34;35;60;61;74;75;76;77;84;85;86;87;88;89;90;91;99;100;107;108;109;110;111;112;120;132;133;141;154;155;156;157;164;165;166;167;168;169;170;171;172;179;180;181;182;183;184;185;186;187;200;201;202;203;204;211;212;213;214;215;216;217;218;219;226;227;228;229;230;231;232;233;234;235;242;243;244;245;246;247;248;249;250;251;258;259;260;261;262;263;264;265;266;273;274;286;287;298;310;480
F22022,10,2,2,536.2393855597102,400.0,136.23938555971017,18,90,90,77,2.007385015487671,55;62;63;64;65;66;67;68;69;70;84;85;86;95;96;97;98;115;134;148;149;156;157;158;159;160;161;162;163;164;171;172;173;174;175;176;177;178;179;186;187;188;196;203;211;218;219;220;221;222;223;224;225;226;234;235;236;237;238;239;240;241;248;249;250;251;252;253;254;255;256;269;270;271;278;279;287;303;310;311;312;313;314;315;316;317;325;332;347;491
F22022,10,3,3,426.7320801381704,400.0,26.732080138170375,17,83,83,57,1.8825979232788086,26;27;35;42;43;44;45;80;91;92;93;94;95;102;103;104;105;113;120;121;122;123;124;125;126;127;128;135;136;137;138;139;140;141;142;143;168;175;176;190;205;206;213;214;215;216;217;218;219;220;221;233;234;235;236;243;244;245;246;247;248;249;250;251;298;320;334;356;357;475;476;483;484;485;486;487;488;489;490;491;498;499;500
F22022,10,4,4,439.03324345157284,400.0,39.033243451572844,17,109,109,49,2.3431220054626465,50;51;52;53;54;55;56;63;64;65;66;67;78;85;86;87;88;89;90;91;92;93;94;104;105;106;107;108;109;110;117;118;126;127;128;129;130;131;138;139;140;141;142;143;144;145;146;147;154;155;156;157;158;159;160;161;162;169;170;171;172;173;174;175;176;177;178;179;188;189;190;221;231;232;233;234;235;236;257;264;272;273;274;275;284;285;286;287;288;289;290;291;292;303;304;305;306;307;319;320;321;367;470;482;483;490;491;492;500
F22022,10,5,5,406.82717689174007,400.0,6.827176891740066,18,101,101,66,2.204374074935913,9;41;53;61;68;69;70;71;72;73;74;75;76;83;84;85;86;87;95;96;103;104;105;106;107;108;109;110;111;118;119;120;121;122;123;124;125;126;127;128;129;130;143;144;145;157;158;159;160;161;168;169;170;171;172;173;174;175;176;190;191;198;199;200;201;202;203;204;221;222;229;230;245;252;263;275;276;277;278;285;286;287;288;289;290;305;306;307;308;336;471;478;479;480;481;482;483;484;485;486;496
F22022,10,6,6,454.08397281925346,400.0,54.08397281925346,23,166,166,98,3.350069999694824,20;33;34;35;36;37;60;61;62;69;70;71;72;73;74;75;76;77;85;86;87;88;89;97;98;99;106;107;108;109;129;136;137;138;139;140;141;142;143;144;145;152;153;154;155;156;157;158;159;160;167;168;169;170;171;172;173;174;182;194;195;196;197;205;206;207;208;209;210;226;233;234;235;236;237;238;239;240;254;255;256;257;258;265;266;267;268;269;270;271;272;273;274;285;296;304;311;312;313;314;315;316;317;318;319;331;332;333;334;341;342;343;344;345;346;347;348;349;350;351;367;368;375;376;377;378;379;380;391;411;418;429;443;444;451;452;453;454;455;456;457;458;459;466;467;468;469;470;471;472;473;474;481;482;483;484;485;486;487;488;489;490;491;492;499;500
F22022,10,7,7,403.60967780865866,400.0,3.6096778086586596,21,101,101,67,2.2012522220611572,44;69;76;77;78;79;80;81;82;83;84;85;92;93;94;95;96;97;98;99;100;101;102;109;110;111;112;113;114;115;116;117;118;125;126;135;146;147;148;149;150;151;158;159;160;161;162;163;164;165;166;167;168;183;193;194;195;196;197;198;209;210;211;212;213;223;224;225;226;227;228;235;236;237;238;239;240;241;242;243;244;251;259;260;274;275;282;301;302;316;337;452;467;480;481;482;483;484;498;499;500
F22022,10,8,8,401.1749266679215,400.0,1.1749266679215111,22,141,141,82,2.9092981815338135,9;16;17;18;19;20;21;22;23;24;32;33;34;35;36;44;60;85;86;93;94;95;96;110;111;118;119;120;121;122;123;124;125;126;127;134;135;136;137;138;139;140;141;142;143;157;158;159;160;161;162;174;175;183;184;191;192;193;194;195;196;197;198;199;200;207;208;209;210;211;212;213;222;229;230;231;232;233;234;235;236;237;238;239;246;261;262;269;270;271;272;273;274;282;283;290;291;292;293;294;295;296;297;298;305;319;326;327;328;329;330;331;332;333;334;346;347;355;356;438;451;464;471;472;473;474;475;476;477;478;479;486;487;488;489;490;491;492;493;494;495
F22022,10,9,9,420.20394917746853,400.0,20.20394917746853,14,50,50,36,1.299659013748169,26;35;36;37;83;84;107;114;115;116;117;118;119;120;121;122;132;133;134;135;143;150;151;152;171;185;186;187;195;196;197;198;217;224;225;233;256;263;264;265;295;296;322;475;484;485;486;487;496;497
F22022,10,10,10,408.6896190169987,400.0,8.689619016998677,15,71,71,46,1.6741960048675537,70;77;78;79;80;81;82;106;107;114;115;116;117;118;119;120;121;122;123;133;134;135;136;137;138;145;146;147;148;149;150;151;152;153;167;191;198;199;200;201;202;203;204;205;206;213;214;215;216;217;218;219;220;221;229;230;231;232;233;234;235;236;249;250;251;259;274;312;383;479;495
F22022,10,11,11,401.83847925951784,400.0,1.8384792595178396,16,81,81,45,1.852715015411377,61;68;69;70;71;81;88;89;90;91;92;93;94;95;96;103;104;105;106;107;108;109;110;111;112;125;126;127;134;135;136;137;138;139;140;141;142;143;144;151;152;153;154;162;163;174;175;176;177;178;191;220;227;228;229;238;245;246;247;265;283;284;303;419;459;473;474;481;482;483;484;485;486;487;488;489;496;497;498;499;500
F22022,10,12,12,434.4885128240146,400.0,34.488512824014606,20,103,103,73,2.2537569999694824,27;40;41;42;49;50;51;52;53;54;62;69;70;71;72;73;74;75;76;77;78;85;86;87;88;89;90;91;92;93;94;95;96;103;104;105;106;107;128;129;136;144;145;155;169;170;177;178;179;180;181;195;203;204;205;206;207;208;209;210;217;218;219;220;221;222;223;224;225;232;233;234;235;236;237;238;239;240;247;248;249;250;251;252;260;274;275;282;295;302;317;318;319;320;321;360;361;396;477;478;492;493;500
F22022,10,13,13,525.1972590807769,400.0,125.19725908077692,19,85,85,55,1.928393840789795,43;60;67;77;84;85;103;123;124;131;132;133;134;135;136;150;157;165;172;173;174;175;176;177;178;179;180;181;189;190;191;192;209;216;217;218;219;220;221;222;223;224;237;238;239;246;247;255;266;267;268;269;270;277;278;279;280;281;282;283;284;285;304;311;312;313;314;315;316;317;318;319;326;327;328;360;473;480;481;482;483;484;492;493;500
F22022,10,14,14,400.59157604411826,400.0,0.5915760441182556,19,129,129,76,2.708904981613159,14;15;22;23;24;25;46;54;55;62;63;64;65;66;67;68;69;70;86;93;94;95;96;97;98;99;100;118;119;120;121;122;129;130;131;132;133;134;135;136;137;152;159;160;161;162;163;164;165;166;167;168;175;176;177;178;179;180;181;182;183;184;191;192;193;194;195;196;197;198;199;208;209;210;211;212;213;228;229;230;231;245;246;247;248;249;259;260;261;262;263;271;278;279;280;281;282;283;297;306;307;327;380;429;430;431;456;464;465;466;467;468;469;470;471;472;473;474;481;482;483;484;485;486;487;488;489;490;491
F22022,10,15,15,473.18977329543463,400.0,73.18977329543463,22,110,110,67,2.371128797531128,25;56;63;64;65;66;67;77;78;85;86;87;88;89;90;91;92;93;94;101;102;103;104;112;113;120;121;122;123;124;125;126;127;128;129;130;131;138;139;140;141;142;143;144;160;161;162;169;170;171;172;173;174;175;176;177;178;185;186;187;188;198;216;227;228;229;230;231;232;239;240;241;242;250;257;258;259;260;261;262;263;264;265;266;273;274;290;303;318;326;327;328;329;330;331;339;364;365;397;412;441;442;460;464;482;483;484;491;492;493
F22022,10,16,16,544.7163889003837,400.0,144.71638890038366,23,154,154,105,3.14125394821167,20;27;28;29;30;44;51;52;53;54;55;56;57;58;59;60;67;68;69;70;71;72;73;74;75;82;83;84;85;86;87;88;89;90;97;98;99;100;101;102;103;104;105;112;113;114;115;116;117;118;119;120;121;122;129;130;131;132;133;134;135;136;137;144;145;146;147;155;156;157;164;165;166;167;168;169;170;171;172;180;181;182;183;184;185;186;187;199;200;201;202;209;210;211;212;213;214;215;216;217;224;225;226;227;228;229;230;231;232;239;240;241;242;243;244;245;246;247;266;280;281;288;289;290;291;292;293;294;295;296;303;304;339;340;359;382;395;396;431;439;471;478;479;480;481;482;483;484;485;486;487;498;499;500
F22022,10,17,17,488.6920819520856,400.0,88.69208195208557,23,131,131,92,2.7365190982818604,36;37;49;50;51;52;60;61;62;63;83;84;91;92;113;120;121;122;123;124;125;126;127;128;129;130;139;153;154;161;185;186;198;199;200;201;208;209;210;211;212;213;214;215;216;223;224;232;239;240;241;242;243;244;245;246;247;254;255;256;257;258;259;260;261;262;269;270;271;272;273;274;275;276;277;284;285;286;287;288;289;290;291;292;293;294;302;309;310;311;312;313;314;315;316;317;335;336;350;351;358;359;360;361;362;363;364;365;366;367;388;400;415;416;441;448;449;450;462;472;473;474;475;476;477;484;485;486;494;495;496
F22022,10,18,18,400.34057096768566,400.0,0.3405709676856645,23,138,138,84,2.858556032180786,19;32;33;34;41;42;50;58;59;60;61;62;63;64;65;77;78;79;80;81;82;93;94;95;96;97;104;105;106;107;108;109;110;111;112;119;120;121;122;123;124;125;126;127;128;129;141;142;143;144;151;152;153;154;155;156;157;158;159;160;161;168;169;170;171;172;180;187;188;189;190;191;192;193;194;195;220;221;222;229;230;231;232;233;234;235;236;237;238;245;246;247;248;249;250;270;277;278;279;280;281;282;283;284;285;292;308;315;316;317;318;319;320;321;322;331;395;396;397;398;399;443;459;466;467;468;469;470;471;479;486;487;488;489;490;491;492;500
F22022,10,19,19,479.32797859132023,400.0,79.32797859132023,24,128,128,96,2.6830461025238037,15;27;28;29;30;31;32;43;44;52;53;62;73;83;84;85;86;87;88;89;96;97;98;99;100;101;102;103;104;111;112;113;114;122;129;130;131;132;133;134;135;136;137;138;139;140;147;148;149;150;151;152;153;154;155;183;206;213;214;215;216;217;218;231;241;242;250;257;258;259;260;261;262;263;264;265;289;298;299;300;301;302;303;304;311;312;313;314;315;316;317;318;326;327;328;356;367;368;369;370;385;393;436;449;450;451;452;465;466;467;474;475;476;477;478;479;480;481;482;489;490;491;492;493;494;495;496;497
F22022,10,20,20,406.17499752652014,400.0,6.174997526520144,16,83,83,39,1.8863348960876465,28;29;37;67;91;92;104;114;115;116;132;139;140;141;142;143;144;145;146;147;154;155;156;170;177;178;179;180;181;182;183;184;185;186;187;188;202;203;217;228;240;241;242;243;250;251;252;253;254;255;256;257;265;272;273;274;275;276;277;278;279;290;291;292;303;326;352;367;401;402;476;483;484;485;486;487;488;489;490;491;492;499;500
F22022,10,21,21,454.082846208865,400.0,54.08284620886502,25,171,171,107,3.4471001625061035,51;60;61;62;63;64;65;66;77;78;85;86;87;88;89;90;91;92;93;100;101;102;103;104;105;106;107;108;115;116;117;118;119;120;121;122;123;124;125;132;133;134;135;136;137;138;139;140;141;148;149;150;151;152;160;161;162;169;170;171;172;173;174;175;176;177;184;192;193;204;205;206;207;208;219;220;221;222;223;230;231;232;233;234;235;236;237;238;245;246;247;248;249;250;251;252;253;262;263;264;273;286;287;288;289;296;297;298;299;300;301;302;303;304;305;312;313;314;315;316;317;318;319;320;321;334;335;336;337;338;354;361;362;363;364;365;366;367;368;369;370;371;378;379;380;381;382;383;384;385;386;393;394;395;424;440;448;449;469;470;477;478;479;480;481;482;483;484;485;492;493
F22022,10,22,22,402.18532991449104,400.0,2.185329914491035,20,113,113,68,2.4166858196258545,12;31;43;50;51;52;53;54;64;65;66;103;116;117;118;125;126;127;128;129;130;145;152;153;154;155;156;157;158;166;173;174;175;176;177;185;195;196;197;198;199;200;209;219;226;227;228;229;230;231;232;233;234;241;242;243;244;245;246;247;248;249;250;251;258;259;260;261;273;274;275;283;291;307;308;315;323;334;335;336;337;338;339;366;394;395;449;450;458;459;460;461;462;463;464;465;466;467;474;475;476;477;478;479;480;481;482;483;490;491;492;493;494
F22022,10,23,23,464.3771608090089,400.0,64.3771608090089,20,102,102,54,2.2206389904022217,26;33;34;35;36;37;38;39;40;41;42;56;57;68;69;70;71;72;79;80;81;82;83;84;92;93;94;101;118;126;127;134;135;136;137;138;139;140;141;142;155;156;157;158;173;180;181;182;183;184;185;186;187;188;189;198;199;200;201;202;221;222;238;245;246;247;255;291;301;302;303;304;305;306;324;336;355;356;364;365;392;393;413;420;428;429;430;431;432;433;434;435;443;450;451;452;453;466;489;490;491;498
F22022,10,24,24,426.7619883814658,400.0,26.761988381465812,18,105,105,71,2.2708940505981445,17;18;19;35;42;43;44;45;46;47;48;49;50;57;58;59;60;61;62;63;64;65;66;73;74;75;76;77;78;79;80;81;88;89;90;91;92;93;94;95;96;103;104;105;106;107;108;109;110;111;138;147;148;149;150;151;152;160;171;172;173;174;175;182;183;184;185;186;187;208;237;244;245;246;247;255;256;264;271;272;273;274;275;276;277;297;298;306;307;308;309;310;311;312;313;321;322;323;367;368;470;471;485;486;500
F22022,10,25,25,512.3620993441457,400.0,112.36209934414569,22,132,132,101,2.7507948875427246,32;39;40;41;42;43;44;45;46;47;54;62;75;76;77;84;85;86;87;95;96;103;104;105;106;107;108;109;110;111;118;119;127;134;135;136;137;138;139;140;141;142;149;150;151;152;153;154;155;156;157;164;165;166;167;168;169;170;171;172;185;186;187;194;195;196;197;198;199;200;201;202;209;210;211;212;213;214;215;216;217;224;225;226;227;228;229;230;231;232;245;246;247;254;255;256;257;265;272;273;274;275;276;277;285;292;300;301;308;309;310;311;312;313;314;315;316;325;326;327;328;329;330;331;356;384;410;411;412;413;427;434
F22022,10,26,26,415.6399111253625,400.0,15.639911125362516,17,142,142,67,2.9223649501800537,13;26;42;50;51;52;53;60;61;62;63;64;72;73;74;82;91;92;93;94;95;96;97;98;109;110;111;112;113;124;125;126;127;128;129;136;137;138;139;140;141;142;143;144;145;146;147;148;162;163;170;171;172;173;174;175;176;177;178;186;187;194;195;196;197;198;199;200;201;202;203;204;205;206;207;208;209;210;211;225;226;233;234;235;236;240;241;242;243;250;251;252;253;254;255;256;257;258;259;266;267;268;269;270;271;272;273;274;275;276;277;300;301;302;309;310;311;312;313;314;315;316;317;325;472;473;474;475;476;483;484;485;486;487;488;489;490;491;492;493;494;495
F22022,10,27,27,455.6512135695324,400.0,55.65121356953239,22,136,136,88,2.8205618858337402,28;35;36;44;72;79;80;88;95;96;97;98;99;100;101;102;103;113;114;115;116;117;118;119;126;127;128;129;130;131;132;133;134;141;142;143;144;145;146;147;148;149;150;151;152;166;167;174;175;176;177;178;179;180;181;182;189;190;191;192;193;194;195;196;197;198;199;211;212;213;214;221;229;240;241;242;243;244;251;252;253;254;255;256;257;258;259;260;267;268;269;270;271;272;273;274;275;282;283;284;285;286;287;288;289;290;297;298;299;300;301;302;303;304;305;325;332;333;334;335;336;337;338;339;340;341;342;355;356;357;387;388;389;390;492;493
F22022,10,28,28,504.25729447444803,400.0,104.25729447444803,16,88,88,60,1.973060131072998,31;38;39;40;41;42;43;44;45;46;61;78;89;90;91;92;93;102;103;104;105;106;107;108;109;132;139;140;141;142;150;157;178;185;186;187;188;189;190;191;192;193;200;201;202;203;204;205;206;207;215;222;223;224;225;226;239;246;247;248;249;250;251;252;262;275;276;277;290;291;292;306;307;308;469;476;477;478;479;480;481;482;483;484;491;492;493;494
F22022,10,29,29,433.8993633310665,400.0,33.899363331066525,18,60,60,39,1.4789438247680664,37;56;57;58;59;134;141;154;167;168;169;170;177;188;205;206;207;228;235;236;237;238;239;240;241;242;243;255;256;264;271;272;273;274;275;276;277;295;296;304;305;306;314;330;347;354;370;443;444;462;469;470;471;472;473;474;475;483;490;500
F22022,10,30,30,473.58121689086215,400.0,73.58121689086215,21,114,114,71,2.4329569339752197,21;22;23;31;32;33;34;35;53;60;61;62;63;64;65;66;67;68;87;88;89;96;97;98;99;100;101;102;125;126;140;141;148;149;150;151;152;177;193;200;201;209;216;217;218;219;220;221;222;223;224;244;245;252;253;254;255;256;257;258;259;260;268;276;283;284;285;312;321;322;323;324;343;359;360;371;372;373;374;375;415;416;424;446;447;454;455;456;457;458;459;460;467;474;475;476;477;478;479;480;481;482;483;484;485;492;493;494;495;496;497;498;499;500
F32022,10,1,1,600.0123412372726,600.0,0.012341237272607941,31,220,220,196,5.869395017623901,11;22;23;24;25;26;33;34;35;36;37;38;39;40;41;48;49;50;51;52;53;54;55;56;65;66;67;68;69;70;71;78;79;80;81;89;96;97;98;99;100;101;102;103;104;105;116;124;136;137;138;139;146;147;148;149;150;151;152;153;154;161;162;163;164;165;166;167;168;169;176;177;178;179;180;181;182;183;184;191;192;193;194;195;196;197;198;199;206;207;208;209;210;211;212;213;214;224;225;226;227;228;229;240;241;242;243;244;251;252;253;254;255;256;257;258;259;266;267;268;269;275;288;289;290;297;298;299;300;301;302;316;343;350;351;352;353;354;355;356;357;358;365;366;367;368;369;370;371;372;373;380;381;382;383;384;385;386;387;388;389;396;397;398;399;400;401;402;403;404;411;412;413;414;415;416;417;418;419;426;427;428;429;430;431;432;433;434;441;442;448;449;456;457;458;459;460;461;462;463;464;465;472;473;474;475;476;477;478;479;480;487;488;489;490;491;492;493;494;495
F32022,10,2,2,600.0082558916046,600.0,0.008255891604562748,31,256,256,245,6.745124816894531,26;38;39;40;41;48;49;50;58;65;71;72;73;81;82;83;84;85;86;87;88;96;97;98;106;113;114;115;116;117;118;119;120;121;128;129;130;131;132;133;134;135;136;143;144;145;146;147;148;149;150;151;158;159;160;161;162;163;164;165;166;173;174;175;176;177;178;186;193;194;195;196;197;198;199;200;201;208;209;210;211;212;213;214;215;216;223;224;225;226;227;228;229;230;231;238;239;240;241;242;243;244;245;246;253;254;255;256;257;258;259;260;261;268;269;270;271;272;273;274;275;276;283;284;285;286;287;288;289;290;291;298;299;300;301;302;303;304;305;306;313;314;315;316;317;318;319;320;321;328;329;330;331;332;333;334;335;336;343;344;345;346;347;348;349;350;351;358;359;360;361;362;363;364;365;366;373;374;375;376;377;378;379;380;381;388;389;390;391;392;393;394;395;396;403;404;405;406;407;408;409;410;411;418;419;420;421;422;423;424;425;426;433;434;435;436;437;438;439;440;441;448;449;450;451;452;453;454;455;456;463;464;465;466;467;468;469;470;471;478;479;480;481;482;483;484;485;486;493;494;495;496;497;498;499;500
F32022,10,3,3,600.0002891646652,600.0,0.00028916466521877737,31,234,234,209,6.202893018722534,16;29;30;31;40;41;42;43;44;45;46;54;55;69;76;77;78;79;80;81;82;83;84;85;94;95;96;97;98;99;100;108;109;110;111;112;120;136;143;144;145;146;147;148;149;150;151;158;159;160;161;162;163;164;165;166;173;174;175;176;177;178;179;187;194;195;196;197;198;199;200;201;202;209;210;211;219;231;232;233;234;245;246;247;248;249;256;257;258;259;260;261;262;263;264;271;272;273;274;275;276;277;278;279;286;287;288;289;290;291;292;293;294;295;302;303;304;305;306;307;308;309;310;317;318;319;320;321;322;323;324;325;332;333;334;335;337;338;339;340;341;342;349;350;351;352;353;354;355;356;357;364;365;366;367;368;369;370;371;372;379;380;381;382;383;384;385;386;387;394;395;396;397;398;399;400;401;402;409;410;411;412;413;414;415;416;417;424;425;426;427;428;429;430;431;432;433;440;441;442;443;444;445;446;447;448;455;456;457;458;459;460;461;462;463;470;471;472;473;474;475;476;477;478;485;486;487;488;489;490;491;492;493;500
F32022,10,4,4,600.0023513120188,600.0,0.0023513120188454195,31,248,248,234,6.5550150871276855,15;37;38;45;46;47;48;49;50;51;52;53;60;61;62;63;64;65;66;67;68;75;76;77;78;79;80;81;82;83;90;91;92;93;94;95;96;97;98;105;106;107;108;109;110;111;112;113;114;121;122;123;124;125;126;127;128;129;136;137;138;139;140;141;142;143;144;151;152;153;154;155;156;157;158;159;166;167;168;169;177;184;185;186;187;188;189;190;191;192;193;200;201;202;203;204;205;206;207;208;215;216;217;218;219;220;221;222;223;231;232;233;234;235;236;237;238;245;246;247;248;249;250;251;252;253;269;283;284;291;292;293;294;295;296;297;298;299;300;307;308;309;323;330;331;332;333;334;335;336;337;338;345;346;347;348;349;350;351;352;353;360;361;362;363;364;365;366;367;368;375;376;377;378;379;380;381;382;383;390;391;392;393;394;395;396;397;398;405;406;407;408;409;410;411;412;413;420;421;422;423;424;425;426;427;428;435;436;437;438;439;440;441;442;443;450;451;452;453;454;455;456;457;458;465;466;467;468;469;470;471;472;473;480;481;482;483;484;485;486;487;488;495;496;497;498;499;500
F32022,10,5,5,600.0028075458019,600.0,0.002807545801942979,32,259,259,232,6.822332143783569,21;33;41;42;49;50;51;52;53;54;55;56;57;68;69;70;71;72;79;80;81;82;83;84;85;86;87;95;96;97;98;99;100;101;102;109;110;111;112;113;114;115;116;117;124;125;133;140;141;142;143;144;145;146;147;148;155;156;157;158;159;160;161;162;163;170;171;172;173;174;175;176;177;178;185;186;187;188;189;190;191;192;193;200;201;202;203;204;205;206;207;208;215;216;217;218;219;220;221;222;223;230;231;232;233;234;235;236;237;238;245;246;247;248;249;250;251;252;253;260;261;262;263;264;265;266;267;268;275;276;277;278;279;280;281;282;283;290;291;292;293;294;295;296;297;298;305;306;307;308;309;310;311;312;313;322;323;324;325;326;327;328;335;336;337;338;339;347;354;355;356;357;358;359;360;361;362;369;370;371;372;373;374;375;376;377;384;385;386;387;388;389;390;391;392;399;400;401;402;403;404;405;406;407;414;415;416;417;418;419;420;421;422;429;430;431;432;433;434;435;436;437;444;445;446;447;448;449;450;451;452;459;460;461;462;463;464;465;466;467;474;475;476;477;478;479;480;481;482;489;490;491;492;493;494;495;496;497;498
F32022,10,6,6,600.0511986486456,600.0,0.05119864864559531,30,211,211,198,5.662425994873047,25;26;46;60;61;68;69;70;71;72;73;74;75;76;86;87;88;89;98;120;127;128;129;130;131;132;133;134;135;152;153;154;161;162;163;164;165;166;167;171;178;179;180;181;182;183;184;185;186;193;194;195;196;197;198;199;200;201;208;209;210;211;212;213;214;215;216;233;244;245;246;247;248;255;256;272;279;280;281;282;283;284;285;286;287;294;295;296;297;298;299;300;301;302;309;310;311;312;313;314;315;316;317;324;325;326;327;328;329;330;331;332;339;340;341;342;343;344;345;346;347;354;355;356;357;358;359;360;361;362;369;370;371;372;373;374;375;376;377;384;385;386;387;388;389;390;391;392;399;400;401;402;403;404;405;406;407;414;415;416;417;418;419;420;421;422;429;430;431;432;433;434;435;436;437;444;445;446;447;448;449;450;451;452;459;460;461;462;463;464;465;466;467;474;475;476;477;478;479;480;481;482;489;490;491;492;493;494;495;496;497
F32022,10,7,7,600.00031887844,600.0,0.00031887843999811594,31,258,258,247,6.7880518436431885,34;45;46;47;48;49;60;61;62;63;64;71;72;73;74;75;76;77;78;79;86;87;88;89;90;91;92;93;94;101;102;103;104;116;123;124;125;126;127;128;129;130;131;138;139;140;141;142;143;144;145;146;153;154;155;156;157;158;166;173;174;175;176;177;178;179;180;181;188;189;190;191;192;193;194;195;196;203;204;205;206;207;208;209;210;211;218;219;220;221;222;223;224;225;226;233;234;235;236;237;238;239;240;241;242;249;250;251;252;253;254;255;256;257;264;265;266;267;268;269;270;271;272;279;280;281;282;283;284;285;286;287;294;295;296;297;298;299;300;301;302;309;310;311;312;313;314;315;316;317;324;325;326;327;328;329;330;331;332;339;340;341;342;343;344;345;346;347;354;355;356;357;358;359;360;361;362;369;370;371;372;373;374;375;376;377;384;385;386;387;388;389;390;391;392;399;400;401;402;403;404;405;406;407;414;415;416;417;418;419;420;421;422;429;430;431;432;433;434;435;436;437;444;445;446;447;448;449;450;451;452;459;460;461;462;463;464;465;466;467;474;475;476;477;478;479;480;481;482;489;490;491;492;493;494;495;496;497
F32022,10,8,8,600.0430232698299,600.0,0.0430232698298596,31,230,230,215,6.121212959289551,24;31;32;33;41;52;53;54;55;56;63;64;65;66;67;68;69;70;71;78;79;80;81;82;83;84;85;86;93;94;95;96;97;98;99;100;101;108;109;110;111;112;113;114;115;116;123;124;125;126;127;128;129;130;131;138;139;140;141;142;143;144;145;146;153;154;155;156;157;163;170;171;172;173;174;175;176;177;178;185;186;187;198;205;206;207;213;220;221;222;223;224;225;226;227;228;235;236;244;256;257;258;259;266;267;268;269;270;276;283;284;285;286;287;288;289;290;291;298;299;300;301;302;303;304;305;306;307;314;315;316;317;318;319;320;321;322;329;330;331;332;333;334;335;336;337;344;345;346;347;348;349;350;351;352;359;360;361;362;363;364;365;366;367;374;375;376;377;378;379;380;381;382;389;390;391;392;393;394;395;396;397;404;405;406;407;408;409;410;411;412;419;420;421;422;423;424;425;426;427;440;441;442;449;450;451;452;453;454;455;456;457;464;472;479;480;481;482;483;484;485;486;487;488;495;496;497;498;499;500
F32022,10,9,9,600.0011179761732,600.0,0.001117976173190982,31,243,243,204,6.41974401473999,21;31;44;51;62;79;86;87;88;89;90;91;92;93;101;108;109;110;111;112;113;114;115;116;123;124;125;126;127;128;129;130;131;138;139;140;141;142;143;144;145;146;161;168;169;170;171;172;173;174;175;176;183;184;185;186;187;188;189;190;191;198;199;200;201;202;203;204;205;206;213;214;215;216;217;218;219;220;221;228;229;230;231;232;233;234;235;236;243;244;245;246;247;248;249;250;251;258;259;260;261;262;263;264;265;266;273;274;275;276;277;278;279;280;281;288;289;290;291;292;293;294;295;296;303;304;305;306;307;308;309;310;311;318;319;320;321;322;323;324;325;326;336;337;338;339;340;341;348;349;350;351;352;353;354;355;356;363;364;365;366;367;368;369;370;371;372;379;380;381;382;383;384;385;386;387;394;395;396;397;398;399;400;401;402;409;410;411;412;413;414;415;416;417;418;419;420;427;428;429;430;431;432;433;434;435;442;443;444;445;446;447;448;449;450;451;458;459;460;461;462;463;464;465;466;473;474;475;476;477;478;479;480;481;488;489;490;491;492;493;494;495;496
F32022,10,10,10,600.0204361736343,600.0,0.020436173634266197,31,233,233,202,6.186062812805176,27;44;56;57;58;59;66;75;82;83;84;85;86;87;88;89;90;104;105;112;113;114;115;116;117;118;119;120;135;142;143;144;145;146;147;148;149;150;157;158;159;160;161;162;163;164;165;177;178;179;180;187;188;189;197;204;205;206;207;208;209;210;211;212;219;220;221;222;223;224;225;226;227;234;235;236;237;238;239;240;241;242;249;250;251;252;253;254;255;256;257;264;265;266;267;268;269;270;271;272;279;280;281;282;283;284;285;286;287;294;295;296;297;298;299;300;301;302;309;310;311;312;313;314;315;316;317;324;325;326;327;328;329;330;331;332;339;340;341;342;343;344;345;346;347;354;355;356;357;358;359;360;361;362;374;375;376;377;384;385;386;387;388;389;390;391;392;399;400;401;402;403;404;405;406;407;414;415;416;417;418;419;420;421;422;423;430;431;432;433;434;435;436;437;438;439;446;447;448;449;450;451;452;453;454;455;456;457;464;465;466;467;468;469;470;471;472;473;474;481;482;483;484;485;486;487;488;489;496;497;498;499;500
F32022,10,11,11,600.0130928353041,600.0,0.013092835304064465,29,210,210,174,5.645025014877319,21;22;40;51;52;53;73;80;88;95;96;97;98;99;100;101;102;103;110;111;112;113;114;115;116;117;118;125;126;127;128;129;130;131;132;133;149;156;157;158;159;160;161;162;163;164;172;173;174;175;176;177;178;179;186;187;188;189;197;204;205;206;207;208;209;210;211;212;221;222;223;224;225;226;227;228;235;236;237;245;246;263;289;296;297;298;299;300;301;302;303;304;311;312;313;314;315;316;317;318;319;326;327;328;329;330;331;332;333;334;341;342;343;344;345;346;347;348;349;350;351;358;359;360;361;362;363;364;365;366;367;374;375;376;377;378;379;380;381;382;383;390;391;392;393;394;395;396;397;398;405;406;407;408;409;410;411;412;413;420;421;422;423;424;425;426;427;428;429;430;437;438;439;440;441;442;443;444;445;452;453;454;455;456;457;458;459;460;467;468;469;470;471;472;473;474;475;482;483;484;485;486;487;488;489;490;497;498;499;500
F32022,10,12,12,600.0000616581273,600.0,6.165812726521835e-05,33,267,267,243,7.003911972045898,9;10;18;19;20;21;22;23;24;25;42;56;57;64;65;66;67;68;69;70;71;79;94;95;102;103;104;105;106;107;108;109;110;117;118;119;120;121;122;123;124;125;132;133;134;135;136;137;138;139;140;147;148;149;150;151;152;153;154;155;162;163;164;165;166;167;168;169;170;177;178;179;180;181;182;183;184;185;192;193;194;195;196;197;198;199;200;207;208;209;210;211;212;213;214;215;222;223;224;225;226;227;228;229;230;237;238;239;240;241;242;243;244;245;252;253;254;255;256;257;258;259;260;267;268;269;270;271;272;273;274;275;282;283;284;285;286;287;288;289;290;297;298;299;300;301;302;303;304;305;312;313;314;315;316;317;318;319;320;327;328;329;330;331;332;333;334;335;342;343;344;345;346;347;348;349;350;357;358;359;360;361;362;363;364;365;372;373;374;375;376;377;378;379;380;387;388;389;390;391;392;393;394;395;402;403;404;405;406;407;408;409;410;417;418;419;420;421;422;423;424;425;432;433;434;435;436;437;438;439;440;447;448;449;450;451;452;453;454;455;462;463;464;465;466;467;468;469;470;477;478;479;480;481;482;483;484;485;492;493;494;495;496;497;498;499;500
F32022,10,13,13,600.0019102394477,600.0,0.0019102394477386042,29,214,214,181,5.730284214019775,40;41;42;49;50;51;52;53;54;55;56;57;64;65;66;67;68;69;77;88;89;90;91;92;93;107;108;115;116;117;118;119;120;121;122;123;124;131;132;133;134;140;171;179;180;181;182;183;190;191;201;202;203;204;205;206;213;214;215;216;217;218;219;220;221;228;229;230;231;232;233;234;235;236;243;244;245;246;247;248;249;250;256;263;264;265;266;267;268;269;270;271;278;279;280;281;282;283;284;285;286;299;300;301;310;311;312;313;314;315;316;331;338;339;340;341;342;343;344;345;346;347;354;355;356;357;358;359;360;361;362;369;370;371;372;373;374;375;376;377;384;385;386;387;388;389;390;391;392;399;400;401;402;403;404;405;406;407;414;415;416;417;418;419;420;421;422;429;430;431;432;433;434;435;436;437;438;439;446;447;448;449;450;451;452;453;454;461;462;463;464;465;466;467;468;469;476;477;478;479;480;481;482;483;484;491;492;493;494;495;496;497;498;499
F32022,10,14,14,600.0014814551848,600.0,0.0014814551848303381,32,279,279,264,7.30449104309082,19;20;21;33;40;41;42;43;44;45;46;47;48;55;56;57;58;59;60;61;62;63;70;71;72;73;74;75;76;77;78;79;86;90;91;92;93;94;101;102;103;104;105;106;107;108;109;116;117;118;119;120;121;122;123;124;131;132;133;134;135;136;137;138;139;146;147;148;149;150;151;152;153;154;161;162;163;164;165;166;167;168;169;177;178;179;180;181;182;183;184;191;192;193;194;195;196;197;198;199;206;207;208;209;210;211;212;213;214;221;222;223;224;225;226;227;228;229;236;237;238;239;240;241;242;243;244;251;252;253;254;255;256;257;258;259;266;267;268;269;270;271;272;273;274;281;282;283;284;285;286;287;288;289;296;297;298;299;300;301;302;303;304;313;314;315;316;317;318;319;326;327;328;329;330;331;332;333;334;341;342;343;344;345;346;347;348;349;356;357;358;359;360;361;362;363;364;371;372;373;374;375;376;377;378;379;386;387;388;389;390;391;392;393;394;401;402;403;404;405;406;407;408;409;416;417;418;419;420;421;422;423;424;431;432;433;434;435;436;437;438;439;446;447;448;449;450;451;452;453;454;461;462;463;464;465;466;467;468;469;470;477;478;479;480;481;482;483;484;485;492;493;494;495;496;497;498;499;500
F32022,10,15,15,600.002261116276,600.0,0.0022611162760313164,28,203,203,195,5.473146677017212,42;43;50;51;52;53;54;55;56;57;73;82;83;84;85;86;94;101;102;108;109;116;117;118;119;120;121;122;123;131;138;139;140;148;155;156;157;158;159;160;161;162;163;170;171;172;173;174;175;176;177;178;185;186;187;188;189;190;191;192;193;200;201;202;203;204;205;206;207;208;215;216;217;218;219;220;221;222;223;230;231;232;233;234;242;257;264;275;282;283;284;285;286;287;288;289;290;297;298;299;300;315;322;323;324;325;326;327;328;329;330;337;338;339;340;341;342;343;344;345;352;353;354;355;356;357;358;359;360;367;375;382;383;384;385;386;387;388;389;390;397;398;399;400;401;402;403;404;405;412;413;414;415;416;417;418;419;420;427;428;429;430;431;432;433;434;435;442;443;444;445;446;447;448;449;450;457;458;459;460;461;462;463;464;465;472;473;474;475;476;477;478;479;480;487;488;489;490;491;492;493;494;495
F32022,10,16,16,600.0101780529963,600.0,0.010178052996252518,30,235,235,215,6.2463579177856445,22;29;30;31;32;33;34;42;43;51;52;53;54;55;56;57;58;65;66;67;68;69;70;71;79;86;87;88;89;90;91;92;100;114;115;125;126;127;149;156;157;158;159;160;161;162;166;173;174;175;176;177;178;179;180;181;188;189;190;191;192;193;194;195;196;203;204;205;206;207;208;209;210;211;218;219;220;221;222;223;224;225;226;233;234;235;236;237;238;239;240;241;252;253;254;255;256;263;264;265;266;267;268;269;270;271;278;279;280;281;282;283;284;285;286;293;294;295;296;297;298;299;300;301;308;309;310;311;312;313;314;315;316;323;324;325;326;327;328;329;330;331;338;339;340;341;342;343;344;345;346;358;359;360;361;369;370;371;372;373;374;375;376;383;384;385;386;387;388;389;390;391;398;399;400;401;402;403;404;405;406;413;414;415;416;417;418;419;420;421;428;429;430;431;432;433;434;435;436;443;444;445;446;447;448;449;450;451;458;459;460;461;462;463;464;465;466;473;474;475;476;477;478;479;480;481;488;489;490;491;492;493;494;495;496
F32022,10,17,17,600.0012002642077,600.0,0.0012002642076822667,29,185,185,170,5.025541067123413,14;38;67;74;75;76;77;78;79;80;81;82;105;112;120;127;128;129;130;131;135;142;143;144;145;146;147;148;149;150;173;180;181;189;199;200;201;202;207;214;215;216;217;218;219;220;221;222;229;230;231;232;233;234;235;236;237;244;245;246;247;248;249;250;251;252;259;260;261;262;263;264;271;272;273;280;281;282;283;284;285;291;302;303;304;305;306;307;314;315;316;317;318;319;327;334;335;336;337;338;346;354;362;369;370;371;372;373;374;375;376;377;384;385;386;387;388;389;390;391;392;399;400;401;402;403;404;405;406;407;414;415;416;417;418;419;420;421;422;423;430;431;432;433;434;435;436;437;438;445;446;447;448;449;450;451;452;453;460;461;462;463;464;465;466;467;468;475;476;477;478;479;480;481;482;483;490;491;492;493;494;495;496;497;498
F32022,10,18,18,600.0010223640224,600.0,0.001022364022446709,30,238,238,215,6.31041407585144,24;25;32;36;37;53;60;61;62;63;64;65;66;67;68;81;82;83;90;91;92;93;94;95;96;97;98;105;106;107;108;116;123;124;125;126;127;128;129;137;144;152;159;160;161;162;163;164;165;166;167;174;175;176;177;178;179;180;181;182;183;190;191;192;193;194;195;201;208;209;210;211;212;213;214;215;216;226;227;228;229;230;231;238;239;240;241;242;243;244;245;246;253;254;255;256;257;258;259;260;261;268;269;270;271;272;273;274;275;276;283;284;285;286;287;288;289;290;291;298;299;300;301;302;303;304;305;306;313;314;315;316;317;318;319;320;321;334;335;336;343;344;345;346;347;348;349;350;351;358;359;360;361;362;363;364;365;366;367;374;375;376;377;378;379;380;381;382;389;390;391;392;393;394;395;396;397;404;405;406;407;408;409;410;411;412;419;420;421;422;423;424;425;426;427;434;435;436;437;438;439;440;441;442;449;450;451;452;453;454;455;456;457;464;465;466;467;468;469;470;471;472;473;480;481;482;483;484;485;486;487;488;495;496;497;498;499;500
F32022,10,19,19,600.0244710039356,600.0,0.024471003935559565,29,230,230,223,6.109720706939697,15;23;24;25;26;27;42;49;50;51;52;53;54;55;63;78;85;86;87;88;89;90;91;92;93;100;101;102;103;104;112;113;120;121;122;123;124;125;126;127;128;129;136;137;138;139;173;180;181;182;183;184;185;186;187;188;195;196;197;198;199;200;201;202;203;210;211;212;213;214;215;216;217;218;225;226;227;228;229;230;231;232;233;240;241;242;243;244;245;246;247;248;255;256;257;258;259;260;261;262;263;270;271;272;273;274;275;276;277;278;285;286;287;288;289;290;291;292;293;303;304;305;306;307;308;315;316;317;318;319;320;321;322;323;330;331;332;333;334;335;336;337;338;345;346;347;348;349;350;351;352;353;360;361;362;363;364;365;366;367;379;386;387;388;389;390;391;392;393;394;404;405;406;407;408;409;416;417;418;419;420;421;422;423;424;431;432;433;434;435;436;437;438;439;446;447;448;449;450;451;452;453;454;461;462;463;464;465;466;467;468;469;476;477;478;479;480;481;482;483;484;491;492;493;494;495;496;497;498;499
F32022,10,20,20,600.0109690103703,600.0,0.010969010370331489,31,230,230,201,6.120421886444092,15;22;23;39;50;51;52;53;54;61;62;63;64;65;66;67;68;69;76;77;78;79;80;81;82;83;84;91;92;93;94;95;96;97;98;99;100;107;108;109;110;111;119;126;127;128;129;130;131;132;133;134;150;157;158;159;160;161;162;163;164;165;172;173;174;175;176;177;178;179;180;201;209;210;211;212;213;221;228;239;248;250;251;252;253;254;261;262;263;264;265;266;267;268;269;278;279;280;281;282;283;284;291;292;293;294;295;296;297;298;299;307;308;309;310;311;312;313;314;321;322;323;324;325;326;327;328;329;336;337;338;339;340;341;342;343;344;351;352;353;354;355;356;357;358;359;360;361;368;369;370;371;372;373;374;375;376;383;384;385;386;387;388;389;390;391;398;399;400;401;402;403;404;405;406;413;414;415;416;417;418;419;420;421;428;429;430;431;432;433;434;435;436;443;444;445;446;447;448;449;450;451;458;459;460;461;462;463;464;465;466;473;474;475;476;477;478;479;480;481;482;489;490;491;492;493;494;495;496;497
F32022,10,21,21,600.0006534340829,600.0,0.0006534340828920904,29,212,212,190,5.684428691864014,11;12;23;24;25;46;70;92;99;100;101;102;103;115;122;123;124;125;126;127;128;129;130;138;139;140;141;142;143;144;145;152;153;154;155;156;157;158;159;160;167;168;169;170;171;172;173;179;186;187;188;189;190;191;192;193;194;201;202;203;204;205;206;207;208;209;222;223;224;231;232;233;234;235;236;237;238;239;254;261;262;263;264;265;266;274;290;291;292;293;300;301;302;303;304;305;306;307;308;315;316;317;318;319;320;321;322;323;324;331;332;333;334;335;336;337;338;339;346;347;348;349;350;351;352;353;354;362;363;364;365;366;367;368;369;376;377;378;379;380;381;382;383;384;391;392;393;394;395;396;397;398;399;406;407;408;409;410;411;412;413;414;421;422;423;424;425;426;427;428;429;436;437;438;439;440;441;442;443;444;451;452;453;454;455;456;457;458;459;466;467;468;469;470;471;472;473;474;481;482;483;484;485;486;487;488;489;496;497;498;499;500
F32022,10,22,22,600.0003720427319,600.0,0.00037204273189672676,33,257,257,234,6.768317937850952,10;25;32;33;34;35;36;37;38;39;40;59;66;67;68;69;70;71;72;73;74;81;82;83;84;85;86;87;88;89;96;97;103;104;113;114;115;116;117;118;119;132;133;134;135;142;143;144;145;146;147;148;149;150;157;158;159;160;161;162;163;164;165;172;173;174;175;176;177;178;179;180;187;188;189;190;191;192;193;194;195;202;203;204;205;206;207;208;209;210;217;218;219;220;221;222;223;224;225;232;233;234;235;236;237;238;239;240;247;248;249;250;251;252;253;254;255;262;263;264;265;266;267;268;269;270;277;278;279;280;281;282;283;284;285;292;293;294;295;296;297;298;299;300;307;313;314;315;322;323;324;325;326;327;328;329;330;337;338;339;340;341;342;343;344;345;352;353;354;355;356;357;358;359;360;367;368;369;370;371;372;373;374;375;382;383;384;385;386;387;388;389;390;397;398;399;400;401;402;403;404;405;406;413;414;415;416;417;418;419;420;421;428;429;430;431;432;433;434;435;436;443;444;445;446;447;448;449;450;451;458;459;460;461;462;463;464;465;466;473;474;475;476;477;478;479;480;481;488;489;490;491;492;493;494;495;496
F32022,10,23,23,600.0005495995459,600.0,0.000549599545934143,31,238,238,216,6.326272010803223,22;35;43;60;69;70;71;79;86;87;88;89;97;104;105;106;107;108;109;110;111;112;119;120;121;122;123;124;125;126;127;134;135;136;137;138;139;140;141;142;152;153;154;155;156;157;164;165;166;167;168;169;170;171;172;179;180;181;182;183;184;185;186;187;194;195;196;197;198;199;200;201;202;209;210;211;212;213;214;215;216;217;224;225;226;227;228;229;230;231;232;239;240;241;242;243;244;245;246;247;254;255;256;257;258;259;260;261;262;269;270;271;272;273;274;275;276;277;284;285;286;287;288;289;290;291;292;293;294;301;302;303;304;305;306;307;308;309;323;324;337;338;339;340;347;348;349;350;351;352;353;354;355;356;363;364;365;366;367;368;369;370;371;378;379;380;381;382;383;384;385;386;393;394;395;396;397;398;399;400;401;408;409;410;411;412;413;414;415;416;423;424;425;426;427;428;429;430;431;438;439;440;441;442;443;444;445;446;453;454;455;456;457;458;459;460;461;468;469;470;471;472;473;474;475;476;483;484;485;486;487;488;489;490;491;498;499;500
F32022,10,24,24,600.0014829343183,600.0,0.0014829343183464516,29,243,243,194,6.44507908821106,24;32;33;34;35;36;37;38;39;40;52;53;54;55;62;63;64;65;66;67;68;69;70;71;72;79;80;81;82;83;84;85;86;87;94;95;96;97;98;99;100;101;102;109;110;111;128;141;142;143;150;151;152;153;169;176;177;178;179;180;181;182;183;184;191;192;193;194;195;196;197;198;199;206;207;208;209;210;211;212;213;214;221;222;223;224;225;226;227;228;229;236;237;238;239;240;241;242;243;244;251;252;253;254;255;256;271;278;279;280;281;282;283;284;285;286;293;294;295;296;297;298;299;300;301;308;309;310;311;312;313;319;320;321;322;329;330;331;332;333;334;335;336;337;344;345;346;347;348;349;350;351;352;359;360;361;362;363;364;365;366;367;374;375;376;377;378;379;380;381;382;383;390;391;392;393;394;395;396;397;398;399;406;407;408;409;410;411;412;413;414;415;422;423;424;425;426;427;428;429;430;431;432;439;440;441;442;443;444;445;446;447;454;455;456;457;458;459;460;461;462;463;464;471;472;473;474;475;476;477;478;479;480;481;488;489;490;491;492;493;494;495;496
F32022,10,25,25,600.0005247816733,600.0,0.0005247816733344735,29,218,218,202,5.821106910705566,37;38;45;46;47;48;49;50;51;52;53;60;61;62;63;64;78;90;91;92;93;100;101;102;103;104;105;106;114;121;122;123;124;125;133;140;141;142;143;144;145;146;147;148;155;156;157;158;159;160;161;162;163;175;176;177;178;185;186;187;188;189;190;191;192;193;200;201;202;203;214;227;228;229;248;259;260;261;262;263;270;271;272;273;274;275;276;277;278;285;286;287;288;289;290;294;301;302;303;304;305;306;307;308;309;316;317;318;319;320;321;322;323;324;331;332;333;334;335;336;337;338;339;346;347;348;349;350;351;352;353;354;361;362;363;364;365;366;367;368;369;376;377;378;379;380;381;382;383;384;391;392;393;394;395;396;397;398;399;406;407;408;409;410;411;412;413;414;415;416;423;424;425;426;427;428;429;430;431;438;439;440;441;442;443;444;445;446;453;454;455;456;457;458;459;460;461;468;469;470;471;472;473;474;475;476;483;484;485;486;487;488;489;490;491;498;499;500
F32022,10,26,26,600.0075962570886,600.0,0.007596257088607672,28,230,230,193,6.111742973327637,38;45;46;47;48;49;50;51;52;53;60;61;62;63;64;65;66;67;68;75;76;77;78;79;80;81;82;83;90;91;92;93;94;95;96;97;98;105;106;107;108;109;110;111;112;113;120;121;122;123;124;125;126;127;135;142;143;144;145;146;147;168;180;181;182;183;190;191;192;193;194;195;196;197;198;205;206;224;231;232;233;234;235;236;237;238;239;240;247;248;249;250;251;252;253;254;255;262;263;264;265;266;267;268;269;270;277;278;279;280;281;282;283;284;285;286;293;294;295;296;297;304;326;327;328;335;336;337;338;339;340;341;342;343;350;351;352;353;354;355;356;357;358;359;360;367;368;369;370;371;372;373;374;375;376;383;384;385;386;387;388;389;390;391;392;399;400;401;402;403;404;405;406;407;408;409;416;417;418;419;420;421;422;423;424;431;432;433;434;435;436;437;438;439;446;447;448;449;450;451;452;453;454;461;462;463;464;465;466;467;468;469;476;477;478;479;480;481;482;483;484;491;492;493;494;495;496;497;498;499
F32022,10,27,27,600.0020067815174,600.0,0.0020067815173661074,30,230,230,219,6.11665415763855,43;54;55;56;57;58;86;93;94;95;96;97;98;99;100;101;112;113;114;115;116;125;126;127;128;129;130;131;138;139;140;141;142;143;144;145;146;153;154;155;156;157;158;159;160;161;169;170;171;172;173;174;175;176;183;184;185;186;187;188;189;190;191;198;199;200;201;202;203;204;205;206;213;214;215;216;217;218;224;231;232;233;234;235;236;240;247;248;249;250;251;252;253;254;255;262;263;264;265;266;267;268;269;270;271;278;279;280;281;282;283;284;285;286;301;308;309;310;311;312;313;314;315;316;326;327;328;329;330;331;338;339;340;341;342;343;344;345;346;353;354;355;356;357;358;359;360;361;368;369;370;371;372;373;374;375;376;383;384;385;386;387;388;389;390;391;398;399;400;401;402;403;404;405;406;413;414;415;416;417;418;419;420;421;428;429;430;431;432;433;434;435;436;443;444;445;446;447;448;449;450;451;452;459;460;461;462;463;464;465;466;467;474;475;476;477;478;479;480;481;482;489;490;491;492;493;494;495;496;497
F32022,10,28,28,600.000321616403,600.0,0.00032161640297090344,30,250,250,195,6.589653015136719,27;34;35;36;37;38;39;40;41;49;56;57;58;66;73;74;75;76;77;78;79;80;81;88;89;90;91;92;93;94;95;96;103;104;105;106;107;108;109;110;111;118;119;120;121;122;123;124;125;126;127;146;153;154;155;156;157;158;159;160;161;168;169;170;171;172;173;174;175;176;183;184;185;186;187;188;189;190;191;198;199;200;201;202;203;204;205;206;213;214;215;216;217;218;219;220;221;228;229;230;231;232;233;234;235;236;243;244;245;246;247;258;265;266;267;268;269;270;271;272;273;286;287;288;295;296;304;305;306;307;308;309;310;317;318;319;320;321;322;323;324;325;326;334;335;336;337;338;339;340;341;342;343;350;351;352;353;354;355;356;357;358;359;366;367;368;369;370;371;372;373;374;375;382;383;384;385;386;387;388;389;390;391;398;399;400;401;402;403;404;405;406;413;414;415;416;417;418;419;420;421;422;423;424;431;432;433;434;435;436;437;438;439;446;447;448;449;450;451;452;453;454;461;462;463;464;465;466;467;468;469;470;477;478;479;480;481;482;483;484;485;492;493;494;495;496;497;498;499;500
F32022,10,29,29,600.0072965294372,600.0,0.0072965294372124845,30,228,228,219,6.066924095153809,30;40;48;58;59;60;61;69;76;82;83;84;91;92;93;94;95;96;97;98;99;106;107;108;109;110;111;112;113;114;124;125;126;127;128;129;136;137;138;139;140;146;159;160;161;168;169;170;171;172;173;174;175;176;183;184;185;186;187;188;189;190;191;198;199;200;201;202;203;204;205;206;213;214;215;216;217;218;219;220;221;228;229;230;231;232;233;234;235;236;243;244;245;246;247;248;249;250;251;258;259;260;261;262;263;264;265;266;273;274;275;276;277;278;279;289;296;297;298;299;300;301;302;303;304;311;312;313;314;315;316;317;318;319;328;329;330;331;332;333;341;348;349;355;356;363;364;365;366;367;368;369;370;371;378;379;380;381;382;383;384;385;386;394;395;396;397;398;399;400;401;408;409;410;411;412;413;414;415;416;423;424;425;426;427;428;429;430;431;438;439;440;441;442;443;444;445;446;453;454;455;456;457;458;459;460;461;468;469;470;471;472;473;474;475;476;483;484;485;486;487;488;489;490;491;498;499;500
F32022,10,30,30,600.0016210268992,600.0,0.0016210268992153942,30,238,238,202,6.309417963027954,30;42;43;44;45;46;60;61;68;69;80;87;88;89;90;91;92;93;94;95;102;103;104;105;106;107;108;109;110;111;118;119;120;121;122;123;124;125;126;133;134;135;136;137;138;139;140;141;148;149;150;151;152;153;154;155;156;163;164;165;172;179;180;181;182;183;191;198;199;200;201;202;203;204;205;206;213;214;215;216;217;218;219;220;221;228;229;230;231;232;233;234;235;236;245;246;247;248;249;250;251;258;259;260;261;264;265;266;279;280;281;288;289;290;291;292;293;302;309;310;311;312;313;314;315;316;317;324;325;326;327;328;329;330;331;332;339;340;341;342;343;344;345;346;347;354;355;356;357;358;359;360;361;362;363;364;371;372;373;374;375;376;377;378;379;386;387;388;389;390;391;392;393;394;395;396;403;404;405;406;407;408;409;410;411;418;419;420;421;422;423;424;425;426;433;434;435;436;437;438;439;440;441;448;449;450;451;452;453;454;455;456;463;464;465;466;467;468;469;470;471;478;479;480;481;482;483;484;485;486;487;494;495;496;497;498;499;500
F42022,10,1,1,828.0244954557793,800.0,28.024495455779288,26,185,185,185,7.027568817138672,10;42;49;50;51;52;53;54;55;56;57;66;67;68;69;70;71;72;79;80;81;82;83;84;85;118;125;126;127;128;129;130;131;132;133;140;141;142;143;144;145;146;147;148;155;156;157;158;159;160;161;162;163;170;171;172;173;174;182;189;190;191;192;193;194;195;196;197;204;205;206;207;208;209;210;211;228;235;236;237;238;239;247;254;255;256;257;258;259;260;261;262;277;284;285;286;287;288;289;290;291;292;299;300;301;302;303;304;305;306;307;314;315;316;317;318;319;320;321;322;334;335;336;337;344;345;346;347;348;349;350;351;352;359;360;361;362;363;364;365;366;367;376;377;388;395;396;397;398;399;400;401;402;403;443;451;452;453;454;455;456;457;458;465;466;467;468;469;470;471;472;473;480;481;482;483;484;485;486;487;488;495;496;497;498
F42022,10,2,2,838.0,800.0,38.0,30,259,259,232,9.509031772613525,15;16;29;30;31;32;39;40;41;42;43;44;45;87;94;95;96;97;98;99;100;101;102;109;110;111;112;113;114;115;116;117;124;125;126;127;128;129;130;131;132;139;140;141;142;143;144;145;146;147;148;155;156;157;158;159;160;161;162;163;164;171;172;173;174;175;176;177;178;179;186;187;188;189;190;191;192;193;194;201;202;203;204;205;206;207;208;209;216;217;218;219;220;221;222;223;224;231;232;233;234;235;236;237;238;239;246;247;248;249;250;251;252;253;254;261;262;263;264;265;266;267;268;269;276;277;278;279;280;281;282;283;284;291;292;293;294;295;296;297;298;299;306;307;308;309;310;311;312;313;314;321;322;323;324;325;326;327;328;329;336;337;338;339;340;341;342;343;344;351;352;353;354;355;356;357;358;359;366;367;368;369;370;371;372;373;374;381;382;383;384;385;386;387;388;389;396;397;398;399;400;401;402;403;404;411;412;413;414;415;416;417;418;419;426;427;428;429;430;431;432;433;434;441;442;443;444;445;446;447;448;449;456;457;458;459;460;461;462;463;464;471;472;473;474;475;476;477;478;479;486;487;488;489;490;491;492;493;494
F42022,10,3,3,836.426485588379,800.0,36.42648558837902,23,112,112,112,4.537832975387573,18;25;26;27;28;29;30;38;45;46;47;48;49;50;51;52;68;78;79;80;81;82;83;90;91;92;93;94;95;96;97;98;105;106;107;108;109;110;111;112;113;127;128;142;143;150;151;152;153;154;155;156;157;158;165;166;167;168;169;170;171;172;173;183;184;185;186;187;188;195;196;197;198;199;200;201;202;203;217;218;228;229;230;231;240;260;277;284;285;286;287;288;289;290;291;292;314;329;362;442;449;450;451;454;455;456;473;480;481;482;483;492
F42022,10,4,4,850.0000000000001,800.0,50.000000000000114,27,213,213,213,7.953742742538452,52;69;77;78;79;80;81;82;83;84;91;92;93;94;110;117;118;119;120;121;122;123;124;125;132;133;134;135;136;137;138;139;140;147;148;149;150;151;152;153;154;155;162;163;164;165;166;167;168;169;170;177;178;179;180;181;182;183;184;185;192;193;194;195;196;197;198;199;200;207;208;209;210;211;212;213;214;215;222;223;224;225;226;227;228;229;230;237;238;239;240;241;242;243;244;245;256;257;258;259;260;267;268;269;270;271;272;273;274;275;282;283;284;285;286;287;288;289;290;297;298;299;300;301;302;303;327;337;356;363;364;365;366;367;368;369;370;371;378;379;380;381;382;383;384;385;386;393;394;395;396;397;398;399;400;401;408;409;410;411;412;413;414;415;416;423;424;425;426;427;428;429;430;431;438;439;440;441;442;443;444;445;446;453;454;455;456;457;458;459;460;461;468;469;470;471;472;473;474;475;476;483;484;485;486;487;488;489;490;491;498;499;500
F42022,10,5,5,868.0,800.0,68.0,32,277,277,276,10.107992887496948,24;39;46;47;48;49;50;51;52;53;54;61;62;63;64;65;66;67;68;69;76;77;78;79;80;81;82;83;84;91;92;93;94;95;96;97;98;99;106;107;108;109;110;111;112;113;114;121;122;123;124;125;126;127;128;129;136;137;138;139;140;141;142;143;144;151;152;153;154;155;156;157;158;159;166;167;168;169;170;171;172;173;174;181;182;183;184;185;186;187;188;189;196;197;198;199;200;201;202;203;204;211;212;213;214;215;216;217;218;219;226;227;228;229;230;231;232;233;234;241;242;243;244;245;246;247;248;249;256;257;258;259;260;261;262;263;264;271;272;273;274;275;276;277;278;279;286;287;288;289;290;291;292;293;294;301;302;303;304;305;306;307;308;309;316;317;318;319;320;321;322;323;324;331;332;333;334;335;336;337;338;339;346;347;348;349;350;351;352;353;354;361;362;363;364;365;366;367;368;369;376;377;378;379;380;381;382;383;384;391;392;393;394;395;396;397;398;399;406;407;408;409;410;411;412;413;414;421;422;423;424;425;426;427;428;429;436;437;438;439;440;441;442;443;444;451;452;453;454;455;456;457;458;459;466;467;468;469;470;471;472;473;474;481;482;483;484;485;486;487;488;489;496;497;498;499;500
F42022,10,6,6,830.0,800.0,30.0,31,266,266,266,9.704485177993774,25;38;39;51;58;59;60;61;62;63;64;65;66;73;74;75;83;90;91;92;93;94;95;96;97;98;105;106;107;108;109;110;111;112;113;120;121;122;123;124;125;126;127;128;135;136;137;138;139;140;141;142;143;150;151;152;153;154;155;156;157;158;165;166;167;168;169;170;171;172;173;180;181;182;183;184;185;186;187;188;195;196;197;198;199;200;201;202;203;210;211;212;213;214;215;216;217;218;225;226;227;228;229;230;231;232;233;240;241;242;243;244;245;246;247;248;255;256;257;258;259;260;261;262;263;270;271;272;273;274;275;276;277;278;285;286;287;288;289;290;291;292;293;300;301;302;303;304;305;306;307;308;315;316;317;318;319;320;321;322;323;330;331;332;333;334;335;336;337;338;345;346;347;348;349;350;351;352;353;360;361;362;363;364;365;366;367;368;375;376;377;378;379;380;381;382;383;390;391;392;393;394;395;396;397;398;405;406;407;408;409;410;411;412;413;420;421;422;423;424;425;426;427;428;435;436;437;438;439;440;441;442;443;450;451;452;453;454;455;456;457;458;465;466;467;468;469;470;471;472;473;480;481;482;483;484;485;486;487;488;495;496;497;498;499;500
F42022,10,7,7,836.033961543729,800.0,36.03396154372899,25,152,152,149,5.896704912185669,17;35;42;43;44;69;76;77;78;97;104;105;106;107;108;109;110;111;119;126;127;128;129;130;131;132;133;134;141;142;143;144;145;146;147;148;149;156;157;158;159;160;161;162;163;164;171;172;187;214;221;222;223;224;225;226;234;241;242;243;244;252;273;280;281;282;283;284;285;286;287;288;295;296;297;298;299;300;301;302;303;317;318;337;385;392;393;394;395;396;397;398;399;400;407;408;409;410;411;412;413;414;415;422;423;424;425;426;427;428;429;430;437;438;439;440;441;442;443;444;445;452;453;454;455;456;457;458;459;460;467;468;469;470;471;472;473;474;475;482;483;484;485;486;487;488;489;490;497;498;499;500
F42022,10,8,8,826.0,800.0,26.0,32,281,281,278,10.254255056381226,26;33;34;35;36;37;38;39;40;41;48;49;50;51;52;53;54;55;56;63;64;65;66;67;68;69;70;71;78;79;80;81;82;83;84;85;86;93;94;95;96;97;98;99;100;101;108;109;110;111;112;113;114;115;116;123;124;125;126;127;128;129;130;131;138;139;140;141;142;143;144;145;146;153;154;155;156;157;158;159;160;161;168;169;170;171;172;173;174;175;176;183;184;185;186;187;188;189;190;191;198;199;200;201;202;203;204;205;206;213;214;215;216;217;218;219;220;221;230;231;232;233;234;235;236;243;244;245;246;247;248;249;250;251;258;259;260;261;262;263;264;265;266;273;274;275;276;277;278;279;280;281;288;289;290;291;292;293;294;295;296;303;304;305;306;307;308;309;310;311;318;319;320;321;322;323;324;325;326;333;334;335;336;337;338;339;340;341;348;349;350;351;352;353;354;355;356;363;364;365;366;367;368;369;370;371;378;379;380;381;382;383;384;385;386;393;394;395;396;397;398;399;400;401;408;409;410;411;412;413;414;415;416;423;424;425;426;427;428;429;430;431;438;439;440;441;442;443;444;445;446;453;454;455;456;457;458;459;460;461;468;469;470;471;472;473;474;475;476;483;484;485;486;487;488;489;490;491;498;499;500
F42022,10,9,9,868.0000000000001,800.0,68.00000000000011,30,196,196,196,7.387444019317627,18;25;26;27;28;29;30;31;41;48;49;50;51;52;53;61;80;87;88;89;90;91;92;93;94;95;107;108;109;110;117;118;126;133;134;135;136;137;138;139;140;141;148;149;150;151;152;153;154;155;156;163;164;165;166;167;168;169;170;171;178;179;180;181;182;183;184;185;186;193;194;195;196;197;198;199;200;201;211;212;213;214;215;216;223;224;225;226;227;228;229;230;231;244;245;246;253;254;255;256;257;258;270;277;278;279;280;281;282;283;284;285;292;300;312;313;314;315;322;323;324;332;339;340;341;342;343;344;345;346;347;366;373;374;382;389;390;391;401;408;409;410;411;412;413;414;415;416;423;424;425;426;427;428;429;430;431;438;439;440;441;442;443;444;445;446;453;454;455;456;457;458;459;460;461;468;469;470;471;472;473;474;475;476;483;484;485;486;487;488;489;490;491;498;499;500
F42022,10,10,10,840.0,800.0,40.0,31,266,266,263,9.747556686401367,27;34;46;53;54;55;56;57;58;59;60;61;68;69;70;71;72;73;74;82;89;90;91;92;93;94;95;96;97;104;105;106;107;108;109;110;111;112;119;120;121;122;123;124;125;126;127;138;139;140;141;142;149;150;151;152;153;154;155;156;157;164;165;166;167;168;169;170;171;172;179;180;181;182;183;184;185;186;187;194;195;196;197;198;199;200;201;202;209;210;211;212;213;214;215;216;217;224;225;226;227;228;229;230;231;232;239;240;241;242;243;244;245;246;247;254;255;256;257;258;259;260;261;262;269;270;271;272;273;274;275;276;277;284;285;286;287;288;289;290;291;292;299;300;301;302;303;304;305;306;307;314;315;316;317;318;319;320;321;322;329;330;331;332;333;334;335;336;337;344;345;346;347;348;349;350;351;352;359;360;361;362;363;364;365;366;367;374;375;376;377;378;379;380;381;382;389;390;391;392;393;394;395;396;397;404;405;406;407;408;409;410;411;412;419;420;421;422;423;424;425;426;427;434;435;436;437;438;439;440;441;442;449;450;451;452;453;454;455;456;457;464;465;466;467;468;469;470;471;472;479;480;481;482;483;484;485;486;487;494;495;496;497;498;499;500
F42022,10,11,11,848.0000000000255,800.0,48.000000000025466,30,191,191,185,7.20947265625,12;30;46;62;84;91;92;93;94;95;96;97;98;99;118;125;126;127;128;129;130;131;132;140;147;148;149;150;151;152;153;154;155;162;163;164;165;166;167;168;169;170;177;178;179;180;199;206;207;215;228;229;230;231;243;244;245;246;260;261;268;269;270;271;272;273;274;275;276;283;284;285;286;287;288;289;290;291;298;299;300;301;302;303;304;305;306;313;321;328;329;330;331;332;333;334;335;336;343;344;345;346;347;348;349;350;351;363;364;365;366;373;374;375;376;377;378;379;380;381;388;389;390;391;392;393;394;395;396;403;404;405;406;407;408;409;410;411;418;419;420;421;422;423;424;425;426;433;434;435;436;437;438;439;440;441;448;449;450;451;452;453;454;455;456;463;464;465;466;467;468;469;470;471;478;479;480;481;482;483;484;485;486;493;494;495;496;497;498;499;500
F42022,10,12,12,842.0000000001185,800.0,42.00000000011846,30,246,246,243,9.065171003341675,40;47;48;49;50;51;52;53;54;55;86;93;94;95;96;97;98;99;100;101;111;112;113;114;115;116;123;124;125;126;127;128;129;130;131;138;139;140;141;142;143;144;145;146;153;154;155;156;157;158;169;176;177;178;179;180;181;182;183;184;191;192;193;194;195;196;197;198;199;206;207;208;209;210;211;212;213;214;224;225;226;227;228;229;236;237;238;239;240;241;242;243;244;251;252;253;254;255;256;257;258;259;266;267;268;269;270;271;272;273;274;281;282;283;284;285;286;287;288;289;296;297;298;299;300;301;302;303;304;311;312;313;314;315;316;317;318;319;326;327;328;329;330;331;332;333;334;341;342;343;344;345;346;347;348;349;356;357;358;359;360;361;362;363;364;371;372;373;374;375;376;377;378;379;386;387;388;389;390;391;392;393;394;401;402;403;404;405;406;407;408;409;416;417;418;419;420;421;422;423;424;431;432;433;434;435;436;437;438;439;446;447;448;449;450;451;452;453;454;461;462;463;464;465;466;467;468;469;476;477;478;479;480;481;482;483;484;491;492;493;494;495;496;497;498;499
F42022,10,13,13,874.0,800.0,74.0,33,288,288,285,10.493575096130371,15;23;24;25;26;27;28;29;30;37;38;39;40;41;42;43;44;45;52;53;54;55;56;57;58;59;60;67;68;69;70;71;72;73;74;75;82;83;84;85;86;87;88;89;90;97;98;99;100;101;102;103;104;105;112;113;114;115;116;117;118;119;120;127;128;129;130;131;132;133;134;135;142;143;144;145;146;147;148;149;150;157;158;159;160;161;162;163;164;165;172;173;174;175;176;177;178;179;180;187;188;189;190;191;192;193;194;195;202;203;204;205;206;207;208;209;210;217;218;219;220;221;222;223;224;225;232;233;234;235;236;237;238;239;240;247;248;249;250;251;252;253;254;255;262;263;264;265;266;267;268;269;270;277;278;279;280;281;282;283;284;285;292;293;294;295;296;297;298;299;300;307;308;309;310;311;312;313;314;315;322;323;324;325;326;327;328;329;330;337;338;339;340;341;342;343;344;345;352;353;354;355;356;357;358;359;360;367;368;369;370;371;372;373;374;375;382;383;384;385;386;387;388;389;390;397;398;399;400;401;402;403;404;405;412;413;414;415;416;417;418;419;420;427;428;429;430;431;432;433;434;435;442;443;444;445;446;447;448;449;450;457;458;459;460;461;462;463;464;465;472;473;474;475;476;477;478;479;480;487;488;489;490;491;492;493;494;495
F42022,10,14,14,844.0000000000019,800.0,44.00000000000193,30,231,231,230,8.570450782775879,24;31;44;55;56;57;58;79;88;89;90;91;92;93;94;101;102;103;104;105;106;112;119;120;121;122;123;124;135;147;148;149;150;157;158;159;160;161;162;163;164;165;178;179;180;187;188;189;190;191;192;193;194;195;202;203;204;205;206;207;208;209;210;217;218;219;220;221;222;223;224;225;232;233;234;235;236;237;238;239;240;247;248;249;250;251;252;253;254;255;262;263;264;265;266;267;268;269;270;277;278;279;280;281;282;283;284;285;292;293;294;295;296;297;298;299;300;307;308;309;310;311;312;313;314;315;322;323;324;325;326;327;328;329;330;340;341;342;343;344;345;352;353;354;355;356;357;358;359;360;367;368;369;370;371;372;373;374;375;382;383;384;385;386;387;388;389;390;397;398;399;400;401;402;403;404;405;412;413;414;415;416;417;418;419;420;427;428;429;430;431;432;433;434;435;442;443;444;445;446;447;448;449;450;457;458;459;460;461;462;463;464;465;472;473;474;475;476;477;478;479;480;487;488;489;490;491;492;493;494;495
F42022,10,15,15,834.0,800.0,34.0,31,226,226,224,8.40982699394226,11;31;42;61;68;76;83;84;85;86;87;88;89;90;91;98;99;100;101;102;103;104;105;106;113;131;146;160;161;168;169;170;171;172;180;187;188;189;190;191;192;193;194;195;202;203;204;205;206;207;208;209;210;217;218;219;220;221;222;223;224;225;232;233;234;235;236;237;238;239;240;241;242;249;250;251;252;253;254;255;256;257;264;265;266;267;268;269;270;271;272;279;280;281;282;283;284;285;286;287;294;295;296;297;298;299;300;301;302;309;310;311;312;313;314;315;316;317;324;325;326;327;328;329;330;331;332;339;340;341;342;343;344;345;346;347;354;355;356;357;358;359;360;361;362;369;370;371;372;373;374;375;376;377;384;385;386;387;388;389;390;391;392;399;400;401;402;403;404;405;406;407;414;415;416;417;418;419;420;421;422;429;430;431;432;433;434;435;436;437;444;445;446;447;448;449;450;451;452;459;460;461;462;463;464;465;466;467;474;475;476;477;478;479;480;481;482;489;490;491;492;493;494;495;496;497
F42022,10,16,16,850.0000012732537,800.0,50.0000012732537,26,154,154,154,6.01015305519104,74;81;82;83;84;85;86;87;88;89;115;141;148;149;157;172;186;187;210;238;245;246;247;259;266;267;275;282;283;284;285;286;287;288;289;290;297;298;299;300;301;302;303;304;305;312;313;314;315;316;317;318;319;320;330;331;332;333;334;335;342;343;344;345;346;347;348;349;350;357;358;359;360;361;362;363;364;365;372;373;374;375;376;377;378;379;380;387;393;394;395;402;403;404;405;406;407;408;409;410;417;418;419;420;421;422;423;424;425;432;433;434;435;436;437;438;439;440;447;448;449;450;451;452;453;454;455;462;463;464;465;466;467;468;469;470;477;478;479;480;481;482;483;484;485;492;493;494;495;496;497;498;499;500
F42022,10,17,17,820.0000115041843,800.0,20.000011504184272,26,163,163,163,6.315001964569092,32;40;41;42;43;51;58;59;60;61;62;63;64;65;66;73;74;75;76;77;78;86;93;112;121;122;123;124;125;126;127;134;135;136;137;138;139;140;141;142;157;164;165;166;167;168;169;170;171;179;186;187;188;189;190;191;192;193;194;208;209;216;217;218;219;220;221;222;223;224;231;232;233;234;235;236;237;238;239;246;247;248;249;250;251;266;273;274;275;283;298;310;311;312;313;355;362;363;364;391;398;399;400;401;402;403;404;405;406;413;414;415;416;417;418;419;420;421;428;429;430;431;432;433;434;435;436;443;444;445;446;447;448;449;450;451;458;459;460;461;462;463;464;465;466;473;474;475;476;477;478;479;480;481;488;489;490;491;492;493;494;495;496
F42022,10,18,18,834.0028909911396,800.0,34.002890991139566,28,149,149,149,5.786091089248657,38;48;49;50;51;52;53;60;61;62;63;64;65;66;67;68;88;95;96;97;98;99;100;101;102;103;117;118;125;126;127;128;129;130;131;132;133;140;141;142;143;144;145;146;147;148;155;156;157;158;159;160;161;162;163;177;178;188;200;214;215;226;227;228;229;230;242;243;244;245;266;273;274;275;283;303;316;317;318;325;326;327;328;329;330;331;332;333;352;359;360;361;362;363;364;365;366;367;394;401;402;403;404;412;419;420;421;422;423;424;425;426;439;446;447;448;449;450;451;452;453;454;461;462;463;464;465;466;467;468;469;476;477;478;479;480;481;482;483;484;491;492;493;494;495;496;497;498;499
F42022,10,19,19,838.0000000000014,800.0,38.000000000001364,29,204,204,200,7.650753021240234,30;41;42;43;44;45;52;53;54;70;77;89;96;97;98;99;100;101;102;110;125;132;133;134;135;136;137;138;139;140;153;154;155;167;168;169;170;177;178;179;180;181;182;183;184;185;192;193;194;195;203;219;226;227;228;229;230;231;232;233;234;241;242;243;244;245;246;247;248;249;256;257;258;259;260;261;262;263;264;272;273;274;275;276;277;278;279;286;294;301;302;303;304;305;306;307;308;312;319;320;321;322;323;324;325;326;337;344;345;346;347;348;349;350;351;352;359;360;361;362;363;364;365;366;367;374;375;376;377;378;379;380;381;382;389;390;391;392;393;394;395;396;397;404;405;406;407;408;409;410;411;412;419;420;421;422;423;424;425;426;427;434;435;436;437;438;439;440;441;442;449;450;451;452;453;454;455;456;457;464;465;466;467;468;469;470;471;472;479;480;481;482;483;484;485;486;487;494;495;496;497;498;499;500
F42022,10,20,20,872.0,800.0,72.0,29,247,247,225,9.111937999725342,24;31;32;33;34;35;36;37;38;39;40;57;64;65;66;67;68;69;98;99;107;114;115;116;117;118;119;120;121;122;123;124;132;133;134;135;136;143;144;145;146;147;148;149;150;151;152;159;167;174;175;176;177;178;179;180;181;182;189;190;191;192;193;194;195;196;197;204;205;206;207;208;209;210;211;212;219;220;221;222;223;224;225;226;227;234;235;236;237;238;239;240;241;242;249;250;251;252;253;254;255;256;257;264;265;266;267;268;269;270;271;272;279;280;281;282;283;284;285;286;287;294;295;296;297;298;299;300;301;302;309;310;311;312;313;314;315;316;317;324;325;326;327;328;329;330;331;332;339;340;341;342;343;344;345;346;347;354;355;356;357;358;359;360;361;362;369;370;371;372;373;374;375;376;377;384;385;386;387;388;389;390;391;392;399;400;401;402;403;404;405;406;407;414;415;416;417;418;419;420;421;422;429;430;431;432;433;434;435;436;437;444;445;446;447;448;449;450;451;452;459;460;461;462;463;464;465;466;467;474;475;476;477;478;479;480;481;482;489;490;491;492;493;494;495;496;497
F42022,10,21,21,830.00354979199,800.0,30.003549791990054,28,171,171,171,6.5351221561431885,17;27;28;29;30;45;52;53;54;55;56;57;58;59;60;67;68;69;70;71;72;80;87;88;89;90;91;99;106;107;108;109;110;111;112;113;114;121;122;123;124;125;126;127;128;129;145;161;168;176;183;184;185;186;187;188;189;190;198;207;208;209;210;211;212;213;220;221;222;223;224;225;226;227;228;235;236;237;238;239;240;241;242;243;254;255;256;257;258;265;266;267;268;269;270;271;272;280;287;295;309;310;317;318;319;320;321;322;323;324;325;332;333;334;335;336;337;338;339;340;347;348;349;350;351;352;353;354;355;362;372;380;401;408;409;410;411;428;435;436;437;438;439;452;459;460;461;462;463;464;465;466;467;474;475;476;477;478;479;480;481;482;489;490;491;492;493;494;495;496;497
F42022,10,22,22,848.0000000002887,800.0,48.00000000028865,30,222,222,222,8.260141849517822,24;39;46;47;48;49;50;51;52;53;54;61;62;63;64;65;66;67;68;69;76;77;85;92;93;94;95;96;97;98;99;100;107;108;109;110;111;112;113;114;115;122;123;124;125;126;127;128;129;130;137;138;139;140;141;142;143;144;145;152;153;154;155;156;157;158;166;173;174;175;176;177;178;179;180;181;188;189;190;191;192;193;194;202;209;221;228;229;230;231;232;233;234;235;236;243;244;252;259;260;261;262;263;264;265;266;267;283;290;291;292;293;294;295;296;297;298;305;306;307;308;309;310;311;312;313;320;321;322;323;324;345;352;353;354;355;356;357;358;359;360;367;368;369;370;371;372;373;374;375;382;383;384;385;386;387;388;389;390;397;398;399;400;401;402;403;404;405;412;413;414;415;416;417;418;419;420;427;428;429;430;431;432;433;434;435;442;443;444;445;446;447;448;449;450;457;458;459;460;461;462;463;464;465;472;473;474;475;476;477;478;479;480;487;488;489;490;491;492;493;494;495
F42022,10,23,23,832.062498627011,800.0,32.062498627010996,29,155,155,150,5.990778923034668,13;14;21;22;23;24;25;26;27;28;29;36;37;46;53;63;64;76;77;78;79;86;87;88;89;90;91;92;93;94;101;102;103;104;105;106;107;108;109;116;117;118;119;120;121;122;123;124;131;139;146;147;148;149;150;151;152;153;154;167;168;169;178;179;180;181;182;183;184;191;192;193;194;195;196;197;198;199;209;210;211;212;213;214;221;229;240;241;242;243;244;254;255;256;257;258;259;269;270;271;272;273;274;281;282;290;297;298;299;300;301;302;303;304;305;312;313;314;315;316;337;345;346;354;378;386;387;388;389;390;391;392;393;403;404;405;433;443;444;445;446;447;448;464;471;472;473;474;475;476;477;478;479;486;494
F42022,10,24,24,852.0,800.0,52.0,31,258,258,258,9.513416051864624,40;47;48;49;50;51;52;53;54;55;62;63;64;72;90;97;98;99;100;101;102;103;104;105;112;113;114;115;116;117;118;119;120;127;128;129;130;131;132;133;134;135;142;143;144;145;146;147;148;149;150;157;158;159;160;161;162;163;164;165;172;173;174;175;176;177;178;179;180;187;188;189;190;191;192;193;194;195;202;203;204;205;206;207;208;209;210;217;218;219;220;221;222;223;224;225;232;233;234;235;236;237;238;239;240;247;248;249;250;251;252;253;254;255;262;263;264;265;266;267;268;269;270;277;278;279;280;281;282;283;284;285;292;293;294;295;296;297;298;299;300;307;308;309;310;311;312;313;314;315;322;323;324;325;326;327;328;329;330;337;338;339;340;341;342;343;344;345;352;353;354;355;356;357;358;359;360;367;368;369;370;371;372;373;374;375;382;383;384;385;386;387;388;389;390;397;398;399;400;401;402;403;404;405;412;413;414;415;416;417;418;419;420;427;428;429;430;431;432;433;434;435;442;443;444;445;446;447;448;449;450;457;458;459;460;461;462;463;464;465;472;473;474;475;476;477;478;479;480;487;488;489;490;491;492;493;494;495
F42022,10,25,25,858.0000000000011,800.0,58.00000000000114,30,221,221,218,8.259671688079834,21;22;29;30;31;32;33;34;35;36;37;44;45;46;47;48;49;50;51;52;59;60;61;62;63;64;65;66;67;74;75;76;77;78;79;80;81;82;96;97;116;123;124;125;126;127;128;129;130;131;138;139;140;141;142;143;144;145;146;153;154;155;156;157;158;159;160;161;168;169;170;171;172;173;174;175;176;183;184;185;186;187;188;189;190;191;205;206;213;214;215;216;217;218;219;220;221;228;229;230;231;232;233;234;235;236;243;244;245;246;247;248;249;250;251;258;259;260;261;262;263;264;265;266;273;274;278;279;280;281;288;289;290;291;315;334;353;363;364;365;366;367;368;375;376;377;378;379;380;381;382;383;390;391;392;393;394;395;396;397;398;405;406;407;408;409;410;411;412;413;420;421;422;423;424;425;426;427;428;435;436;437;438;439;440;441;442;443;450;451;452;453;454;455;456;457;458;465;466;467;468;469;470;471;472;473;480;481;482;483;484;485;486;487;488;495;496;497;498;499;500
F42022,10,26,26,848.0,800.0,48.0,31,259,259,254,9.520347118377686,29;36;37;38;58;69;70;71;72;73;80;81;82;83;84;85;86;87;88;99;100;101;102;103;110;111;112;113;114;115;116;117;118;125;126;127;128;129;130;131;132;133;140;141;142;143;144;145;146;147;148;155;156;157;158;159;160;161;162;163;170;171;172;173;174;175;176;177;178;185;186;187;188;189;190;191;192;193;200;201;202;203;204;205;206;207;208;215;216;217;218;219;220;221;222;223;230;231;232;233;234;235;236;237;238;245;246;247;248;249;250;251;252;253;260;261;262;263;264;265;266;267;268;275;276;277;278;279;280;281;282;283;290;291;292;293;294;295;296;297;298;305;306;307;308;309;310;311;312;313;320;321;322;323;324;325;326;327;328;335;336;337;338;339;340;341;342;343;350;351;352;353;354;355;356;357;358;365;366;367;368;369;370;371;372;373;380;381;382;383;384;385;386;387;388;395;396;397;398;399;400;401;402;403;410;411;412;413;414;415;416;417;418;425;426;427;428;429;430;431;432;433;440;441;442;443;444;445;446;447;448;455;456;457;458;459;460;461;462;463;470;471;472;473;474;475;476;477;478;485;486;487;488;489;490;491;492;493;500
F42022,10,27,27,814.0000273070681,800.0,14.00002730706808,24,142,142,140,5.554959058761597,41;49;50;51;52;53;54;55;56;63;64;65;66;67;68;69;70;71;78;79;80;81;82;83;98;109;110;111;112;125;144;151;152;153;154;155;156;157;158;159;166;167;168;177;184;185;186;187;188;189;190;191;192;199;200;201;202;214;224;225;226;227;228;229;240;241;242;243;244;251;252;253;254;255;256;257;258;259;273;274;281;282;283;284;285;286;287;288;289;296;297;298;299;300;301;302;303;304;311;312;313;314;315;316;317;332;340;341;342;343;344;345;346;347;366;416;433;458;465;466;467;468;469;470;471;472;473;480;481;482;483;484;485;486;487;488;495;496;497;498;499;500
F42022,10,28,28,838.000000002026,800.0,38.00000000202601,28,192,192,192,7.253891706466675,20;40;56;64;65;66;67;68;69;70;71;78;93;100;101;102;103;104;105;106;107;108;124;131;132;133;134;135;136;137;138;139;146;147;148;149;150;151;152;153;154;165;166;167;168;169;176;177;178;179;180;181;182;183;184;191;192;193;194;195;196;197;198;199;206;207;208;209;210;211;212;213;214;221;222;223;231;238;246;253;254;255;256;257;258;259;260;261;268;269;270;271;272;273;274;275;276;283;284;285;286;287;288;289;290;291;298;299;300;301;302;303;304;305;306;313;314;315;316;317;318;319;327;384;391;392;393;394;395;396;397;398;399;406;407;408;409;410;411;412;413;414;421;422;423;424;425;426;427;428;429;436;437;438;439;440;441;442;443;444;451;452;453;454;455;456;457;458;459;466;467;468;469;470;471;472;473;474;481;482;483;484;485;486;487;488;489;496;497;498;499;500
F42022,10,29,29,860.0,800.0,60.0,29,198,198,198,7.454399108886719,24;31;32;33;34;35;36;37;38;39;46;47;48;49;50;51;52;53;54;63;64;65;66;67;68;69;81;82;90;97;98;99;100;108;115;116;117;118;119;120;121;122;133;140;141;142;143;144;145;146;147;148;155;156;157;158;159;160;161;162;163;170;171;172;173;174;175;176;177;178;185;186;187;188;189;190;191;192;193;207;208;218;219;220;221;233;240;241;242;243;244;245;246;247;248;260;261;262;263;270;271;272;273;274;275;276;277;278;289;297;304;326;345;355;356;357;365;372;373;374;375;376;377;378;379;380;387;388;389;390;391;392;393;394;395;402;403;404;405;406;407;408;409;410;417;418;419;420;421;422;423;424;425;432;433;434;435;436;437;438;439;440;447;448;449;450;451;452;453;454;455;462;463;464;465;466;467;468;469;470;477;478;479;480;481;482;483;484;485;492;493;494;495;496;497;498;499;500
F42022,10,30,30,852.0000000000026,800.0,52.000000000002615,31,262,262,262,9.631908893585205,26;35;36;37;38;39;47;54;55;56;57;58;59;60;61;62;69;70;71;72;73;74;75;76;77;85;86;88;89;96;103;104;105;106;107;108;109;110;111;118;119;120;121;122;123;124;125;126;133;134;135;136;137;138;139;140;141;148;149;150;151;152;153;154;155;156;163;164;165;166;167;168;169;170;171;178;179;180;181;182;183;184;185;186;193;194;195;196;197;198;199;200;201;208;209;210;211;212;213;214;215;216;223;224;225;226;227;228;229;230;231;238;239;240;241;242;243;244;245;246;253;254;255;256;257;258;259;260;261;268;269;270;271;272;273;274;275;276;283;284;285;286;287;298;305;306;307;308;309;310;311;312;313;320;321;322;323;324;325;326;327;328;335;336;337;338;339;340;341;342;343;350;351;352;353;354;355;356;357;358;365;366;367;368;369;370;371;372;373;380;381;382;383;384;385;386;387;388;395;396;397;398;399;400;401;402;403;410;411;412;413;414;415;416;417;418;425;426;427;428;429;430;431;432;433;440;441;442;443;444;445;446;447;448;455;456;457;458;459;460;461;462;463;470;471;472;473;474;475;476;477;478;485;486;487;488;489;490;491;492;493;500
F52022,10,1,1,901.9194866676427,900.0,1.9194866676426727,26,156,156,126,3.7841131687164307,26;27;34;42;43;77;78;79;80;102;111;112;113;114;115;116;117;124;125;126;127;128;129;130;131;132;133;145;146;154;161;162;163;164;165;166;167;168;180;193;194;195;208;209;210;217;218;222;223;224;225;226;233;234;235;254;266;267;268;269;289;290;291;307;322;329;330;338;347;348;349;350;351;352;353;363;364;365;366;367;368;375;376;377;378;379;380;381;382;383;393;394;395;396;397;398;405;406;407;408;409;410;411;412;413;420;421;422;423;424;425;426;427;428;435;436;437;438;439;440;441;442;443;450;451;452;453;454;455;456;457;458;465;466;467;468;469;470;471;472;473;480;481;482;483;484;485;486;487;488;495;496;497;498;499;500
F52022,10,2,2,900.5946287114882,900.0,0.5946287114882125,28,183,183,154,4.350671768188477,13;23;24;35;59;66;67;68;69;70;71;72;73;74;82;83;84;85;86;87;88;89;90;114;121;122;123;124;125;126;127;128;129;137;138;139;140;141;142;143;144;151;159;173;174;181;182;183;184;185;186;187;188;189;196;197;198;199;200;201;202;203;204;216;217;218;234;235;242;250;257;258;259;260;261;262;263;264;265;272;273;274;275;276;277;278;279;287;294;295;296;297;298;299;300;301;302;315;323;342;350;351;352;353;354;355;356;357;364;365;366;367;368;369;370;371;381;388;389;390;391;392;393;394;395;396;403;404;405;406;407;408;409;410;411;418;419;420;421;422;423;424;425;426;433;434;435;436;437;438;439;440;441;448;449;450;451;452;453;454;455;456;457;464;465;466;467;468;469;470;471;472;473;480;481;482;483;484;485;486;487;488;500
F52022,10,3,3,900.6449309409037,900.0,0.6449309409036914,27,176,176,121,4.196295261383057,24;25;26;27;35;42;43;44;45;46;47;48;49;50;57;58;59;60;61;72;80;81;82;83;84;85;86;87;94;95;96;97;98;99;100;101;102;103;116;117;118;127;128;129;130;131;132;140;141;148;149;150;151;152;153;161;168;169;170;171;172;173;174;175;176;189;190;191;198;199;200;208;220;221;222;223;230;238;245;246;247;248;249;250;251;252;253;254;261;262;263;264;265;266;267;268;269;283;284;298;299;347;361;362;363;364;365;366;374;375;376;377;385;392;393;394;395;396;397;402;409;410;411;412;413;414;415;416;417;424;425;426;427;428;429;430;431;432;439;440;441;442;443;444;445;446;447;454;455;456;457;458;459;460;461;462;463;470;471;472;473;474;475;476;477;478;485;486;487;488;489;490;491;492;493;500
F52022,10,4,4,900.7573845437287,900.0,0.7573845437286764,30,209,209,164,4.893540143966675,17;45;53;60;61;62;63;64;65;66;67;68;75;76;77;78;79;80;81;82;83;90;91;92;102;109;110;111;112;113;114;115;116;122;129;130;131;132;133;134;135;136;137;138;146;147;148;149;150;151;152;153;160;161;162;163;164;165;166;167;169;176;177;178;186;193;194;195;196;197;198;199;200;201;211;212;213;221;222;229;230;231;232;233;234;235;236;237;244;252;266;267;268;275;276;277;278;279;280;281;282;283;290;291;292;293;294;295;296;297;298;312;313;327;328;335;336;337;338;339;340;341;342;343;350;351;352;359;366;367;368;369;370;371;372;373;374;381;382;383;384;391;398;399;400;401;402;403;404;405;406;407;408;415;416;417;418;419;420;421;422;423;430;431;432;433;434;435;436;437;438;445;446;447;448;449;450;451;452;453;460;461;462;463;464;465;466;467;468;475;476;477;478;479;480;481;482;483;490;491;492;493;494;495;496;497;498;499;500
F52022,10,5,5,900.1079739492001,900.0,0.10797394920007264,26,174,174,138,4.156028985977173,29;30;31;43;55;56;93;104;105;106;114;121;122;123;124;125;126;135;142;143;144;145;146;147;148;149;150;157;158;159;160;161;162;163;164;165;172;173;174;175;176;184;191;192;193;194;195;196;197;198;206;213;214;215;216;217;218;219;227;241;242;258;265;266;267;268;269;270;271;272;273;280;281;282;283;284;285;286;287;288;295;312;330;337;338;339;340;341;342;343;344;345;363;370;371;372;373;374;375;376;377;378;385;386;387;388;389;390;391;392;393;400;401;402;403;404;405;406;407;408;415;416;417;418;419;420;421;422;423;430;431;432;433;434;435;436;437;438;445;446;447;448;449;450;451;452;453;460;461;462;463;464;465;466;467;468;475;476;477;478;479;480;481;482;483;490;491;492;493;494;495;496;497;498
F52022,10,6,6,901.3416955080403,900.0,1.3416955080402886,27,184,184,147,4.367099761962891,22;33;34;35;36;37;44;45;46;47;48;49;50;51;52;59;60;61;62;63;64;65;66;67;68;69;76;77;78;79;80;81;82;83;84;91;92;93;94;95;106;113;121;140;141;148;149;150;151;152;153;154;155;171;178;179;180;181;182;183;184;195;202;203;204;205;206;207;208;209;210;217;218;219;220;229;240;241;242;243;244;251;252;253;254;255;256;257;258;266;273;274;275;276;277;278;279;280;288;295;296;297;298;299;300;301;302;303;314;315;316;324;338;339;346;363;364;373;374;375;376;377;378;379;386;387;388;389;390;396;403;404;405;406;407;408;409;410;411;419;420;421;422;423;424;425;426;433;434;435;436;437;438;439;440;441;442;443;457;458;465;466;467;468;469;470;471;472;473;480;481;482;483;484;485;486;487;488;489;496;497;498;499;500
F52022,10,7,7,900.5718817362681,900.0,0.5718817362680966,26,197,197,151,4.648370981216431,28;35;36;37;38;39;40;41;42;43;50;51;52;71;72;79;80;81;96;124;131;132;133;134;135;136;137;146;153;154;155;156;157;158;159;160;161;168;169;170;171;191;192;210;211;219;220;221;222;223;224;225;226;233;234;235;236;237;238;239;240;241;248;249;250;251;252;253;254;255;256;263;264;265;266;267;268;269;270;271;278;279;280;281;282;283;284;285;293;300;301;302;315;322;323;324;325;326;327;328;329;330;340;341;342;343;344;345;352;353;354;355;356;357;358;359;360;361;368;373;374;375;376;383;384;385;386;387;388;389;390;391;392;399;400;401;402;403;404;405;406;407;414;415;416;417;418;419;420;421;422;429;430;431;432;433;434;435;436;437;438;445;446;447;448;449;450;451;452;453;460;461;462;463;464;465;466;467;468;475;476;477;478;479;480;481;482;483;490;491;492;493;494;495;496;497;498
F52022,10,8,8,900.1900133046231,900.0,0.19001330462310762,29,247,247,181,5.701153755187988,54;55;56;57;64;65;66;67;68;69;70;71;72;80;81;82;83;84;85;86;87;100;101;102;103;104;105;106;107;114;115;116;117;118;119;120;121;122;136;137;146;147;148;149;150;151;152;159;160;161;162;163;164;165;166;167;174;175;176;177;178;179;180;181;182;189;190;191;192;193;194;195;196;197;204;205;206;207;208;209;210;211;212;219;220;221;222;223;224;225;226;227;231;238;239;240;241;242;243;244;245;246;247;254;255;256;257;258;259;260;261;262;269;270;271;272;273;274;275;276;277;284;285;286;287;288;289;290;291;292;299;300;301;302;303;304;305;306;307;314;315;316;317;318;319;320;321;322;329;330;331;332;333;334;335;336;337;344;352;359;360;361;362;363;364;365;366;367;374;375;376;377;378;379;380;381;382;383;390;391;392;393;394;395;396;397;398;405;406;407;408;409;410;411;412;413;414;421;422;423;424;425;426;427;428;429;436;437;438;439;440;441;442;443;444;445;452;453;454;455;456;457;458;459;460;461;468;469;470;471;472;473;474;475;476;477;484;485;486;487;488;489;490;491;492;493;500
F52022,10,9,9,901.1866159350291,900.0,1.1866159350290673,25,188,188,118,4.454695224761963,57;64;65;66;67;68;69;77;78;79;80;81;82;83;91;92;93;94;95;96;103;104;105;106;107;108;109;110;111;112;119;120;121;122;123;124;125;126;127;128;135;136;137;138;139;140;141;142;143;157;164;171;172;173;174;175;176;177;178;179;180;187;188;189;190;191;192;193;194;195;210;211;212;219;220;221;222;223;224;232;251;252;264;265;266;267;287;294;295;303;310;311;312;313;314;315;316;317;318;319;320;327;328;329;330;331;332;333;334;343;344;345;352;353;354;355;356;357;358;359;360;382;383;394;395;396;397;398;405;406;407;408;409;410;411;412;413;414;421;422;423;424;425;426;427;428;429;436;437;438;439;440;441;442;443;444;451;452;453;454;455;456;457;458;459;466;467;468;469;470;471;472;473;474;475;482;483;484;485;486;487;488;489;490;497;498;499;500
F52022,10,10,10,901.126180447687,900.0,1.1261804476870338,26,163,163,137,3.9269421100616455,11;12;19;20;21;22;23;41;76;77;84;85;86;87;88;96;103;111;118;119;120;121;122;123;124;125;126;133;134;135;136;137;138;146;160;161;179;213;220;221;222;223;224;225;226;227;228;235;236;237;238;239;240;241;242;243;250;251;252;253;254;255;256;257;258;265;273;280;281;282;283;284;285;286;287;288;295;296;297;298;299;300;301;302;303;311;312;313;314;315;316;317;328;341;358;359;366;367;368;369;370;371;372;373;374;382;383;384;385;386;387;388;396;405;418;425;426;427;428;429;430;431;432;433;434;441;442;443;444;445;446;447;448;449;450;451;458;459;460;461;462;463;464;465;466;473;474;475;476;477;478;479;480;481;488;489;490;491;492;493;494;495;496
F52022,10,11,11,901.6946109836942,900.0,1.694610983694247,27,206,206,157,4.831772089004517,18;32;33;40;41;42;43;44;45;46;47;48;55;56;57;58;59;60;61;62;63;70;71;72;73;74;75;76;77;78;79;86;87;88;89;90;91;92;93;94;95;114;115;122;123;124;125;126;127;128;129;130;137;138;139;140;141;142;143;151;158;159;160;161;162;163;164;165;166;178;195;202;203;204;205;206;207;208;209;210;217;218;219;220;221;222;223;224;225;232;233;234;235;236;237;238;239;240;247;248;249;250;251;252;253;254;255;262;263;264;265;266;267;268;269;270;271;282;284;289;297;307;308;309;310;311;323;324;331;332;333;334;366;367;368;369;379;385;386;393;394;395;396;397;398;399;400;401;408;409;410;411;412;413;414;415;416;423;424;425;426;427;428;429;430;431;432;439;440;441;442;443;444;445;446;447;448;455;456;457;458;459;460;461;462;463;464;471;472;473;474;475;476;477;478;479;480;487;488;489;490;491;492;493;494;495
F52022,10,12,12,900.2426111669142,900.0,0.24261116691423013,29,213,213,179,4.984541893005371,19;20;21;46;53;54;55;56;57;67;74;75;76;77;78;79;80;81;82;93;94;95;96;97;104;105;106;107;108;109;110;111;112;119;120;121;122;123;124;125;126;127;134;135;136;137;138;139;140;141;142;149;157;167;168;169;170;171;172;173;180;181;182;183;184;185;186;187;188;195;196;197;198;199;200;201;202;203;204;211;212;213;214;215;216;217;218;219;226;227;228;229;230;231;232;233;234;241;242;243;244;245;254;268;269;283;284;305;306;313;314;315;316;317;318;319;327;335;336;337;338;339;340;341;342;349;350;351;352;353;354;355;356;357;364;365;366;367;368;369;370;371;382;389;390;391;392;393;394;395;396;397;404;405;406;407;408;409;410;411;412;419;420;421;422;423;424;425;426;427;434;435;436;437;438;439;440;441;442;449;450;451;452;453;454;455;456;457;458;465;466;467;468;469;470;471;472;473;480;481;482;483;484;485;486;487;488;495;496;497;498;499;500
F52022,10,13,13,901.5472543099453,900.0,1.5472543099452878,26,219,219,130,5.104553937911987,31;38;39;40;41;42;43;44;45;53;60;61;62;63;64;65;66;67;68;69;70;71;72;73;74;75;76;77;84;85;86;92;93;99;106;107;108;109;110;111;112;113;114;115;116;117;128;129;130;131;132;139;140;141;142;143;144;145;146;147;148;155;156;157;158;159;160;161;162;163;164;165;166;167;168;169;176;177;185;186;187;188;195;196;197;198;199;200;201;202;203;210;211;212;213;214;215;216;217;218;225;226;243;250;251;252;253;254;255;256;264;271;272;273;274;275;276;277;278;279;286;287;288;310;317;318;319;320;321;332;333;344;345;346;347;357;358;365;366;367;368;369;370;371;372;373;381;382;383;384;385;386;387;388;395;396;397;398;399;400;401;402;403;410;411;412;413;414;415;416;417;418;419;420;427;428;429;430;431;432;433;434;435;442;443;444;445;446;447;448;449;450;457;458;459;460;461;462;463;464;465;472;473;474;475;476;477;478;479;480;487;488;489;490;491;492;493;494;495
F52022,10,14,14,901.3171453364262,900.0,1.3171453364261652,27,195,195,141,4.600068092346191,52;53;61;69;78;79;80;81;82;88;104;105;112;113;121;128;129;130;131;132;133;141;148;163;164;171;172;173;174;175;176;177;178;179;192;193;194;195;203;210;211;212;213;214;218;225;226;227;228;229;230;231;232;233;240;241;249;256;257;258;259;260;261;262;263;264;271;272;273;274;275;276;277;278;279;286;287;288;289;290;291;292;293;294;301;302;303;304;305;306;307;308;309;316;317;318;319;320;321;322;323;324;331;332;333;334;335;336;337;338;339;340;350;360;367;368;369;370;371;374;375;382;383;384;385;386;387;388;389;390;397;398;399;400;401;402;403;404;405;412;413;414;415;416;417;418;419;420;427;428;429;430;431;432;433;434;435;442;443;444;445;446;447;448;449;450;451;452;459;460;461;462;463;464;465;466;467;474;475;476;477;478;479;480;481;482;489;490;491;492;493;494;495;496;497
F52022,10,15,15,901.5569315816958,900.0,1.5569315816958351,28,211,211,163,4.934017896652222,19;20;21;22;23;45;46;47;54;62;72;73;74;85;86;87;88;95;96;97;103;104;105;112;113;114;115;116;117;123;124;136;144;152;159;160;161;162;163;164;165;166;167;179;180;181;182;183;197;198;199;207;208;209;210;211;212;213;214;221;222;223;224;225;226;227;228;229;236;237;238;239;240;241;242;243;244;257;258;259;266;267;268;269;270;271;272;273;274;281;282;283;284;285;286;287;288;289;302;303;304;311;312;313;314;315;316;325;332;333;334;335;336;337;338;339;340;347;348;349;350;351;352;353;354;355;362;363;364;365;366;367;368;369;370;377;378;379;380;381;382;383;384;385;392;393;394;395;396;397;398;399;400;407;408;409;410;411;412;413;414;415;422;423;424;425;426;427;428;429;430;437;438;439;440;441;442;443;444;445;452;453;454;455;456;457;458;459;460;461;468;469;470;471;472;473;474;475;476;483;484;485;486;487;488;489;490;491;492;499;500
F52022,10,16,16,901.6462739966082,900.0,1.6462739966082154,29,262,262,199,6.013499021530151,36;43;44;45;46;47;48;49;50;51;58;59;60;61;62;63;64;65;66;67;84;99;100;107;108;109;110;111;112;113;114;115;122;123;124;125;126;127;128;129;130;137;138;139;140;141;142;143;144;145;146;147;154;155;156;157;158;159;160;161;162;163;170;171;172;173;174;175;176;177;178;179;180;187;188;189;190;191;192;193;194;195;196;203;204;205;206;207;208;209;210;211;218;219;220;221;222;223;224;225;226;233;234;235;236;237;238;239;240;241;248;249;250;251;252;253;254;255;256;268;269;270;271;272;279;280;281;282;283;284;285;286;287;294;295;296;297;298;299;300;301;302;309;310;311;312;313;314;315;316;317;324;325;326;327;328;329;330;331;332;339;340;341;342;343;344;345;346;347;354;355;356;357;358;359;360;361;362;363;364;371;372;373;374;375;376;377;378;379;380;387;388;389;390;391;392;393;394;395;402;403;404;405;406;407;408;409;410;417;418;419;420;421;422;423;424;425;432;433;434;435;436;437;438;439;440;447;448;449;450;451;452;453;454;455;456;457;464;465;466;467;468;469;470;471;472;479;480;481;482;483;484;485;486;487;494;495;496;497;498;499;500
F52022,10,17,17,901.4145352707857,900.0,1.4145352707856773,31,245,245,222,5.658924102783203,15;22;23;24;25;26;27;28;29;30;31;38;39;40;41;42;43;44;45;46;47;57;58;59;60;61;62;63;64;71;72;73;89;96;97;105;112;113;114;115;116;117;118;119;120;127;128;129;130;131;132;133;134;135;142;143;144;145;146;147;148;149;150;157;158;159;160;161;162;163;164;165;183;190;191;192;193;194;195;196;197;198;205;206;207;208;209;210;211;212;213;220;221;222;223;224;225;226;227;228;235;236;237;238;239;240;241;242;243;250;251;252;253;254;255;256;257;258;265;266;267;268;269;270;271;272;273;283;284;285;286;287;288;295;296;297;298;299;300;311;318;319;320;321;322;323;324;325;326;327;334;335;336;337;345;352;353;354;355;356;357;358;359;360;367;368;369;370;371;372;373;374;375;382;383;384;385;386;387;388;389;390;397;398;399;400;401;402;403;404;405;412;413;414;415;416;417;418;419;420;427;428;429;430;431;432;433;434;435;442;443;444;445;446;447;448;449;450;457;458;459;460;461;462;463;464;465;472;473;474;475;476;477;478;479;480;487;488;489;490;491;492;493;494;495
F52022,10,18,18,900.8597004497892,900.0,0.8597004497892158,24,145,145,106,3.5495691299438477,25;34;41;42;43;44;45;46;47;48;49;61;62;63;71;78;86;93;94;95;96;97;98;99;100;101;102;109;110;111;124;138;146;155;156;157;158;159;160;161;168;169;170;171;179;186;187;188;189;190;191;192;193;194;201;202;203;212;219;220;231;232;239;240;241;242;243;244;245;246;247;254;255;256;257;258;259;260;261;262;263;264;271;272;273;274;275;276;277;278;279;280;293;294;295;312;372;379;380;387;394;411;422;423;424;425;426;433;434;435;436;437;438;445;452;453;454;455;456;457;458;459;460;467;468;469;470;471;472;473;474;475;482;483;484;485;486;487;488;489;490;497;498;499;500
F52022,10,19,19,900.6738616538304,900.0,0.6738616538303859,20,113,113,87,2.8718669414520264,19;43;58;59;66;67;68;69;70;71;72;73;74;75;76;83;84;85;86;102;103;104;105;122;134;170;171;178;179;180;181;182;183;184;185;186;193;194;195;196;197;198;199;200;201;208;209;210;211;212;213;214;215;216;223;224;225;226;227;228;229;230;231;238;239;240;241;242;243;244;245;246;253;254;255;256;257;258;259;260;261;283;308;315;316;324;325;344;358;427;441;442;450;451;452;453;454;455;456;457;458;465;466;467;468;469;470;471;472;473;474;480;496
F52022,10,20,20,900.4653288531523,900.0,0.4653288531523003,30,248,248,130,5.716485977172852,23;24;25;32;33;34;35;36;37;38;39;40;47;48;49;50;51;52;53;54;55;62;63;64;65;66;67;68;69;70;85;92;93;94;95;96;97;98;99;100;107;108;109;110;111;112;113;114;115;116;117;124;125;126;127;128;129;130;131;132;139;140;141;142;143;144;145;146;147;156;157;158;159;160;161;162;169;170;171;172;173;174;175;176;177;184;192;199;207;208;209;210;211;218;219;220;221;222;223;224;225;226;236;244;258;259;266;267;268;269;270;271;272;273;274;281;282;283;284;285;286;287;288;289;296;297;298;299;300;301;302;303;304;305;306;313;314;315;316;317;318;319;320;321;331;338;345;346;347;348;349;350;351;352;353;360;361;362;363;364;365;366;367;368;375;376;377;378;379;380;381;382;383;384;385;386;387;394;395;396;397;398;399;400;401;402;409;410;411;412;413;414;415;416;417;424;425;426;427;428;429;430;431;432;439;440;441;442;443;444;445;446;447;448;449;456;457;458;459;460;461;462;463;464;465;466;467;468;475;476;477;478;479;480;481;482;483;484;485;486;493;494;495;496;497;498;499;500
F52022,10,21,21,900.6610560935474,900.0,0.6610560935473586,29,237,237,175,5.476069927215576,12;13;14;21;22;23;24;25;26;49;50;51;52;70;84;85;104;111;117;118;119;126;127;128;129;130;131;132;133;134;135;142;143;144;145;146;147;148;149;150;157;158;159;160;161;162;163;164;165;172;173;174;175;176;177;178;179;180;181;188;189;190;191;192;193;194;195;196;203;204;205;206;207;208;209;210;211;218;219;220;221;222;223;224;225;226;238;239;240;241;252;253;254;255;256;264;265;266;267;268;269;270;271;278;279;280;281;282;283;284;285;286;295;296;297;298;299;300;301;308;309;310;311;312;313;314;315;316;326;327;328;329;330;331;338;339;340;341;342;343;344;345;346;353;354;355;356;357;358;359;360;361;368;369;370;371;372;373;374;375;376;383;384;385;386;387;388;389;390;391;398;399;400;401;402;403;404;405;406;413;414;415;416;417;418;419;420;421;428;429;430;431;432;433;434;435;436;437;444;445;446;447;448;449;450;451;452;453;454;455;462;463;464;465;466;467;468;469;470;477;478;479;480;481;482;483;484;485;486;493;494;495;496;497;498;499;500
F52022,10,22,22,901.5503251835822,900.0,1.5503251835822311,28,212,212,149,4.964261054992676,12;42;59;77;78;85;86;87;88;89;90;91;92;93;94;95;96;97;107;108;109;110;111;112;119;120;121;122;123;124;125;126;127;128;139;140;148;164;171;172;173;174;175;176;177;195;202;203;204;205;206;207;208;209;210;211;230;237;238;239;240;241;242;243;244;245;252;253;254;255;256;257;258;259;260;268;269;270;271;272;273;274;275;282;283;284;285;286;287;288;289;296;305;306;307;308;309;310;311;312;319;320;321;322;323;324;325;326;327;334;335;336;337;338;339;340;341;342;349;350;351;352;353;354;355;356;357;364;365;366;367;368;369;370;371;372;379;380;381;382;383;384;385;386;387;394;395;396;397;398;399;400;401;402;403;410;411;412;413;414;415;416;417;418;419;426;427;428;429;430;431;432;433;434;441;442;443;444;445;446;447;448;449;456;457;458;459;460;461;462;463;464;465;466;473;474;475;476;477;478;479;480;481;488;489;490;491;492;493;494;495;496
F52022,10,23,23,901.5882270313205,900.0,1.5882270313204572,27,181,181,114,4.304204940795898,18;51;52;59;68;99;123;124;131;132;133;134;135;136;144;151;152;160;161;172;173;184;185;194;195;196;197;198;199;200;201;202;203;204;205;212;213;214;215;216;217;218;219;220;227;228;229;230;231;232;233;234;235;242;243;244;245;246;247;248;249;250;251;252;259;260;261;262;263;264;265;266;267;268;269;276;277;278;279;280;281;282;283;284;291;292;293;301;308;309;310;311;312;313;314;315;316;317;318;326;327;328;336;343;344;352;359;360;361;362;363;364;365;366;367;374;375;376;377;383;394;395;396;397;398;405;406;407;408;409;410;411;418;419;426;427;428;429;430;431;432;433;434;435;442;443;444;445;446;447;448;449;450;457;458;459;460;461;462;463;464;465;472;473;474;475;476;477;478;479;480;481;488;489;490;491;492;493;494;495;496
F52022,10,24,24,900.1836334898744,900.0,0.18363348987440986,28,172,172,141,4.116363048553467,20;41;42;57;58;65;66;67;68;69;77;98;105;106;107;108;109;110;111;112;113;123;124;125;126;127;128;135;136;137;138;139;140;141;142;143;156;157;158;165;166;172;173;181;182;183;184;185;193;200;201;202;203;204;205;206;207;208;215;216;217;218;219;220;221;222;223;230;231;232;233;234;235;236;237;238;245;246;247;248;249;250;251;252;253;260;261;262;277;284;285;286;287;304;325;340;347;348;356;363;364;365;366;367;368;369;370;371;382;383;391;398;399;400;401;402;403;404;405;406;413;414;415;416;417;418;419;420;421;428;429;430;431;432;433;434;435;436;443;444;445;446;447;448;454;461;462;463;464;465;466;467;468;469;476;477;478;479;480;481;482;483;484;491;492;493;494;495;496;497;498;499
F52022,10,25,25,901.2186988916645,900.0,1.2186988916645305,28,221,221,153,5.150296211242676,30;42;43;50;51;52;53;54;55;56;57;58;65;66;67;68;69;70;71;72;73;80;81;82;83;91;92;93;94;101;102;103;104;105;106;114;115;122;123;124;125;126;127;128;129;130;131;138;139;140;141;142;143;144;145;146;153;154;155;156;157;158;159;160;161;162;169;170;171;172;173;174;175;176;177;178;185;186;187;188;190;191;192;193;200;201;202;203;204;205;206;207;208;215;216;217;233;240;241;242;243;244;245;246;247;248;257;258;259;260;261;262;263;264;271;275;276;277;278;279;280;281;288;289;290;291;292;293;294;295;296;304;305;306;307;308;309;310;311;324;325;326;333;334;335;336;337;338;339;340;341;358;376;383;384;385;394;401;402;403;404;405;406;407;408;409;416;417;418;419;420;421;422;423;424;431;432;433;434;435;436;437;438;439;440;441;442;449;450;451;452;453;454;455;456;457;464;465;466;467;468;469;470;471;472;479;480;481;482;483;484;485;486;487;494;495;496;497;498;499;500
F52022,10,26,26,900.813326865985,900.0,0.8133268659850046,26,195,195,129,4.603410959243774,22;70;71;72;79;80;103;117;118;125;126;127;128;129;130;131;132;133;146;147;148;155;156;157;158;159;160;161;162;163;164;165;179;180;181;188;189;190;191;192;193;194;195;196;203;213;214;221;222;223;224;225;226;227;228;229;236;237;238;239;240;241;242;243;244;245;246;281;288;289;290;291;292;293;294;295;296;303;304;305;306;307;308;309;310;311;323;324;325;326;333;334;335;336;337;341;348;349;350;351;352;353;354;355;356;357;358;365;366;367;368;369;370;371;372;373;374;375;382;383;384;385;386;387;388;389;390;391;392;393;400;401;402;403;404;405;406;407;408;415;416;417;418;419;420;421;422;423;430;431;432;433;434;435;436;437;438;439;446;447;448;449;450;451;452;453;454;455;456;463;464;465;466;467;468;469;470;471;472;479;480;481;482;483;484;485;486;487;488;489;496;497;498;499;500
F52022,10,27,27,901.8575105146064,900.0,1.8575105146063606,28,165,165,142,3.965021848678589,37;38;39;54;63;64;65;66;67;68;69;76;84;101;108;109;110;111;112;113;114;115;116;123;124;125;126;127;128;129;130;131;138;139;140;141;142;143;144;145;146;161;173;174;182;192;193;194;202;209;210;211;212;213;214;215;216;224;240;241;248;249;250;251;252;253;254;255;256;270;271;278;279;280;281;282;283;284;285;286;305;319;327;334;335;336;337;338;339;340;341;349;356;357;365;383;390;391;392;393;394;395;396;397;398;405;406;407;408;409;410;411;412;413;420;421;422;423;424;425;426;427;428;435;436;437;438;439;440;441;442;443;450;451;452;453;454;455;456;457;458;465;466;467;468;469;470;471;472;473;480;481;482;483;484;485;486;487;488;495;496;497;498;499;500
F52022,10,28,28,900.3296163535742,900.0,0.329616353574238,24,164,164,141,3.9438507556915283,43;51;52;53;54;55;56;57;58;67;68;69;70;71;72;73;80;93;104;105;106;107;108;115;116;117;118;119;120;121;122;123;130;131;132;133;134;135;136;137;138;145;146;147;148;149;150;151;159;180;187;188;189;190;191;192;193;194;195;202;203;204;205;206;207;208;209;210;211;218;219;220;221;222;223;224;225;226;240;241;248;249;250;251;252;253;254;255;256;263;264;265;266;267;268;269;270;271;278;279;280;281;282;283;284;291;298;299;315;363;373;374;375;376;377;402;411;412;425;426;433;434;435;436;437;438;439;440;441;448;449;450;451;452;453;454;455;456;457;464;465;466;467;468;469;470;471;472;479;480;481;482;483;484;485;486;487;494;495;496;497;498;499;500
F52022,10,29,29,900.5658130137481,900.0,0.5658130137480839,27,190,190,142,4.493560791015625,28;46;47;54;55;56;57;58;59;60;61;62;69;70;71;72;73;74;75;76;77;84;85;86;87;88;89;97;104;105;106;107;108;109;110;111;112;125;126;127;145;152;153;154;155;156;157;158;159;160;167;168;169;170;171;172;173;174;175;182;183;184;192;199;200;201;202;203;204;205;206;207;214;215;216;217;218;219;224;231;232;233;234;235;236;237;238;239;246;247;248;249;250;251;252;253;254;272;280;281;282;283;284;285;286;287;288;295;296;297;298;299;300;301;302;303;317;318;328;337;338;339;378;385;386;387;388;389;397;404;405;406;407;408;409;410;411;412;419;420;421;422;423;424;425;426;427;428;435;436;437;438;439;440;441;442;443;444;451;452;453;454;455;456;457;458;459;466;467;468;469;470;471;472;473;474;475;482;483;484;485;486;487;488;489;490;497;498;499;500
F52022,10,30,30,901.6750483026943,900.0,1.6750483026943357,29,206,206,162,4.83735990524292,22;23;34;35;36;37;38;53;66;67;68;69;83;84;101;108;109;110;111;112;113;114;115;116;123;124;125;126;127;128;129;130;146;159;160;161;168;169;170;171;172;173;174;175;176;183;184;185;186;187;188;189;190;191;200;201;202;203;204;205;206;228;243;252;253;254;255;256;257;258;259;266;267;268;269;270;271;272;273;274;281;282;283;284;285;286;287;288;289;296;297;298;299;300;301;302;303;304;311;312;313;314;315;316;317;318;319;326;327;328;329;330;331;332;333;334;351;358;359;360;361;362;363;364;365;366;373;374;375;376;377;378;379;380;381;388;389;390;391;392;393;394;395;396;397;398;405;406;407;408;409;410;411;412;413;420;421;422;423;424;425;426;427;428;435;436;437;438;439;440;441;442;443;450;451;452;453;454;455;456;457;458;465;466;467;468;469;470;471;472;473;480;481;482;483;484;485;486;487;488;495;496;497;498;499;500
F62022,10,1,1,22496.81083797023,1800.0,20696.81083797023,25,164,164,138,4.375523805618286,9;39;40;54;55;62;63;64;65;66;67;68;69;70;77;78;79;80;81;82;83;84;85;86;93;94;95;103;110;111;112;113;114;115;116;117;118;125;126;127;128;129;130;131;132;133;140;141;142;143;158;165;166;167;168;169;170;171;179;186;187;188;189;190;191;192;200;207;208;209;210;211;212;213;214;215;222;223;224;225;226;227;228;229;230;253;260;261;262;263;264;265;266;267;268;275;276;277;278;279;280;281;282;283;290;291;292;293;294;295;296;297;298;305;306;307;308;309;310;311;312;313;320;321;322;323;324;325;326;327;328;329;336;337;338;339;340;341;342;343;344;351;352;353;354;355;356;357;358;373;384;385;386;387;395;396;416;423;424;425;426;427;443;496
F62022,10,2,2,30248.681479061528,1800.0,28448.681479061528,28,170,170,149,4.505376100540161,18;25;26;27;28;29;30;31;42;49;50;51;52;53;54;55;56;57;64;65;66;67;68;69;70;71;72;79;80;81;82;83;84;85;86;87;88;95;96;97;98;106;113;114;122;134;135;136;137;155;173;174;181;182;183;184;185;186;187;188;189;196;197;198;199;200;201;202;203;204;218;219;228;229;230;231;232;233;234;241;242;243;244;245;246;247;248;249;256;257;258;259;260;261;262;263;264;271;272;273;274;275;276;277;278;279;286;287;288;289;290;291;292;293;294;301;302;303;304;305;306;307;308;309;316;317;318;319;320;321;322;330;337;338;339;340;341;342;343;344;345;359;360;367;368;369;370;371;372;373;374;375;376;387;400;401;410;418;425;426;427;428;429;430;431;432;433;468;499;500
F62022,10,3,3,32404.207978846607,1800.0,30604.207978846607,27,202,202,171,5.256595849990845,19;20;27;28;29;30;31;32;33;41;48;49;50;51;52;53;54;55;56;63;64;65;66;67;68;69;70;71;78;79;80;81;82;83;84;85;86;93;94;95;96;97;98;99;100;101;121;128;129;130;131;132;133;134;135;136;143;144;145;146;147;148;149;150;151;158;159;160;161;162;163;171;178;179;180;181;182;183;184;185;186;193;194;195;196;197;198;199;200;201;208;209;210;211;212;213;214;215;216;223;224;225;226;227;228;229;230;231;238;239;240;248;255;256;257;258;259;260;261;262;263;270;271;272;273;274;275;276;277;278;285;286;287;295;302;303;304;305;306;307;308;309;310;317;318;319;320;321;322;323;324;325;332;333;334;335;336;337;338;339;340;347;348;349;350;351;352;364;371;372;373;374;375;383;390;391;392;393;394;395;396;397;398;405;406;407;408;409;410;411;412;413;420;421;422;423;424;425;426;427;428;454
F62022,10,4,4,25102.183121236463,1800.0,23302.183121236463,29,201,201,153,5.22217321395874,19;30;31;32;33;34;41;42;43;44;45;46;47;48;49;50;57;58;59;60;61;62;63;64;65;72;73;74;75;76;84;97;98;99;106;107;108;109;110;111;112;113;114;115;127;128;129;130;140;141;142;143;144;145;152;153;154;155;156;157;158;159;160;167;168;169;170;171;172;173;174;175;182;183;184;185;186;187;188;189;190;191;198;199;200;201;202;203;204;205;206;213;214;215;216;217;225;232;233;234;235;236;237;238;239;240;247;248;249;250;251;252;253;254;255;262;263;264;265;266;267;268;269;270;277;278;279;280;281;282;283;284;285;292;293;294;295;296;297;298;299;300;307;308;309;310;311;312;313;314;315;316;323;324;325;326;327;328;329;330;331;338;339;340;341;342;343;344;345;346;353;354;355;356;357;358;359;360;361;368;369;370;371;372;373;381;395;396;403;404;405;406;407;408;409;410;411;436;437;454;498
F62022,10,5,5,25212.439664467558,1800.0,23412.439664467558,25,159,159,124,4.2472968101501465,25;32;33;34;35;36;37;45;52;53;54;62;72;73;74;75;76;77;84;85;86;87;88;89;90;91;92;99;100;101;102;103;104;105;106;107;114;115;116;117;118;119;120;121;122;129;130;131;132;140;141;148;149;150;151;152;153;154;155;156;168;169;170;171;178;179;180;181;182;183;184;185;186;193;194;195;196;197;198;199;200;201;215;216;223;224;248;265;272;273;274;275;276;277;278;279;280;287;288;301;308;309;310;311;312;313;314;315;316;323;324;325;326;327;328;329;330;331;332;344;345;346;347;369;376;377;378;379;380;381;382;383;384;391;392;393;394;395;396;397;398;399;406;407;408;409;410;411;412;420;427;428;429;430;431;432;433;451;499
F62022,10,6,6,18284.62120436183,1800.0,16484.62120436183,24,142,142,119,3.848536968231201,20;33;34;35;56;63;64;65;66;67;68;69;70;71;72;79;80;81;89;90;97;98;99;100;101;102;103;104;105;112;130;137;138;139;140;141;142;143;144;145;152;153;154;155;156;157;158;159;160;167;180;188;196;203;204;205;206;207;208;209;210;211;218;219;220;228;239;240;241;242;243;256;257;258;259;266;267;268;269;270;271;272;273;274;281;282;283;284;285;286;287;288;289;296;297;298;299;300;315;322;323;324;325;326;327;328;329;330;337;338;339;340;341;342;357;358;365;366;377;384;385;386;387;388;389;390;391;392;399;400;401;402;403;404;405;425;426;427;440;441;468;497
F62022,10,7,7,19017.94791909803,1800.0,17217.94791909803,29,186,186,162,4.895663261413574,10;26;41;48;49;50;58;59;66;67;68;69;70;71;72;73;74;75;82;83;84;85;86;87;88;89;90;91;98;99;100;101;102;103;104;105;106;113;114;115;116;117;118;119;120;121;128;129;130;131;132;133;134;135;136;145;146;147;148;149;150;151;164;165;166;167;174;175;176;177;178;179;180;181;182;191;192;193;194;195;196;197;204;205;206;207;208;209;217;224;225;226;227;228;229;230;231;232;239;240;241;242;243;244;245;246;247;254;255;256;257;258;259;260;268;275;276;277;278;279;280;281;282;283;290;291;292;293;294;295;296;297;298;305;306;307;308;309;310;311;312;313;320;321;322;323;324;325;326;327;328;335;336;337;338;339;340;341;342;343;350;351;352;353;354;355;356;357;358;365;366;367;376;400;412;413;432;449;458;459;460;461;462;463;464;499
F62022,10,8,8,39321.18418878724,1800.0,37521.18418878724,27,194,194,156,5.064623117446899,16;46;53;54;55;56;57;58;59;60;61;68;69;70;71;72;73;74;75;76;83;84;85;86;87;88;89;90;91;98;99;100;101;102;103;104;105;106;113;114;115;116;117;118;119;120;121;128;129;130;131;132;133;134;152;159;160;161;162;163;164;165;166;167;168;175;176;177;178;179;180;181;182;183;190;191;192;193;194;195;196;197;198;205;206;207;208;209;210;211;212;213;220;221;222;223;224;225;226;227;228;237;238;239;240;241;242;243;244;251;252;253;254;255;256;257;258;259;260;267;268;269;270;271;272;273;274;275;284;285;286;287;288;289;290;297;298;299;300;301;302;303;304;305;312;313;314;315;316;317;318;319;320;327;328;329;330;331;332;333;334;335;342;343;344;345;346;347;348;349;350;361;362;363;364;365;372;373;374;375;376;377;378;379;380;393;394;395;396;397;404;429;447;500
F62022,10,9,9,16420.994635269068,1800.0,14620.994635269068,27,162,162,131,4.310916900634766,15;22;23;24;25;26;27;28;29;30;44;45;54;55;56;57;58;59;60;61;68;69;70;71;72;73;74;75;76;83;84;85;86;87;88;89;90;91;98;99;100;101;102;103;113;120;121;122;123;124;125;126;127;128;129;141;142;143;144;151;152;153;154;155;163;170;171;172;173;174;175;176;177;178;185;186;187;188;189;190;191;199;206;207;208;209;217;218;219;227;228;229;230;231;232;233;234;235;242;243;244;245;246;247;248;249;250;257;258;259;260;261;262;263;264;265;266;276;277;278;279;280;281;289;290;291;292;293;294;308;315;323;330;331;332;333;334;335;336;337;338;345;346;347;348;349;357;364;365;373;380;381;382;383;395;417;430;444;458;459;480;498
F62022,10,10,10,20062.518121245797,1800.0,18262.518121245797,25,184,184,150,4.821074962615967,18;31;43;50;51;52;53;54;55;56;57;58;65;66;67;68;69;70;71;72;73;80;81;82;83;84;85;86;87;88;89;90;97;98;99;100;101;102;103;104;105;112;113;121;133;134;135;136;143;144;145;146;147;148;149;150;151;160;161;162;163;164;165;166;173;174;175;176;177;178;179;180;181;192;193;194;195;196;197;205;206;207;214;215;216;217;218;219;220;221;222;223;230;231;232;233;234;235;236;237;238;245;246;247;248;249;250;251;252;253;260;261;262;263;264;265;266;267;268;275;276;277;278;279;280;281;282;283;290;291;292;293;294;295;296;297;298;305;306;307;308;309;310;311;312;313;320;321;322;323;336;337;344;345;346;347;348;349;350;351;352;353;360;361;362;363;364;365;366;374;375;382;390;411;412;419;420;421;422;423;424;425;426;500
F62022,10,11,11,49395.63052720777,1800.0,47595.63052720777,28,195,195,166,5.079968214035034,24;31;32;33;34;35;36;37;38;39;46;54;61;62;63;64;65;66;67;68;69;70;84;85;92;93;94;95;103;110;111;112;113;114;115;116;117;118;125;126;127;128;136;143;144;145;146;147;148;149;150;151;158;159;160;161;169;176;177;178;179;180;181;182;183;184;191;192;193;194;195;196;197;198;199;206;207;208;209;210;211;212;213;214;221;222;223;224;225;226;227;228;229;236;237;238;239;240;241;242;243;244;251;252;253;254;255;256;257;258;259;266;267;268;269;270;271;272;273;274;281;282;283;284;285;286;287;288;289;296;297;298;299;300;301;302;303;311;318;319;320;328;329;336;337;338;339;340;341;342;343;344;351;352;353;354;355;356;357;358;359;360;367;368;369;380;387;388;389;390;391;392;393;394;395;402;403;404;405;406;407;408;409;410;417;418;419;420;421;422;423;424;425;458;500
F62022,10,12,12,25895.56049326208,1800.0,24095.56049326208,29,166,166,136,4.442368984222412,9;20;28;29;41;42;43;44;59;66;67;68;69;70;71;72;73;74;81;82;83;84;85;86;87;88;89;90;97;98;99;100;101;102;103;104;105;118;126;133;134;135;136;137;138;139;140;141;152;153;154;155;156;163;164;165;166;167;168;169;170;171;179;180;181;196;203;204;205;206;207;208;209;210;211;218;219;220;221;222;223;224;225;226;227;234;235;236;237;238;239;240;241;242;249;250;251;252;253;254;255;256;257;264;265;266;267;268;269;270;271;272;285;286;287;294;295;296;297;298;299;300;301;302;326;327;340;341;342;343;350;351;352;353;354;355;356;357;358;365;373;374;381;382;395;408;409;410;417;418;419;420;421;422;423;424;425;434;435;436;437;438;439;440;460;498
F62022,10,13,13,19860.581053110633,1800.0,18060.581053110633,27,196,196,164,5.105569124221802,17;37;44;45;46;47;48;49;50;51;52;59;60;61;62;63;78;85;86;87;88;89;90;91;92;93;100;101;102;103;104;105;106;107;108;115;116;117;118;119;120;121;122;123;130;131;132;133;134;135;136;137;138;148;149;150;151;152;153;160;161;162;163;164;165;166;167;168;175;176;177;178;179;180;181;182;183;184;191;192;193;194;195;196;197;198;199;206;207;208;209;210;211;212;213;214;221;222;223;224;225;226;227;228;229;237;238;239;240;241;242;243;244;251;252;253;254;255;256;257;258;259;266;267;268;269;270;271;272;273;274;275;282;283;284;285;286;296;303;304;305;306;307;308;309;310;311;322;323;324;325;326;333;334;335;336;337;338;339;340;341;348;349;350;351;352;353;354;355;356;363;364;365;366;367;368;369;370;371;372;381;382;383;384;385;386;387;398;423;450;451;452;453;454;498;499
F62022,10,14,14,26190.798605220967,1800.0,24390.798605220967,27,180,180,129,4.73202109336853,11;35;54;61;62;63;64;72;79;80;81;82;83;84;85;86;87;88;89;96;97;98;99;100;101;102;103;104;111;112;113;114;115;116;117;118;119;120;121;122;129;130;131;132;133;134;135;136;137;144;145;146;147;148;149;150;151;152;166;167;168;176;177;178;179;180;181;182;183;190;191;192;193;194;195;196;197;198;209;210;211;212;213;220;221;222;223;224;225;226;227;228;229;236;237;238;239;240;241;242;243;244;251;252;253;254;255;256;257;265;272;273;274;275;276;277;278;279;280;281;288;289;290;291;292;293;294;295;296;303;304;305;306;307;308;309;310;311;318;319;320;321;322;323;324;325;326;339;340;341;353;354;355;356;367;368;369;370;371;378;379;380;381;399;406;407;408;409;410;411;412;413;414;428;429;439;440;460;498;499
F62022,10,15,15,16467.386127851067,1800.0,14667.386127851067,23,131,131,100,3.598076105117798,36;43;44;45;46;47;48;49;60;67;68;69;70;71;72;73;74;75;76;77;84;85;86;87;88;89;90;91;92;93;102;103;104;105;106;107;108;109;116;117;118;119;120;121;122;123;124;131;132;140;147;148;149;150;151;152;153;154;155;162;163;164;165;166;167;168;176;177;184;185;186;187;188;189;190;191;192;193;200;201;209;230;237;238;239;240;241;242;243;251;258;259;260;261;262;263;264;265;266;274;275;276;277;278;279;280;281;292;300;310;311;312;313;314;315;324;332;340;341;342;343;344;345;353;360;387;388;389;425;453;498
F62022,10,16,16,39651.39005528718,1800.0,37851.39005528718,25,167,167,150,4.437725067138672,37;44;45;46;47;48;62;63;70;71;72;73;74;75;76;77;78;85;86;87;88;89;90;100;101;108;109;110;111;112;113;114;115;116;136;144;145;146;147;148;149;150;151;158;159;160;161;169;176;177;178;179;180;181;182;183;184;191;192;193;194;195;196;197;198;199;200;207;208;209;210;211;212;213;214;215;225;226;227;228;229;230;237;238;239;240;241;242;243;244;245;252;253;254;255;256;257;258;259;260;261;270;271;272;273;274;275;276;283;284;285;286;287;288;289;290;291;298;299;300;301;302;303;304;305;306;307;314;315;316;317;318;319;320;321;322;323;330;331;332;333;334;335;336;337;338;345;346;347;348;349;358;359;373;374;387;388;389;400;401;402;403;411;412;426;427;499
F62022,10,17,17,31978.41715324751,1800.0,30178.41715324751,28,201,201,185,5.222600936889648,18;25;26;27;28;36;37;55;56;63;64;65;66;67;68;69;70;71;78;79;80;81;82;83;84;85;86;93;94;95;96;97;98;99;100;101;108;116;123;124;125;133;140;141;142;143;144;145;146;147;148;155;156;157;158;159;160;161;162;163;170;171;172;173;174;175;176;177;178;185;186;187;188;189;190;191;192;193;200;201;202;203;204;205;206;207;208;215;216;217;218;219;220;221;222;223;224;231;232;233;234;235;236;237;238;239;246;247;248;249;250;251;252;253;254;261;262;263;264;265;266;267;268;269;276;277;278;279;280;281;282;283;284;291;292;293;294;295;296;297;298;299;306;307;308;309;310;311;312;313;314;328;329;336;337;338;339;340;341;342;343;344;351;352;353;354;355;356;357;358;359;366;367;368;369;370;371;372;373;374;381;382;383;384;385;386;387;388;389;396;397;398;399;400;401;402;403;411;429;442;455
F62022,10,18,18,53665.184382649975,1800.0,51865.184382649975,26,193,193,160,5.0398547649383545,14;21;22;30;37;38;39;40;41;42;43;51;58;59;60;61;62;63;64;65;66;73;85;96;97;98;99;100;107;108;109;110;111;112;113;114;115;123;130;131;132;133;134;135;136;137;138;139;146;147;148;149;150;151;152;153;154;155;156;163;164;165;166;167;168;169;170;171;178;179;180;181;182;183;184;185;186;187;188;195;196;197;198;199;200;201;202;203;210;211;212;213;214;215;216;217;218;225;226;227;228;229;230;231;232;233;240;241;242;243;244;245;246;247;248;255;256;257;258;259;260;261;262;263;270;271;272;273;274;275;276;277;278;279;286;287;288;289;290;291;292;293;294;301;302;303;304;305;306;307;308;309;323;324;331;332;333;334;335;336;337;338;339;353;354;361;362;363;364;365;366;367;368;369;376;377;378;379;380;381;382;383;384;403;404;405;414;415;416;417;418;419;420
F62022,10,19,19,43611.15376528607,1800.0,41811.15376528607,26,184,184,166,4.831665754318237,17;24;25;33;53;60;61;62;63;64;65;66;67;68;77;78;79;80;81;82;83;84;91;92;93;94;95;96;97;98;99;106;107;108;109;110;111;112;113;114;121;122;123;124;125;126;127;128;129;136;137;138;139;140;141;142;143;144;151;152;153;154;155;156;157;158;159;166;167;168;169;170;171;172;173;174;181;182;183;184;185;186;187;188;196;203;204;205;206;207;208;209;210;211;218;219;220;221;222;223;224;225;226;233;234;235;236;237;238;239;240;241;248;249;250;251;252;253;254;255;256;263;264;265;266;267;268;269;270;271;292;299;300;301;309;316;317;318;319;320;321;322;323;324;331;332;333;334;335;336;337;338;346;353;354;355;356;357;358;359;360;361;368;369;370;371;372;373;374;375;376;383;384;385;386;387;388;389;390;391;405;406;413;435
F62022,10,20,20,15683.91728517375,1800.0,13883.91728517375,25,158,158,115,4.227939128875732,23;36;37;38;39;40;47;48;49;50;51;52;53;54;55;62;63;64;65;66;67;68;76;83;84;85;86;87;88;89;90;91;98;99;100;101;102;103;104;105;106;117;118;119;120;121;132;133;134;135;136;137;138;139;155;156;163;164;165;166;167;168;169;170;171;178;179;180;181;182;183;184;192;199;200;201;202;203;204;205;206;207;208;216;217;218;219;220;221;222;223;230;231;232;233;234;235;236;237;238;239;240;247;248;249;250;251;252;253;254;255;256;263;264;272;279;280;281;282;283;284;285;286;287;313;314;321;322;323;324;325;326;327;328;329;336;337;338;339;340;341;342;343;344;351;359;360;374;375;376;388;389;390;417;442;443;456;500
F62022,10,21,21,25971.402178270724,1800.0,24171.402178270724,23,168,168,131,4.453819036483765,9;16;17;18;19;54;55;62;63;64;65;66;67;68;77;84;85;86;87;88;89;90;91;92;93;107;108;115;116;117;118;119;120;121;122;123;124;131;132;133;134;135;136;137;138;139;146;147;148;149;150;151;152;153;154;161;162;163;164;165;166;167;168;169;170;171;178;179;180;181;182;183;184;185;186;193;194;195;196;197;198;199;200;201;208;209;210;211;212;213;214;215;216;223;224;225;226;227;228;229;230;231;232;239;240;241;242;243;244;245;246;247;254;255;256;257;258;259;260;261;262;269;270;271;272;273;274;275;276;277;284;285;293;300;301;302;303;304;305;306;307;308;315;316;317;318;319;320;321;322;323;330;331;332;333;334;335;336;337;338;339;346;347;348;420;421;451;498
F62022,10,22,22,13044.117140088898,1800.0,11244.117140088898,24,146,146,122,3.947323799133301,26;43;54;55;56;57;58;65;66;67;68;69;70;71;72;73;80;81;82;83;84;85;86;87;88;95;96;97;98;99;100;101;102;110;117;118;119;120;121;122;123;124;125;148;155;156;157;158;159;160;161;162;163;164;175;176;177;178;179;190;191;192;193;201;216;223;224;234;241;242;243;244;245;253;254;261;262;263;264;265;273;280;281;282;283;284;285;286;287;288;295;296;297;298;299;300;301;302;303;310;311;312;313;314;315;316;317;318;325;326;327;328;329;330;338;345;346;347;348;349;350;351;352;353;354;362;363;364;365;366;367;368;369;387;395;396;397;398;399;400;401;415;427;434;435;496
F62022,10,23,23,36670.80418896935,1800.0,34870.80418896935,27,171,171,133,4.527133941650391,20;21;22;41;52;62;69;70;71;72;73;74;75;76;77;78;85;86;87;88;89;90;91;92;93;100;101;102;103;104;105;106;107;108;115;116;117;125;126;136;137;138;139;140;141;148;149;150;151;152;153;154;155;156;163;164;165;166;167;168;169;170;171;178;179;180;181;182;183;184;185;186;193;194;195;196;197;198;199;200;201;202;209;210;211;212;213;214;215;216;217;224;225;226;227;228;229;230;231;232;239;240;241;242;243;244;245;246;247;248;255;256;257;258;259;260;261;262;263;270;271;272;273;274;275;276;286;287;294;295;296;297;298;306;307;314;315;316;317;332;339;340;341;342;343;344;345;346;347;354;355;356;357;358;359;360;361;362;380;381;394;395;396;397;398;427;428;449;466;473;499
F62022,10,24,24,29396.274131294093,1800.0,27596.274131294093,27,165,165,149,4.401409149169922,23;35;36;37;38;45;46;47;48;49;50;51;52;53;60;61;62;63;64;65;66;67;68;69;76;77;78;79;80;81;82;83;84;93;94;95;96;97;109;116;130;137;138;139;140;141;142;143;144;145;152;153;154;155;156;157;158;159;160;167;168;169;170;171;172;173;174;175;188;189;190;197;198;199;200;201;202;203;204;205;217;218;219;220;227;228;229;230;231;232;233;234;235;242;243;244;245;246;247;248;249;250;251;258;259;260;268;275;276;277;278;279;280;281;282;283;292;293;294;295;296;297;298;305;306;307;308;309;310;311;312;313;320;321;322;323;324;325;326;327;328;335;336;337;338;339;340;341;342;343;356;357;358;365;366;367;368;376;383;402;417;430;431;432;499
F62022,10,25,25,17366.707189819037,1800.0,15566.707189819037,27,181,181,156,4.751957893371582,9;26;33;34;35;36;37;38;39;40;41;48;49;50;51;52;53;54;55;56;63;64;65;66;67;68;69;70;71;78;79;80;81;82;83;84;85;86;93;94;95;96;97;98;99;100;101;115;116;123;124;125;126;127;128;129;130;131;138;139;140;141;142;143;144;145;146;153;154;155;156;157;158;159;160;161;168;169;170;171;172;173;174;175;176;177;184;185;186;187;188;189;190;191;192;199;200;201;202;203;204;205;206;207;220;221;222;229;230;231;232;233;234;235;236;247;248;255;263;270;271;272;273;274;275;276;277;278;279;280;281;288;289;290;291;292;293;294;295;296;303;304;305;306;307;308;309;310;311;318;319;320;321;322;323;324;325;326;339;347;356;357;358;359;360;361;362;363;364;365;382;383;384;403;410;418;425;426;427;428;500
F62022,10,26,26,65851.8880866475,1800.0,64051.888086647494,25,172,172,131,4.548704147338867,12;13;42;49;50;51;52;53;54;55;56;57;70;71;72;79;80;81;82;83;84;85;86;94;101;102;103;104;105;106;107;108;116;123;124;125;126;127;128;129;130;131;138;139;140;141;142;143;144;145;146;153;154;155;156;157;165;172;173;174;175;176;177;185;192;193;194;195;196;197;198;199;200;207;208;209;210;211;212;220;221;222;229;230;231;232;233;234;235;236;237;244;245;246;247;248;249;250;251;252;259;260;261;262;263;264;265;266;267;274;275;276;277;278;279;280;288;295;296;297;298;299;300;301;302;303;310;311;312;313;314;315;316;317;318;331;332;340;347;370;371;378;379;380;381;382;383;384;385;386;405;412;413;414;415;416;417;418;419;420;438;445;446;447;448;449;450;451;452;453;460;461
F62022,10,27,27,44884.66738695163,1800.0,43084.66738695163,24,168,168,144,4.454223871231079,21;32;33;34;35;36;37;48;49;50;51;52;59;60;61;62;63;64;65;66;67;68;81;82;83;90;91;92;102;109;110;111;112;113;114;115;116;117;124;125;126;127;128;129;130;131;132;139;140;141;142;143;144;145;146;147;148;149;156;157;158;159;160;161;162;163;164;171;172;173;174;175;176;177;178;179;186;187;188;189;190;191;192;193;194;201;202;203;204;205;206;207;208;209;216;217;218;219;220;221;222;223;224;232;233;234;242;249;250;251;252;253;254;255;256;257;275;282;283;284;285;286;287;288;289;290;297;298;299;300;301;302;303;304;305;312;313;314;315;316;317;318;319;320;327;328;329;330;331;332;333;334;335;345;346;347;348;349;350;364;386;412;419;420;421;422;423;500
F62022,10,28,28,25863.340095456675,1800.0,24063.340095456675,29,220,220,188,5.671113967895508,13;20;21;22;30;31;32;33;34;41;42;43;44;45;46;47;48;49;50;57;58;59;60;61;62;63;64;65;72;73;74;75;76;77;78;79;80;87;88;89;90;91;92;93;94;95;102;103;104;105;106;107;108;109;110;119;120;121;122;123;124;125;132;133;134;135;136;137;138;139;140;147;148;149;150;151;152;153;154;155;156;163;164;165;166;167;168;169;170;171;182;183;184;185;186;193;194;195;196;197;198;199;200;201;208;209;210;211;212;213;214;215;216;217;224;225;226;227;228;229;230;231;232;239;240;241;242;243;244;245;246;247;254;255;256;257;258;259;260;261;262;269;270;271;272;273;274;275;276;277;285;286;287;288;289;290;291;292;299;300;301;302;303;304;305;306;307;314;315;316;317;318;319;320;328;335;336;337;338;339;340;341;342;343;350;351;352;353;354;355;356;357;358;365;377;384;385;386;387;388;389;390;391;392;400;401;402;403;404;405;406;407;438;445;446;447;448;462;469;497
F62022,10,29,29,33965.4791243036,1800.0,32165.4791243036,23,161,161,142,4.291669130325317,20;27;28;29;30;31;32;33;34;35;56;63;64;65;66;67;68;69;70;71;78;79;80;81;82;83;84;85;86;93;94;102;109;110;111;112;113;114;115;116;117;124;125;126;127;135;142;143;144;145;146;147;148;149;150;157;158;159;160;161;162;163;164;165;178;179;180;187;188;189;190;191;199;206;207;208;209;210;211;212;213;214;221;222;223;224;225;226;234;241;242;243;244;245;246;247;248;249;256;257;258;259;260;261;262;263;264;273;274;275;276;277;278;279;286;287;288;289;290;291;292;293;294;303;304;305;306;307;308;309;310;317;318;326;333;334;335;336;337;338;339;340;341;348;349;350;351;352;353;354;369;376;412;419;420;421;422;423;424;425;426
F62022,10,30,30,44156.332051505095,1800.0,42356.332051505095,26,167,167,143,4.457958936691284,38;45;46;47;48;49;57;69;70;71;72;79;80;81;82;83;84;85;86;87;94;95;96;97;98;99;100;101;102;109;110;121;128;129;130;131;132;133;134;135;136;143;144;145;146;147;148;149;150;151;160;161;162;163;164;165;166;173;174;175;176;177;178;179;180;181;188;196;206;207;208;209;210;211;218;219;220;221;222;223;224;225;226;233;234;235;236;237;238;239;240;241;251;252;253;254;255;256;263;264;265;266;267;268;269;270;271;278;279;280;281;282;283;284;285;286;293;294;295;296;297;298;299;300;301;302;309;317;324;325;326;334;341;342;343;344;352;359;360;361;362;363;364;372;373;382;383;384;385;395;413;414;415;422;423;424;435;442;443;444;445;446;447;448;449;499;500
F72022,10,1,1,2140.0623491126266,2000.0,140.06234911262663,13,247,247,66,39.46332907676697,34;35;36;37;38;39;52;53;54;55;56;57;58;59;60;61;62;63;64;65;72;73;74;75;76;84;85;86;87;88;95;96;97;98;99;100;101;102;103;104;105;106;107;108;109;110;111;112;113;114;115;116;117;118;119;120;121;122;123;124;125;126;127;128;129;130;131;132;133;134;135;136;137;138;139;140;141;142;143;144;145;146;147;148;149;150;151;152;153;154;155;156;157;158;159;160;161;162;163;164;165;166;167;168;169;170;171;172;173;174;175;176;177;178;179;180;181;182;183;184;193;194;195;196;197;198;199;200;201;202;203;204;205;206;207;208;209;210;211;212;213;214;215;216;217;218;219;220;221;222;223;224;225;226;227;228;229;230;231;232;233;240;241;242;243;244;245;246;247;248;249;269;270;271;272;273;274;275;276;283;284;285;293;294;301;302;303;304;305;306;307;308;309;310;317;318;319;320;321;322;330;337;338;339;340;341;342;343;344;345;352;353;354;355;356;357;358;359;360;367;368;369;370;371;372;373;374;375;382;383;384;385;397;404;405;406;407;408;409;410;411;412;419;420;421;422;461
F72022,10,2,2,2051.4257394206224,2000.0,51.42573942062245,26,167,167,145,27.711620092391968,18;19;20;21;29;39;46;47;48;49;57;64;65;66;67;68;69;77;87;88;89;90;91;92;105;106;107;114;115;116;117;118;119;120;128;139;140;141;142;143;144;151;152;153;154;155;156;157;158;159;166;167;168;169;170;171;172;173;174;181;182;183;184;185;196;203;204;205;206;207;208;209;210;218;225;226;227;228;229;230;231;232;233;243;244;245;246;247;248;255;256;257;258;259;260;261;262;263;270;271;272;273;274;275;276;277;278;285;286;287;295;302;303;304;305;314;321;322;340;347;348;349;350;351;352;353;354;355;362;363;364;365;366;367;368;376;389;390;391;398;399;400;401;402;403;404;405;406;413;414;415;416;417;418;419;420;428;435;436;437;438;439;440;442;443;474;494
F72022,10,3,3,2086.790326775391,2000.0,86.7903267753909,25,188,188,114,30.949862957000732,9;22;23;24;34;35;36;37;38;39;46;47;48;49;50;51;52;53;54;61;62;63;64;65;66;67;68;69;70;71;72;73;80;81;89;96;97;98;99;100;101;102;103;111;131;140;141;142;143;144;145;146;153;154;155;156;157;158;159;160;161;162;169;170;171;172;173;174;175;176;177;178;179;186;187;188;189;190;191;192;193;194;195;196;197;198;199;207;208;209;210;211;212;213;214;221;222;230;237;238;239;240;241;242;243;244;245;246;247;248;249;250;251;258;259;260;261;262;263;264;265;266;273;274;275;276;277;278;279;280;288;295;296;297;298;299;300;301;302;303;304;311;312;313;314;315;316;317;318;319;326;327;328;329;330;331;332;333;334;335;342;360;367;368;369;370;371;372;373;374;375;382;383;384;385;386;387;388;389;390;391;402;403;415;416;423;493;494
F72022,10,4,4,2201.2798677534574,2000.0,201.27986775345744,21,237,237,108,38.08207893371582,17;18;19;20;21;22;23;24;25;26;27;28;29;30;31;32;33;34;35;36;37;38;48;49;50;51;52;53;54;55;56;57;58;59;60;61;62;63;64;65;66;67;68;69;70;71;72;73;74;75;82;83;84;85;86;94;95;96;97;98;99;100;101;102;103;114;115;123;124;132;133;134;135;136;137;138;139;140;141;152;153;154;155;156;157;164;165;166;167;168;169;170;178;179;180;181;182;183;184;185;186;187;188;189;190;191;192;193;194;195;196;197;198;205;206;207;208;209;210;211;212;213;214;221;222;223;224;225;226;227;228;229;236;237;238;239;240;241;242;243;244;245;252;253;254;255;256;257;258;259;260;278;285;286;287;288;289;290;291;292;293;300;301;302;303;304;305;306;307;308;315;316;317;318;319;320;321;322;323;330;331;332;333;334;335;336;337;338;345;358;365;366;367;368;369;370;371;372;373;380;381;382;383;384;385;386;387;388;395;396;397;398;399;400;401;402;403;411;419;433;448;455;456;457;458;459;460;461;462;481;490;491;492;493;494;495;496
F72022,10,5,5,2069.122061161306,2000.0,69.12206116130619,26,200,200,123,32.61196684837341,16;23;24;25;26;38;39;46;47;48;49;50;51;52;53;54;55;64;65;66;67;68;85;110;111;118;119;120;121;122;123;124;125;126;127;135;142;143;144;145;146;147;148;149;150;163;164;165;166;173;174;175;176;177;178;179;180;181;188;189;190;191;192;193;194;195;196;203;204;205;206;207;208;209;210;211;212;213;214;221;222;223;224;225;226;227;228;229;230;237;238;239;240;241;249;256;257;258;259;260;261;262;263;264;265;266;273;274;275;276;277;278;279;280;281;288;289;297;298;299;300;309;310;311;312;313;314;322;329;330;331;332;333;334;335;336;337;344;345;346;347;355;356;363;364;365;366;367;368;369;370;371;378;379;380;381;382;383;384;392;399;400;401;402;403;404;405;406;407;414;415;416;417;418;419;420;421;422;431;432;433;448;455;456;457;458;459;460;461;462;480;487;488;489;490;491;492;493;494;495
F72022,10,6,6,2025.1326289837732,2000.0,25.132628983773202,26,181,181,132,29.70902419090271,43;59;68;69;70;71;72;73;74;81;91;104;105;118;119;126;127;128;129;130;131;132;133;134;135;136;143;144;145;146;147;148;149;150;151;158;159;160;161;162;163;164;165;166;173;174;175;176;177;178;179;180;181;188;189;190;191;192;193;194;195;196;203;204;205;206;207;208;209;210;211;218;219;220;221;222;223;224;225;226;233;234;235;236;237;238;239;240;241;242;250;251;252;253;254;255;256;257;258;265;266;267;268;269;270;271;272;273;274;281;282;283;284;285;286;287;288;289;290;291;292;304;305;306;307;308;315;316;317;318;319;320;321;322;323;330;331;332;333;334;335;336;337;338;345;346;347;357;370;371;372;379;380;381;382;383;384;385;386;387;388;395;396;397;398;399;400;401;402;403;410;425;481;482;491;492;493;494;495;496;497
F72022,10,7,7,2167.79991600179,2000.0,167.79991600178982,29,225,225,202,36.366756200790405,31;38;39;40;41;42;43;44;45;46;53;54;55;56;57;58;59;60;61;68;69;70;71;72;73;74;75;76;83;84;85;86;87;88;89;90;91;98;99;100;101;102;103;104;105;106;107;114;115;116;117;118;119;120;121;122;129;130;131;132;133;134;135;136;137;144;145;146;147;148;149;150;151;152;159;160;161;162;163;164;165;166;167;174;175;176;177;178;179;180;181;182;189;190;191;192;193;194;195;196;197;204;205;206;207;208;209;210;211;212;219;220;221;222;223;224;225;226;227;234;235;236;237;238;239;240;241;242;249;250;251;252;253;254;255;256;257;264;265;275;282;283;284;285;286;287;288;301;308;309;310;311;312;313;314;315;316;323;324;325;326;327;328;329;338;350;351;352;353;360;361;362;363;364;365;366;367;368;377;378;379;380;381;382;383;390;391;392;400;407;408;409;410;411;412;413;414;415;422;423;424;425;426;427;428;429;439;458;465;473;480;481;482;483;484;485;486;487;488;495;496;497;498;499;500
F72022,10,8,8,2188.7387438430533,2000.0,188.73874384305327,27,206,206,134,33.42110300064087,25;36;37;38;39;40;57;58;65;66;67;68;69;83;91;98;99;100;101;102;103;104;105;106;113;114;115;116;117;118;119;120;121;128;129;130;131;132;133;134;135;136;143;144;145;146;154;162;163;164;165;166;167;168;169;176;177;178;179;180;181;182;183;184;185;186;187;194;195;196;197;198;199;200;201;202;210;211;212;213;214;215;216;217;224;225;226;227;228;229;230;231;232;233;234;241;242;243;251;258;259;260;261;262;263;264;265;266;273;274;275;276;277;278;279;280;281;282;289;290;291;292;293;294;295;296;297;304;305;306;307;308;309;310;311;312;313;314;315;322;323;324;325;326;327;328;329;330;331;338;339;340;341;342;343;344;345;346;347;354;355;356;357;358;359;360;361;362;369;370;371;372;373;374;382;383;384;391;392;393;394;395;396;397;398;406;413;414;415;416;417;418;419;420;421;447;454;455;456;464;489;496;497;498;499;500
F72022,10,9,9,2053.0022749457,2000.0,53.00227494569981,26,181,181,118,29.812143087387085,29;48;49;50;51;59;60;61;62;63;64;65;66;82;89;90;91;92;93;94;95;96;97;104;105;106;107;108;118;119;128;135;136;137;138;139;140;141;142;143;144;145;152;153;154;155;156;157;158;173;174;175;182;183;184;185;186;187;188;189;190;191;198;199;200;201;202;203;204;205;206;207;208;209;216;217;218;219;220;221;222;223;224;231;232;233;234;235;236;237;238;246;247;248;249;250;251;258;259;260;261;262;263;264;272;279;280;281;282;283;284;285;286;300;301;308;309;310;311;312;313;314;315;316;323;324;332;340;341;342;343;344;345;346;347;354;355;356;357;358;359;360;361;362;378;391;392;393;400;401;402;403;404;405;406;407;408;415;416;417;430;452;464;465;466;467;478;479;480;481;482;489;490;491;492;493;494;495;496;497;498
F72022,10,10,10,2133.8030839141643,2000.0,133.8030839141643,23,234,234,110,37.56087279319763,18;19;20;21;22;23;24;25;26;27;28;29;30;31;32;33;34;35;54;55;56;57;58;59;60;61;69;70;71;72;73;74;75;76;77;78;79;80;81;82;83;84;85;86;87;94;95;96;104;105;112;113;114;115;116;117;118;119;120;121;122;123;124;125;126;127;128;129;130;131;132;133;134;135;136;137;138;139;140;141;142;143;144;151;152;153;154;155;156;157;158;159;160;161;162;163;164;171;172;173;174;175;176;177;178;179;180;181;182;183;190;191;192;193;194;195;196;197;198;199;200;201;208;209;210;211;212;213;214;215;216;223;224;225;226;227;228;229;230;231;238;239;240;241;242;243;244;245;246;253;254;255;256;257;258;259;260;261;274;275;276;283;284;285;286;287;288;289;290;291;298;299;300;301;309;316;317;318;319;320;321;322;323;324;325;335;336;337;338;339;347;348;365;379;380;387;388;389;390;391;392;393;394;395;402;403;404;405;406;407;408;409;410;423;424;425;459;472;473;474;481;482;483;484;485;486;487;488;489;496;497;498;499;500
F72022,10,11,11,2138.9414804843864,2000.0,138.94148048438637,12,234,234,65,37.58497095108032,11;12;35;36;37;38;39;40;41;42;43;58;59;60;61;62;63;64;65;66;67;68;69;70;71;72;73;74;75;76;77;78;79;80;81;82;83;117;118;119;120;121;122;123;124;125;126;127;128;129;130;131;132;133;134;135;136;137;138;139;140;141;142;143;144;145;146;147;148;149;150;151;152;153;154;155;156;157;158;159;160;161;162;163;164;165;166;167;168;169;170;171;179;180;181;182;183;184;185;186;187;188;189;197;198;199;200;201;202;203;204;205;206;207;208;209;210;211;212;213;214;215;216;217;225;226;227;228;229;230;231;238;239;247;248;249;250;251;252;253;254;255;256;257;258;259;260;261;262;263;264;265;266;267;268;269;270;271;272;280;281;288;289;290;291;292;293;294;295;296;297;298;305;306;307;308;309;310;311;312;313;320;321;329;336;337;338;339;340;341;342;343;344;351;352;353;354;355;356;357;358;359;370;371;381;388;389;390;391;399;406;407;408;409;410;411;412;413;446;458;459;460;475;484;485;486;487;488;489;490;497;498;499;500
F72022,10,12,12,2105.5242034823505,2000.0,105.52420348235046,22,246,246,85,39.37763786315918,11;12;13;14;15;16;17;18;19;20;21;22;23;24;25;26;27;28;29;30;31;32;33;34;35;36;37;38;39;40;41;42;43;44;45;58;59;67;68;69;70;71;72;73;74;75;83;90;91;92;93;94;95;96;97;98;99;100;101;102;103;104;105;106;107;108;109;110;111;119;120;121;122;129;130;131;132;133;134;135;136;137;138;139;140;141;142;143;144;145;146;147;148;149;156;157;158;159;160;161;162;163;164;165;166;173;174;175;176;177;178;179;180;181;182;189;190;191;192;193;194;195;196;197;204;205;206;207;208;209;210;211;212;213;214;215;216;217;218;219;220;221;222;223;224;225;226;227;228;229;230;237;238;239;240;241;242;243;244;245;246;253;254;255;256;257;258;259;260;261;262;263;264;271;272;273;274;275;276;277;278;279;286;287;288;289;290;291;292;293;294;301;302;303;304;305;306;307;308;309;320;321;322;323;324;331;332;333;334;335;336;337;338;346;353;354;355;356;357;358;359;360;361;368;369;370;371;372;373;374;375;376;387;388;389;390;406;432;454;461;462;463;478;485;486;494
F72022,10,13,13,2165.900335985842,2000.0,165.90033598584205,24,208,208,97,33.77822828292847,11;12;13;14;15;16;42;43;44;45;46;47;48;49;50;51;52;53;54;55;56;57;58;59;60;77;78;79;80;87;88;89;90;91;92;93;94;95;96;97;98;99;100;101;109;110;111;112;113;114;115;126;127;128;129;130;137;138;139;140;141;142;143;144;145;146;147;148;155;156;157;158;159;160;161;162;163;170;171;172;173;174;175;176;177;178;179;180;181;188;189;190;191;192;193;194;195;196;197;198;199;206;207;208;209;210;211;212;213;214;221;222;223;224;225;226;227;228;229;236;237;238;239;240;241;242;243;244;245;252;253;254;255;256;257;258;259;260;267;268;269;270;271;272;273;274;275;276;283;284;285;286;287;288;289;290;291;292;305;306;307;314;315;316;317;318;319;327;334;335;346;365;373;374;375;376;377;378;379;380;387;388;389;390;391;392;400;407;408;409;427;442;449;450;451;452;453;454;471;479;480;481;482;483;484;485;486;493
F72022,10,14,14,2156.088604018576,2000.0,156.088604018576,28,224,224,171,36.093632221221924,39;46;47;48;49;50;51;52;53;54;61;62;63;64;65;66;67;68;69;76;77;78;79;80;81;82;83;84;91;92;93;94;95;96;97;98;99;106;107;108;109;110;111;112;113;114;115;116;117;125;126;127;128;135;136;137;138;139;140;141;142;143;144;151;152;153;154;155;156;157;158;159;160;167;168;169;170;171;172;173;174;175;182;183;184;185;186;187;188;189;190;191;198;199;200;201;202;203;204;205;206;213;214;215;216;217;218;219;220;221;228;229;230;231;232;233;234;235;236;243;244;245;246;247;248;249;250;251;258;259;267;274;282;289;290;291;292;293;294;295;296;297;298;305;306;307;308;309;310;311;312;313;314;321;322;323;324;325;326;327;328;329;336;337;338;339;340;341;342;343;344;352;353;354;355;356;357;358;359;373;377;384;385;386;387;402;416;417;418;425;426;427;428;429;430;431;432;433;457;464;465;466;467;468;469;470;471;472;479;480;481;482;483;484;485;486;487;494;495;496;497;498;499;500
F72022,10,15,15,2165.918780919622,2000.0,165.9187809196219,29,215,215,153,34.93182897567749,25;32;33;34;35;36;37;38;39;40;47;48;49;57;58;59;67;68;75;76;77;78;79;80;81;82;83;84;85;86;93;94;95;96;97;98;99;100;101;102;109;110;111;112;113;114;115;116;117;124;125;126;127;128;129;130;131;132;133;141;142;143;150;151;152;153;154;155;156;157;158;159;166;167;168;169;170;171;172;173;174;181;182;183;184;185;186;187;188;189;196;197;198;199;200;201;202;203;204;211;212;213;214;215;216;217;218;219;226;227;228;229;230;231;232;233;234;241;242;243;244;245;246;247;248;249;261;262;263;264;271;272;273;274;275;276;277;278;279;290;291;292;300;307;308;309;310;311;312;313;314;315;322;323;324;325;326;327;328;329;337;344;345;346;347;348;349;350;351;352;365;366;367;378;379;380;381;382;394;395;396;397;404;405;406;407;408;409;410;411;412;419;420;421;422;423;424;425;426;427;447;466;478;479;480;481;488;489;490;491;492;493;494;495;496
F72022,10,16,16,2073.6390064967823,2000.0,73.63900649678226,28,165,165,130,27.344385147094727,11;29;36;37;38;39;40;41;42;43;44;45;46;47;48;55;56;57;58;59;60;61;62;63;64;71;72;73;74;75;76;77;78;79;86;87;88;89;90;91;92;93;94;95;114;130;137;138;139;140;141;142;150;157;158;159;169;176;177;185;192;193;194;195;196;197;198;199;200;207;208;209;210;211;212;213;214;215;222;223;224;225;226;227;228;229;230;231;238;239;240;241;242;243;244;245;246;253;254;255;263;299;306;307;308;309;310;311;312;313;314;323;335;342;343;344;345;346;347;348;349;350;357;358;359;360;361;362;363;364;365;372;373;374;375;376;377;378;379;380;387;388;389;390;391;392;393;401;408;409;410;411;412;413;414;415;416;427;435;454;476;491;498;499;500
F72022,10,17,17,2057.295106115642,2000.0,57.29510611564183,28,232,232,152,37.33827304840088,27;34;35;36;48;49;66;73;74;75;76;77;78;79;80;81;82;83;84;91;92;93;94;95;96;97;98;99;107;108;115;116;117;118;119;120;121;122;123;130;131;132;133;134;135;136;137;138;139;140;147;148;149;150;151;152;153;154;155;162;163;164;165;166;167;168;169;170;177;178;179;180;181;182;183;184;185;192;193;194;195;196;197;198;199;200;207;208;209;210;211;212;213;214;215;216;217;224;225;226;227;228;229;230;231;232;239;240;241;242;243;244;245;246;247;248;255;256;257;258;259;260;268;269;281;282;283;284;291;292;293;294;295;296;297;298;299;300;307;308;309;310;311;312;313;314;315;323;330;331;332;333;334;335;336;337;338;339;340;347;348;349;350;351;352;353;354;355;356;357;364;365;366;367;368;379;386;387;388;389;390;391;392;393;394;403;404;405;406;407;408;409;416;417;418;419;420;421;422;423;424;425;432;433;434;435;436;437;438;451;464;465;466;467;474;475;476;477;478;479;480;481;482;489;490;491;492;493;494;495;496;497
F72022,10,18,18,2036.8929389173006,2000.0,36.892938917300626,28,186,186,169,30.455610275268555,14;34;41;42;43;44;45;46;47;48;49;67;74;75;76;77;78;79;80;81;82;83;90;91;92;93;94;95;96;97;98;117;127;128;129;130;131;132;139;140;141;142;143;144;145;146;147;154;155;156;157;158;159;160;161;162;163;170;171;172;173;174;175;176;177;178;185;186;187;188;189;190;191;192;193;200;201;202;203;204;205;206;207;208;215;216;230;237;238;239;240;241;242;243;244;245;260;267;268;269;270;271;272;273;274;275;282;283;284;285;286;287;288;289;290;297;298;299;300;301;302;303;304;305;312;313;314;315;316;317;318;319;320;327;328;329;330;331;332;333;334;335;342;343;344;345;346;347;348;349;350;357;358;359;360;361;362;363;364;365;372;373;374;375;376;377;378;379;380;394;395;402;403;411;423;424;425;426;427;451;452;490;491;498;499;500
F72022,10,19,19,2061.8082429922756,2000.0,61.80824299227561,25,218,218,125,35.282504081726074,23;37;38;39;40;41;42;50;57;58;59;60;61;62;63;64;65;66;67;74;75;76;77;78;86;93;94;95;96;97;98;99;100;101;109;116;117;118;119;120;121;122;123;124;125;126;133;134;135;136;137;138;139;140;152;153;154;161;162;163;164;165;166;167;168;169;176;177;178;179;180;181;182;183;184;191;192;193;194;195;196;197;198;199;200;201;202;203;204;211;212;213;214;215;216;217;218;219;235;236;237;238;239;246;247;248;249;250;251;252;253;254;261;262;263;264;265;266;267;281;282;289;290;291;292;293;294;295;296;297;298;305;306;307;308;309;317;324;325;326;327;328;329;330;331;332;333;334;335;336;337;344;345;346;347;348;349;350;351;352;353;360;361;362;363;364;365;366;367;368;375;376;377;378;379;380;381;382;383;390;391;392;393;394;395;396;397;398;408;409;410;411;412;413;414;421;422;423;424;425;445;455;456;457;458;459;460;472;473;474;487;494;495;496;497;498;499;500
F72022,10,20,20,2219.005808987777,2000.0,219.00580898777707,28,226,226,97,36.42190909385681,15;26;27;28;29;30;37;38;46;47;48;55;56;57;58;59;60;61;62;63;70;71;72;73;74;75;76;77;78;91;92;93;94;101;102;103;104;105;106;107;108;109;110;117;118;119;120;128;135;136;137;138;139;140;141;142;143;160;161;162;163;170;171;172;173;174;175;176;177;178;179;180;187;188;189;190;191;192;193;194;195;196;212;213;214;215;222;223;224;225;226;227;228;229;230;237;238;239;240;241;242;243;244;245;246;247;248;249;250;251;258;259;260;261;262;263;264;265;266;273;274;275;276;277;278;279;280;281;288;289;290;291;292;293;294;295;296;297;304;305;306;307;308;309;310;311;312;313;314;321;322;323;324;325;326;327;328;329;336;337;338;339;340;341;342;343;344;345;346;353;354;355;356;357;358;359;360;361;368;369;370;380;387;388;389;390;391;392;393;394;402;409;410;411;412;413;414;415;416;417;427;428;429;441;442;443;444;445;471;472;473;474;475;482;483;484;485;486;487;488;489;490;491;492;493;494
F72022,10,21,21,2265.498988593592,2000.0,265.498988593592,26,222,222,133,35.859391927719116,33;34;35;36;37;38;39;40;41;42;43;44;45;46;54;55;56;64;65;66;67;68;69;70;71;78;79;80;81;82;83;84;85;86;87;88;89;90;105;106;107;108;109;116;117;118;119;127;128;129;130;137;138;139;140;141;142;143;144;158;159;160;161;162;172;173;174;175;176;177;178;179;186;187;188;189;190;191;192;193;194;195;202;203;204;205;206;207;208;209;210;211;212;219;220;221;222;223;224;225;226;227;234;235;236;237;238;239;240;241;242;249;250;251;252;253;254;255;256;257;264;265;266;267;268;269;270;271;272;279;280;281;282;283;284;285;286;287;294;295;296;297;298;299;300;301;302;309;310;311;312;313;314;315;316;317;324;325;326;327;328;329;330;331;332;339;340;341;342;343;344;345;346;347;354;355;356;357;358;359;360;361;362;390;397;398;399;400;401;402;403;404;405;412;413;414;415;416;417;418;419;420;436;443;444;445;446;447;448;449;450;451;452;467;480;488;495;496;497;498;499;500
F72022,10,22,22,2240.978540941951,2000.0,240.978540941951,25,201,201,94,32.815661907196045,24;31;32;33;34;35;36;37;38;39;51;52;53;54;55;56;57;64;65;66;67;68;69;70;71;72;73;80;81;98;99;106;107;108;109;110;111;112;113;114;122;130;131;138;139;140;141;142;143;144;145;146;153;154;155;156;157;158;159;160;161;168;169;170;171;172;173;174;175;176;183;184;185;186;187;188;189;190;191;198;199;200;201;202;203;204;205;206;207;214;215;216;217;218;219;220;221;222;223;230;231;232;233;234;235;236;237;238;239;246;247;248;249;250;251;252;253;254;255;256;257;258;259;260;261;262;263;264;271;272;273;274;275;276;277;278;279;286;287;288;289;290;291;292;293;294;295;302;303;304;305;306;307;308;309;310;311;318;319;320;321;322;323;324;325;340;341;348;349;350;351;352;353;354;355;356;367;368;369;377;389;390;391;392;393;394;395;396;406;407;408;409;410;411;425;426;433;460;467;468;495
F72022,10,23,23,2266.479195355678,2000.0,266.4791953556778,19,257,257,95,41.07114100456238,26;27;28;29;30;31;32;33;34;35;36;37;38;39;40;41;42;43;51;52;53;54;62;63;64;65;66;67;68;69;70;71;72;73;74;75;76;77;78;79;80;90;91;92;93;94;95;96;97;98;99;100;107;108;109;110;111;112;113;114;115;116;117;118;119;120;121;122;123;124;125;126;127;128;129;130;131;132;133;134;135;136;137;138;139;140;141;142;143;144;145;146;147;148;149;150;151;159;160;161;162;163;164;165;166;167;168;169;170;171;172;173;174;175;176;177;178;179;180;181;182;183;184;185;186;187;188;189;190;191;192;193;194;195;196;197;198;199;200;201;202;216;217;218;219;226;227;228;229;230;231;232;233;234;235;242;243;244;245;246;247;248;249;250;251;258;259;260;261;262;263;264;265;266;273;274;275;283;290;291;292;293;294;295;296;297;298;305;306;307;308;309;310;311;312;313;320;321;322;323;324;332;339;340;341;342;343;344;345;346;347;354;355;356;357;358;359;360;361;362;370;371;372;373;374;375;376;377;385;386;387;388;389;390;391;392;414;421;422;423;424;425;426;427;428;429;436;437;438;439;440;441;442;443;472;481;497
F72022,10,24,24,2062.214116456169,2000.0,62.214116456168995,23,275,275,103,43.625282764434814,12;13;14;15;16;17;18;19;20;21;22;23;30;31;32;33;34;35;36;37;47;48;49;50;51;52;53;54;55;56;57;65;66;67;68;75;76;77;78;79;80;81;82;83;84;85;86;87;88;89;90;91;92;93;94;95;96;97;98;99;100;107;108;109;110;111;112;113;114;115;116;117;118;119;120;128;135;136;137;138;139;140;141;142;143;144;145;146;147;148;149;150;157;158;159;160;161;162;163;164;165;166;167;168;169;170;171;178;179;180;181;182;183;184;185;186;187;188;189;190;197;198;199;200;201;202;203;204;205;206;207;208;209;210;211;212;213;214;223;224;225;226;227;239;240;241;242;243;244;245;246;247;248;249;250;251;252;253;254;255;256;257;258;259;260;261;262;269;270;271;272;273;274;275;276;277;278;279;286;287;288;289;290;291;292;293;294;301;302;303;304;305;306;307;308;309;316;317;318;319;320;321;322;323;324;331;332;333;334;335;336;337;338;339;346;347;348;349;350;351;352;353;354;361;362;363;364;365;366;367;368;369;376;377;378;379;380;381;382;383;384;391;392;393;394;395;396;397;398;399;406;414;423;424;425;426;427;435;445;446;447;448;449;450;457;458;459;460;472;488;496;497;498;499;500
F72022,10,25,25,2190.7617117535856,2000.0,190.7617117535856,17,187,187,54,30.639517784118652,25;36;37;38;39;40;41;49;50;51;52;53;54;55;56;57;58;59;67;68;69;70;71;72;80;81;82;90;91;92;93;94;95;114;121;122;123;124;125;126;127;128;129;130;131;132;139;140;141;142;143;144;145;146;147;148;149;150;151;152;153;154;162;163;164;165;166;167;168;169;170;171;172;173;174;175;176;177;178;179;180;181;182;183;184;185;186;187;188;189;190;191;192;193;194;195;196;197;198;199;200;201;202;203;210;211;212;213;214;215;216;217;218;219;220;221;222;223;224;225;232;233;234;235;236;237;238;239;240;241;242;250;251;263;264;265;266;273;274;275;276;277;278;279;280;281;295;296;303;311;318;319;327;334;335;336;337;338;339;340;341;342;343;350;351;352;353;354;355;356;357;358;365;366;367;368;369;370;371;387;399;407;439;474;492;499;500
F72022,10,26,26,2031.1567600231747,2000.0,31.156760023174684,28,226,226,122,36.468581199645996,22;29;30;31;32;33;34;35;36;37;44;45;46;47;48;49;50;51;52;53;65;66;67;68;75;76;77;78;79;80;81;82;83;84;91;92;93;94;95;96;97;98;99;106;107;108;109;110;111;112;113;114;115;122;123;124;125;126;127;128;129;130;137;138;139;140;141;142;143;144;145;146;147;148;149;150;159;160;161;162;163;164;165;172;173;174;175;176;177;178;179;180;187;188;189;190;191;192;193;194;195;202;203;204;205;206;207;208;209;210;211;212;213;214;221;222;223;224;225;226;227;228;229;230;231;232;233;234;235;236;237;238;239;256;263;264;265;266;267;268;269;270;271;278;279;280;281;282;283;284;285;286;287;294;295;296;297;314;327;328;329;330;337;338;339;340;341;342;343;344;345;352;353;354;355;356;357;365;366;373;381;382;389;390;391;392;393;394;395;396;397;404;405;406;407;408;409;410;411;412;413;414;428;429;463;464;471;472;473;474;475;476;477;478;479;486;487;488;489;490;491;492;493;494;495;496
F72022,10,27,27,2157.9127359701565,2000.0,157.91273597015652,26,193,193,136,31.57626509666443,21;28;29;30;31;32;33;34;35;36;43;44;45;46;47;48;49;50;51;52;61;62;63;64;65;66;67;74;75;76;77;78;79;80;81;82;89;97;104;105;106;107;108;109;110;111;112;113;120;121;122;123;124;125;126;127;128;129;136;137;138;139;140;141;142;143;144;145;152;153;154;155;165;172;173;174;175;176;177;178;179;180;187;188;189;190;191;192;193;194;202;203;210;211;212;213;214;215;216;217;218;232;233;234;242;243;244;245;246;247;248;249;281;288;289;290;291;292;293;294;295;296;303;304;305;306;307;308;309;310;311;318;319;320;321;322;323;324;325;326;333;334;335;336;337;338;339;340;341;348;349;350;351;352;353;354;355;356;363;364;365;366;367;368;369;370;371;384;385;386;393;394;395;396;397;398;399;400;401;402;409;410;411;412;413;414;415;424;431;459;466;467;468
F72022,10,28,28,2142.40356776545,2000.0,142.40356776545013,30,192,192,183,31.354824781417847,22;30;31;32;40;51;52;53;54;55;62;70;77;78;79;80;81;82;83;84;85;92;93;94;95;96;107;114;115;116;117;118;119;120;121;122;133;134;135;136;137;144;145;146;147;148;149;150;151;152;161;169;176;177;178;179;180;181;182;183;184;198;199;206;207;208;209;210;211;212;213;214;221;222;223;224;225;226;227;228;229;247;254;255;256;257;258;266;273;274;275;276;277;278;279;280;281;282;289;290;291;292;293;294;295;296;297;304;305;306;307;308;309;310;311;312;319;320;321;322;323;324;325;326;327;334;335;336;337;338;339;340;341;342;349;350;351;352;353;354;355;356;357;364;365;366;367;368;369;370;371;372;379;380;381;382;383;384;385;386;387;394;395;396;397;398;399;400;401;402;414;415;416;417;428;429;430;431;432;447;473;484;485;486;487;488;495;496;497;498;499;500
F72022,10,29,29,2242.4707639259495,2000.0,242.47076392594954,27,204,204,125,33.22986602783203,25;26;27;28;29;30;37;38;39;40;41;42;43;44;45;46;47;54;55;56;57;58;59;60;61;62;69;70;71;72;73;74;75;76;77;78;85;86;87;88;89;90;91;106;113;114;115;116;117;118;119;120;121;128;136;143;144;145;146;147;148;149;150;151;152;153;160;161;162;163;164;165;166;167;168;175;176;177;178;179;180;181;182;183;184;191;199;200;201;202;203;210;211;212;213;214;215;216;217;218;219;220;221;222;223;224;225;226;227;228;229;236;237;238;239;240;241;242;243;244;245;246;253;254;255;256;257;258;259;260;261;268;269;270;271;272;273;274;275;276;283;284;285;286;287;288;289;290;291;298;299;300;301;302;303;304;305;306;319;327;328;335;336;337;338;339;340;341;342;343;350;351;352;353;354;355;356;357;358;365;366;367;368;369;370;371;372;373;392;399;400;401;402;403;404;405;406;407;424;425;439;440;467;496
F72022,10,30,30,2059.9383049599287,2000.0,59.9383049599287,28,206,206,136,33.41270589828491,16;23;24;25;26;27;28;29;30;31;32;33;34;35;36;43;44;45;46;47;48;49;50;51;58;59;60;61;62;63;64;65;66;73;74;75;76;77;78;79;80;81;88;89;90;91;92;93;94;95;96;103;104;105;106;107;115;116;123;124;125;126;127;128;129;130;131;138;139;140;141;142;143;144;145;146;153;154;155;156;157;158;159;160;161;168;169;170;171;172;173;174;175;176;183;184;185;186;187;188;189;190;191;192;199;200;201;202;203;204;205;206;207;214;215;216;217;218;219;220;221;222;232;233;234;235;236;237;246;247;255;265;266;267;268;269;270;277;285;292;293;294;295;296;297;298;299;300;307;308;309;310;311;312;313;314;315;323;341;355;356;357;365;366;367;368;369;370;371;372;379;380;381;382;383;384;385;396;418;419;420;431;438;439;440;441;442;455;462;463;464;465;466;467;468;469;470;478;479;480;481;482;483;484;494;495
F82022,10,1,1,2305.313438526097,2200.0,105.31343852609689,16,250,250,22,53.64435791969299,12;13;14;15;16;17;18;19;20;21;22;23;43;44;45;46;47;48;49;50;51;52;53;61;62;63;64;65;66;67;68;69;70;78;79;86;94;95;96;97;98;99;100;101;102;109;110;111;119;120;121;128;129;130;131;132;133;134;135;136;137;138;139;140;141;148;149;150;151;152;153;154;155;156;157;158;159;169;170;171;172;173;174;175;176;177;178;179;180;181;182;183;184;185;186;187;188;189;190;191;192;193;194;195;196;197;198;205;206;207;208;209;210;211;212;213;214;215;216;217;218;219;220;221;222;223;224;225;226;227;228;229;230;231;238;239;240;241;242;243;244;245;246;247;248;249;250;251;252;253;254;255;256;257;264;265;266;267;268;269;277;278;279;286;287;288;289;290;291;292;293;294;295;296;304;305;306;307;308;309;310;311;312;313;320;321;322;323;324;325;326;344;345;367;368;369;370;371;372;373;374;387;388;389;390;397;398;399;400;401;402;403;404;405;406;407;408;409;410;411;412;413;426;427;428;437;438;439;440;441;442;443;444;445;446;447;448;470;471;482;483;484;485;486;495;496;497;498;499;500
F82022,10,2,2,3006.291917345776,2200.0,806.2919173457758,18,176,176,37,38.78037905693054,21;28;29;30;31;32;33;34;47;48;49;50;51;52;53;54;55;56;57;58;59;66;67;68;69;70;71;72;73;74;75;76;77;78;79;80;81;82;83;84;85;86;87;88;89;90;91;92;100;101;102;103;104;105;106;107;108;109;110;111;112;113;114;115;122;123;124;125;126;127;135;136;137;148;149;150;151;152;159;160;161;162;163;164;165;166;167;174;175;176;177;178;179;180;181;182;189;190;191;192;193;194;195;196;197;204;205;206;207;208;209;210;211;212;213;220;221;222;223;242;243;244;245;246;247;248;249;250;251;252;253;254;255;256;257;258;259;260;261;262;269;270;271;272;273;281;288;289;290;291;292;293;294;295;296;297;298;299;306;324;335;372;373;391;398;399;411;412;438;439;440;449;450;481;482;491
F82022,10,3,3,2298.647189948157,2200.0,98.64718994815712,16,166,166,32,36.9687340259552,30;31;32;33;34;35;43;44;45;46;47;48;49;50;51;52;53;54;55;56;57;58;59;66;67;68;69;70;71;72;73;74;75;76;77;85;86;87;95;102;103;104;105;106;107;108;109;110;125;126;127;136;137;138;139;140;141;142;143;159;160;161;162;163;164;165;166;173;174;175;176;177;178;179;180;181;182;183;190;191;192;193;194;195;196;197;198;205;206;207;208;209;210;211;212;213;221;234;235;236;237;244;245;246;247;248;249;257;268;284;285;286;287;288;304;305;306;307;308;327;328;329;330;331;332;333;334;335;336;337;338;339;340;341;342;343;344;362;363;364;365;384;385;386;393;394;395;396;397;398;399;400;401;417;433;434;435;436;437;454;455;456;457;492;493;500
F82022,10,4,4,3935.643931891321,2200.0,1735.6439318913208,19,171,171,43,37.838502168655396,14;15;16;17;38;39;40;41;42;50;51;52;53;54;55;56;57;58;59;60;61;68;69;70;71;72;73;74;75;76;77;78;79;80;81;82;83;97;98;99;106;107;108;109;110;111;112;113;114;115;116;117;124;133;134;142;143;155;156;157;158;165;166;167;168;169;170;171;172;180;181;182;183;184;198;199;213;221;222;230;231;232;233;234;235;236;237;238;239;247;248;249;250;251;252;253;254;266;267;274;275;276;277;278;279;280;281;282;283;284;292;293;294;313;325;326;327;328;329;330;331;338;339;340;341;342;343;344;345;346;347;348;349;350;351;352;353;354;355;356;357;358;359;373;374;375;376;377;391;392;393;394;395;406;418;419;420;421;428;429;439;460;461;468;469;470;492;493;494;495;496
F82022,10,5,5,2651.868212822288,2200.0,451.8682128222881,13,170,170,21,37.65700817108154,16;17;18;19;20;21;22;33;34;35;42;43;44;45;46;47;48;49;50;51;52;53;54;67;68;76;77;84;85;86;87;88;89;90;91;92;93;94;110;111;112;120;121;122;123;124;125;126;127;128;129;130;131;132;133;134;151;152;153;154;155;156;157;169;170;171;172;173;174;175;176;177;178;195;196;204;205;221;222;223;224;225;233;234;235;236;237;238;239;240;241;242;243;244;251;252;253;254;255;256;257;258;259;260;261;262;263;264;265;266;267;268;269;270;271;272;273;280;281;282;283;284;285;293;294;306;307;308;309;310;311;320;321;322;323;324;325;326;327;328;345;346;347;359;360;368;369;397;413;414;415;422;423;424;425;426;427;428;429;430;431;432;433;434;435;447;448;449;450;457
F82022,10,6,6,3003.3993997142516,2200.0,803.3993997142516,14,159,159,20,35.412067890167236,9;10;11;12;13;14;15;16;17;18;19;20;27;28;29;30;31;32;33;34;35;36;44;51;52;53;54;55;56;57;58;73;74;75;76;89;90;91;92;93;94;95;96;97;111;112;119;120;121;122;130;137;138;139;140;148;156;157;158;159;160;161;162;163;164;165;172;173;174;175;176;177;178;179;180;181;182;183;184;193;194;195;196;197;198;207;208;209;210;211;218;219;220;221;222;223;224;225;226;227;228;229;230;231;232;233;234;235;236;237;238;239;240;241;242;243;244;245;246;247;248;249;250;251;252;260;261;262;263;264;265;266;274;285;286;287;288;289;290;291;292;356;357;358;368;369;370;371;372;423;449;450;467;468;469;470;471;472;500
F82022,10,7,7,2574.127457543358,2200.0,374.1274575433581,11,98,98,21,23.36577820777893,10;11;12;13;14;15;16;17;31;32;33;34;35;36;37;38;39;40;41;42;53;54;55;63;64;72;98;99;100;107;108;109;110;111;112;113;114;115;116;117;118;119;120;128;129;130;131;132;133;134;135;136;137;146;147;148;149;150;162;170;177;178;179;180;181;182;183;184;185;186;205;212;213;214;215;216;217;218;219;220;235;236;250;269;270;271;294;308;323;324;413;425;426;427;428;495;496;497
F82022,10,8,8,2944.0120862529016,2200.0,744.0120862529016,17,162,162,33,36.028002977371216,10;11;12;13;14;15;16;17;18;19;20;21;22;23;24;33;34;35;36;37;38;39;40;41;50;51;52;53;54;55;56;57;58;66;67;68;69;70;71;72;80;81;82;83;84;85;92;93;94;102;114;115;116;117;118;119;120;121;122;123;130;131;132;133;134;135;136;137;138;148;149;150;151;152;153;160;161;162;163;164;165;166;167;175;176;177;178;179;180;181;182;183;190;191;192;200;201;202;213;214;215;216;217;227;228;229;230;243;244;245;246;247;248;255;256;257;258;259;260;261;262;263;264;271;272;273;274;275;276;277;278;279;280;281;288;289;290;291;292;293;294;295;296;310;311;312;319;320;321;322;342;343;344;345;418;419;420;421;434;435;436;500
F82022,10,9,9,2946.2034260801192,2200.0,746.2034260801192,19,185,185,44,40.710448026657104,23;30;31;39;40;47;48;49;50;51;52;53;54;55;62;63;64;65;66;67;68;69;70;71;72;73;74;75;76;77;78;79;86;94;95;96;97;98;105;106;107;108;109;110;111;112;113;120;121;122;123;124;125;126;127;128;129;130;131;132;139;140;141;142;143;144;145;146;147;148;149;156;157;158;159;160;161;162;163;164;171;172;173;174;175;176;177;178;179;180;181;182;183;190;191;192;193;194;195;196;197;198;199;206;207;208;209;210;211;212;213;214;221;222;223;224;225;226;227;228;229;236;237;238;239;240;241;242;243;244;251;252;253;254;255;256;257;258;259;260;261;262;271;272;273;274;275;276;277;278;279;286;287;288;289;290;330;331;332;333;343;344;345;346;347;348;349;350;351;366;367;368;468;469;470;471;472;473;474;489;490;491;498;499;500
F82022,10,10,10,3083.022069929644,2200.0,883.0220699296442,15,151,151,33,33.86982464790344,13;14;31;32;33;40;41;42;43;44;45;46;47;48;49;50;51;52;53;54;55;56;57;68;75;76;77;78;79;80;81;82;83;84;85;92;93;94;95;96;97;98;99;100;101;102;110;111;112;113;114;115;116;117;118;119;120;131;132;140;141;142;143;144;159;160;161;162;163;164;165;166;167;178;179;180;181;182;183;184;192;200;207;208;209;210;211;212;213;214;215;229;230;231;232;233;240;241;242;243;244;252;253;254;255;265;266;267;268;269;270;271;278;279;280;281;282;283;284;285;286;287;288;299;308;309;310;311;318;319;320;386;387;424;458;459;460;461;478;479;480;481;482;483;484;492;493;494;495;496;497
F82022,10,11,11,2413.8242003346577,2200.0,213.8242003346577,12,213,213,19,46.267226219177246,9;10;11;12;13;14;24;25;26;27;28;29;30;31;32;33;34;48;49;50;51;52;53;54;55;56;57;58;59;60;61;62;63;64;65;66;67;68;69;70;71;72;73;74;75;76;77;78;79;80;89;90;91;92;93;94;95;96;97;98;99;100;117;118;119;120;121;122;123;124;125;126;127;128;129;130;131;132;133;134;135;136;143;144;145;146;147;148;149;150;151;152;159;160;161;162;163;164;165;166;167;168;169;170;177;178;179;180;181;182;183;184;185;186;187;188;189;190;191;199;200;201;202;203;204;205;206;207;208;209;220;221;222;223;224;225;226;227;228;229;230;231;232;233;234;235;254;255;256;257;258;259;260;261;262;274;295;296;297;298;325;334;342;343;344;345;346;347;348;355;356;357;358;359;360;361;362;363;364;365;366;367;368;369;370;371;378;379;380;381;382;383;384;385;386;387;399;421;422;423;424;437;438;439;440;450;451;452;480;481;482;483;484
F82022,10,12,12,3965.6563272839376,2200.0,1765.6563272839376,19,164,164,50,36.33971095085144,8;9;10;31;32;33;34;35;36;37;38;39;40;41;42;43;44;45;46;47;48;49;50;51;52;53;54;55;56;57;65;72;73;74;75;76;77;78;79;80;81;88;89;90;91;92;93;94;95;96;97;98;117;118;125;126;127;128;129;137;144;145;146;147;148;149;150;151;152;159;160;161;162;163;164;165;166;167;180;181;182;183;184;185;186;194;195;196;197;198;199;200;201;202;203;216;217;225;226;227;228;229;230;231;238;239;240;241;242;243;244;245;246;253;254;255;256;257;258;259;260;261;273;274;275;276;277;278;279;280;281;282;283;284;285;286;287;288;295;296;297;298;299;300;301;302;303;317;318;319;320;321;322;323;337;338;339;412;413;414;426;427;428;452
F82022,10,13,13,2235.7322112117236,2200.0,35.73221121172355,17,264,264,32,56.41641402244568,10;11;12;13;14;15;16;17;18;19;20;21;22;23;24;25;26;33;34;35;36;44;45;46;47;48;49;50;51;52;53;54;55;56;57;58;59;60;61;62;63;64;65;66;67;68;69;70;71;72;73;74;75;82;83;84;85;86;87;88;89;90;91;92;93;94;95;108;109;110;111;112;113;121;122;123;124;131;132;133;134;135;136;137;138;139;146;147;148;156;157;158;159;160;161;162;163;164;165;166;167;168;169;170;171;172;173;174;175;176;177;193;200;201;202;203;204;205;206;207;208;209;210;211;212;219;220;221;222;223;224;225;226;227;228;229;230;231;232;233;240;241;242;243;244;245;246;247;248;249;250;251;252;253;254;255;256;257;258;259;266;267;268;269;270;271;272;273;274;275;276;277;278;279;280;294;295;296;297;298;299;300;301;302;303;318;319;320;321;328;329;330;331;332;333;334;335;336;337;338;339;340;341;342;343;344;345;352;353;354;355;356;357;358;359;360;361;362;369;370;371;372;373;374;375;376;377;384;385;386;387;388;389;390;391;392;393;394;395;396;406;407;408;409;410;417;418;419;420;421;422;423;424;425;446;447;448;449;466;494;495;496;497;498
F82022,10,14,14,2486.6018242849104,2200.0,286.60182428491044,11,159,159,19,35.43305706977844,14;21;22;23;24;25;26;27;28;29;30;31;32;33;34;35;36;37;38;39;40;41;42;43;71;72;80;81;82;89;90;91;92;93;94;95;96;97;98;99;107;108;118;132;133;134;135;136;137;138;139;140;147;148;149;150;151;152;153;154;155;163;164;165;166;167;168;169;170;171;172;186;187;188;189;190;191;192;193;194;195;203;204;205;206;207;208;209;210;211;212;213;214;221;222;223;224;225;226;227;228;229;262;263;264;265;266;273;274;275;276;277;278;279;280;281;282;295;319;320;328;329;359;360;361;362;363;364;374;375;376;377;389;390;391;392;393;394;395;396;397;419;420;427;428;429;430;431;432;440;441;442;471;472;473;474;475;481;490
F82022,10,15,15,2446.826760474533,2200.0,246.82676047453288,18,181,181,27,39.875142097473145,27;28;35;36;37;38;39;40;41;42;43;44;45;46;47;48;49;50;51;52;68;69;70;77;78;79;80;81;82;83;84;85;86;87;94;95;96;97;98;99;100;101;102;103;104;111;112;120;121;122;123;131;132;133;134;135;136;137;138;139;140;141;142;143;144;145;146;147;148;156;157;158;159;160;167;168;169;170;171;172;173;174;175;187;188;189;200;201;202;203;204;205;212;213;214;215;216;217;218;219;220;221;222;223;224;225;232;233;234;235;236;237;238;254;255;269;270;277;285;286;287;296;297;298;299;307;308;309;310;311;312;313;314;315;316;317;318;319;345;346;347;348;349;350;351;352;353;369;370;371;383;384;385;386;414;415;416;426;427;428;429;430;438;439;440;441;442;443;444;445;446;447;448;449;450;451;452;453;460;461;500
F82022,10,16,16,2348.578870161349,2200.0,148.5788701613492,4,169,169,5,37.30795621871948,11;12;13;14;15;23;24;25;26;27;28;29;30;31;32;33;41;42;43;44;45;46;47;48;49;50;51;52;53;54;55;56;57;58;59;60;61;62;63;64;71;72;73;74;75;76;77;78;79;80;81;82;83;84;85;86;87;88;89;90;100;101;102;103;104;105;106;107;114;115;126;127;136;137;138;139;140;148;149;150;151;152;153;154;155;156;157;158;159;160;161;162;163;164;165;180;181;182;183;184;185;186;187;188;189;190;191;192;193;194;195;196;197;198;199;200;201;202;203;204;205;206;207;208;209;210;211;212;213;214;215;216;217;225;226;227;237;238;239;240;241;242;243;251;252;253;254;255;256;257;258;309;310;346;347;348;349;350;351;424;425;426;427;428;429;430;431;432;433
F82022,10,17,17,2235.5871424662932,2200.0,35.587142466293244,15,223,223,26,48.273576974868774,16;17;18;19;20;21;22;23;24;25;26;27;28;40;41;57;58;59;60;68;69;70;71;72;79;80;81;82;83;84;85;86;87;88;89;90;91;98;99;100;101;102;103;104;105;106;107;108;109;110;111;112;113;114;115;116;117;124;125;133;134;135;136;150;158;166;167;168;169;170;171;172;173;174;175;176;177;178;179;180;181;182;183;190;191;192;200;201;202;203;210;218;219;220;221;222;223;224;225;226;233;234;235;236;237;238;239;240;241;242;243;244;245;252;253;254;255;256;257;258;259;260;261;262;263;264;265;266;267;268;269;270;271;272;273;280;281;282;283;284;285;286;287;288;289;290;291;292;293;294;306;307;308;309;310;311;312;313;314;315;316;323;324;325;326;327;328;336;337;338;339;340;347;348;349;350;351;352;353;354;355;356;357;358;376;377;378;386;387;388;389;390;391;392;393;454;455;456;457;458;459;466;467;468;469;470;478;479;480;481;482;483;484;485;486;487;488;489;496;497;498;499;500
F82022,10,18,18,3203.5538871496087,2200.0,1003.5538871496087,18,193,193,37,42.12859487533569,16;24;25;26;27;28;29;30;42;43;44;45;46;59;60;61;68;69;70;71;72;73;74;75;76;77;78;79;80;103;104;105;106;107;108;109;116;117;118;119;120;121;122;123;124;125;126;127;128;129;130;131;132;139;140;141;142;143;144;145;146;147;148;149;150;151;152;153;154;155;156;157;164;165;166;167;168;169;170;171;172;173;174;175;176;177;184;185;186;187;188;189;190;191;192;193;194;195;196;197;198;199;200;207;208;209;210;211;212;213;214;215;216;224;225;226;227;228;235;236;237;238;239;240;241;242;243;244;245;246;247;254;255;256;265;266;267;268;269;270;271;278;279;280;281;282;283;300;301;302;303;321;328;329;330;331;332;333;334;335;345;367;368;369;370;371;372;373;374;375;387;388;399;413;414;426;427;428;429;430;431;432;443;444;445;446;453;480;481;482;490;491;500
F82022,10,19,19,2292.776925808387,2200.0,92.7769258083872,24,232,232,57,50.086869955062866,21;22;29;30;31;32;33;41;42;51;52;53;54;55;56;57;58;59;60;67;68;69;70;71;72;73;74;75;76;77;78;79;86;87;88;89;90;91;92;93;94;101;102;103;104;105;106;107;108;109;116;117;118;132;139;140;141;142;143;144;145;146;147;148;155;156;157;158;159;160;161;162;163;164;165;166;174;175;176;177;178;179;180;187;188;189;190;191;192;193;194;195;196;197;198;205;206;207;208;209;210;211;212;213;214;215;216;217;224;225;226;227;228;229;230;231;232;233;240;241;242;243;244;245;246;247;248;249;256;257;258;259;260;261;262;263;264;265;266;267;274;275;276;277;278;279;280;281;282;283;290;291;292;293;294;295;296;297;298;299;306;307;308;309;310;311;312;313;314;315;316;317;318;325;326;327;328;329;330;331;332;333;334;335;342;343;344;345;346;347;348;349;350;359;360;361;362;393;394;395;406;407;408;409;410;417;418;419;420;421;422;423;424;425;437;438;451;452;453;463;464;465;466;467;468;481;482;483;484;492;499;500
F82022,10,20,20,2296.1101446123516,2200.0,96.11014461235163,18,306,306,25,64.86819911003113,26;27;28;29;30;31;32;33;34;35;36;37;38;39;40;52;53;54;55;56;57;58;59;60;61;62;63;64;65;77;78;79;80;81;82;83;84;85;92;93;94;95;96;97;98;99;100;101;102;103;104;105;106;107;108;109;110;118;119;120;121;122;123;124;125;126;133;134;135;136;137;138;150;151;152;153;161;162;163;164;171;172;173;174;175;176;177;178;179;180;181;182;183;190;191;192;193;194;195;196;197;198;199;200;201;202;203;204;205;206;207;208;209;210;211;212;213;214;215;216;217;218;225;226;227;228;229;230;231;232;233;234;235;236;237;238;239;240;241;242;243;244;245;246;247;248;255;256;257;258;259;260;261;262;263;264;265;266;267;274;275;276;277;278;279;280;281;282;283;284;285;286;287;288;289;290;291;292;293;300;301;302;303;304;305;306;307;308;309;310;311;312;313;314;315;316;317;318;319;320;321;322;323;334;335;336;337;338;339;340;341;342;343;344;345;346;347;348;349;350;351;352;353;354;355;356;357;358;359;368;369;370;371;372;373;374;381;382;383;384;385;386;387;388;389;390;391;392;393;394;395;396;397;398;399;400;407;408;409;410;411;412;413;414;415;416;417;418;419;420;421;428;429;430;431;432;433;434;435;436;437;438;439;440;441;442;443;444;445;452;453;454;455;456;457;458;459;460;461;462;463;464;472;488;489;490
F82022,10,21,21,2486.0936506795297,2200.0,286.0936506795297,12,193,193,17,42.291757106781006,10;11;22;23;24;38;39;40;41;42;50;51;52;53;54;55;56;57;58;59;60;61;62;63;64;65;66;67;68;69;70;71;72;80;81;82;83;91;92;93;94;103;104;105;106;107;108;109;110;111;112;119;120;121;122;123;124;134;135;143;144;145;146;147;148;149;150;151;152;153;154;161;162;163;164;165;166;167;168;169;170;171;172;173;174;175;176;183;184;185;186;187;188;189;190;191;192;193;194;195;196;197;198;199;200;201;202;203;204;205;206;213;214;215;216;217;218;219;220;221;228;229;230;231;232;233;234;235;236;237;238;239;240;247;248;249;250;251;252;253;254;255;262;263;264;265;266;267;268;269;270;271;272;273;274;275;276;292;293;294;295;352;353;387;388;397;398;399;414;415;416;423;437;438;439;457;458;459;460;461;462;463;464;465;466;467;474;475;476;477;478;479;500
F82022,10,22,22,2561.761493578687,2200.0,361.7614935786869,12,165,165,17,36.536093950271606,8;18;31;32;33;34;35;36;37;38;39;40;41;42;43;44;45;46;47;48;49;50;51;59;60;61;62;63;64;65;66;67;68;69;70;71;72;73;81;88;89;90;98;99;100;101;102;103;104;105;106;107;108;109;117;130;131;132;133;134;135;136;137;138;145;146;147;148;149;157;165;166;167;181;182;183;191;192;205;206;207;208;209;216;217;218;219;220;221;222;223;224;225;226;227;234;235;236;237;238;239;240;241;242;243;244;245;246;247;248;257;258;259;260;261;262;263;264;265;266;267;268;269;270;271;272;273;274;275;283;284;285;286;287;288;289;297;304;305;306;307;308;309;310;311;312;313;335;336;395;396;397;398;399;400;408;409;410;411;412;413;414;415;447;475
F82022,10,23,23,2696.322240006419,2200.0,496.3222400064192,13,117,117,27,27.083698272705078,17;18;19;26;37;38;39;40;41;42;43;44;45;46;47;48;49;56;57;58;59;60;61;62;63;64;71;72;73;74;75;76;77;78;79;80;87;88;89;90;91;92;93;94;95;96;97;98;99;100;101;109;110;124;131;132;133;134;144;145;146;153;154;155;172;173;184;185;201;214;215;216;232;233;234;235;236;237;244;245;246;247;248;249;250;251;252;253;260;261;262;263;264;265;266;287;288;289;290;291;301;302;310;335;343;344;345;346;347;348;349;446;447;448;449;450;451
F82022,10,24,24,2256.088727255642,2200.0,56.08872725564197,20,182,182,34,39.95484495162964,23;24;31;32;43;44;52;53;54;61;62;63;64;65;66;67;68;69;70;71;80;81;82;83;84;85;86;87;88;89;90;91;92;93;94;95;96;97;98;99;100;107;108;109;110;111;112;113;114;115;116;123;124;125;126;127;128;129;130;131;132;133;140;141;142;143;151;158;159;160;161;162;163;164;165;166;173;181;182;183;184;185;202;209;210;211;212;213;214;215;216;217;218;219;220;221;222;229;230;242;243;244;245;246;247;248;249;256;257;258;259;260;261;262;263;264;265;266;267;268;269;270;271;272;273;274;282;283;290;291;292;293;294;295;303;304;311;312;313;314;315;335;336;344;354;361;362;363;364;365;366;367;368;369;370;377;378;379;380;381;382;390;391;392;403;404;405;413;420;428;429;438;439;440;441;452;453;454;491;498;499;500
F82022,10,25,25,3895.297538498853,2200.0,1695.297538498853,21,211,211,53,45.91185212135315,27;34;35;36;37;38;39;40;41;42;43;44;45;46;47;48;49;56;57;65;66;76;77;78;79;80;81;82;83;84;85;86;87;88;89;90;91;100;101;102;103;104;105;106;119;120;127;128;129;130;131;132;133;134;135;142;143;144;145;146;147;148;149;150;158;159;160;161;162;163;164;165;166;167;168;169;170;171;172;179;180;181;182;183;184;185;186;187;188;189;196;197;198;199;200;201;202;203;204;205;206;207;208;209;210;211;212;213;214;215;222;223;224;225;226;227;228;229;230;231;232;233;234;235;236;251;258;259;260;261;262;263;264;265;266;273;274;275;276;277;278;279;280;281;282;289;290;291;292;293;294;302;303;310;311;312;313;314;315;316;317;318;319;326;327;328;329;330;331;332;333;334;363;364;365;366;373;374;375;376;377;378;379;380;381;382;390;391;392;393;394;395;405;406;407;408;409;410;411;412;422;423;424;425;426;427;428;429;459;460;499
F82022,10,26,26,4227.633811212059,2200.0,2027.6338112120593,14,116,116,25,26.758591175079346,13;31;39;48;49;50;51;52;53;54;55;56;57;64;65;66;67;68;69;70;71;72;79;80;81;82;83;84;85;86;87;88;89;90;91;92;93;94;95;96;103;104;105;106;107;108;109;110;118;119;126;127;135;136;147;148;149;150;151;158;159;160;161;162;163;164;165;166;167;168;169;170;191;204;216;217;218;219;220;221;222;223;224;225;226;227;228;235;236;267;268;269;270;271;279;289;290;291;300;314;315;362;440;441;442;443;444;445;446;447;448;449;450;451;460;461
F82022,10,27,27,2615.999516942523,2200.0,415.99951694252286,12,130,130,20,29.73767113685608,24;25;26;27;34;35;36;37;38;39;40;41;42;49;50;51;52;53;54;55;56;57;58;59;66;67;68;69;70;71;72;73;74;75;76;77;78;79;80;87;88;89;90;91;92;93;94;102;103;104;111;112;113;114;115;116;117;118;119;120;121;122;129;130;131;132;133;134;135;143;151;152;153;163;164;165;166;167;175;176;177;178;185;186;187;195;196;197;198;205;270;271;272;273;274;275;286;287;288;289;290;291;292;293;294;295;296;348;400;401;402;411;438;439;440;441;448;449;450;451;452;453;454;462;463;464;465;466;467;474
F82022,10,28,28,2620.6476519884554,2200.0,420.64765198845544,14,169,169,25,37.46980285644531,16;17;18;19;20;21;28;29;30;31;32;33;34;35;36;43;44;45;46;47;48;62;63;64;65;66;67;68;82;83;84;91;92;93;94;95;96;97;98;99;100;101;102;103;104;105;106;113;114;115;116;117;118;119;120;121;122;123;124;125;126;127;128;129;130;131;132;133;134;135;136;137;138;139;140;141;142;143;144;151;152;153;154;155;156;157;158;159;160;161;175;176;177;178;185;186;187;188;189;190;191;199;200;208;209;210;211;212;213;214;215;216;225;226;227;228;229;230;231;232;233;234;247;257;258;259;260;261;262;269;270;271;272;273;274;275;276;277;278;279;280;281;288;289;290;291;292;293;294;295;323;324;325;326;341;342;343;344;356;398;399;400;401;414;415;416;417;430;443
F82022,10,29,29,2711.1128394178286,2200.0,511.1128394178286,19,156,156,38,34.913121938705444,20;37;44;45;46;47;48;49;50;51;52;53;54;55;56;57;58;59;60;67;68;69;70;71;72;73;74;75;82;90;91;92;93;94;95;96;105;106;107;108;109;110;111;112;136;143;144;145;146;147;148;149;150;151;152;153;154;155;156;157;164;172;173;174;181;182;183;184;185;186;187;188;189;190;191;192;193;194;201;202;203;204;205;206;207;208;209;216;217;218;219;220;221;222;235;236;243;244;245;246;247;248;249;257;268;269;270;292;293;305;314;315;316;317;318;325;326;327;328;346;347;348;349;356;357;370;371;372;373;374;375;376;408;409;410;425;426;427;428;429;430;431;432;433;442;443;444;445;446;447;456;485;486;487;495;496
F82022,10,30,30,3971.5839845723613,2200.0,1771.5839845723613,14,100,100,24,23.605732917785645,26;27;28;29;30;31;32;33;34;35;42;43;44;45;46;54;72;73;74;75;84;85;86;94;95;96;97;98;99;106;118;119;120;121;122;123;124;125;126;127;128;148;149;150;151;152;153;163;164;165;191;192;206;207;208;209;210;211;212;222;223;224;225;226;227;235;236;237;238;245;271;272;273;280;281;282;283;284;285;286;287;288;299;343;344;365;372;373;374;413;414;422;435;444;464;490;497;498;499;500
F92022,10,1,1,2328.5274822290676,2300.0,28.527482229067573,14,50,50,41,3.8149449825286865,67;68;75;76;77;78;79;80;92;93;105;106;107;128;140;141;142;143;144;151;152;153;154;155;156;164;178;179;200;216;217;225;226;227;237;271;294;303;314;325;481;488;489;490;491;492;493;494;495;496
F92022,10,2,2,2330.547704715469,2300.0,30.54770471546908,20,96,96,84,6.29975700378418,33;40;41;42;43;44;52;61;62;63;64;65;66;67;77;78;79;80;81;82;89;90;91;92;93;94;95;96;97;98;105;106;107;108;109;110;111;112;113;123;124;125;133;143;144;145;146;147;148;155;156;157;158;159;160;161;162;163;170;171;172;173;174;175;176;177;185;201;217;225;226;227;228;229;230;231;240;263;285;309;411;449;461;465;478;479;480;487;488;489;490;491;492;493;494;495
F92022,10,3,3,2776.33958804766,2300.0,476.3395880476601,15,52,52,41,3.9342610836029053,18;45;52;53;54;55;56;57;58;66;67;68;82;83;99;113;114;134;146;147;155;162;163;164;165;166;194;195;196;218;228;265;272;273;301;302;322;359;366;367;368;369;370;371;372;380;481;488;489;490;491;492
F92022,10,4,4,2309.015776111042,2300.0,9.015776111042214,16,57,57,49,4.196655988693237,31;38;39;59;92;100;101;102;103;104;105;106;107;108;134;141;149;156;157;158;159;160;178;206;217;218;219;220;221;228;229;230;231;264;265;280;295;296;313;320;321;341;348;349;350;351;410;469;470;480;488;489;496;497;498;499;500
F92022,10,5,5,2678.932334509411,2300.0,378.9323345094108,20,79,79,71,5.379950046539307,25;26;27;28;47;54;55;56;57;58;59;60;61;62;69;70;71;87;94;102;113;114;115;116;117;127;128;129;130;131;132;150;157;165;182;189;190;191;192;200;207;208;209;210;211;212;213;214;222;229;230;231;232;233;234;235;236;237;250;251;252;259;268;295;335;342;414;470;477;478;479;480;481;482;483;484;485;495;496
F92022,10,6,6,2312.4367117184574,2300.0,12.436711718457445,19,67,67,57,4.7379231452941895,22;58;65;66;67;68;69;70;71;72;73;80;81;82;83;84;85;86;94;102;103;104;112;113;120;121;122;123;124;125;126;127;128;148;164;171;172;180;203;220;246;255;256;257;265;276;277;278;279;287;315;326;327;328;329;348;372;381;382;463;484;495;496;497;498;499;500
F92022,10,7,7,2330.987743997269,2300.0,30.987743997268808,21,92,92,84,6.089777231216431,41;52;53;54;55;56;63;64;65;66;67;68;69;70;71;78;79;80;81;82;83;84;85;93;100;101;102;103;111;129;130;153;169;176;177;178;179;180;181;182;183;184;191;192;193;194;195;196;197;198;199;206;207;208;209;210;211;212;213;214;215;222;223;224;232;239;240;241;242;251;258;259;272;291;303;304;312;321;322;323;324;325;326;360;385;396;397;398;399;460;477;499
F92022,10,8,8,2340.5482557961996,2300.0,40.548255796199555,18,78,78,63,5.328766107559204,20;27;43;44;65;77;86;87;88;89;90;91;92;100;101;102;103;104;105;106;107;127;138;139;140;141;142;143;144;151;152;153;154;155;156;157;158;166;173;174;175;176;177;178;179;180;181;189;190;191;192;205;226;233;234;235;236;237;238;239;240;241;252;253;254;255;289;304;305;338;355;470;483;484;485;492;493;494
F92022,10,9,9,2785.604623175866,2300.0,485.604623175866,19,86,86,69,5.764764785766602,26;39;40;54;82;89;90;91;92;93;94;95;96;111;128;141;142;143;150;151;152;153;154;155;170;177;178;179;180;181;182;183;184;185;192;193;194;195;212;219;220;221;222;223;224;225;226;227;237;257;258;275;282;283;284;285;286;287;288;289;290;297;298;299;324;325;338;339;340;362;439;440;441;442;480;487;488;489;490;491;492;493;494;495;496;497
F92022,10,10,10,2733.8806760921652,2300.0,433.88067609216523,18,98,98,81,6.413749933242798,45;91;98;99;107;114;115;116;117;118;119;120;121;122;136;137;144;145;146;147;148;149;150;151;152;159;160;161;162;163;164;165;166;167;168;175;176;177;178;179;180;181;182;183;190;191;192;193;194;195;196;197;198;205;213;226;227;228;235;236;237;238;239;240;241;242;243;253;254;255;256;257;258;265;266;267;268;269;270;271;272;273;291;292;301;302;334;465;476;477;485;486;495;496;497;498;499;500
F92022,10,11,11,2738.450239497579,2300.0,438.4502394975789,21,111,111,90,7.12226414680481,13;24;25;26;27;28;39;40;48;55;56;57;65;72;73;74;75;76;77;78;79;80;89;90;91;92;93;94;95;107;108;109;110;117;118;119;120;121;129;136;137;145;152;173;184;185;186;187;188;195;196;197;198;199;200;201;202;203;210;211;212;213;214;215;216;217;218;227;228;229;230;231;232;233;244;245;246;247;248;255;256;257;258;259;260;261;262;263;270;271;272;273;274;275;276;277;278;298;305;306;307;308;309;317;365;366;367;481;488;489;490
F92022,10,12,12,2335.3397449284375,2300.0,35.33974492843754,17,65,65,58,4.631915807723999,26;38;39;40;41;54;55;88;101;102;103;104;111;112;113;114;115;130;138;139;140;141;142;143;144;145;158;159;160;167;168;169;170;171;172;180;202;209;210;211;288;322;348;391;405;406;413;451;465;466;473;474;475;476;477;478;479;480;488;495;496;497;498;499;500
F92022,10,13,13,2767.010073049601,2300.0,467.01007304960103,24,143,143,123,8.86581015586853,40;58;65;66;67;68;69;70;71;72;73;80;81;82;83;84;85;86;87;95;102;103;104;105;106;107;108;109;110;117;118;119;120;121;122;123;124;125;132;133;134;135;144;151;152;153;154;155;156;157;158;159;166;167;168;169;170;171;172;173;174;181;182;183;184;185;186;187;188;189;197;204;205;206;207;208;209;217;230;231;232;241;242;243;244;245;246;247;254;262;269;270;271;272;273;274;282;283;290;291;292;293;294;295;296;297;298;305;306;307;308;309;310;311;312;313;320;321;322;323;324;325;326;327;328;329;330;338;360;367;368;369;382;445;470;480;481;482;483;484;485;499;500
F92022,10,14,14,2785.1068647377188,2300.0,485.10686473771875,24,145,145,118,8.931373119354248,17;18;26;27;28;29;30;31;32;33;41;49;61;62;63;64;71;72;73;74;75;76;77;78;91;98;99;100;101;102;103;104;105;106;113;114;115;116;117;118;119;120;121;128;129;130;131;132;133;134;135;136;143;144;145;146;147;148;149;150;151;152;153;160;161;162;163;171;178;179;180;181;182;183;184;185;186;193;194;195;196;197;198;199;200;201;208;209;210;218;225;226;227;228;229;230;231;232;233;240;241;242;243;244;245;246;247;248;255;256;257;258;259;260;261;262;263;282;283;292;293;294;295;296;297;298;306;316;323;324;325;333;334;342;343;373;380;381;382;398;476;477;484;485;493
F92022,10,15,15,2796.102860468146,2300.0,496.102860468146,23,127,127,112,7.961545944213867,34;47;48;56;63;64;65;66;67;75;82;83;84;85;86;87;88;89;98;105;106;107;108;109;110;111;112;113;114;131;138;139;140;141;142;143;151;152;159;160;161;162;163;164;165;166;167;174;175;176;177;178;179;180;181;182;189;190;191;192;193;194;195;196;197;204;205;206;207;208;209;210;211;212;213;220;221;222;223;224;225;226;227;228;235;236;237;238;239;240;241;242;243;250;251;252;253;254;255;256;257;258;284;297;298;299;313;321;334;335;374;390;397;398;399;400;401;402;410;422;423;424;448;482;489;490;498
F92022,10,16,16,3054.3238117693713,2300.0,754.3238117693713,22,127,127,112,7.977467060089111,30;31;32;39;47;54;55;56;57;58;59;60;61;62;97;104;105;106;107;108;116;123;124;125;126;127;135;136;154;164;165;166;167;168;169;176;177;178;179;180;181;182;183;184;194;195;196;197;198;199;210;211;212;213;214;221;222;223;224;225;226;234;241;242;243;244;245;246;247;248;249;256;257;258;259;278;285;286;287;288;289;290;291;299;311;332;339;340;341;342;343;344;345;346;347;348;355;356;357;358;359;360;361;362;363;374;375;376;377;378;385;386;408;409;416;417;418;471;478;479;480;481;482;483;484;485;486
F92022,10,17,17,2724.7198250962065,2300.0,424.7198250962065,23,111,111,99,7.115637540817261,15;25;26;27;28;29;30;31;38;56;63;64;65;66;67;68;69;70;71;80;88;95;96;97;105;112;113;114;115;116;117;118;119;120;129;130;131;132;133;134;135;136;145;146;147;148;156;163;164;172;179;180;181;182;183;184;185;186;187;194;195;203;210;211;212;222;229;230;231;232;233;234;235;236;237;254;270;277;285;304;311;320;328;329;330;331;332;345;354;355;356;357;470;477;478;479;480;481;482;483;484;485;492;493;494;495;496;497;498;499;500
F92022,10,18,18,2326.621043600085,2300.0,26.62104360008516,20,96,96,80,6.305446147918701,17;29;30;31;32;33;57;64;65;79;89;90;91;92;93;94;103;104;105;106;107;108;109;110;117;118;119;120;121;122;123;131;157;158;165;166;167;168;169;170;171;172;173;174;191;198;199;200;201;202;203;204;205;206;215;216;217;218;219;220;221;230;231;232;233;234;242;259;266;267;268;269;270;271;272;273;274;281;282;283;284;285;286;287;288;289;312;347;362;477;484;485;486;487;488;489
F92022,10,19,19,2749.543252109359,2300.0,449.54325210935895,19,60,60,52,4.357155084609985,19;53;60;61;62;63;64;65;66;67;68;79;80;81;82;83;90;91;92;93;94;95;96;97;98;116;123;137;138;145;146;147;148;149;150;151;152;153;160;161;162;163;164;165;166;167;168;175;190;214;221;222;256;282;299;329;392;407;484;500
F92022,10,20,20,2310.087991886921,2300.0,10.087991886920918,23,106,106,89,6.848912000656128,20;50;57;58;59;60;61;62;63;64;65;72;80;87;88;89;90;91;92;93;94;107;108;118;119;120;128;137;138;139;140;148;155;156;157;158;159;160;161;162;163;170;171;172;186;200;201;215;216;217;231;232;243;244;245;246;247;254;255;256;257;258;259;260;261;262;269;270;271;272;273;274;275;276;277;284;285;286;287;288;289;290;291;292;312;325;326;327;348;364;448;470;478;479;480;481;482;489;490;491;492;493;494;495;496;497
F92022,10,21,21,2796.8364152440254,2300.0,496.8364152440254,21,69,69,60,4.847904920578003,44;51;52;53;63;87;95;96;97;98;99;100;101;102;110;111;112;120;127;128;129;137;144;145;146;147;148;149;150;180;187;188;189;190;191;192;193;194;195;202;203;204;205;206;207;208;209;210;234;252;259;269;284;295;318;319;320;337;345;360;378;385;449;462;463;464;482;496;497
F92022,10,22,22,2794.3372983255167,2300.0,494.3372983255167,18,106,106,85,6.84958291053772,36;60;67;68;69;70;71;72;80;89;119;126;127;128;129;130;131;132;133;134;141;142;143;144;145;155;167;174;175;176;177;178;179;180;181;182;189;190;191;192;193;194;195;196;204;211;212;213;214;215;216;217;218;219;226;227;228;229;230;231;232;233;234;245;246;247;248;249;250;257;258;259;260;261;262;263;264;265;276;277;291;303;304;305;306;313;314;315;316;317;318;319;320;335;336;349;350;351;352;353;354;355;356;357;374;479
F92022,10,23,23,2322.3220507944093,2300.0,22.32205079440928,23,101,101,95,6.565141916275024,24;36;55;62;63;64;65;66;67;68;69;70;77;78;79;80;81;82;83;84;85;92;93;94;95;96;97;98;99;107;117;129;130;141;142;143;144;145;152;160;167;175;182;183;184;185;186;187;188;189;190;197;198;199;200;208;215;216;217;218;219;220;221;222;223;241;248;249;250;251;252;253;254;262;269;270;271;272;273;274;284;305;332;353;366;367;368;397;398;421;478;485;486;487;488;489;490;491;492;493;500
F92022,10,24,24,2832.0465737382697,2300.0,532.0465737382697,21,91,91,86,6.047314167022705,38;69;76;77;78;79;95;108;109;110;117;118;119;120;121;122;123;124;125;132;133;134;135;136;137;138;139;140;147;148;149;150;151;152;153;154;155;162;163;164;165;166;167;168;169;170;184;185;200;211;219;231;232;233;241;255;271;278;279;280;281;282;283;284;285;286;293;294;295;296;297;298;299;300;301;308;309;310;318;325;326;327;328;329;343;358;384;479;492;493;494
F92022,10,25,25,2312.553399063672,2300.0,12.553399063671804,18,77,77,64,5.26516580581665,52;59;67;74;75;76;77;78;79;80;81;89;98;99;100;101;102;103;104;111;112;113;114;115;116;117;118;119;127;145;174;184;185;186;187;188;189;211;221;229;236;237;238;239;240;241;242;243;244;251;259;267;268;269;270;271;272;273;274;286;287;288;289;337;376;471;484;485;486;493;494;495;496;497;498;499;500
F92022,10,26,26,2335.4586972700426,2300.0,35.45869727004265,18,86,86,65,5.768074989318848,46;60;61;68;69;70;71;72;80;87;88;96;103;104;105;106;114;121;129;136;137;138;139;140;141;142;143;144;151;152;153;154;155;156;157;158;159;166;167;168;169;170;182;183;190;191;192;193;194;195;196;197;198;205;206;207;208;209;210;211;212;213;226;227;228;248;311;318;319;320;334;335;415;416;470;477;478;479;480;481;482;483;484;485;486;487
F92022,10,27,27,2801.800570640076,2300.0,501.8005706400759,23,133,133,112,8.301164865493774,36;37;44;45;46;47;48;49;50;51;52;59;60;61;62;63;64;77;93;100;101;102;103;104;105;106;107;108;115;116;117;118;119;120;121;122;123;130;131;132;133;134;135;136;137;138;139;146;147;148;149;150;151;152;153;154;161;162;163;164;165;166;167;168;169;170;177;178;179;180;181;182;183;184;185;192;193;194;195;196;197;198;199;200;201;208;209;210;211;212;213;214;228;235;236;237;238;239;240;241;242;243;256;257;266;273;274;275;276;277;278;279;280;303;324;341;349;350;381;388;389;390;416;436;457;474;475;482;483;484;485;493;500
F92022,10,28,28,2311.6954258176443,2300.0,11.695425817644264,19,113,113,103,7.213025093078613,47;84;91;92;93;94;95;103;115;116;117;118;125;126;127;128;129;130;131;132;133;140;141;154;161;162;163;164;165;166;174;187;188;189;196;197;198;199;200;201;202;203;204;211;212;213;214;215;216;217;218;219;226;227;228;229;230;231;232;233;234;259;266;267;268;269;270;271;272;273;274;281;282;283;284;285;286;287;288;289;290;298;299;300;301;302;303;304;305;312;313;321;329;330;346;353;354;355;356;357;467;479;480;481;482;489;490;491;492;493;494;495;496
F92022,10,29,29,2753.8690152796794,2300.0,453.8690152796794,18,86,86,63,5.7608771324157715,35;36;43;44;45;46;47;48;49;50;51;58;59;67;68;69;76;77;78;79;80;81;82;83;84;91;92;106;123;124;135;136;137;138;139;140;147;148;149;150;151;152;153;154;155;162;163;164;165;166;167;168;169;170;171;210;217;218;219;220;221;222;223;242;249;250;251;252;253;254;255;256;257;269;270;292;312;326;327;328;335;336;365;394;472;481
F92022,10,30,30,2304.972483662633,2300.0,4.97248366263284,16,79,79,66,5.379436016082764,29;61;68;69;70;71;72;73;74;75;76;77;84;85;93;94;95;102;103;104;121;128;129;130;131;132;133;134;135;136;143;144;145;146;147;148;149;150;151;158;166;173;174;175;176;193;200;201;202;203;204;205;206;207;208;215;216;217;218;219;227;236;237;238;239;240;241;249;256;257;258;259;260;275;288;289;324;462;489
F102022,10,1,1,1263.3027810145056,2400.0,-1136.6972189854944,24,213,213,93,13.647176027297974,9;10;18;19;20;21;28;29;30;31;32;33;34;35;36;37;38;39;40;41;42;43;44;45;46;47;48;49;50;63;64;65;66;67;75;82;83;84;85;86;87;88;89;90;91;103;104;105;106;107;108;109;110;111;112;113;114;121;122;123;124;125;126;127;128;129;130;131;132;133;134;135;136;137;138;139;140;147;148;149;150;151;152;153;154;155;156;163;164;165;166;167;168;169;170;171;172;173;174;181;182;183;184;185;186;187;188;189;196;197;198;199;200;201;202;203;204;211;212;213;214;215;216;217;218;219;226;227;228;229;230;231;232;233;234;241;242;243;244;245;246;247;248;249;250;251;252;259;260;261;262;263;264;265;266;267;268;269;276;277;278;279;280;281;282;283;284;285;286;293;294;302;313;314;315;316;317;324;325;326;327;335;342;343;344;345;346;347;348;349;350;357;358;359;360;361;362;363;364;365;372;373;374;375;390;419;426;427;428;429;430;441;496
F102022,10,2,2,2366.8492075208937,2400.0,-33.15079247910626,20,120,120,116,8.26092004776001,9;26;33;34;35;36;37;38;39;65;66;75;83;84;85;86;87;88;89;90;103;104;105;112;113;114;115;116;117;118;119;120;127;128;129;130;131;132;133;134;135;142;143;144;145;146;147;148;149;150;157;158;159;160;161;162;163;164;165;172;173;174;175;176;177;178;179;180;187;188;189;190;191;192;193;194;195;202;203;204;205;206;207;208;209;210;217;218;219;220;221;222;223;224;246;268;275;276;277;287;294;295;296;297;298;299;300;301;302;316;317;330;331;332;344;345;346;347;374;496
F102022,10,3,3,2734.582378586238,2400.0,334.58237858623806,24,131,131,103,8.891417264938354,19;26;27;28;29;30;31;32;33;34;35;36;49;50;51;52;53;60;61;62;63;75;82;83;84;85;86;87;88;89;90;91;98;99;100;101;102;103;104;105;106;107;108;115;116;117;125;137;138;139;140;153;154;155;162;163;164;165;166;167;168;169;170;189;196;197;198;199;200;201;202;203;204;211;212;213;214;215;216;224;231;232;233;234;235;236;237;238;239;246;247;248;249;250;267;274;275;276;277;278;279;280;281;282;289;290;291;299;313;314;333;354;387;413;472;479;480;481;482;483;484;485;486;487;494;495;496;497;498;499;500
F102022,10,4,4,2430.8543706645623,2400.0,30.85437066456234,18,84,84,65,6.086611032485962,9;19;20;21;22;23;24;25;32;33;34;35;36;37;38;39;40;57;58;59;66;67;68;69;70;71;72;73;74;82;83;84;85;92;93;94;95;96;97;98;99;100;101;133;134;152;159;160;168;179;180;181;182;183;193;194;195;196;197;198;208;209;210;211;212;231;242;243;244;252;263;264;265;266;267;274;275;276;290;300;301;352;376;471
F102022,10,5,5,764.3373658433256,2400.0,-1635.6626341566744,24,153,153,127,10.278538942337036,11;25;26;27;41;42;49;50;51;52;53;54;55;56;64;71;72;73;74;75;76;77;78;79;92;93;94;102;109;110;111;112;113;114;115;116;117;124;125;126;127;128;129;130;131;132;139;140;141;142;143;144;145;146;147;161;162;175;176;177;184;185;186;187;188;189;190;191;192;199;200;201;202;203;204;205;206;207;214;215;216;217;218;219;220;221;222;229;230;231;232;233;234;235;236;237;248;249;250;251;252;259;260;261;262;263;264;265;266;267;277;278;286;293;294;295;296;297;298;299;300;301;308;309;310;311;312;313;314;315;316;323;324;325;326;327;328;329;330;331;338;339;340;341;342;350;365;416;490;497;498;499;500
F102022,10,6,6,1168.9866014154225,2400.0,-1231.0133985845775,25,135,135,129,8.933516025543213,22;34;35;36;37;50;51;52;66;67;74;75;76;77;78;79;80;81;82;95;96;97;104;112;124;125;126;127;134;135;136;137;138;139;140;141;142;149;150;151;152;153;154;155;156;157;169;170;171;172;179;180;181;182;183;184;185;186;187;195;196;197;198;199;200;201;202;216;217;230;231;232;239;240;241;242;243;244;245;246;247;261;262;270;271;272;273;274;275;283;292;293;294;295;296;297;298;315;324;325;326;327;328;329;330;337;338;339;340;341;342;343;344;345;352;353;354;355;356;357;358;359;360;369;370;371;372;373;387;489;496;497;498;499;500
F102022,10,7,7,2539.551954476613,2400.0,139.551954476613,26,156,156,153,10.407643795013428,42;49;50;51;52;53;54;55;56;57;64;65;66;67;68;69;70;71;72;79;80;81;89;96;97;98;99;107;114;115;116;117;118;119;120;121;122;129;130;131;132;133;134;135;136;137;144;145;153;160;161;162;163;164;165;166;167;168;180;181;182;183;190;191;192;193;194;195;196;197;198;205;206;207;208;209;210;211;212;213;220;221;222;223;224;225;226;227;228;235;236;237;238;239;240;241;242;243;250;251;252;253;254;255;256;264;277;278;279;286;287;288;289;290;291;292;293;294;308;309;316;317;318;319;320;321;322;323;324;331;332;333;334;335;336;356;363;364;365;366;367;368;369;370;371;392;403;404;405;406;407;447;478;491;492;500
F102022,10,8,8,2729.289224829659,2400.0,329.2892248296589,23,126,126,112,8.616615056991577,15;22;36;43;44;45;46;47;48;49;50;51;58;59;60;61;62;63;64;65;66;73;74;75;76;77;78;79;80;81;95;96;109;110;111;118;119;120;121;122;123;124;125;126;136;137;138;139;154;161;162;163;171;181;182;190;197;198;199;200;201;202;203;204;213;223;224;225;226;227;228;235;236;237;238;239;240;241;242;243;277;284;285;286;287;288;289;297;304;305;306;307;308;316;323;324;325;326;327;328;329;330;331;345;346;357;358;359;367;379;380;381;382;389;390;391;392;393;394;395;396;479;486;487;488;496
F102022,10,9,9,1283.2647237023523,2400.0,-1116.7352762976477,21,172,172,118,11.00456190109253,8;9;10;11;22;23;24;25;26;27;28;29;30;31;32;33;34;35;36;47;48;49;50;51;52;53;54;55;56;57;58;59;60;61;68;69;70;71;72;73;74;75;76;77;78;79;80;81;82;101;102;110;121;122;123;124;125;126;127;134;135;136;137;138;139;154;161;162;163;164;165;166;167;168;169;176;177;178;179;180;181;182;183;184;191;192;193;194;195;196;197;198;199;206;207;208;209;210;211;212;213;214;221;222;223;224;225;226;227;228;236;243;244;245;246;247;248;249;250;251;264;265;266;273;274;275;276;277;278;279;280;281;288;289;290;291;292;293;294;295;296;303;315;322;323;324;325;326;327;328;329;330;337;338;339;340;341;342;343;344;345;352;353;354;355;356;357;358;359;360;493;500
F102022,10,10,10,2629.9343916255266,2400.0,229.9343916255266,26,158,158,134,10.512079954147339,20;27;28;29;30;31;32;33;41;48;49;50;51;52;53;54;55;56;76;83;84;85;86;87;88;89;90;91;92;99;100;101;102;103;111;122;123;124;125;126;134;135;136;137;138;139;140;141;148;149;150;151;152;153;154;155;156;163;164;165;166;167;168;169;170;171;178;179;180;181;182;183;184;185;186;193;194;195;196;197;198;199;200;201;213;214;215;216;223;224;225;226;227;228;229;230;231;232;239;240;241;242;243;244;245;246;247;254;255;256;257;258;259;260;261;262;273;274;275;276;277;284;292;305;306;307;314;315;316;317;318;319;320;321;322;341;355;356;397;450;466;474;475;476;477;478;479;480;481;488;489;490;491;492;493;494;495;496
F102022,10,11,11,2642.4998224608116,2400.0,242.49982246081163,24,126,126,117,8.591233968734741,13;27;28;47;48;56;66;74;81;82;83;84;85;86;87;88;89;96;97;98;99;100;101;102;103;104;111;112;113;114;115;116;117;118;119;126;127;128;129;130;131;132;133;148;155;166;177;178;179;180;181;190;191;209;222;223;224;231;232;240;247;248;249;250;251;270;277;278;279;280;288;300;308;315;316;317;318;319;320;321;322;323;330;331;332;333;334;335;336;356;363;403;417;418;425;426;427;428;429;430;431;432;433;459;467;468;469;470;471;472;473;474;481;482;483;484;485;486;487;488;489;496;497;498;499;500
F102022,10,12,12,2495.339119668425,2400.0,95.33911966842516,20,93,93,80,6.674664258956909,43;44;57;58;59;66;67;68;69;70;71;72;73;74;81;82;83;84;85;86;87;88;89;103;104;111;112;113;114;115;116;117;118;119;120;128;136;145;146;147;148;160;169;170;171;172;173;174;175;176;183;184;185;186;194;202;203;204;205;206;207;208;209;216;217;218;219;230;250;269;276;277;286;293;294;295;303;310;311;312;313;314;315;323;334;335;397;404;405;406;478;490;498
F102022,10,13,13,1612.5503522228553,2400.0,-787.4496477771447,22,133,133,133,9.031378984451294,15;34;52;59;60;61;62;63;64;65;66;67;74;75;76;77;78;79;80;81;82;93;105;112;113;114;115;116;117;118;119;120;127;128;129;130;131;132;133;134;135;142;143;144;145;146;147;148;149;150;157;158;159;160;161;162;163;164;165;172;173;174;175;176;177;178;179;180;194;195;207;208;209;210;217;218;219;220;221;222;223;224;225;251;258;259;260;261;262;263;264;272;279;280;281;282;283;284;285;293;300;315;326;327;328;329;330;340;341;342;343;344;345;357;358;359;360;367;368;369;370;371;372;373;374;487;494;495;496;497;498;499;500
F102022,10,14,14,1874.1263620503817,2400.0,-525.8736379496183,17,110,110,77,7.632244110107422,17;24;25;26;27;28;29;30;31;32;33;34;44;45;46;47;56;57;58;59;60;61;62;63;74;105;106;113;114;115;116;117;118;119;120;121;128;129;130;131;132;133;134;135;136;137;145;152;153;154;155;156;157;158;159;160;167;175;186;187;188;200;201;208;209;210;211;212;220;227;228;229;230;245;252;253;254;262;273;274;275;276;277;284;285;286;287;288;289;290;291;299;306;307;308;316;323;324;325;326;327;328;329;330;331;338;339;340;341;355
F102022,10,15,15,2521.78354939033,2400.0,121.78354939032988,21,77,77,60,5.733978271484375,18;19;33;45;46;54;55;62;72;79;87;96;118;119;126;127;128;129;130;131;132;133;134;135;146;147;148;149;150;168;169;176;177;185;192;193;194;195;196;197;198;199;200;221;222;229;230;231;232;233;234;235;236;237;254;264;265;266;267;268;269;288;307;324;359;387;473;485;486;487;488;495;496;497;498;499;500
F102022,10,16,16,2772.755022788679,2400.0,372.75502278867907,22,156,156,122,10.352833032608032,17;24;25;26;27;28;29;30;31;32;56;63;64;65;66;67;68;69;70;71;72;73;80;81;82;83;84;85;86;87;88;89;101;102;103;104;111;112;113;114;115;116;117;118;119;126;127;128;129;130;131;132;133;134;135;142;143;144;145;146;147;148;149;150;151;161;162;163;164;165;166;167;174;175;176;177;178;179;180;181;182;189;190;191;192;193;194;195;196;197;198;205;206;207;208;209;210;211;212;213;220;221;222;223;224;225;233;240;241;242;243;244;245;246;247;248;255;256;257;258;259;260;261;262;263;270;271;272;273;274;286;294;295;296;297;298;299;300;301;308;309;329;366;476;483;484;485;486;487;488;489;490;491;492;493;494
F102022,10,17,17,2741.6928673394746,2400.0,341.69286733947456,25,116,116,113,7.9932122230529785,20;21;65;72;83;108;115;123;133;134;135;136;137;138;145;146;147;155;162;174;181;182;183;191;198;199;200;201;202;203;204;205;206;213;214;215;216;217;218;219;220;221;228;229;230;231;232;233;234;242;249;250;251;259;268;269;270;271;272;273;274;281;282;283;284;285;294;301;302;303;304;305;306;307;308;309;320;321;322;323;324;331;332;340;353;354;355;369;370;377;378;379;380;381;382;401;423;464;471;472;473;474;475;476;477;478;479;486;487;488;489;490;491;492;493;494
F102022,10,18,18,1310.3747038108281,2400.0,-1089.6252961891719,22,137,137,124,9.061115980148315,39;47;58;59;60;61;62;69;70;71;72;85;92;93;94;95;96;105;106;113;114;115;116;117;118;119;120;121;131;132;133;134;135;136;143;144;145;146;147;148;149;150;151;158;159;160;161;162;163;164;165;166;191;192;199;200;201;202;203;204;205;213;220;221;222;223;224;225;226;227;228;235;236;237;238;239;240;241;242;243;250;251;252;253;254;255;256;257;258;265;266;267;268;269;270;271;272;273;280;281;282;283;284;285;286;287;295;302;303;304;305;306;307;308;309;310;317;318;319;320;321;322;323;324;325;337;338;339;347;358;359;360;361;362;380;404;490
F102022,10,19,19,1240.8220901382952,2400.0,-1159.1779098617048,20,138,138,91,9.073234796524048,19;34;50;51;52;59;60;61;62;63;64;65;66;67;68;69;70;71;72;82;83;84;85;86;87;88;89;90;91;92;99;100;101;102;103;104;105;106;107;114;115;116;117;118;119;120;121;122;123;130;131;132;133;134;135;136;137;145;152;153;154;155;156;157;158;159;160;167;168;169;170;171;172;180;187;188;189;190;191;192;193;194;202;209;210;211;212;213;214;215;223;231;232;233;234;235;236;237;245;258;259;260;267;268;276;290;291;298;299;300;301;302;303;304;305;306;313;314;315;316;317;318;319;320;321;328;329;330;331;332;333;334;335;395;491;498;499;500
F102022,10,20,20,2625.2884910152675,2400.0,225.28849101526748,23,125,125,104,8.553915739059448,26;27;46;53;54;55;56;57;58;59;60;61;68;69;70;71;72;73;74;75;76;77;78;85;86;87;88;89;90;98;127;134;135;136;137;138;139;140;141;142;156;157;164;165;166;167;168;169;170;178;185;186;187;188;189;190;191;192;193;200;201;202;203;204;205;206;207;208;209;210;217;218;219;220;221;222;223;224;225;232;233;234;242;249;250;251;252;253;254;255;256;257;264;265;266;267;268;269;270;271;272;273;280;281;282;290;309;320;328;335;336;344;351;423;448;472;479;480;481;482;483;484;485;486;487
F102022,10,21,21,1518.3813676526377,2400.0,-881.6186323473623,23,158,158,120,10.498477935791016,15;16;17;18;19;20;27;28;42;43;44;51;52;53;54;55;56;57;58;59;66;67;68;69;70;71;72;73;74;75;82;83;84;85;86;87;88;89;90;97;98;99;100;101;102;110;111;112;119;120;121;122;123;124;125;126;127;128;135;136;137;138;139;140;141;142;143;144;151;152;153;154;155;156;157;158;159;160;161;168;169;170;171;179;186;187;188;189;190;191;192;193;201;202;209;210;226;233;234;235;236;237;238;239;240;241;248;249;250;251;252;253;254;255;263;274;275;276;277;278;286;287;288;289;290;291;292;293;300;301;302;303;304;305;306;307;308;315;346;355;356;357;358;359;360;361;368;369;370;371;372;373;390;456;475;488;489;496
F102022,10,22,22,1902.8473418161489,2400.0,-497.15265818385114,19,93,93,87,6.683106899261475,24;47;48;49;50;51;52;53;67;86;94;95;96;97;105;118;119;120;127;128;129;130;131;132;133;134;135;142;143;144;145;146;147;148;149;150;162;163;164;165;172;180;211;222;223;224;225;226;233;234;235;236;237;261;268;269;270;271;272;273;274;275;276;283;284;285;286;287;288;298;305;306;307;308;309;310;311;312;313;323;331;338;339;350;357;358;359;360;361;362;363;381;489
F102022,10,23,23,1702.2674137586055,2400.0,-697.7325862413945,22,140,140,89,9.379404783248901,10;11;12;13;14;15;16;17;24;25;26;27;28;29;30;31;32;33;43;44;45;46;47;48;55;56;57;58;59;60;61;62;63;64;71;72;73;74;75;76;77;78;79;80;81;88;89;90;91;92;93;94;95;96;103;104;105;106;107;108;109;110;111;118;119;120;121;122;123;124;125;126;127;134;135;136;137;138;139;140;141;142;149;150;151;152;166;173;174;182;189;190;191;192;193;194;195;196;197;216;228;229;230;231;232;239;240;241;242;243;244;245;246;247;254;255;256;257;258;259;260;261;262;269;270;299;311;312;313;314;361;380;394;395;487;494;495;496;497;498
F102022,10,24,24,2779.915400959714,2400.0,379.91540095971413,22,130,130,103,8.83992075920105,24;25;26;27;28;29;30;37;38;39;40;41;42;43;44;45;52;53;54;55;56;57;58;66;73;74;75;76;77;78;79;80;81;105;120;131;132;133;134;135;156;163;164;165;166;167;168;169;170;171;178;179;180;181;182;183;184;185;186;187;188;198;199;200;201;202;203;204;211;212;213;214;215;216;217;218;219;226;227;235;236;245;246;247;248;256;257;264;265;273;280;288;295;296;317;325;326;327;328;329;330;355;374;381;382;383;384;385;386;387;388;389;396;397;398;399;400;401;402;461;468;469;470;471;472;478;485;486;487;488
F102022,10,25,25,2613.4096810561723,2400.0,213.4096810561723,23,117,117,102,8.125059127807617,9;20;21;22;23;31;32;39;47;71;91;92;99;100;101;102;103;104;105;106;107;108;121;122;123;130;131;132;133;134;135;136;137;138;145;146;147;148;149;150;151;152;153;160;161;162;163;164;165;166;167;168;177;178;179;180;181;182;183;190;191;192;193;194;195;196;197;198;207;208;209;210;211;212;213;225;226;227;228;235;236;237;238;239;240;249;256;268;282;283;305;312;313;314;315;316;317;318;326;333;334;378;379;386;387;388;389;418;476;483;484;485;486;487;488;489;497
F102022,10,26,26,2207.6291315857907,2400.0,-192.37086841420933,19,78,78,57,5.802145004272461,39;40;47;48;49;57;64;65;66;67;68;83;84;85;86;93;94;95;96;97;98;99;100;101;108;109;110;111;112;113;114;115;116;123;124;125;126;127;128;129;130;131;138;146;158;159;160;187;188;195;203;210;218;225;235;236;243;244;245;246;247;248;249;250;251;277;295;305;306;321;337;345;353;363;364;403;410;497
F102022,10,27,27,2046.5414695795907,2400.0,-353.45853042040926,22,146,146,114,9.567276954650879,14;15;39;40;41;48;49;50;51;52;53;54;55;63;72;73;74;75;76;77;78;88;89;90;91;92;93;100;101;102;103;104;105;106;107;108;109;116;117;118;119;120;121;122;123;131;132;139;140;141;142;143;144;145;146;147;154;155;156;157;158;159;160;161;162;169;170;171;172;173;174;175;176;177;184;185;186;187;188;189;190;191;192;199;200;201;202;211;218;219;220;228;235;236;237;238;239;240;241;242;243;250;251;259;266;267;268;269;270;271;272;273;274;281;282;283;284;285;286;287;288;289;296;297;305;314;315;316;317;318;319;327;334;335;336;337;338;339;340;341;350;395;477;492;499;500
F102022,10,28,28,2036.0787460898518,2400.0,-363.92125391014815,23,168,168,113,11.068237781524658,21;22;29;30;31;32;33;34;35;36;37;38;39;40;47;48;49;50;51;52;53;54;55;56;57;58;59;66;67;68;69;70;71;72;73;74;81;82;83;84;85;86;103;104;111;112;113;114;115;116;117;118;119;126;127;128;129;130;131;132;133;134;135;148;149;150;160;161;162;163;164;165;166;173;174;175;176;177;178;179;180;181;188;189;190;191;192;193;194;195;205;222;233;234;235;236;237;246;247;248;249;250;251;252;259;260;261;262;263;264;265;266;267;274;275;276;277;278;279;280;281;282;289;290;291;292;293;294;295;296;297;310;311;312;319;320;321;322;323;324;325;326;327;334;335;336;337;338;339;340;341;342;349;350;374;381;382;393;400;486;493;494;495;496;497;498;499;500
F102022,10,29,29,2748.123472819181,2400.0,348.1234728191812,24,155,155,126,10.27599310874939,20;41;48;49;50;51;52;53;54;55;56;63;64;65;66;67;68;69;70;71;72;73;74;81;82;83;84;85;86;87;88;89;96;97;98;106;107;117;118;126;127;134;135;136;137;138;139;140;141;150;151;158;159;160;161;162;170;177;178;179;180;181;182;183;191;198;199;200;201;202;203;204;205;206;213;214;215;216;217;218;219;220;221;228;229;230;238;239;249;250;251;252;253;254;261;262;263;264;265;266;267;268;269;276;277;278;279;280;281;282;283;284;293;294;295;296;297;298;299;306;321;328;329;330;331;339;348;349;350;351;352;353;354;364;365;366;367;368;369;392;466;473;474;475;476;477;478;479;480;481;488;489;490;491;492
F102022,10,30,30,400.7335322072945,2400.0,-1999.2664677927055,30,181,181,149,11.870857954025269,8;9;16;17;18;19;20;21;22;23;24;25;34;35;36;37;38;39;40;41;48;49;50;51;52;53;54;55;56;57;65;66;67;68;75;76;77;78;79;80;81;82;83;90;91;92;93;94;95;96;97;98;105;113;120;121;122;123;124;125;126;127;128;135;136;137;138;139;140;141;142;143;150;151;152;153;154;155;156;157;158;165;166;167;168;169;170;171;172;173;180;181;182;190;197;198;199;200;201;202;203;204;205;212;213;214;215;216;217;218;219;227;237;238;239;240;241;242;249;250;251;252;253;254;255;256;257;270;271;272;279;280;281;282;283;284;285;286;287;294;295;296;297;298;299;300;301;302;309;319;328;329;337;350;351;352;361;362;363;364;365;366;367;382;390;391;392;393;394;395;396;397;408;409;410;411;412;429;455;479;495
F112022,10,1,1,2609.253246061324,2600.0,9.253246061323807,20,132,132,51,13.556679964065552,15;16;17;18;25;26;34;41;42;43;44;45;46;47;48;49;56;57;58;59;60;61;62;63;64;71;72;73;74;75;76;77;78;79;86;87;88;89;90;91;92;93;94;95;96;97;98;105;106;107;108;109;110;111;112;113;114;157;167;168;169;170;171;172;181;182;183;184;185;186;187;197;198;199;200;201;202;203;204;219;220;234;235;242;243;252;253;254;255;272;273;286;287;288;310;311;312;322;323;324;325;326;327;336;357;358;359;373;374;375;398;419;420;431;438;444;445;446;453;454;455;456;457;458;459;460;461;462;492;493;494;495
F112022,10,2,2,2612.69920696486,2600.0,12.699206964859968,18,94,94,48,10.105937242507935,20;37;52;66;67;68;69;76;77;78;79;80;81;82;83;84;92;93;94;95;96;97;98;99;110;111;112;113;114;115;116;117;118;133;151;152;159;160;161;162;163;164;165;166;167;168;175;176;177;178;179;180;181;182;183;233;234;243;244;245;246;247;248;258;259;260;261;262;270;271;286;293;294;295;296;304;311;312;313;321;322;323;330;331;332;333;334;335;464;466;487;498;499;500
F112022,10,3,3,2654.2997018867786,2600.0,54.29970188677862,19,110,110,58,11.51335883140564,41;66;67;68;69;70;78;101;102;133;142;143;151;152;153;154;155;164;165;166;167;168;169;170;177;178;179;180;181;182;183;184;185;192;193;194;195;196;197;198;199;200;207;208;209;210;211;212;213;214;215;216;223;224;225;226;227;228;229;230;231;238;239;240;241;242;243;244;245;253;260;261;262;263;264;265;266;267;268;275;283;297;298;327;328;348;349;350;351;362;363;364;365;366;374;398;460;461;469;470;471;472;473;474;475;476;483;484;485;493
F112022,10,4,4,2608.911709208727,2600.0,8.911709208727189,15,86,86,27,9.397556066513062,19;20;21;28;29;30;31;32;33;34;35;36;37;38;39;60;61;62;63;64;65;66;88;89;90;97;98;99;100;101;102;103;104;105;106;113;114;115;116;117;118;119;120;121;150;151;162;163;164;165;166;181;182;189;190;191;204;213;214;215;216;233;250;286;287;288;289;300;301;302;309;327;349;367;368;470;477;478;479;480;481;482;483;484;485;486
F112022,10,5,5,2613.296692631458,2600.0,13.296692631457972,13,69,69,25,7.886030197143555,39;40;41;77;78;79;92;108;122;123;124;125;126;133;141;153;161;162;163;164;165;166;167;168;169;170;171;178;179;180;181;182;183;184;185;186;199;200;210;222;223;224;232;233;234;235;236;252;293;312;345;346;353;354;355;459;460;461;462;463;464;471;479;490;491;492;493;494;500
F112022,10,6,6,2640.539528772874,2600.0,40.53952877287384,21,117,117,64,12.143563032150269,25;26;35;36;50;67;74;75;76;77;78;79;80;81;82;89;90;91;92;93;94;95;96;97;98;112;113;120;121;122;123;124;145;152;153;154;155;156;157;158;159;160;161;162;163;164;174;175;176;177;178;179;186;187;188;189;190;191;192;193;194;206;207;208;222;223;230;231;232;233;234;235;236;237;238;245;246;254;281;295;296;314;315;325;326;327;328;336;377;378;379;387;388;389;390;399;400;401;460;461;462;463;464;465;477;478;479;480;481;489;490;491;492;493;494;495;496
F112022,10,7,7,2607.7331194150943,2600.0,7.733119415094279,17,137,137,48,13.950262069702148,20;84;85;86;87;88;95;96;97;98;99;100;101;102;103;104;112;113;114;115;116;117;118;119;120;121;122;123;130;131;132;133;134;135;136;137;138;145;146;147;155;156;157;158;159;160;161;168;169;170;171;172;173;174;175;176;183;184;185;186;187;188;189;190;191;192;193;200;201;202;203;204;215;216;217;232;245;246;247;254;255;256;257;258;259;260;261;262;269;270;271;272;273;274;275;283;284;291;292;293;294;295;296;297;298;299;300;307;318;319;320;321;322;323;324;399;463;464;471;472;473;474;475;476;477;478;479;480;487;488;489;490;491;492;493;494;495
F112022,10,8,8,2607.596090050363,2600.0,7.596090050362818,15,112,112,41,11.672443866729736,18;25;26;27;28;45;46;47;48;55;56;57;58;59;60;61;62;63;64;65;66;67;68;69;70;77;78;79;80;81;89;96;97;98;99;100;101;102;103;104;105;106;107;108;165;166;167;168;176;177;178;185;186;187;188;189;190;191;192;193;201;202;203;204;214;215;216;223;224;225;237;250;251;252;253;260;261;262;263;264;294;302;303;304;312;313;314;315;323;334;335;336;337;338;339;340;347;348;349;350;351;352;353;363;423;424;425;426;459;460;461;462
F112022,10,9,9,2606.394513891041,2600.0,6.394513891040788,16,122,122,43,12.563946008682251,34;35;36;37;44;45;46;54;55;56;57;64;65;66;67;68;69;70;71;72;79;80;81;82;83;84;85;86;87;88;95;96;97;98;99;100;101;102;103;104;105;106;113;114;115;116;117;135;136;137;138;139;140;141;142;143;163;164;165;166;167;168;169;176;190;191;192;217;218;225;226;227;228;229;230;231;232;233;234;235;236;237;251;252;265;266;267;268;316;317;334;344;443;455;456;457;458;459;460;461;462;463;464;471;472;473;474;475;476;477;478;479;480;487;488;489;490;491;492;493;494;495
F112022,10,10,10,2685.2074700052312,2600.0,85.20747000523124,21,141,141,61,14.26187801361084,20;27;28;29;30;31;32;33;34;35;42;43;44;45;46;47;48;64;78;79;80;87;88;89;90;91;99;100;107;108;109;110;111;112;113;114;115;116;123;124;125;133;140;141;142;143;144;145;146;147;148;149;150;160;161;162;163;164;165;172;173;174;175;176;184;185;192;193;194;195;196;197;198;199;200;214;215;224;225;226;227;228;229;230;231;238;239;240;241;242;243;244;245;246;253;254;255;256;257;258;259;260;261;262;270;271;272;273;274;275;276;277;284;285;286;287;288;289;290;291;292;293;294;295;311;312;319;320;321;322;323;324;325;333;361;362;363;364;471;472;500
F112022,10,11,11,2604.0699444725255,2600.0,4.069944472525549,14,86,86,24,9.335004806518555,13;14;15;16;30;31;32;33;34;35;65;66;80;81;82;83;99;100;110;111;112;113;114;115;116;124;125;153;182;189;190;191;192;193;194;195;196;197;204;227;228;229;230;231;232;233;234;241;242;250;258;259;260;278;292;293;300;301;302;303;304;305;306;314;315;322;323;324;325;326;327;328;329;460;461;468;469;470;471;472;473;474;482;498;499;500
F112022,10,12,12,2688.736351009883,2600.0,88.73635100988304,16,108,108,55,11.338792085647583,60;61;62;63;70;71;72;73;74;75;76;77;91;98;99;100;101;102;103;104;105;106;113;114;115;116;124;125;126;127;134;135;136;137;154;155;162;163;164;165;166;167;168;169;170;171;178;179;180;181;182;183;184;185;186;193;194;195;196;197;198;199;200;201;208;209;210;211;223;224;231;232;233;234;235;236;237;238;239;255;287;288;297;298;299;300;301;302;303;402;403;404;405;406;407;458;475;482;483;484;485;486;487;488;489;497;498;499
F112022,10,13,13,2835.618927200783,2600.0,235.61892720078322,13,126,126,28,12.890729904174805,63;64;65;66;67;68;69;70;71;72;79;80;81;82;83;84;85;86;87;88;89;90;91;92;93;94;95;96;105;112;113;114;115;116;117;118;119;120;127;128;129;130;131;132;133;134;135;146;153;154;155;156;157;158;159;160;161;162;163;175;176;177;178;179;186;187;188;189;190;191;192;193;194;195;196;197;253;260;261;262;263;264;265;266;267;268;284;285;303;304;330;331;332;333;334;335;371;388;389;390;391;452;464;465;466;467;475;476;477;478;479;480;481;482;483;484;485;492;493;494;495;496;497;498;499;500
F112022,10,14,14,2607.1122185695426,2600.0,7.11221856954262,17,153,153,44,15.26016092300415,33;34;35;36;37;38;39;40;41;42;49;50;51;52;53;54;55;56;57;58;59;60;61;62;63;75;76;77;78;79;80;81;88;89;90;91;92;93;94;95;96;97;98;99;111;112;113;114;115;122;123;124;125;126;127;128;129;130;131;132;133;134;135;142;143;144;145;146;147;148;149;150;151;152;153;154;155;156;157;158;159;171;179;180;181;182;183;190;191;192;193;194;195;196;197;198;212;220;221;228;229;230;231;232;233;234;235;236;243;244;245;253;254;255;256;257;258;259;260;272;273;274;275;276;277;278;285;286;287;288;289;290;298;330;344;345;346;347;348;423;466;473;474;475;476;477;478;479;480;481;482;495;496
F112022,10,15,15,2731.7219132361333,2600.0,131.72191323613333,19,167,167,63,16.559186220169067,24;51;52;53;60;61;62;63;64;65;66;67;75;76;77;78;79;80;81;82;83;84;85;86;87;88;89;90;91;99;106;107;108;109;110;111;112;113;114;115;116;117;118;119;120;121;122;123;131;155;162;163;164;165;166;167;168;169;177;178;185;186;187;188;189;190;191;192;193;194;195;196;210;211;218;219;220;221;222;223;224;225;226;233;234;235;236;237;238;239;240;241;242;243;250;251;252;253;254;255;256;257;258;259;260;261;262;274;275;276;277;284;285;286;287;288;289;290;291;292;293;294;295;302;303;304;305;306;307;308;309;310;311;331;338;339;340;341;342;343;364;365;366;367;368;369;370;379;380;381;382;383;384;385;386;431;467;485;486;493;494;495;496;497;498;499;500
F112022,10,16,16,2612.9813058943378,2600.0,12.981305894337765,17,126,126,70,12.971963167190552,38;52;62;69;70;71;72;73;74;75;83;92;93;94;95;110;111;112;113;114;115;116;123;124;125;126;127;128;129;130;131;138;139;140;141;142;143;144;145;159;166;167;168;169;170;171;172;173;174;181;182;183;184;185;186;187;188;189;190;197;198;199;200;201;202;203;204;205;212;213;214;215;216;217;218;219;220;227;228;236;246;264;265;266;267;268;269;276;277;278;279;292;302;303;304;305;306;307;314;315;316;317;318;319;320;321;322;323;324;325;344;355;356;477;484;485;486;487;488;489;490;491;492;493;494;495
F112022,10,17,17,2604.4944678364354,2600.0,4.494467836435433,15,110,110,44,11.454233884811401,15;46;47;48;49;50;51;58;59;60;61;62;63;64;65;66;67;68;80;81;82;83;84;85;86;87;88;89;90;91;92;93;116;129;130;131;154;155;156;157;158;159;160;161;168;169;170;171;172;173;174;175;183;190;191;200;223;230;231;232;233;245;246;247;254;255;256;257;258;259;260;261;262;271;272;273;274;275;276;277;278;279;280;288;289;304;311;312;313;314;315;316;317;318;328;458;468;469;470;471;472;473;480;481;482;483;484;485;486;494
F112022,10,18,18,2618.546385666668,2600.0,18.546385666667902,14,88,88,30,9.569990873336792,64;65;66;67;74;75;76;77;78;79;80;81;82;83;90;98;99;100;101;102;103;111;112;119;120;121;122;123;124;125;126;127;128;136;137;138;139;152;153;154;155;168;169;170;171;172;173;174;193;205;206;243;244;269;276;277;278;279;280;281;282;283;284;285;300;348;349;350;351;451;452;461;462;469;470;471;472;473;474;482;483;490;491;492;493;494;495;496
F112022,10,19,19,2611.665988618878,2600.0,11.665988618878146,18,136,136,64,13.87280011177063,19;20;33;34;35;52;53;54;68;69;76;77;78;79;80;81;82;83;84;85;86;93;94;95;96;97;98;99;100;101;102;103;104;105;106;107;114;122;123;130;131;132;133;134;135;144;145;172;183;184;185;186;187;194;195;196;197;198;199;200;201;202;203;204;211;212;213;214;215;216;217;218;219;226;227;228;229;230;231;232;233;234;235;242;243;244;245;246;247;248;249;250;257;258;259;260;261;262;263;264;265;266;267;274;275;276;277;285;286;287;288;307;315;316;317;318;319;320;321;342;421;475;476;477;478;485;486;487;488;489;490;491;492;493;494;495
F112022,10,20,20,2605.131620391059,2600.0,5.131620391059187,15,134,134,23,13.549784898757935,26;27;28;29;30;31;32;33;54;55;56;57;58;59;60;61;62;63;64;65;66;67;68;69;76;77;78;79;80;81;82;83;84;85;92;93;94;95;96;97;98;99;100;101;113;114;115;116;123;124;125;126;127;128;129;130;131;132;133;134;141;142;143;144;145;146;147;148;149;150;174;175;183;208;216;217;218;219;220;221;222;223;224;225;249;250;251;274;275;276;277;278;279;303;304;320;321;322;323;324;325;342;351;375;441;462;463;464;465;466;467;468;469;480;481;482;483;484;485;486;487;488;489;490;491;492;493;494;495;496;497;498;499;500
F112022,10,21,21,2623.8590358032216,2600.0,23.85903580322156,19,131,131,43,13.365734815597534,32;33;34;35;42;43;44;45;46;47;48;49;50;60;61;62;63;64;65;72;73;74;75;76;77;78;79;80;81;82;89;90;91;92;93;94;95;96;97;98;99;106;107;108;109;110;111;112;113;114;115;122;123;124;125;126;127;128;129;130;131;132;139;140;141;142;143;144;145;146;147;154;155;156;157;158;159;160;161;162;172;173;174;175;176;177;178;179;186;187;188;189;190;191;192;193;194;201;214;215;222;245;270;271;278;279;280;281;282;283;284;285;286;302;303;311;312;313;314;315;323;324;325;326;334;335;359;367;374;400;500
F112022,10,22,22,2600.2044516469573,2600.0,0.20445164695729545,12,147,147,22,14.630956649780273,21;22;23;31;32;33;34;35;36;37;38;39;53;71;72;73;74;75;76;77;78;79;80;81;82;83;84;85;86;87;88;89;90;91;120;121;122;123;124;125;135;136;145;146;147;148;149;150;157;158;159;167;188;211;212;219;220;221;222;223;224;232;233;234;235;236;237;238;239;240;241;242;249;250;251;252;253;254;255;256;257;264;265;266;267;268;269;270;271;272;273;282;283;284;285;286;287;288;289;290;300;301;302;303;304;305;306;307;308;321;322;323;324;332;343;354;382;383;384;385;386;408;409;459;460;467;468;469;470;471;472;473;474;475;476;483;484;485;486;487;488;489;490;491;498;499;500
F112022,10,23,23,2608.7201154103263,2600.0,8.720115410326343,19,126,126,44,12.931493997573853,32;33;34;35;36;37;38;39;52;53;54;65;66;67;68;69;76;77;78;79;100;101;112;113;114;115;116;117;124;125;126;127;128;129;130;131;132;139;140;141;142;143;144;145;146;147;162;163;164;165;172;173;174;209;210;211;212;219;220;221;222;223;224;225;226;234;242;251;252;253;254;255;268;280;281;282;283;284;322;332;333;334;344;345;346;347;348;349;356;357;358;359;360;361;362;363;364;371;372;373;374;375;376;377;378;379;451;463;464;465;466;473;474;475;476;477;478;479;480;488;495;496;497;498;499;500
F112022,10,24,24,2603.1975459459163,2600.0,3.1975459459163176,17,101,101,45,10.690104007720947,50;51;64;65;66;67;68;69;101;102;103;104;105;106;107;108;109;110;111;112;128;135;136;137;138;139;140;157;164;165;166;167;168;169;170;171;172;173;180;181;182;183;184;185;186;187;188;195;207;214;233;240;241;242;243;244;245;246;247;248;255;256;257;258;266;279;280;281;296;297;298;299;306;307;308;309;319;344;380;446;458;466;473;474;475;476;477;478;479;480;481;482;483;484;494;495;496;497;498;499;500
F112022,10,25,25,2603.8975673927066,2600.0,3.8975673927066055,16,121,121,26,12.395609140396118,24;25;26;34;42;43;54;55;56;74;75;83;84;85;86;87;88;96;103;104;105;106;107;108;117;118;119;120;121;122;123;124;142;143;144;145;146;147;154;155;156;157;158;159;160;161;162;163;164;165;166;167;193;194;195;196;197;198;199;207;208;209;210;211;219;220;228;229;236;237;238;239;250;257;258;259;267;268;269;286;304;305;306;307;308;309;323;324;325;326;327;328;329;342;343;344;351;352;353;354;447;448;449;450;451;466;467;468;475;476;477;478;479;480;481;482;483;497;498;499;500
F112022,10,26,26,2605.345279866594,2600.0,5.345279866593955,15,135,135,25,13.767015218734741,16;42;43;44;45;64;65;66;73;74;75;76;77;78;79;80;81;82;83;84;85;86;87;88;89;90;97;98;99;100;101;102;103;104;105;106;113;114;115;116;117;125;126;127;152;159;167;168;169;180;181;182;183;184;185;186;193;194;195;196;197;198;199;200;201;209;210;211;212;213;222;223;224;225;226;227;228;229;230;241;242;243;244;245;246;253;261;268;269;270;271;272;273;274;275;276;277;278;288;289;290;291;292;293;300;301;302;303;304;312;313;314;315;332;339;340;341;342;343;344;345;346;373;435;436;437;438;464;477;478;479;480;481;488;489
F112022,10,27,27,2615.719265586327,2600.0,15.719265586326856,14,84,84,39,9.222994327545166,58;59;60;61;62;81;82;83;84;97;98;99;147;158;159;160;161;162;163;164;165;177;178;212;213;220;221;222;223;224;225;226;227;228;229;236;237;238;239;240;241;242;243;244;245;252;253;254;255;256;257;271;281;282;290;297;298;299;300;301;302;303;304;317;318;423;458;459;460;467;468;469;470;471;472;473;474;475;482;490;491;498;499;500
F112022,10,28,28,2606.446992895313,2600.0,6.4469928953130875,19,79,79,32,8.783565044403076,17;18;25;35;42;43;44;45;46;47;72;73;93;102;103;104;105;106;107;108;121;122;123;124;151;164;165;166;174;175;176;187;201;202;209;210;211;212;213;214;215;216;217;218;219;220;231;232;233;234;235;236;243;244;245;246;247;248;249;250;251;252;253;298;299;300;301;315;316;317;333;334;374;415;457;465;466;467;497
F112022,10,29,29,3575.689255381816,2600.0,975.6892553818161,21,175,175,75,17.60171103477478,20;38;45;46;47;48;49;50;59;60;61;68;69;70;71;72;73;74;75;76;83;84;85;86;87;88;89;90;91;92;93;94;95;102;103;104;105;106;107;108;109;110;111;112;119;120;121;122;123;124;125;126;127;141;142;143;144;151;152;153;154;155;156;157;158;159;160;169;170;171;172;173;174;175;182;183;184;185;186;187;188;189;190;197;198;199;200;201;202;203;204;205;206;213;214;215;216;217;218;226;227;234;235;236;237;238;239;240;241;242;250;251;252;253;254;255;256;257;267;268;269;270;271;272;280;287;288;289;290;291;292;293;294;295;296;304;305;306;307;308;309;310;311;312;313;320;321;322;323;324;325;326;327;328;329;330;331;332;333;334;341;342;343;351;352;353;354;366;390;488;489;490;491;492;493
F112022,10,30,30,2612.2291486379877,2600.0,12.229148637987691,19,141,141,54,14.362600088119507,20;21;28;29;30;31;32;33;34;35;43;44;45;46;60;61;68;69;70;71;72;73;74;75;76;77;78;79;80;106;107;117;125;126;134;135;136;137;138;139;140;141;148;149;150;151;152;153;154;155;156;163;171;178;179;180;181;182;183;184;185;186;187;188;195;196;197;198;199;200;201;202;203;204;205;212;213;214;215;227;244;251;252;253;254;255;256;257;258;259;266;267;268;269;270;271;272;273;274;284;285;286;287;288;289;296;297;298;299;300;301;302;303;323;330;331;353;362;383;384;468;469;470;477;478;479;480;481;482;483;484;485;492;493;494;495;496;497;498;499;500
F122022,10,1,1,2871.6077779543657,2700.0,171.6077779543657,24,145,145,100,15.53948426246643,10;11;18;19;20;21;22;23;24;25;26;34;35;36;37;38;39;40;48;49;59;60;61;62;63;64;65;72;73;74;75;76;77;78;79;80;87;88;89;90;91;105;112;113;114;115;116;117;118;119;128;139;149;156;157;158;159;160;161;162;163;164;175;176;177;178;179;180;187;188;189;190;191;192;193;201;208;209;210;211;212;213;214;215;216;230;231;244;245;246;253;254;255;256;257;258;275;282;283;284;304;324;331;332;333;334;335;336;337;338;339;360;368;369;390;391;398;399;400;401;402;403;404;405;406;440;465;466;477;478;479;480;481;482;483;490;491;492;493;494;495;496;497;498;499
F122022,10,2,2,2877.919317496978,2700.0,177.91931749697778,25,168,168,156,17.441311359405518,21;28;29;30;31;32;33;34;35;43;44;52;60;61;68;69;70;71;72;73;74;75;76;83;84;85;86;87;88;89;90;91;103;104;105;106;113;114;115;116;117;118;119;120;121;128;129;130;131;132;133;134;135;136;143;144;145;146;147;148;149;150;151;158;159;160;161;162;163;164;165;166;173;174;175;176;177;178;179;180;181;188;189;190;191;192;193;194;195;196;207;217;224;225;226;227;228;229;230;231;232;239;240;241;242;243;244;245;246;247;254;255;256;257;258;259;260;261;262;263;270;271;272;273;274;275;276;277;278;285;286;287;288;289;290;291;300;307;315;322;323;324;325;326;327;328;329;330;339;349;368;375;376;377;378;379;399;478;485;486;487;488;489;490;491;492;493;500
F122022,10,3,3,2895.488997294015,2700.0,195.488997294015,25,141,141,122,14.927760124206543,10;11;25;49;67;68;69;70;77;78;79;80;81;82;83;84;85;86;103;110;111;112;113;114;115;116;117;118;125;126;127;128;129;130;131;132;133;142;143;144;145;146;147;148;155;156;157;158;159;160;161;162;163;170;171;172;173;174;175;176;177;178;185;186;187;188;189;190;191;192;193;206;207;208;219;220;221;222;223;238;249;250;251;259;266;267;268;269;270;271;272;273;274;281;282;283;291;300;301;309;323;324;341;348;349;350;351;352;353;354;355;356;371;378;379;380;381;382;383;384;460;469;470;471;472;473;474;475;482;483;484;485;486;487;488;489;490;491;498;499;500
F122022,10,4,4,2629.8630369267294,2700.0,-70.13696307327064,27,140,140,133,15.168996810913086,10;21;22;23;24;25;34;35;36;37;38;46;53;54;68;82;83;84;97;98;99;106;107;108;109;110;111;112;113;114;121;122;123;124;125;126;127;128;129;141;142;143;144;151;152;153;154;155;156;157;158;159;166;167;168;169;170;171;172;173;174;181;182;183;184;185;186;187;188;196;212;222;223;224;225;226;227;234;235;236;237;238;239;240;241;275;282;283;284;285;286;287;288;289;290;297;298;299;300;301;302;303;304;305;312;313;314;315;316;317;318;319;320;329;330;331;332;333;341;348;349;350;351;359;366;367;368;369;370;371;372;373;374;391;411;440;456;476;493;500
F122022,10,5,5,2876.8507092909,2700.0,176.85070929089989,27,161,161,134,17.120580911636353,9;16;17;18;19;20;21;22;23;24;31;40;60;67;68;76;83;84;85;86;87;88;89;90;91;98;99;107;114;115;116;117;118;119;120;121;122;130;131;132;133;134;135;136;137;138;145;146;147;148;149;150;151;152;153;161;168;169;170;171;172;173;174;175;176;183;184;185;186;187;188;189;190;191;192;199;200;201;202;203;204;205;206;207;217;218;219;220;221;222;231;232;233;241;248;249;250;251;252;253;254;255;256;271;272;279;289;290;297;298;299;300;301;302;303;304;305;306;313;314;315;316;317;318;319;320;321;328;329;330;331;332;333;334;335;336;351;358;359;367;374;395;396;406;407;408;464;475;476;477;478;479;486;487;488;489;490;491;492;493;494
F122022,10,6,6,2884.900815453237,2700.0,184.9008154532371,22,156,156,119,16.629381895065308,22;23;24;25;38;39;40;50;51;52;53;54;68;77;78;79;80;81;82;83;90;91;92;93;94;95;96;97;110;111;112;119;120;121;122;123;124;125;126;127;134;135;136;137;138;139;140;141;142;149;150;151;152;153;154;155;156;157;164;165;166;167;168;169;170;171;172;173;180;181;182;183;184;185;186;187;188;195;196;197;198;199;200;201;202;203;210;211;212;213;214;215;216;217;218;225;226;227;228;229;230;231;232;233;240;241;242;243;244;245;246;247;248;261;262;278;300;307;308;309;310;311;312;313;314;315;322;323;324;325;326;327;328;336;375;382;383;384;399;465;473;480;481;482;483;484;485;486;487;488;495;496;497;498;499;500
F122022,10,7,7,2876.266901375628,2700.0,176.2669013756281,28,171,171,140,17.78603196144104,9;35;42;43;44;45;46;47;48;49;50;51;61;62;63;64;65;66;73;74;75;76;77;78;79;80;81;94;95;96;97;104;105;106;107;108;109;110;111;112;119;120;121;122;123;124;125;126;127;134;135;136;137;138;139;140;141;142;149;150;151;152;153;154;155;156;157;164;165;166;167;168;169;170;171;172;179;180;181;182;183;184;185;186;187;194;195;196;197;198;199;200;201;202;216;217;224;225;226;227;228;229;230;231;232;239;240;241;242;250;257;258;259;260;261;272;280;281;282;283;284;285;286;287;294;295;296;297;305;312;313;314;315;316;317;318;319;320;327;328;329;330;331;332;333;334;335;352;361;362;363;364;365;366;367;374;389;398;407;432;439;475;482;483;484;485;486;487;488;489;490
F122022,10,8,8,2913.739009589024,2700.0,213.73900958902414,21,123,123,103,13.29859709739685,20;27;28;29;30;31;32;33;34;35;42;43;44;45;46;47;48;49;50;57;58;59;60;61;62;63;64;65;89;100;101;102;103;104;114;115;116;117;118;119;126;127;128;129;130;146;153;161;168;169;170;178;188;189;190;191;192;193;200;201;202;203;204;205;206;207;208;209;216;217;218;219;227;239;240;241;242;251;252;253;254;255;256;257;264;265;266;267;268;269;270;271;272;279;280;281;282;283;284;285;286;321;322;329;330;331;332;333;334;335;336;337;344;345;346;347;348;349;386;397;398;417;465
F122022,10,9,9,2942.1995064548632,2700.0,242.19950645486324,24,168,168,156,17.776315212249756,23;33;34;35;36;44;51;52;53;54;55;56;57;58;59;60;67;68;69;70;71;72;83;90;91;92;93;94;95;96;97;98;110;111;112;113;120;121;122;123;124;125;126;127;128;135;136;137;138;139;140;141;142;143;150;151;152;153;154;155;156;157;158;165;166;167;168;169;170;171;172;173;180;188;200;201;202;203;210;211;212;213;214;215;216;217;218;225;226;227;228;229;230;231;232;233;240;241;242;243;244;245;246;247;248;255;256;257;258;259;260;261;262;263;264;271;272;273;274;275;276;277;278;279;286;287;288;289;290;291;292;293;294;301;302;303;304;305;306;307;308;309;316;317;318;319;320;321;322;338;349;350;351;352;353;366;367;368;440;484;491;492;493;494;495;496;497;498
F122022,10,10,10,2897.7481724507147,2700.0,197.74817245071472,24,151,151,134,15.861814975738525,13;14;28;29;43;44;80;87;88;89;90;91;92;93;94;95;102;103;111;118;119;120;121;122;123;124;125;126;133;134;135;136;137;138;139;140;141;148;149;150;151;152;153;154;155;156;163;164;165;166;167;168;169;170;171;178;179;180;181;182;183;184;185;186;193;194;195;196;197;198;199;200;201;208;209;210;211;212;213;214;215;216;223;224;225;226;227;228;229;230;231;238;239;240;241;242;243;244;245;246;247;254;255;256;257;258;259;260;261;262;269;270;271;272;273;274;275;276;277;278;285;286;287;288;289;297;306;307;308;309;310;311;312;313;327;328;353;354;457;470;471;472;486;487;494;495;496;497;498;499;500
F122022,10,11,11,2877.16191436225,2700.0,177.16191436225017,27,182,182,150,19.10794496536255,11;19;20;21;22;23;24;25;26;35;36;37;38;39;40;41;48;49;50;51;52;53;54;55;56;63;64;65;66;67;68;69;70;71;84;85;86;101;108;109;110;111;112;113;114;115;116;123;124;125;126;127;128;129;130;131;138;139;140;141;142;143;144;145;146;153;154;155;156;157;158;159;160;161;168;169;170;171;172;173;174;175;176;177;187;188;189;190;191;192;199;200;201;202;203;204;205;206;207;214;215;216;217;218;219;220;221;222;232;233;234;235;236;237;244;245;246;247;248;256;257;264;265;266;267;268;269;270;271;272;273;285;286;287;288;295;296;297;298;299;300;301;302;303;310;311;312;313;314;315;316;317;318;325;326;327;328;329;330;331;332;333;344;345;346;347;348;355;356;357;358;359;360;369;390;409;410;411;484;498;499;500
F122022,10,12,12,2862.6778554684165,2700.0,162.6778554684165,25,150,150,112,16.092355012893677,13;20;21;22;23;24;25;26;27;28;35;36;37;38;39;40;41;42;43;50;74;81;82;83;84;85;86;87;88;89;96;97;98;112;113;114;122;123;124;125;126;127;128;129;136;137;138;139;140;141;142;143;144;151;152;153;154;155;156;157;158;159;166;167;168;169;170;171;172;173;174;191;198;199;200;201;202;203;204;205;206;214;215;216;217;218;219;220;228;237;245;252;253;254;255;256;257;258;278;285;286;287;288;289;290;309;316;317;318;319;320;321;322;323;331;332;352;359;360;361;370;377;378;379;380;381;382;383;384;385;408;434;460;470;471;472;473;474;475;484;485;486;487;488;489;490;497;498;499;500
F122022,10,13,13,2833.9260322102045,2700.0,133.92603221020454,25,185,185,169,19.324363946914673,21;22;29;30;31;32;33;34;35;36;37;44;45;46;61;68;69;70;71;72;73;74;75;76;83;84;85;86;87;88;89;90;91;98;99;100;101;102;103;104;105;106;113;114;115;116;117;118;119;120;121;128;129;130;131;132;133;134;135;136;143;144;145;146;147;148;149;150;151;152;159;160;161;162;163;164;165;166;167;174;175;176;177;178;179;180;181;182;190;191;192;193;194;195;196;197;210;211;212;219;220;221;222;223;224;225;226;227;234;235;236;237;238;239;240;241;242;249;250;251;252;253;254;255;256;257;264;265;266;267;268;269;270;271;272;279;280;281;282;283;284;285;286;287;294;295;296;297;298;299;300;301;302;320;327;328;329;330;331;332;333;334;335;342;343;344;345;346;347;348;349;350;366;374;375;478;486;487;488;489;490;491;492;493;500
F122022,10,14,14,2860.4160862762565,2700.0,160.41608627625646,25,178,178,128,18.72842502593994,11;25;47;59;60;61;62;69;70;71;72;89;104;111;112;113;114;115;116;117;118;119;126;127;128;129;130;131;132;133;134;141;142;143;144;145;146;147;148;149;156;157;158;159;160;161;162;163;164;165;172;173;174;175;176;177;178;179;180;187;188;189;190;191;199;206;207;208;209;210;211;212;213;214;221;222;223;224;225;226;227;228;229;236;237;238;239;240;241;242;243;244;245;252;253;254;255;256;257;258;266;273;274;275;276;277;278;279;280;281;292;293;294;295;296;297;304;305;306;307;308;309;310;311;312;321;322;323;324;325;326;327;335;336;337;338;339;340;341;342;349;350;351;352;353;354;355;356;357;376;383;384;385;386;387;407;414;468;469;470;471;478;479;480;481;482;483;484;485;486;493;494;495;496;497;498;499;500
F122022,10,15,15,2907.7156347944538,2700.0,207.71563479445376,22,125,125,110,13.48544716835022,10;25;36;37;38;46;53;54;71;80;81;82;83;84;85;86;104;114;115;116;117;118;119;120;121;128;129;130;131;132;133;134;135;136;150;151;159;160;161;162;163;164;165;166;173;174;175;176;177;178;179;180;181;188;189;190;191;192;193;194;195;196;203;204;205;206;207;208;209;210;211;218;219;220;221;222;223;231;232;239;240;241;242;243;244;245;246;247;254;255;270;284;285;292;293;294;295;296;297;298;299;300;301;329;330;337;338;346;353;354;355;356;476;483;484;485;486;487;488;489;490;491;498;499;500
F122022,10,16,16,2858.5935860970135,2700.0,158.59358609701349,25,152,152,113,16.2129328250885,9;25;32;33;34;35;36;37;38;39;40;55;62;63;64;65;66;67;68;69;70;84;85;96;113;120;121;122;123;124;125;126;127;128;129;130;139;140;141;142;155;162;163;164;165;166;167;168;169;177;184;185;186;187;188;189;190;191;192;193;200;201;202;203;204;205;206;207;208;209;216;217;218;219;220;221;222;223;224;232;233;234;235;236;237;238;239;240;247;255;266;267;268;269;270;271;272;287;294;295;296;304;311;312;313;314;315;316;317;318;319;331;332;333;334;341;342;343;344;345;346;347;348;360;381;452;453;464;465;466;467;468;475;476;477;478;479;480;481;482;483;484;485;486;493;494;495;496;497;498;499;500
F122022,10,17,17,2883.0579744768725,2700.0,183.05797447687246,25,134,134,110,14.508603811264038,18;38;45;46;47;48;49;50;51;52;53;54;61;62;63;64;65;66;67;68;69;70;77;78;79;80;81;82;83;84;85;92;93;103;110;111;112;113;114;115;116;117;118;127;128;129;130;131;132;133;140;141;142;143;144;145;155;164;165;166;167;168;169;170;177;178;179;180;181;182;183;184;185;199;200;207;208;209;210;211;212;213;214;215;222;223;224;225;226;227;228;229;230;237;238;239;240;241;242;243;244;245;268;279;280;281;282;283;298;305;328;335;373;380;395;426;454;462;463;474;481;482;483;484;485;486;487;488;489;496;497;498;499;500
F122022,10,18,18,2948.570677431912,2700.0,248.57067743191192,23,148,148,118,15.917809009552002,27;34;35;36;37;38;39;40;41;42;43;50;51;52;53;54;55;56;57;58;68;69;70;71;72;73;74;81;82;83;84;85;86;87;88;89;90;91;98;99;100;101;102;103;104;105;113;127;128;135;136;137;138;139;140;141;142;143;150;151;152;153;154;155;156;157;158;165;166;167;168;169;170;171;172;173;186;187;188;189;190;197;198;199;200;201;202;203;204;205;212;213;214;215;216;217;218;219;220;221;228;229;230;231;232;233;234;235;236;237;245;252;253;254;255;256;257;265;275;276;277;278;279;280;287;288;289;290;291;292;293;301;329;351;361;362;363;364;365;366;367;381;382;401;408;488;495;496
F122022,10,19,19,2879.0471801378635,2700.0,179.0471801378635,28,181,181,166,18.787814140319824,30;41;42;43;44;45;52;53;54;55;56;57;58;59;60;76;83;84;85;86;87;88;89;90;91;98;99;100;101;102;103;104;105;106;113;121;128;129;130;131;132;133;134;135;136;145;146;147;148;149;150;151;164;165;166;173;174;175;176;184;191;192;193;194;195;196;197;198;199;206;207;208;209;217;224;225;226;227;228;229;230;231;232;239;240;241;242;243;244;245;246;247;254;255;256;257;258;259;260;261;262;269;270;271;272;273;274;275;276;277;284;285;286;287;288;289;290;291;292;299;307;314;315;316;317;318;319;320;321;322;329;330;331;332;333;334;335;336;337;344;345;346;347;348;349;350;351;352;361;362;363;364;365;366;367;381;382;389;390;391;392;400;407;408;409;410;411;412;413;427;477;485;486;487;488;489;490;491;492;499;500
F122022,10,20,20,2891.205198114555,2700.0,191.20519811455506,26,192,192,131,19.919445991516113,19;20;27;38;46;47;48;49;50;51;52;53;60;61;62;63;64;65;66;67;68;82;83;90;91;92;93;94;95;96;97;98;105;113;120;121;122;123;124;125;126;127;128;135;136;137;138;139;140;141;142;143;150;151;152;153;154;155;156;157;158;168;169;170;171;172;173;174;181;182;183;184;185;186;187;188;189;196;197;198;199;200;201;202;203;204;211;212;213;214;215;216;217;218;219;226;227;228;229;230;231;232;233;234;241;242;243;244;245;246;247;248;249;256;257;265;272;273;281;288;289;290;291;292;293;294;295;296;307;308;309;310;311;318;319;320;321;322;323;324;325;326;327;334;335;336;337;338;339;340;341;342;349;350;351;352;353;354;355;356;357;358;359;366;367;368;369;370;371;372;373;374;375;376;383;384;436;443;444;445;461;462;463;479;480;481;489;496;497;498;499;500
F122022,10,21,21,2874.0746296273533,2700.0,174.07462962735326,26,142,142,111,15.317836999893188,14;21;22;23;24;25;26;27;28;29;30;61;68;69;81;96;103;104;105;106;107;108;109;110;111;118;119;120;137;144;145;146;147;148;149;157;164;165;166;167;168;169;170;171;172;179;180;181;182;183;184;185;186;187;194;195;196;197;198;199;200;201;202;203;204;211;212;213;214;215;216;217;218;219;220;221;222;229;230;231;232;233;234;235;236;246;253;254;255;256;257;258;259;260;261;268;269;277;284;285;286;287;288;289;290;291;292;299;300;301;302;303;304;305;306;307;322;337;338;352;353;371;385;386;393;394;395;426;469;481;482;483;484;491;492;493;494;495;496;497;498;499
F122022,10,22,22,2926.0996762645796,2700.0,226.09967626457956,27,194,194,180,20.25140404701233,16;23;24;25;26;27;28;39;46;47;48;49;50;51;52;53;54;61;62;63;64;65;66;67;68;69;82;83;84;91;92;93;94;95;96;97;98;99;106;107;108;109;110;111;112;113;114;121;122;123;124;125;126;127;128;129;136;137;138;139;140;141;142;143;144;151;152;153;154;155;156;157;158;159;166;167;168;169;170;171;172;173;174;181;182;183;184;185;186;187;188;189;196;197;198;199;200;201;202;203;204;211;212;213;214;215;216;217;218;219;226;227;228;229;230;231;232;233;234;241;242;243;244;245;246;247;248;249;260;261;262;263;264;271;272;273;274;275;276;277;278;279;286;287;288;289;290;291;299;306;307;308;309;310;311;312;313;314;329;336;344;345;352;353;354;355;356;357;358;367;374;375;376;377;378;379;380;381;382;389;390;391;392;393;394;395;396;397;408;409;485;498;499;500
F122022,10,23,23,2872.8543904558537,2700.0,172.85439045585372,26,196,196,146,20.12085509300232,22;29;30;38;45;46;47;48;49;50;51;52;60;67;68;69;70;71;72;73;74;75;82;83;84;85;86;87;88;89;90;100;101;102;103;104;105;112;113;114;115;116;117;118;119;120;127;128;129;130;131;132;133;134;135;142;143;144;145;146;147;148;149;150;157;158;159;160;161;162;163;164;165;172;173;174;175;176;177;178;179;180;187;188;189;190;191;192;193;194;195;202;203;204;205;206;207;208;209;210;217;218;219;220;221;222;223;224;225;232;233;234;235;236;237;238;239;240;247;248;249;250;251;252;253;254;255;262;263;264;265;266;267;268;269;270;277;278;279;280;281;282;283;284;285;292;293;294;295;296;297;298;299;300;307;308;320;332;333;341;348;349;350;351;352;353;354;355;356;371;390;397;398;399;400;401;402;403;404;405;406;425;439;440;441;448;449;450;451;452;453;454;492;493;494;495
F122022,10,24,24,2915.760465361788,2700.0,215.7604653617882,26,156,156,137,16.442368030548096,16;23;24;25;26;27;28;29;30;31;38;39;40;41;42;43;44;45;46;47;48;55;56;57;58;59;60;61;62;63;70;71;72;73;74;75;76;77;78;100;107;108;109;110;111;112;113;114;115;124;125;126;127;128;129;130;137;138;139;140;141;142;143;144;145;152;153;154;155;156;157;158;159;160;167;168;183;197;198;205;206;207;208;209;210;211;212;213;220;221;222;223;224;225;226;227;228;238;239;240;241;242;243;255;256;257;258;265;273;281;282;283;284;285;286;287;288;295;296;297;329;338;339;340;341;342;343;344;351;352;353;354;355;356;357;358;359;372;373;390;415;416;423;424;439;476;483;484;485;486;487;488;489;490;491;498
F122022,10,25,25,2862.4667969797256,2700.0,162.4667969797256,24,159,159,140,16.91852116584778,8;26;34;42;43;67;75;76;77;78;79;80;81;82;89;90;100;110;111;112;113;114;115;122;123;124;125;126;127;128;129;130;131;132;139;140;141;142;143;144;145;146;147;154;155;156;157;158;159;160;161;162;169;170;171;172;180;187;188;189;190;191;192;193;194;195;202;203;204;205;206;207;208;209;210;222;223;224;225;226;233;234;235;236;237;238;239;240;241;248;249;250;251;252;253;254;255;256;263;264;265;266;267;268;269;270;271;278;279;280;281;282;283;284;285;286;306;313;314;315;316;317;318;332;339;340;341;342;343;344;345;353;354;361;362;363;364;365;366;388;468;475;476;477;478;479;480;481;482;483;490;491;492;493;494;495;496;497;498
F122022,10,26,26,2872.637869917817,2700.0,172.63786991781717,27,198,198,104,20.61784315109253,17;32;43;44;45;46;47;54;55;63;70;71;72;73;74;75;76;77;78;85;86;87;88;89;90;91;92;93;100;101;102;103;104;105;106;107;108;109;116;117;118;119;120;121;122;123;124;125;132;133;134;135;136;137;138;139;140;153;154;155;173;180;181;182;183;184;185;186;187;188;189;196;197;198;199;200;201;202;203;204;211;212;213;214;215;216;217;218;219;220;221;228;229;230;231;232;233;234;235;236;243;244;245;246;247;248;249;250;251;258;259;260;261;262;263;271;272;279;280;281;282;283;284;285;293;294;295;296;297;298;299;300;301;302;303;304;305;312;313;314;315;316;317;318;319;320;321;328;329;330;331;332;333;334;335;336;343;344;345;346;347;348;349;350;351;352;359;360;361;362;363;371;372;373;374;384;396;397;398;405;406;407;408;409;410;411;412;413;414;415;422;423;424;425;433;467;486;487
F122022,10,27,27,2861.733591067583,2700.0,161.7335910675829,22,140,140,105,15.05308198928833,19;20;27;28;29;30;31;32;33;34;35;42;43;44;45;46;47;48;49;50;63;64;65;72;73;74;75;76;77;78;79;80;87;88;89;90;91;92;93;94;95;96;103;104;105;106;107;108;109;110;111;146;154;155;156;157;158;159;160;161;168;169;170;171;172;173;174;175;176;177;184;185;186;187;188;189;190;191;205;206;207;208;216;217;218;219;220;221;222;223;224;231;239;246;247;248;249;250;251;252;253;254;266;267;268;269;279;288;311;331;338;339;340;341;342;343;370;371;378;379;423;470;471;478;479;480;481;482;483;484;485;486;487;494;495;496;497;498;499;500
F122022,10,28,28,2866.853582956364,2700.0,166.85358295636388,26,164,164,132,17.13776206970215,39;46;47;48;58;65;66;67;68;69;77;84;85;86;98;99;112;113;114;121;122;123;124;125;126;127;128;129;130;144;145;146;153;154;155;156;157;158;159;160;161;168;169;177;178;186;187;188;189;190;191;192;193;194;201;202;203;204;205;206;207;208;209;216;217;218;219;220;221;222;223;224;231;232;233;242;249;250;251;252;253;254;255;256;257;264;265;266;267;268;269;270;271;272;279;280;281;282;283;284;285;286;287;294;295;296;297;298;299;300;301;302;303;304;311;312;313;331;338;346;353;354;362;369;370;371;372;373;374;375;376;377;393;400;401;402;403;404;405;406;407;408;417;418;419;470;477;478;479;480;481;482;483;484;485;492;493;494;495;496;497;498;499;500
F122022,10,29,29,2891.4123602125173,2700.0,191.41236021251734,28,168,168,134,17.705761194229126,12;19;20;37;47;48;49;50;51;52;59;60;61;62;63;64;65;66;67;74;75;76;77;78;79;80;81;82;89;90;91;92;93;94;95;96;97;104;105;106;107;108;109;124;132;133;134;135;136;137;138;139;140;147;148;149;150;151;152;153;154;155;156;163;164;165;166;167;168;180;193;194;195;196;203;204;212;219;220;221;222;223;224;225;226;227;234;235;236;237;238;239;247;254;255;256;257;258;259;260;268;275;276;277;278;279;280;281;282;283;294;295;296;297;298;307;308;309;310;311;312;313;320;328;329;336;337;338;348;356;357;358;359;360;361;362;363;382;405;427;442;443;450;451;459;460;467;468;469;470;471;472;473;474;475;482;483;484;485;486;487;488;489;490;497;498;499;500
F122022,10,30,30,2895.9244971030753,2700.0,195.92449710307528,27,187,187,142,19.19759726524353,10;25;26;27;28;39;40;41;42;43;50;51;52;53;54;55;56;57;58;59;66;67;68;69;70;71;72;73;74;75;82;83;84;85;86;87;88;89;90;97;98;99;100;101;102;110;117;118;119;120;121;122;123;124;125;132;133;134;135;136;137;138;139;140;147;148;149;150;151;152;153;154;155;177;184;185;186;187;188;189;190;191;192;193;200;201;202;203;204;205;206;207;208;228;235;236;237;238;239;240;241;242;243;250;251;252;253;254;262;269;270;271;272;273;274;275;276;277;284;285;286;287;288;289;290;291;292;304;305;306;307;314;315;316;317;318;319;320;321;322;323;324;331;332;333;341;348;349;350;351;352;353;354;355;356;368;369;370;371;372;373;374;375;384;391;392;393;394;407;469;477;478;479;480;481;482;483;484;491;492;493;494;495;496;497;498;499
