dimension,rank,function,mean,std,best,worst
10,1,F12022,7644.157632976491,0.0,7644.157632976491,7644.157632976491
